item_id,item_name,category,subcategory,price,avg_rating,review_count,brand,is_available
item_000000,Bosch Cameras Model-0000,electronics,Cameras,126.09,3.9,113,Sony,True
item_000001,Random House Science Model-0001,books,Non-Fiction,59.15,3.2,0,HarperCollins,True
item_000002,Samsung Headphones Model-0002,electronics,Headphones,473.4,3.2,133,Samsung,True
item_000003,Cuisinart Bedding Model-0003,home_garden,Garden,656.23,4.5,2032,IKEA,True
item_000004,Estee Lauder Haircare Model-0004,beauty,Makeup,101.9,4.4,1878,Estee Lauder,True
item_000005,Levis T-Shirts Model-0005,clothing,Jackets,27.59,3.2,1897,Zara,True
item_000006,Nestle Organic Model-0006,food,Beverages,70.74,3.9,230,Kelloggs,True
item_000007,Under Armour Running Model-0007,sports,Yoga,74.69,2.8,3805,Puma,True
item_000008,Zales Earrings Model-0008,jewelry,Rings,2982.67,4.2,1127,Zales,True
item_000009,Michelin Electronics Model-0009,automotive,Electronics,110.73,3.1,293,3M,True
item_000010,Random House History Model-0010,books,Science,14.08,3.9,868,HarperCollins,True
item_000011,Mattel Dolls Model-0011,toys,Action Figures,140.3,5.0,2517,Fisher-Price,True
item_000012,Mattel Puzzles Model-0012,toys,Action Figures,145.41,3.1,1689,Fisher-Price,True
item_000013,Adidas Dresses Model-0013,clothing,Dresses,17.39,4.0,2751,Nike,True
item_000014,Sony Laptops Model-0014,electronics,TVs,1422.52,3.8,4009,Sony,True
item_000015,Nike Shoes Model-0015,clothing,T-Shirts,142.33,3.0,55,Adidas,True
item_000016,Bosch Cameras Model-0016,electronics,Headphones,1316.16,3.3,1955,Samsung,True
item_000017,Penguin History Model-0017,books,Tech,19.92,4.1,3228,Penguin,True
item_000018,Penguin History Model-0018,books,Non-Fiction,8.82,3.7,16,HarperCollins,True
item_000019,Bosch Laptops Model-0019,electronics,TVs,550.89,4.8,122,Samsung,True
item_000020,Nike Swimming Model-0020,sports,Cycling,430.67,4.1,10,Puma,True
item_000021,Zales Rings Model-0021,jewelry,Bracelets,880.97,3.1,683,Tiffany,True
item_000022,Nestle Supplements Model-0022,food,Beverages,7.33,4.4,4,Organic Valley,True
item_000023,LG Smartphones Model-0023,electronics,TVs,571.07,4.5,0,Samsung,True
item_000024,Kelloggs Organic Model-0024,food,Organic,39.09,4.0,724,Organic Valley,True
item_000025,Fisher-Price Board Games Model-0025,toys,Puzzles,107.16,4.2,3872,LEGO,True
item_000026,Nike Dresses Model-0026,clothing,T-Shirts,144.43,4.0,2491,Levis,True
item_000027,Cuisinart Bedding Model-0027,home_garden,Garden,484.06,4.7,96,IKEA,True
item_000028,Dyson Lighting Model-0028,home_garden,Garden,150.76,4.6,31,IKEA,True
item_000029,Philips Kitchen Model-0029,home_garden,Garden,399.23,2.8,14,Cuisinart,True
item_000030,Adidas Gym Model-0030,sports,Gym,164.14,2.7,55,Puma,True
item_000031,H&M Dresses Model-0031,clothing,T-Shirts,240.17,3.7,854,Zara,True
item_000032,Tiffany Necklaces Model-0032,jewelry,Earrings,603.66,4.4,3830,Swarovski,True
item_000033,Maybelline Haircare Model-0033,beauty,Fragrance,183.72,4.6,826,LOreal,True
item_000034,Levis T-Shirts Model-0034,clothing,T-Shirts,50.44,3.6,457,Nike,True
item_000035,Philips Bedding Model-0035,home_garden,Garden,514.78,3.7,1916,Cuisinart,True
item_000036,Zales Earrings Model-0036,jewelry,Bracelets,2313.7,3.6,15,Zales,True
item_000037,Fisher-Price Dolls Model-0037,toys,Dolls,140.84,3.7,6,Mattel,False
item_000038,Adidas Dresses Model-0038,clothing,Jackets,39.92,3.9,14,Levis,True
item_000039,Nike Gym Model-0039,sports,Gym,157.86,3.5,2763,Adidas,True
item_000040,Mattel Puzzles Model-0040,toys,Board Games,107.65,3.6,187,Mattel,True
item_000041,Adidas Running Model-0041,sports,Swimming,205.56,4.1,118,Nike,True
item_000042,Swarovski Earrings Model-0042,jewelry,Rings,4186.47,2.9,9,Tiffany,True
item_000043,Levis Jackets Model-0043,clothing,Jeans,132.52,5.0,979,Nike,True
item_000044,LEGO Puzzles Model-0044,toys,Action Figures,84.24,5.0,2017,Hasbro,True
item_000045,LOreal Fragrance Model-0045,beauty,Skincare,12.09,4.3,4000,Maybelline,False
item_000046,Philips Furniture Model-0046,home_garden,Furniture,441.2,4.8,89,Cuisinart,True
item_000047,Tiffany Rings Model-0047,jewelry,Necklaces,4994.77,3.2,969,Tiffany,True
item_000048,LOreal Makeup Model-0048,beauty,Fragrance,195.54,3.4,16,LOreal,True
item_000049,Tiffany Necklaces Model-0049,jewelry,Necklaces,3448.36,2.2,276,Pandora,True
item_000050,Michelin Accessories Model-0050,automotive,Car Care,377.79,3.8,15,Bosch,True
item_000051,Zara Dresses Model-0051,clothing,Jackets,113.47,3.9,437,Levis,True
item_000052,Estee Lauder Makeup Model-0052,beauty,Haircare,18.67,4.0,1382,Estee Lauder,True
item_000053,Fisher-Price Puzzles Model-0053,toys,Puzzles,137.12,2.7,2366,Hasbro,True
item_000054,Sony Headphones Model-0054,electronics,Smartphones,262.89,3.8,0,LG,True
item_000055,Dyson Lighting Model-0055,home_garden,Furniture,541.4,4.0,164,Dyson,True
item_000056,Dyson Bedding Model-0056,home_garden,Furniture,702.99,4.1,83,Philips,False
item_000057,Pandora Bracelets Model-0057,jewelry,Necklaces,4119.62,3.4,4294,Zales,True
item_000058,Nike Running Model-0058,sports,Running,433.55,5.0,263,Under Armour,True
item_000059,Fisher-Price Board Games Model-0059,toys,Dolls,24.4,3.6,311,Fisher-Price,True
item_000060,Samsung Smartphones Model-0060,electronics,TVs,457.51,3.9,718,Apple,True
item_000061,Philips Garden Model-0061,home_garden,Lighting,485.09,3.6,0,Cuisinart,True
item_000062,IKEA Kitchen Model-0062,home_garden,Furniture,174.28,3.4,2549,IKEA,False
item_000063,HarperCollins Non-Fiction Model-0063,books,Science,43.96,4.3,116,HarperCollins,True
item_000064,Hasbro Action Figures Model-0064,toys,Board Games,138.94,2.7,436,Fisher-Price,False
item_000065,Zara Jeans Model-0065,clothing,Jackets,90.04,4.3,873,Zara,True
item_000066,LEGO Action Figures Model-0066,toys,Puzzles,67.51,3.9,88,LEGO,True
item_000067,Apple Headphones Model-0067,electronics,TVs,1212.14,3.7,4385,Apple,True
item_000068,Kelloggs Beverages Model-0068,food,Beverages,35.2,3.0,293,Nestle,True
item_000069,Nike Gym Model-0069,sports,Gym,191.04,3.8,685,Adidas,False
item_000070,Cuisinart Lighting Model-0070,home_garden,Garden,64.46,4.3,7,Cuisinart,True
item_000071,Bosch Car Care Model-0071,automotive,Electronics,268.64,3.9,21,Castrol,True
item_000072,HarperCollins Science Model-0072,books,Science,33.09,3.8,2043,Penguin,True
item_000073,Castrol Car Care Model-0073,automotive,Tools,87.5,3.6,3,Michelin,True
item_000074,Organic Valley Snacks Model-0074,food,Organic,2.35,3.5,154,Nestle,True
item_000075,Pandora Bracelets Model-0075,jewelry,Necklaces,2836.8,3.0,272,Tiffany,True
item_000076,Cuisinart Bedding Model-0076,home_garden,Bedding,361.95,4.2,90,IKEA,True
item_000077,Cuisinart Kitchen Model-0077,home_garden,Lighting,326.27,4.0,236,Dyson,True
item_000078,Kelloggs Organic Model-0078,food,Supplements,3.8,4.3,20,Organic Valley,True
item_000079,Zara Jeans Model-0079,clothing,Dresses,186.29,3.5,775,Adidas,True
item_000080,Philips Kitchen Model-0080,home_garden,Bedding,788.73,3.7,362,Dyson,True
item_000081,Bosch Accessories Model-0081,automotive,Electronics,153.5,3.0,70,Castrol,True
item_000082,Samsung Headphones Model-0082,electronics,Cameras,599.11,2.7,4113,LG,True
item_000083,LG TVs Model-0083,electronics,Headphones,203.39,3.9,257,Samsung,True
item_000084,3M Tools Model-0084,automotive,Accessories,347.37,2.4,3226,Michelin,False
item_000085,Philips Furniture Model-0085,home_garden,Bedding,443.85,4.0,26,Philips,True
item_000086,Swarovski Necklaces Model-0086,jewelry,Bracelets,152.02,3.4,2379,Swarovski,True
item_000087,Dyson Kitchen Model-0087,home_garden,Lighting,101.07,5.0,30,Dyson,True
item_000088,Organic Valley Supplements Model-0088,food,Organic,29.68,3.8,129,Kelloggs,True
item_000089,LEGO Board Games Model-0089,toys,Action Figures,100.16,4.2,237,Fisher-Price,True
item_000090,Mattel Board Games Model-0090,toys,Dolls,92.84,3.3,570,Mattel,False
item_000091,Adidas Jackets Model-0091,clothing,Shoes,95.5,4.6,16,Zara,True
item_000092,HarperCollins History Model-0092,books,Fiction,36.13,4.7,836,Random House,True
item_000093,Nike Jackets Model-0093,clothing,Jackets,86.36,4.5,3289,Adidas,True
item_000094,Puma Cycling Model-0094,sports,Gym,293.44,5.0,183,Nike,True
item_000095,Under Armour Running Model-0095,sports,Running,400.7,3.1,1291,Puma,True
item_000096,Bosch Laptops Model-0096,electronics,Laptops,221.65,4.3,667,Bosch,True
item_000097,H&M Jeans Model-0097,clothing,Dresses,158.48,3.3,2413,Levis,True
item_000098,Michelin Accessories Model-0098,automotive,Tools,381.58,3.1,693,Bosch,True
item_000099,Bosch Accessories Model-0099,automotive,Accessories,137.13,3.8,1,Bosch,False
item_000100,Michelin Car Care Model-0100,automotive,Tools,52.59,4.0,136,Castrol,True
item_000101,Puma Swimming Model-0101,sports,Cycling,377.73,3.7,2218,Adidas,True
item_000102,Levis Jeans Model-0102,clothing,Shoes,16.84,2.9,1251,H&M,True
item_000103,Penguin History Model-0103,books,Fiction,41.08,3.8,4649,Penguin,True
item_000104,Hasbro Action Figures Model-0104,toys,Board Games,9.05,3.8,190,Hasbro,False
item_000105,Estee Lauder Skincare Model-0105,beauty,Makeup,194.8,3.1,3191,Estee Lauder,True
item_000106,Organic Valley Organic Model-0106,food,Snacks,50.55,4.8,3356,Organic Valley,False
item_000107,Random House Science Model-0107,books,Science,13.24,5.0,2508,Penguin,True
item_000108,Castrol Tools Model-0108,automotive,Tools,330.02,3.9,2243,Michelin,True
item_000109,Tiffany Earrings Model-0109,jewelry,Necklaces,4248.23,4.5,4480,Swarovski,True
item_000110,Nestle Beverages Model-0110,food,Organic,51.19,2.1,4936,Organic Valley,True
item_000111,Michelin Accessories Model-0111,automotive,Accessories,63.06,3.8,978,Bosch,True
item_000112,Castrol Tools Model-0112,automotive,Car Care,82.47,4.6,0,Castrol,True
item_000113,Philips Kitchen Model-0113,home_garden,Bedding,37.45,3.8,29,Cuisinart,True
item_000114,Penguin Fiction Model-0114,books,Fiction,39.45,3.7,291,HarperCollins,True
item_000115,Maybelline Fragrance Model-0115,beauty,Fragrance,41.84,4.3,163,Estee Lauder,True
item_000116,H&M Shoes Model-0116,clothing,Jeans,30.46,5.0,325,Zara,True
item_000117,Kelloggs Supplements Model-0117,food,Beverages,40.75,4.0,2383,Kelloggs,True
item_000118,Samsung Cameras Model-0118,electronics,Cameras,524.52,3.9,354,Bosch,True
item_000119,Samsung Cameras Model-0119,electronics,Headphones,937.24,4.7,135,Sony,True
item_000120,Estee Lauder Haircare Model-0120,beauty,Skincare,70.07,4.1,1238,LOreal,True
item_000121,Castrol Accessories Model-0121,automotive,Accessories,81.17,5.0,0,Castrol,True
item_000122,H&M Jeans Model-0122,clothing,Shoes,89.07,3.1,13,H&M,True
item_000123,Philips Furniture Model-0123,home_garden,Furniture,613.61,3.1,1338,Dyson,True
item_000124,Nestle Beverages Model-0124,food,Organic,8.92,3.2,0,Nestle,True
item_000125,Puma Swimming Model-0125,sports,Swimming,17.4,4.4,100,Nike,True
item_000126,LG TVs Model-0126,electronics,TVs,148.2,4.0,594,LG,True
item_000127,Adidas Dresses Model-0127,clothing,Jeans,241.95,3.6,1,H&M,True
item_000128,Maybelline Haircare Model-0128,beauty,Makeup,167.73,4.0,334,Maybelline,True
item_000129,HarperCollins Tech Model-0129,books,Non-Fiction,7.96,4.5,82,HarperCollins,True
item_000130,Adidas T-Shirts Model-0130,clothing,Jackets,292.57,3.6,279,Adidas,True
item_000131,IKEA Furniture Model-0131,home_garden,Bedding,515.54,4.3,4970,Philips,True
item_000132,Zara Jeans Model-0132,clothing,Jeans,266.64,3.5,0,Adidas,True
item_000133,Bosch Headphones Model-0133,electronics,Cameras,106.85,2.8,1755,LG,True
item_000134,Cuisinart Bedding Model-0134,home_garden,Bedding,649.11,3.8,1039,IKEA,True
item_000135,Bosch Electronics Model-0135,automotive,Car Care,176.92,2.7,3872,Michelin,True
item_000136,LG TVs Model-0136,electronics,Smartphones,741.86,3.6,2528,Sony,True
item_000137,Random House Science Model-0137,books,Fiction,50.52,3.9,0,Random House,True
item_000138,Under Armour Running Model-0138,sports,Cycling,313.95,3.2,13,Under Armour,True
item_000139,3M Accessories Model-0139,automotive,Tools,49.49,4.2,535,3M,True
item_000140,Puma Running Model-0140,sports,Swimming,452.1,3.6,1,Under Armour,True
item_000141,Nike Running Model-0141,sports,Gym,466.46,4.2,3626,Nike,True
item_000142,Bosch Tools Model-0142,automotive,Electronics,295.48,3.8,4138,3M,True
item_000143,Mattel Board Games Model-0143,toys,Puzzles,142.36,3.7,0,Hasbro,True
item_000144,3M Electronics Model-0144,automotive,Accessories,169.07,3.2,3633,Castrol,False
item_000145,Tiffany Earrings Model-0145,jewelry,Bracelets,2563.42,3.8,3,Tiffany,True
item_000146,Swarovski Rings Model-0146,jewelry,Earrings,2468.4,3.9,204,Zales,True
item_000147,Adidas Jeans Model-0147,clothing,Jackets,226.75,4.1,3114,Zara,True
item_000148,Tiffany Necklaces Model-0148,jewelry,Rings,2325.22,4.0,176,Tiffany,True
item_000149,Michelin Accessories Model-0149,automotive,Car Care,296.71,2.9,1113,3M,True
item_000150,IKEA Bedding Model-0150,home_garden,Bedding,104.9,4.5,1827,Philips,True
item_000151,Estee Lauder Skincare Model-0151,beauty,Makeup,113.45,4.1,641,LOreal,True
item_000152,Levis Jeans Model-0152,clothing,Shoes,128.49,3.8,265,Levis,False
item_000153,Bosch Smartphones Model-0153,electronics,Headphones,1438.1,4.0,3105,Bosch,True
item_000154,Cuisinart Lighting Model-0154,home_garden,Furniture,103.34,4.2,4263,IKEA,True
item_000155,Bosch TVs Model-0155,electronics,TVs,1411.05,5.0,0,Apple,True
item_000156,Dyson Garden Model-0156,home_garden,Bedding,383.89,3.4,0,IKEA,False
item_000157,Levis Dresses Model-0157,clothing,T-Shirts,287.87,3.4,52,Nike,True
item_000158,Under Armour Gym Model-0158,sports,Cycling,183.26,3.1,95,Adidas,True
item_000159,Maybelline Skincare Model-0159,beauty,Haircare,162.08,2.5,2,LOreal,True
item_000160,Sony Smartphones Model-0160,electronics,Headphones,1999.66,4.1,0,Bosch,True
item_000161,Organic Valley Supplements Model-0161,food,Organic,60.09,5.0,334,Nestle,True
item_000162,Kelloggs Beverages Model-0162,food,Beverages,15.94,3.6,1097,Kelloggs,True
item_000163,Hasbro Action Figures Model-0163,toys,Puzzles,88.04,4.7,1136,Mattel,True
item_000164,Bosch Car Care Model-0164,automotive,Electronics,88.32,3.6,4267,Castrol,True
item_000165,Levis Jackets Model-0165,clothing,T-Shirts,78.68,4.6,1157,H&M,True
item_000166,Nike T-Shirts Model-0166,clothing,Jeans,247.25,4.0,15,Zara,True
item_000167,Cuisinart Garden Model-0167,home_garden,Lighting,187.14,3.8,559,Philips,False
item_000168,LOreal Haircare Model-0168,beauty,Skincare,127.02,3.4,3892,Estee Lauder,True
item_000169,LG TVs Model-0169,electronics,Cameras,1748.38,3.9,845,LG,True
item_000170,Zales Rings Model-0170,jewelry,Rings,2633.43,4.4,67,Swarovski,True
item_000171,LG Cameras Model-0171,electronics,Smartphones,682.12,3.3,79,Bosch,False
item_000172,Estee Lauder Fragrance Model-0172,beauty,Skincare,54.09,3.8,21,Maybelline,True
item_000173,Kelloggs Supplements Model-0173,food,Supplements,39.32,4.0,917,Nestle,True
item_000174,Maybelline Fragrance Model-0174,beauty,Fragrance,10.87,4.4,962,Maybelline,True
item_000175,Random House History Model-0175,books,Non-Fiction,57.41,3.9,1345,HarperCollins,True
item_000176,IKEA Garden Model-0176,home_garden,Bedding,106.67,3.6,243,Dyson,True
item_000177,Hasbro Dolls Model-0177,toys,Dolls,82.19,4.0,658,Hasbro,True
item_000178,Adidas Yoga Model-0178,sports,Yoga,435.89,4.6,4222,Under Armour,True
item_000179,Michelin Accessories Model-0179,automotive,Accessories,163.71,4.1,1211,Bosch,True
item_000180,Mattel Board Games Model-0180,toys,Board Games,17.98,3.8,2789,LEGO,True
item_000181,Dyson Furniture Model-0181,home_garden,Garden,248.41,3.9,13,IKEA,True
item_000182,LOreal Haircare Model-0182,beauty,Haircare,86.18,3.1,445,Maybelline,True
item_000183,Under Armour Cycling Model-0183,sports,Gym,136.52,4.3,0,Under Armour,True
item_000184,Nike Cycling Model-0184,sports,Gym,54.95,2.9,141,Puma,True
item_000185,Nike Cycling Model-0185,sports,Running,36.04,3.5,160,Adidas,True
item_000186,Pandora Earrings Model-0186,jewelry,Bracelets,1343.49,3.7,13,Swarovski,True
item_000187,LG Cameras Model-0187,electronics,Smartphones,781.07,3.5,380,Bosch,True
item_000188,Michelin Electronics Model-0188,automotive,Car Care,303.53,3.1,25,Bosch,True
item_000189,Bosch Headphones Model-0189,electronics,Headphones,72.76,3.4,2131,Samsung,True
item_000190,LG TVs Model-0190,electronics,Laptops,84.76,2.9,1615,Bosch,False
item_000191,Kelloggs Beverages Model-0191,food,Beverages,31.58,4.9,3638,Organic Valley,True
item_000192,Fisher-Price Board Games Model-0192,toys,Puzzles,95.94,3.4,4510,Fisher-Price,False
item_000193,Zara T-Shirts Model-0193,clothing,T-Shirts,163.47,3.4,586,Levis,True
item_000194,Nike Swimming Model-0194,sports,Cycling,181.57,5.0,1,Puma,True
item_000195,Swarovski Rings Model-0195,jewelry,Necklaces,2216.89,2.7,572,Tiffany,True
item_000196,H&M T-Shirts Model-0196,clothing,Jackets,131.5,4.2,125,Nike,True
item_000197,Hasbro Dolls Model-0197,toys,Board Games,133.25,3.8,25,LEGO,True
item_000198,Under Armour Swimming Model-0198,sports,Cycling,48.33,3.1,1219,Adidas,True
item_000199,Estee Lauder Skincare Model-0199,beauty,Fragrance,45.71,3.9,0,Estee Lauder,True
item_000200,IKEA Furniture Model-0200,home_garden,Garden,549.0,5.0,14,Dyson,True
item_000201,HarperCollins History Model-0201,books,Tech,11.33,4.2,24,HarperCollins,True
item_000202,Swarovski Rings Model-0202,jewelry,Earrings,2791.91,4.1,1304,Pandora,False
item_000203,Organic Valley Supplements Model-0203,food,Beverages,73.62,3.0,260,Nestle,True
item_000204,Fisher-Price Action Figures Model-0204,toys,Action Figures,127.18,3.2,1212,LEGO,True
item_000205,Levis Dresses Model-0205,clothing,Jackets,258.57,2.8,1,H&M,True
item_000206,Swarovski Necklaces Model-0206,jewelry,Bracelets,1634.66,3.9,3,Zales,False
item_000207,Zara Dresses Model-0207,clothing,T-Shirts,204.33,3.8,966,Levis,True
item_000208,Organic Valley Organic Model-0208,food,Snacks,76.93,3.2,1640,Kelloggs,True
item_000209,Cuisinart Furniture Model-0209,home_garden,Kitchen,281.4,4.4,0,Philips,True
item_000210,LEGO Action Figures Model-0210,toys,Board Games,52.24,2.9,0,Mattel,True
item_000211,Penguin Non-Fiction Model-0211,books,Fiction,48.69,3.3,0,Random House,True
item_000212,Cuisinart Kitchen Model-0212,home_garden,Furniture,50.42,3.9,16,Cuisinart,True
item_000213,Dyson Lighting Model-0213,home_garden,Lighting,363.45,3.0,876,Philips,False
item_000214,Cuisinart Bedding Model-0214,home_garden,Garden,357.0,3.6,655,Philips,True
item_000215,Bosch Headphones Model-0215,electronics,TVs,771.38,3.3,0,Sony,True
item_000216,Estee Lauder Haircare Model-0216,beauty,Skincare,42.64,4.0,227,Maybelline,True
item_000217,Nike Gym Model-0217,sports,Gym,471.01,2.9,1471,Under Armour,True
item_000218,LOreal Makeup Model-0218,beauty,Haircare,68.13,2.4,610,Estee Lauder,True
item_000219,Penguin Tech Model-0219,books,Science,59.89,3.0,2815,Penguin,True
item_000220,Cuisinart Kitchen Model-0220,home_garden,Kitchen,290.63,4.4,31,Philips,True
item_000221,LEGO Board Games Model-0221,toys,Board Games,112.3,4.4,275,Hasbro,True
item_000222,LEGO Board Games Model-0222,toys,Action Figures,19.06,3.2,87,Hasbro,True
item_000223,Cuisinart Bedding Model-0223,home_garden,Lighting,57.48,3.8,0,Dyson,True
item_000224,Adidas Dresses Model-0224,clothing,Jeans,224.61,3.8,3,Adidas,True
item_000225,Nike T-Shirts Model-0225,clothing,Jackets,179.89,2.8,2898,Levis,True
item_000226,Bosch Cameras Model-0226,electronics,Headphones,1161.46,3.4,40,Samsung,True
item_000227,Pandora Necklaces Model-0227,jewelry,Rings,3158.77,3.7,762,Zales,True
item_000228,Samsung Smartphones Model-0228,electronics,Headphones,348.84,2.3,718,Bosch,True
item_000229,Bosch Car Care Model-0229,automotive,Accessories,102.13,3.9,18,Michelin,False
item_000230,Castrol Tools Model-0230,automotive,Tools,354.41,5.0,0,Michelin,True
item_000231,Bosch Accessories Model-0231,automotive,Electronics,199.53,4.1,2632,Castrol,True
item_000232,Kelloggs Supplements Model-0232,food,Snacks,15.91,4.0,511,Kelloggs,True
item_000233,Adidas Gym Model-0233,sports,Swimming,468.16,4.3,2799,Puma,True
item_000234,Nike Yoga Model-0234,sports,Gym,346.33,4.1,8,Puma,True
item_000235,Random House Fiction Model-0235,books,History,54.9,4.4,13,HarperCollins,False
item_000236,Random House Science Model-0236,books,Tech,37.06,2.5,19,Penguin,True
item_000237,Kelloggs Beverages Model-0237,food,Supplements,16.84,3.5,1283,Organic Valley,True
item_000238,Zara Jackets Model-0238,clothing,Shoes,113.55,3.1,2792,Levis,True
item_000239,Bosch Accessories Model-0239,automotive,Car Care,314.29,2.5,4704,Michelin,True
item_000240,Under Armour Swimming Model-0240,sports,Swimming,128.42,3.7,2220,Puma,True
item_000241,Dyson Bedding Model-0241,home_garden,Kitchen,186.0,4.4,39,Philips,True
item_000242,Bosch Smartphones Model-0242,electronics,Smartphones,1846.82,3.4,259,Apple,False
item_000243,Zales Bracelets Model-0243,jewelry,Rings,4762.57,4.0,63,Tiffany,True
item_000244,Fisher-Price Puzzles Model-0244,toys,Puzzles,140.68,4.7,0,LEGO,True
item_000245,Tiffany Bracelets Model-0245,jewelry,Rings,264.7,3.6,0,Pandora,True
item_000246,Zara T-Shirts Model-0246,clothing,Jeans,58.36,4.5,1351,Adidas,True
item_000247,Estee Lauder Fragrance Model-0247,beauty,Skincare,78.52,4.5,1343,Maybelline,True
item_000248,LOreal Makeup Model-0248,beauty,Haircare,9.46,4.0,131,Estee Lauder,True
item_000249,Cuisinart Furniture Model-0249,home_garden,Garden,434.25,3.0,444,Philips,True
item_000250,LEGO Action Figures Model-0250,toys,Dolls,48.36,2.4,1742,Fisher-Price,True
item_000251,Kelloggs Beverages Model-0251,food,Supplements,52.81,3.3,83,Kelloggs,True
item_000252,Sony Headphones Model-0252,electronics,Headphones,1334.36,3.5,28,Samsung,True
item_000253,Samsung Cameras Model-0253,electronics,TVs,1934.0,3.6,146,Sony,True
item_000254,Puma Cycling Model-0254,sports,Swimming,115.37,4.2,0,Under Armour,False
item_000255,Zales Rings Model-0255,jewelry,Earrings,1703.06,3.3,118,Pandora,True
item_000256,Dyson Kitchen Model-0256,home_garden,Garden,693.43,4.2,1304,Dyson,True
item_000257,Organic Valley Beverages Model-0257,food,Supplements,56.57,5.0,4344,Organic Valley,False
item_000258,IKEA Lighting Model-0258,home_garden,Lighting,294.6,3.7,0,Philips,True
item_000259,HarperCollins Fiction Model-0259,books,Fiction,11.73,3.9,120,Random House,True
item_000260,LOreal Fragrance Model-0260,beauty,Makeup,181.05,4.9,14,LOreal,True
item_000261,LG Headphones Model-0261,electronics,TVs,965.89,4.3,108,Bosch,True
item_000262,Puma Gym Model-0262,sports,Running,192.17,3.3,639,Under Armour,True
item_000263,Nike Jackets Model-0263,clothing,Shoes,123.84,5.0,2954,Levis,True
item_000264,HarperCollins Non-Fiction Model-0264,books,Science,7.54,3.9,2106,Random House,True
item_000265,Puma Cycling Model-0265,sports,Swimming,62.96,3.4,40,Nike,True
item_000266,HarperCollins Fiction Model-0266,books,Science,57.49,2.7,713,Random House,True
item_000267,IKEA Lighting Model-0267,home_garden,Garden,427.68,3.3,39,Dyson,True
item_000268,Philips Kitchen Model-0268,home_garden,Lighting,221.57,3.9,611,Dyson,True
item_000269,Levis Jackets Model-0269,clothing,Shoes,194.67,3.1,0,Adidas,True
item_000270,Puma Gym Model-0270,sports,Cycling,149.92,3.2,116,Puma,True
item_000271,Nestle Supplements Model-0271,food,Organic,75.33,4.7,1,Organic Valley,True
item_000272,IKEA Lighting Model-0272,home_garden,Lighting,35.3,3.9,553,IKEA,True
item_000273,Cuisinart Bedding Model-0273,home_garden,Lighting,95.96,2.8,2745,Dyson,True
item_000274,Maybelline Haircare Model-0274,beauty,Makeup,167.0,4.3,993,Maybelline,True
item_000275,Zales Bracelets Model-0275,jewelry,Rings,1370.07,5.0,3887,Pandora,True
item_000276,Estee Lauder Fragrance Model-0276,beauty,Skincare,47.23,2.4,3952,Maybelline,True
item_000277,Philips Lighting Model-0277,home_garden,Furniture,327.81,3.9,374,Dyson,True
item_000278,Kelloggs Organic Model-0278,food,Organic,75.51,3.8,18,Organic Valley,False
item_000279,Nike Running Model-0279,sports,Swimming,83.48,5.0,2,Nike,False
item_000280,Zales Earrings Model-0280,jewelry,Bracelets,2048.87,4.5,22,Pandora,True
item_000281,Zales Bracelets Model-0281,jewelry,Bracelets,3441.99,3.8,751,Swarovski,True
item_000282,Swarovski Bracelets Model-0282,jewelry,Necklaces,1955.29,4.4,1392,Pandora,True
item_000283,Organic Valley Snacks Model-0283,food,Supplements,59.41,2.5,342,Organic Valley,False
item_000284,Penguin History Model-0284,books,Tech,33.14,3.8,1246,Penguin,False
item_000285,IKEA Furniture Model-0285,home_garden,Furniture,725.53,3.3,86,Dyson,True
item_000286,HarperCollins Fiction Model-0286,books,Tech,45.88,3.9,119,Penguin,True
item_000287,Random House History Model-0287,books,Science,47.65,2.4,3059,HarperCollins,True
item_000288,Under Armour Cycling Model-0288,sports,Gym,366.41,4.2,270,Adidas,True
item_000289,LOreal Haircare Model-0289,beauty,Haircare,131.49,4.1,100,Maybelline,True
item_000290,Michelin Car Care Model-0290,automotive,Accessories,235.47,4.5,221,Michelin,True
item_000291,Penguin Fiction Model-0291,books,Non-Fiction,34.32,3.5,0,Random House,True
item_000292,Philips Kitchen Model-0292,home_garden,Bedding,694.49,4.3,99,IKEA,False
item_000293,Random House Science Model-0293,books,Non-Fiction,42.19,5.0,314,Random House,True
item_000294,Adidas Shoes Model-0294,clothing,Jeans,201.4,3.6,640,Levis,True
item_000295,Michelin Car Care Model-0295,automotive,Electronics,246.7,2.9,501,Castrol,True
item_000296,Philips Kitchen Model-0296,home_garden,Bedding,262.15,4.2,3534,IKEA,True
item_000297,Penguin History Model-0297,books,Non-Fiction,9.72,3.5,1154,HarperCollins,True
item_000298,Bosch Accessories Model-0298,automotive,Electronics,12.14,3.1,0,3M,True
item_000299,Organic Valley Snacks Model-0299,food,Beverages,15.16,3.2,201,Organic Valley,True
item_000300,Cuisinart Lighting Model-0300,home_garden,Furniture,61.76,2.8,160,Philips,True
item_000301,Mattel Board Games Model-0301,toys,Board Games,87.57,3.1,1022,Mattel,True
item_000302,LG Headphones Model-0302,electronics,Laptops,391.76,4.0,12,Sony,True
item_000303,3M Tools Model-0303,automotive,Accessories,114.27,4.1,422,Bosch,True
item_000304,LEGO Action Figures Model-0304,toys,Puzzles,53.12,3.3,2939,Fisher-Price,True
item_000305,Levis Jeans Model-0305,clothing,Shoes,83.85,5.0,755,H&M,True
item_000306,Zara T-Shirts Model-0306,clothing,T-Shirts,157.69,3.9,3510,Adidas,True
item_000307,Adidas Jeans Model-0307,clothing,Jackets,118.08,4.0,2038,Nike,True
item_000308,Dyson Kitchen Model-0308,home_garden,Kitchen,581.16,4.1,1,IKEA,True
item_000309,Swarovski Earrings Model-0309,jewelry,Rings,1429.95,3.3,303,Swarovski,True
item_000310,LOreal Makeup Model-0310,beauty,Makeup,24.48,4.4,338,Maybelline,True
item_000311,Pandora Bracelets Model-0311,jewelry,Rings,280.99,2.7,18,Pandora,True
item_000312,Tiffany Necklaces Model-0312,jewelry,Necklaces,4820.29,3.0,1054,Pandora,True
item_000313,Organic Valley Organic Model-0313,food,Beverages,65.42,3.3,3377,Organic Valley,True
item_000314,Adidas Swimming Model-0314,sports,Running,358.73,3.9,0,Under Armour,True
item_000315,Levis Jackets Model-0315,clothing,Shoes,283.73,2.9,436,Levis,True
item_000316,Kelloggs Beverages Model-0316,food,Snacks,53.84,3.0,0,Organic Valley,True
item_000317,Nike Dresses Model-0317,clothing,Dresses,242.54,4.8,404,Adidas,True
item_000318,Fisher-Price Action Figures Model-0318,toys,Action Figures,102.81,4.7,60,LEGO,False
item_000319,Apple Headphones Model-0319,electronics,Headphones,317.49,2.9,3300,Sony,True
item_000320,Maybelline Makeup Model-0320,beauty,Skincare,127.81,3.2,17,Estee Lauder,True
item_000321,Random House History Model-0321,books,Non-Fiction,28.84,3.7,4359,HarperCollins,True
item_000322,Swarovski Bracelets Model-0322,jewelry,Necklaces,1878.79,4.2,3252,Swarovski,True
item_000323,Maybelline Haircare Model-0323,beauty,Fragrance,139.09,3.5,1451,Maybelline,True
item_000324,H&M Shoes Model-0324,clothing,T-Shirts,269.13,3.4,3140,Adidas,True
item_000325,Tiffany Earrings Model-0325,jewelry,Rings,502.66,4.6,2132,Pandora,True
item_000326,Zales Necklaces Model-0326,jewelry,Earrings,3993.17,3.3,57,Swarovski,True
item_000327,HarperCollins Tech Model-0327,books,History,49.32,3.6,3997,HarperCollins,True
item_000328,LG Headphones Model-0328,electronics,Cameras,1739.93,2.1,81,Bosch,True
item_000329,Castrol Car Care Model-0329,automotive,Tools,377.35,4.1,4362,Bosch,True
item_000330,Random House Non-Fiction Model-0330,books,Tech,43.59,4.2,130,HarperCollins,True
item_000331,Samsung Cameras Model-0331,electronics,Smartphones,885.7,4.1,313,LG,True
item_000332,Michelin Accessories Model-0332,automotive,Car Care,49.11,4.0,195,Castrol,True
item_000333,Penguin Science Model-0333,books,Tech,19.4,3.9,1958,Penguin,True
item_000334,LG Smartphones Model-0334,electronics,TVs,698.04,3.6,35,Bosch,True
item_000335,Organic Valley Snacks Model-0335,food,Organic,72.22,4.4,796,Nestle,True
item_000336,Mattel Dolls Model-0336,toys,Action Figures,127.77,4.2,2702,Hasbro,True
item_000337,HarperCollins Tech Model-0337,books,Tech,10.24,3.4,891,Penguin,True
item_000338,LOreal Makeup Model-0338,beauty,Haircare,164.54,3.6,3433,LOreal,True
item_000339,HarperCollins Tech Model-0339,books,History,32.78,2.9,2717,Random House,True
item_000340,Nike Jeans Model-0340,clothing,T-Shirts,155.98,3.5,0,Adidas,True
item_000341,Maybelline Haircare Model-0341,beauty,Haircare,124.8,3.0,1941,LOreal,False
item_000342,Under Armour Running Model-0342,sports,Swimming,273.19,4.4,1237,Under Armour,True
item_000343,Tiffany Rings Model-0343,jewelry,Bracelets,3739.51,5.0,2834,Swarovski,True
item_000344,LOreal Haircare Model-0344,beauty,Haircare,151.71,3.0,40,Estee Lauder,True
item_000345,Adidas Running Model-0345,sports,Yoga,192.29,3.7,890,Under Armour,True
item_000346,Pandora Necklaces Model-0346,jewelry,Necklaces,380.34,3.6,49,Pandora,True
item_000347,Tiffany Earrings Model-0347,jewelry,Earrings,4548.18,2.4,0,Swarovski,True
item_000348,Dyson Lighting Model-0348,home_garden,Lighting,278.02,3.3,1,Cuisinart,False
item_000349,Adidas Cycling Model-0349,sports,Yoga,414.63,5.0,3080,Puma,True
item_000350,Apple Headphones Model-0350,electronics,TVs,1655.98,3.9,1484,Apple,True
item_000351,Puma Yoga Model-0351,sports,Cycling,357.98,3.7,4859,Nike,True
item_000352,Dyson Lighting Model-0352,home_garden,Furniture,25.52,3.0,606,Philips,True
item_000353,Swarovski Earrings Model-0353,jewelry,Rings,837.48,4.3,318,Pandora,True
item_000354,Michelin Electronics Model-0354,automotive,Tools,105.41,3.4,2978,Bosch,False
item_000355,Fisher-Price Puzzles Model-0355,toys,Puzzles,63.41,3.3,337,Fisher-Price,True
item_000356,Sony TVs Model-0356,electronics,Laptops,444.89,4.3,1613,Bosch,True
item_000357,Sony TVs Model-0357,electronics,Cameras,1652.88,3.7,1,Sony,True
item_000358,Maybelline Fragrance Model-0358,beauty,Haircare,170.62,3.1,183,Maybelline,False
item_000359,Nestle Organic Model-0359,food,Beverages,55.83,4.3,1229,Nestle,True
item_000360,Zales Necklaces Model-0360,jewelry,Earrings,3778.13,3.9,12,Zales,True
item_000361,H&M T-Shirts Model-0361,clothing,Shoes,276.9,4.3,2340,Zara,True
item_000362,Mattel Dolls Model-0362,toys,Dolls,52.01,3.7,127,Fisher-Price,True
item_000363,Mattel Puzzles Model-0363,toys,Dolls,24.27,5.0,4151,LEGO,True
item_000364,Fisher-Price Dolls Model-0364,toys,Dolls,93.08,2.7,1895,Hasbro,True
item_000365,Zales Necklaces Model-0365,jewelry,Necklaces,1569.76,5.0,3895,Swarovski,True
item_000366,Random House Science Model-0366,books,Fiction,23.96,3.4,54,Penguin,True
item_000367,Cuisinart Lighting Model-0367,home_garden,Garden,363.52,2.7,44,Philips,True
item_000368,Dyson Kitchen Model-0368,home_garden,Bedding,595.46,3.9,5,IKEA,True
item_000369,Organic Valley Supplements Model-0369,food,Supplements,31.88,4.6,3040,Organic Valley,True
item_000370,Philips Garden Model-0370,home_garden,Furniture,175.85,4.1,2699,IKEA,True
item_000371,Maybelline Skincare Model-0371,beauty,Fragrance,26.27,2.6,1,Maybelline,True
item_000372,Castrol Electronics Model-0372,automotive,Car Care,386.56,2.6,3721,Michelin,True
item_000373,Mattel Dolls Model-0373,toys,Action Figures,36.93,2.8,93,Fisher-Price,True
item_000374,Dyson Garden Model-0374,home_garden,Kitchen,436.82,3.3,377,Cuisinart,True
item_000375,HarperCollins Fiction Model-0375,books,Tech,58.24,2.8,2375,Penguin,True
item_000376,Cuisinart Bedding Model-0376,home_garden,Garden,784.21,3.6,2732,Cuisinart,True
item_000377,Pandora Bracelets Model-0377,jewelry,Rings,4658.83,2.5,3189,Swarovski,True
item_000378,Nestle Beverages Model-0378,food,Supplements,31.13,3.6,0,Kelloggs,True
item_000379,Puma Cycling Model-0379,sports,Cycling,182.79,4.0,1372,Puma,True
item_000380,Mattel Action Figures Model-0380,toys,Board Games,30.41,4.6,825,LEGO,False
item_000381,Penguin Science Model-0381,books,Tech,43.8,3.9,2,HarperCollins,True
item_000382,HarperCollins Science Model-0382,books,Tech,59.17,4.7,146,HarperCollins,True
item_000383,3M Electronics Model-0383,automotive,Car Care,127.49,3.9,30,Bosch,True
item_000384,Tiffany Bracelets Model-0384,jewelry,Rings,4819.51,2.9,2405,Swarovski,True
item_000385,LG Smartphones Model-0385,electronics,Laptops,1282.41,3.5,1994,Sony,True
item_000386,Fisher-Price Action Figures Model-0386,toys,Puzzles,35.44,3.3,1,Hasbro,True
item_000387,Bosch TVs Model-0387,electronics,Smartphones,1218.79,3.8,160,Samsung,True
item_000388,LEGO Dolls Model-0388,toys,Dolls,105.94,2.3,916,Mattel,False
item_000389,Michelin Electronics Model-0389,automotive,Car Care,34.77,4.7,297,3M,True
item_000390,Castrol Accessories Model-0390,automotive,Electronics,93.03,4.2,35,Bosch,False
item_000391,Apple TVs Model-0391,electronics,Smartphones,1866.92,3.8,2913,Sony,True
item_000392,Adidas T-Shirts Model-0392,clothing,Shoes,68.28,5.0,8,Zara,True
item_000393,Cuisinart Furniture Model-0393,home_garden,Furniture,243.23,5.0,2190,IKEA,True
item_000394,Apple Cameras Model-0394,electronics,TVs,1991.18,4.2,105,Bosch,True
item_000395,Kelloggs Organic Model-0395,food,Snacks,15.2,3.8,1330,Organic Valley,True
item_000396,Nestle Beverages Model-0396,food,Beverages,37.76,3.6,9,Organic Valley,True
item_000397,Under Armour Swimming Model-0397,sports,Swimming,395.85,3.5,2062,Nike,True
item_000398,Nestle Snacks Model-0398,food,Snacks,48.13,3.3,85,Organic Valley,True
item_000399,LEGO Puzzles Model-0399,toys,Puzzles,120.64,3.3,281,Fisher-Price,True
item_000400,HarperCollins Science Model-0400,books,History,28.35,3.7,3792,HarperCollins,True
item_000401,LOreal Makeup Model-0401,beauty,Skincare,85.19,4.5,257,Maybelline,True
item_000402,Hasbro Action Figures Model-0402,toys,Dolls,42.41,3.7,702,Hasbro,False
item_000403,Michelin Electronics Model-0403,automotive,Tools,163.84,2.8,468,Michelin,True
item_000404,Sony TVs Model-0404,electronics,Smartphones,1690.89,3.6,0,Samsung,True
item_000405,H&M Jeans Model-0405,clothing,Jackets,61.39,3.1,1407,Zara,True
item_000406,Adidas Dresses Model-0406,clothing,Jeans,79.4,4.9,36,H&M,True
item_000407,Penguin Science Model-0407,books,History,22.06,2.4,3372,Penguin,True
item_000408,Cuisinart Furniture Model-0408,home_garden,Bedding,410.81,3.8,119,Cuisinart,True
item_000409,Castrol Car Care Model-0409,automotive,Tools,393.37,3.0,1888,Michelin,True
item_000410,LOreal Skincare Model-0410,beauty,Skincare,96.73,3.6,3,Estee Lauder,True
item_000411,LG Smartphones Model-0411,electronics,Smartphones,1543.03,3.8,0,Bosch,True
item_000412,Castrol Electronics Model-0412,automotive,Accessories,112.92,4.4,441,Michelin,False
item_000413,Swarovski Earrings Model-0413,jewelry,Earrings,4766.32,3.5,921,Zales,False
item_000414,LEGO Puzzles Model-0414,toys,Dolls,37.35,3.7,359,Fisher-Price,True
item_000415,Nike T-Shirts Model-0415,clothing,Jeans,208.7,2.0,0,Adidas,True
item_000416,IKEA Kitchen Model-0416,home_garden,Bedding,405.15,4.7,3426,Cuisinart,True
item_000417,Nestle Snacks Model-0417,food,Snacks,34.06,4.7,2885,Nestle,True
item_000418,Samsung TVs Model-0418,electronics,Laptops,135.56,5.0,1932,Samsung,True
item_000419,Tiffany Rings Model-0419,jewelry,Earrings,700.45,3.1,1439,Tiffany,True
item_000420,Nike Shoes Model-0420,clothing,Jackets,218.67,5.0,539,Adidas,True
item_000421,Nike Dresses Model-0421,clothing,Jeans,193.61,3.5,712,H&M,True
item_000422,Castrol Tools Model-0422,automotive,Tools,389.39,4.8,1152,Michelin,True
item_000423,Kelloggs Supplements Model-0423,food,Beverages,50.03,4.3,1146,Nestle,False
item_000424,Nestle Supplements Model-0424,food,Snacks,20.72,3.4,564,Organic Valley,False
item_000425,Kelloggs Supplements Model-0425,food,Organic,20.11,5.0,43,Organic Valley,True
item_000426,3M Accessories Model-0426,automotive,Electronics,21.94,5.0,0,Michelin,True
item_000427,Maybelline Haircare Model-0427,beauty,Makeup,113.81,4.8,4549,Maybelline,True
item_000428,Castrol Accessories Model-0428,automotive,Tools,48.02,2.9,168,Michelin,True
item_000429,Bosch Accessories Model-0429,automotive,Accessories,277.56,3.5,0,Castrol,True
item_000430,Tiffany Necklaces Model-0430,jewelry,Rings,4388.3,4.2,2117,Zales,True
item_000431,Bosch Electronics Model-0431,automotive,Accessories,318.35,2.8,1435,3M,False
item_000432,Philips Bedding Model-0432,home_garden,Bedding,613.66,3.7,407,Cuisinart,True
item_000433,Apple Laptops Model-0433,electronics,Cameras,127.66,4.5,76,Bosch,True
item_000434,Mattel Puzzles Model-0434,toys,Puzzles,97.73,3.7,3467,Hasbro,True
item_000435,Bosch Accessories Model-0435,automotive,Tools,372.63,3.9,0,Castrol,True
item_000436,Organic Valley Snacks Model-0436,food,Supplements,40.64,2.4,1,Nestle,True
item_000437,Organic Valley Snacks Model-0437,food,Organic,51.15,4.5,3374,Organic Valley,True
item_000438,LOreal Makeup Model-0438,beauty,Haircare,105.36,4.1,357,Maybelline,True
item_000439,Nike Yoga Model-0439,sports,Cycling,136.86,3.7,2903,Adidas,True
item_000440,3M Car Care Model-0440,automotive,Car Care,145.16,4.8,2837,Castrol,True
item_000441,Castrol Accessories Model-0441,automotive,Electronics,35.55,3.8,16,Michelin,True
item_000442,Mattel Dolls Model-0442,toys,Action Figures,44.93,3.8,782,Fisher-Price,True
item_000443,Kelloggs Snacks Model-0443,food,Snacks,27.5,4.8,0,Kelloggs,True
item_000444,HarperCollins Non-Fiction Model-0444,books,Science,28.26,4.1,2029,Penguin,True
item_000445,Estee Lauder Fragrance Model-0445,beauty,Fragrance,70.72,3.0,1,LOreal,True
item_000446,Castrol Electronics Model-0446,automotive,Electronics,189.49,3.1,4168,3M,True
item_000447,Samsung Laptops Model-0447,electronics,Smartphones,266.86,3.3,5,Samsung,True
item_000448,Castrol Car Care Model-0448,automotive,Accessories,353.15,4.5,4155,Castrol,True
item_000449,Michelin Accessories Model-0449,automotive,Car Care,222.48,4.4,494,Michelin,True
item_000450,Zales Necklaces Model-0450,jewelry,Necklaces,2414.67,3.9,417,Zales,False
item_000451,Bosch Tools Model-0451,automotive,Tools,199.14,3.1,47,Bosch,True
item_000452,LEGO Board Games Model-0452,toys,Board Games,40.07,3.5,4629,LEGO,True
item_000453,Dyson Bedding Model-0453,home_garden,Kitchen,116.18,4.7,9,Dyson,True
item_000454,Kelloggs Snacks Model-0454,food,Snacks,35.23,3.7,2234,Kelloggs,True
item_000455,Zales Rings Model-0455,jewelry,Earrings,371.13,3.6,28,Tiffany,True
item_000456,Kelloggs Supplements Model-0456,food,Snacks,31.94,3.3,710,Nestle,True
item_000457,Swarovski Rings Model-0457,jewelry,Bracelets,728.79,4.5,1,Zales,True
item_000458,LEGO Action Figures Model-0458,toys,Action Figures,88.37,3.2,388,Hasbro,True
item_000459,Under Armour Running Model-0459,sports,Gym,222.51,4.3,32,Nike,True
item_000460,Philips Lighting Model-0460,home_garden,Lighting,601.0,3.4,4173,Cuisinart,True
item_000461,Philips Garden Model-0461,home_garden,Furniture,683.24,4.2,28,Philips,True
item_000462,Michelin Tools Model-0462,automotive,Car Care,126.82,4.0,137,Michelin,True
item_000463,Swarovski Bracelets Model-0463,jewelry,Bracelets,4631.76,3.7,2270,Tiffany,True
item_000464,LOreal Fragrance Model-0464,beauty,Fragrance,114.31,3.5,1703,LOreal,True
item_000465,Estee Lauder Makeup Model-0465,beauty,Makeup,136.13,4.0,3157,LOreal,False
item_000466,Dyson Bedding Model-0466,home_garden,Kitchen,162.66,4.0,65,Dyson,False
item_000467,Nike Yoga Model-0467,sports,Running,304.35,3.4,1212,Under Armour,True
item_000468,Bosch Tools Model-0468,automotive,Car Care,213.16,4.6,1,3M,True
item_000469,Philips Lighting Model-0469,home_garden,Lighting,100.68,4.4,28,Dyson,True
item_000470,Organic Valley Supplements Model-0470,food,Organic,56.97,3.1,1,Organic Valley,True
item_000471,Random House History Model-0471,books,Fiction,49.31,3.2,39,Penguin,True
item_000472,LOreal Fragrance Model-0472,beauty,Skincare,11.94,2.5,20,Estee Lauder,True
item_000473,HarperCollins History Model-0473,books,Science,13.37,4.4,2583,Penguin,True
item_000474,Penguin Science Model-0474,books,History,13.45,3.6,17,HarperCollins,True
item_000475,Hasbro Board Games Model-0475,toys,Action Figures,68.19,3.8,438,Mattel,True
item_000476,Fisher-Price Dolls Model-0476,toys,Action Figures,138.97,3.2,0,Fisher-Price,False
item_000477,Nestle Snacks Model-0477,food,Snacks,46.15,3.8,873,Kelloggs,False
item_000478,Maybelline Haircare Model-0478,beauty,Makeup,182.16,4.0,1992,Estee Lauder,False
item_000479,HarperCollins History Model-0479,books,Tech,19.02,2.9,2520,Penguin,True
item_000480,H&M T-Shirts Model-0480,clothing,Jackets,111.63,4.0,2076,H&M,True
item_000481,H&M Jackets Model-0481,clothing,T-Shirts,155.36,3.9,4034,H&M,True
item_000482,Bosch Accessories Model-0482,automotive,Car Care,216.11,4.8,246,Castrol,True
item_000483,Swarovski Bracelets Model-0483,jewelry,Earrings,304.01,4.0,1502,Zales,True
item_000484,Maybelline Skincare Model-0484,beauty,Haircare,172.32,3.1,4925,LOreal,True
item_000485,Sony Smartphones Model-0485,electronics,TVs,1812.34,3.2,33,Sony,True
item_000486,Nike Cycling Model-0486,sports,Swimming,448.92,3.9,1589,Under Armour,True
item_000487,Sony Laptops Model-0487,electronics,Cameras,1846.81,3.6,1475,Bosch,False
item_000488,Zara Shoes Model-0488,clothing,Jeans,180.83,4.3,49,Nike,True
item_000489,Organic Valley Organic Model-0489,food,Beverages,18.94,2.9,2022,Organic Valley,True
item_000490,Hasbro Board Games Model-0490,toys,Action Figures,110.76,4.4,3221,Mattel,True
item_000491,Adidas Shoes Model-0491,clothing,T-Shirts,226.8,3.9,2461,H&M,True
item_000492,Random House Non-Fiction Model-0492,books,History,26.32,4.8,3450,Penguin,True
item_000493,Hasbro Action Figures Model-0493,toys,Action Figures,148.83,3.7,5,Hasbro,True
item_000494,Zara Jackets Model-0494,clothing,Shoes,136.77,3.1,227,Nike,True
item_000495,Zales Necklaces Model-0495,jewelry,Rings,423.7,3.1,4,Pandora,True
item_000496,Zales Earrings Model-0496,jewelry,Necklaces,1836.29,4.0,2434,Pandora,True
item_000497,Estee Lauder Makeup Model-0497,beauty,Fragrance,53.68,3.0,52,Estee Lauder,True
item_000498,3M Accessories Model-0498,automotive,Accessories,277.36,5.0,55,Bosch,True
item_000499,Organic Valley Snacks Model-0499,food,Beverages,18.64,3.7,4,Nestle,True
item_000500,Penguin Non-Fiction Model-0500,books,Tech,33.53,4.9,15,Random House,True
item_000501,Swarovski Bracelets Model-0501,jewelry,Earrings,1544.82,2.7,43,Swarovski,True
item_000502,Nestle Organic Model-0502,food,Organic,24.28,2.1,465,Kelloggs,True
item_000503,Estee Lauder Haircare Model-0503,beauty,Fragrance,67.98,3.3,6,LOreal,True
item_000504,Adidas Shoes Model-0504,clothing,Jackets,21.76,4.1,1434,H&M,True
item_000505,Random House Science Model-0505,books,Tech,38.77,3.9,2703,Penguin,True
item_000506,Nike Shoes Model-0506,clothing,T-Shirts,146.87,3.4,385,Levis,True
item_000507,Zales Bracelets Model-0507,jewelry,Earrings,3703.43,4.1,537,Zales,True
item_000508,Apple TVs Model-0508,electronics,TVs,716.58,3.6,71,Bosch,True
item_000509,Kelloggs Beverages Model-0509,food,Supplements,18.74,3.0,5,Nestle,True
item_000510,Mattel Board Games Model-0510,toys,Dolls,28.91,5.0,1515,Mattel,True
item_000511,Organic Valley Snacks Model-0511,food,Beverages,73.56,2.1,8,Kelloggs,True
item_000512,LOreal Haircare Model-0512,beauty,Makeup,86.19,4.0,7,LOreal,False
item_000513,Sony Headphones Model-0513,electronics,Smartphones,1564.21,3.8,2,Apple,True
item_000514,Michelin Tools Model-0514,automotive,Accessories,300.34,3.8,76,Bosch,True
item_000515,Nestle Organic Model-0515,food,Beverages,41.59,4.5,252,Organic Valley,True
item_000516,LG TVs Model-0516,electronics,Smartphones,199.38,3.1,100,LG,True
item_000517,Zales Bracelets Model-0517,jewelry,Necklaces,2153.74,3.0,3325,Swarovski,True
item_000518,Hasbro Puzzles Model-0518,toys,Dolls,17.83,4.5,1702,Mattel,True
item_000519,Swarovski Rings Model-0519,jewelry,Rings,1486.75,4.2,54,Tiffany,True
item_000520,Tiffany Rings Model-0520,jewelry,Earrings,209.61,4.8,1005,Tiffany,True
item_000521,Estee Lauder Haircare Model-0521,beauty,Skincare,84.78,3.7,100,LOreal,True
item_000522,Maybelline Makeup Model-0522,beauty,Fragrance,195.67,3.6,1148,Maybelline,True
item_000523,LOreal Skincare Model-0523,beauty,Skincare,99.66,4.5,0,LOreal,False
item_000524,Tiffany Necklaces Model-0524,jewelry,Bracelets,763.47,4.7,551,Pandora,True
item_000525,Nike Yoga Model-0525,sports,Yoga,283.31,3.0,4229,Under Armour,True
item_000526,Kelloggs Beverages Model-0526,food,Snacks,63.12,5.0,450,Organic Valley,True
item_000527,Under Armour Running Model-0527,sports,Cycling,156.49,3.5,2,Adidas,True
item_000528,Swarovski Necklaces Model-0528,jewelry,Bracelets,4224.42,4.0,51,Zales,False
item_000529,Bosch Cameras Model-0529,electronics,TVs,1704.48,4.2,0,Bosch,True
item_000530,3M Electronics Model-0530,automotive,Accessories,200.92,4.6,25,Bosch,True
item_000531,Castrol Tools Model-0531,automotive,Tools,30.27,4.3,2794,Castrol,True
item_000532,Maybelline Fragrance Model-0532,beauty,Skincare,79.01,3.9,82,Estee Lauder,True
item_000533,IKEA Furniture Model-0533,home_garden,Lighting,175.4,4.3,1497,Dyson,True
item_000534,Mattel Dolls Model-0534,toys,Board Games,11.06,3.6,894,Fisher-Price,True
item_000535,Swarovski Bracelets Model-0535,jewelry,Rings,2969.18,3.4,2514,Tiffany,True
item_000536,Samsung Headphones Model-0536,electronics,Laptops,1213.59,3.8,1008,Samsung,True
item_000537,Bosch Tools Model-0537,automotive,Electronics,131.69,4.7,193,3M,True
item_000538,Bosch Tools Model-0538,automotive,Car Care,145.13,4.2,3812,3M,True
item_000539,Mattel Action Figures Model-0539,toys,Dolls,73.71,3.5,6,Hasbro,True
item_000540,3M Electronics Model-0540,automotive,Tools,391.84,3.8,814,Bosch,True
item_000541,Apple Laptops Model-0541,electronics,Laptops,1691.81,4.5,1887,Samsung,True
item_000542,Sony Smartphones Model-0542,electronics,Headphones,1295.44,4.0,2423,Samsung,True
item_000543,IKEA Bedding Model-0543,home_garden,Kitchen,427.06,3.9,341,IKEA,False
item_000544,Adidas Jeans Model-0544,clothing,T-Shirts,49.5,3.9,14,Adidas,True
item_000545,Mattel Board Games Model-0545,toys,Action Figures,16.55,3.0,18,LEGO,True
item_000546,Under Armour Gym Model-0546,sports,Running,365.45,2.6,0,Nike,True
item_000547,Pandora Rings Model-0547,jewelry,Bracelets,601.41,4.6,3444,Pandora,True
item_000548,Estee Lauder Skincare Model-0548,beauty,Skincare,194.47,3.8,0,LOreal,True
item_000549,LOreal Haircare Model-0549,beauty,Skincare,37.28,3.9,17,LOreal,True
item_000550,LOreal Skincare Model-0550,beauty,Skincare,195.38,3.5,1376,Estee Lauder,True
item_000551,LOreal Makeup Model-0551,beauty,Fragrance,96.17,4.9,3043,LOreal,True
item_000552,Bosch Cameras Model-0552,electronics,Laptops,1137.55,3.5,9,LG,True
item_000553,Zara Jackets Model-0553,clothing,Jeans,152.93,3.6,27,Nike,True
item_000554,Apple TVs Model-0554,electronics,Smartphones,640.83,4.6,42,Apple,True
item_000555,Bosch Electronics Model-0555,automotive,Accessories,303.22,2.1,3502,Bosch,True
item_000556,Estee Lauder Makeup Model-0556,beauty,Haircare,110.19,3.5,4961,LOreal,True
item_000557,Pandora Necklaces Model-0557,jewelry,Bracelets,1691.72,4.0,239,Swarovski,False
item_000558,HarperCollins History Model-0558,books,Tech,58.93,2.9,1168,Random House,True
item_000559,Penguin Non-Fiction Model-0559,books,Science,31.21,3.2,801,Penguin,True
item_000560,Pandora Bracelets Model-0560,jewelry,Necklaces,1793.13,2.8,3975,Zales,True
item_000561,Mattel Action Figures Model-0561,toys,Puzzles,82.9,3.9,662,Mattel,True
item_000562,Nike Jackets Model-0562,clothing,Dresses,111.57,3.9,2050,H&M,True
item_000563,LG Cameras Model-0563,electronics,TVs,971.1,4.0,21,LG,True
item_000564,Nestle Snacks Model-0564,food,Supplements,10.07,3.6,909,Nestle,True
item_000565,Samsung Smartphones Model-0565,electronics,Cameras,453.17,3.7,2826,Apple,True
item_000566,Hasbro Action Figures Model-0566,toys,Puzzles,96.41,3.4,55,Fisher-Price,True
item_000567,LG Headphones Model-0567,electronics,Cameras,1785.42,3.5,2,LG,True
item_000568,Bosch TVs Model-0568,electronics,Laptops,558.2,2.9,0,LG,True
item_000569,LG TVs Model-0569,electronics,Headphones,243.94,4.1,167,Apple,False
item_000570,Philips Garden Model-0570,home_garden,Bedding,600.06,4.4,3048,Dyson,True
item_000571,HarperCollins Non-Fiction Model-0571,books,Tech,54.16,3.7,489,Penguin,True
item_000572,Bosch Tools Model-0572,automotive,Tools,83.56,3.7,233,Michelin,False
item_000573,Maybelline Makeup Model-0573,beauty,Makeup,95.12,3.9,1,Maybelline,False
item_000574,Nestle Beverages Model-0574,food,Organic,43.6,4.8,1201,Organic Valley,False
item_000575,LEGO Dolls Model-0575,toys,Action Figures,16.3,3.8,3735,Hasbro,True
item_000576,Cuisinart Lighting Model-0576,home_garden,Bedding,67.99,3.8,213,Cuisinart,True
item_000577,Organic Valley Beverages Model-0577,food,Beverages,6.56,5.0,4700,Nestle,False
item_000578,Kelloggs Beverages Model-0578,food,Organic,45.23,3.7,2698,Nestle,True
item_000579,Bosch Smartphones Model-0579,electronics,Cameras,1891.21,4.0,2115,Apple,True
item_000580,Puma Cycling Model-0580,sports,Cycling,11.83,4.0,60,Nike,True
item_000581,Pandora Necklaces Model-0581,jewelry,Earrings,3709.99,3.6,68,Swarovski,True
item_000582,Castrol Tools Model-0582,automotive,Electronics,258.9,4.1,152,Michelin,True
item_000583,Apple Smartphones Model-0583,electronics,Headphones,102.3,2.8,148,Apple,True
item_000584,LEGO Dolls Model-0584,toys,Dolls,149.82,3.7,1235,Hasbro,False
item_000585,Zales Necklaces Model-0585,jewelry,Rings,2849.71,3.2,2526,Pandora,True
item_000586,Dyson Furniture Model-0586,home_garden,Furniture,545.04,4.1,3367,Dyson,True
item_000587,Castrol Accessories Model-0587,automotive,Electronics,17.63,2.7,2077,Michelin,True
item_000588,LOreal Makeup Model-0588,beauty,Makeup,21.06,4.3,79,Maybelline,False
item_000589,Under Armour Cycling Model-0589,sports,Running,428.98,2.1,6,Puma,True
item_000590,Cuisinart Furniture Model-0590,home_garden,Garden,773.45,4.1,0,IKEA,True
item_000591,Adidas Yoga Model-0591,sports,Gym,223.73,3.1,0,Adidas,True
item_000592,Adidas T-Shirts Model-0592,clothing,Jeans,218.07,3.4,19,Nike,True
item_000593,HarperCollins Non-Fiction Model-0593,books,Fiction,31.61,3.6,20,Random House,True
item_000594,Organic Valley Organic Model-0594,food,Supplements,26.42,4.9,3668,Kelloggs,True
item_000595,Castrol Electronics Model-0595,automotive,Tools,153.28,3.1,854,Bosch,True
item_000596,Zales Necklaces Model-0596,jewelry,Bracelets,1726.77,3.8,33,Zales,True
item_000597,Tiffany Necklaces Model-0597,jewelry,Necklaces,614.83,4.6,2607,Tiffany,True
item_000598,Bosch Smartphones Model-0598,electronics,Cameras,1049.5,3.8,247,Sony,False
item_000599,Maybelline Skincare Model-0599,beauty,Skincare,120.25,4.2,414,LOreal,True
item_000600,Fisher-Price Action Figures Model-0600,toys,Dolls,147.86,4.5,1963,Mattel,True
item_000601,Bosch Tools Model-0601,automotive,Electronics,335.28,3.4,27,Bosch,True
item_000602,Nestle Beverages Model-0602,food,Organic,28.62,3.4,663,Nestle,True
item_000603,Estee Lauder Haircare Model-0603,beauty,Makeup,123.84,3.1,3944,Estee Lauder,True
item_000604,3M Electronics Model-0604,automotive,Accessories,380.63,4.7,8,3M,True
item_000605,Under Armour Gym Model-0605,sports,Swimming,40.1,5.0,4,Under Armour,True
item_000606,Estee Lauder Skincare Model-0606,beauty,Skincare,104.69,2.9,119,Maybelline,True
item_000607,Maybelline Fragrance Model-0607,beauty,Makeup,66.12,4.0,2382,Estee Lauder,True
item_000608,IKEA Lighting Model-0608,home_garden,Bedding,612.18,3.4,4550,Dyson,True
item_000609,LG Laptops Model-0609,electronics,Headphones,1481.27,3.4,362,LG,True
item_000610,Adidas Cycling Model-0610,sports,Running,61.72,4.2,1897,Adidas,False
item_000611,Swarovski Bracelets Model-0611,jewelry,Necklaces,684.42,3.8,219,Zales,True
item_000612,Swarovski Earrings Model-0612,jewelry,Bracelets,2381.8,4.1,277,Zales,True
item_000613,IKEA Furniture Model-0613,home_garden,Lighting,433.59,5.0,4589,Cuisinart,True
item_000614,LOreal Skincare Model-0614,beauty,Skincare,183.23,4.0,1443,Maybelline,True
item_000615,HarperCollins Science Model-0615,books,Non-Fiction,14.92,4.2,1792,HarperCollins,True
item_000616,LG Headphones Model-0616,electronics,TVs,847.94,4.5,81,LG,True
item_000617,Mattel Puzzles Model-0617,toys,Action Figures,48.25,3.3,87,LEGO,True
item_000618,Cuisinart Garden Model-0618,home_garden,Lighting,753.97,4.3,735,Dyson,True
item_000619,Maybelline Fragrance Model-0619,beauty,Skincare,36.12,3.4,3,LOreal,True
item_000620,Puma Cycling Model-0620,sports,Swimming,46.64,2.9,2680,Under Armour,True
item_000621,Penguin Non-Fiction Model-0621,books,Fiction,43.25,4.1,649,Random House,True
item_000622,Zales Necklaces Model-0622,jewelry,Rings,860.73,3.0,73,Swarovski,True
item_000623,Fisher-Price Board Games Model-0623,toys,Board Games,117.95,2.9,0,Fisher-Price,True
item_000624,Nike Jeans Model-0624,clothing,Dresses,18.04,3.8,4769,Adidas,True
item_000625,Mattel Puzzles Model-0625,toys,Board Games,78.23,3.7,183,Hasbro,True
item_000626,Kelloggs Organic Model-0626,food,Supplements,16.63,4.8,1165,Kelloggs,True
item_000627,Levis Dresses Model-0627,clothing,Dresses,88.67,3.0,1745,H&M,True
item_000628,Nestle Supplements Model-0628,food,Supplements,5.31,4.0,1455,Nestle,True
item_000629,Random House Fiction Model-0629,books,History,32.5,3.2,71,HarperCollins,True
item_000630,Tiffany Earrings Model-0630,jewelry,Earrings,942.7,2.7,0,Swarovski,True
item_000631,Dyson Garden Model-0631,home_garden,Bedding,46.49,2.4,395,IKEA,True
item_000632,Tiffany Earrings Model-0632,jewelry,Earrings,4956.36,3.0,1558,Zales,False
item_000633,Penguin Fiction Model-0633,books,History,17.76,3.0,0,Penguin,True
item_000634,Bosch Smartphones Model-0634,electronics,Cameras,1594.13,2.5,1429,Samsung,True
item_000635,Cuisinart Bedding Model-0635,home_garden,Bedding,559.38,4.4,1560,Philips,True
item_000636,Swarovski Rings Model-0636,jewelry,Bracelets,3512.26,4.6,630,Tiffany,True
item_000637,Apple Headphones Model-0637,electronics,Headphones,636.21,1.6,1108,Sony,True
item_000638,Adidas Swimming Model-0638,sports,Cycling,414.73,3.3,1251,Nike,True
item_000639,Bosch Tools Model-0639,automotive,Accessories,166.53,3.5,10,Bosch,True
item_000640,LEGO Dolls Model-0640,toys,Board Games,84.66,3.6,1125,Mattel,True
item_000641,Bosch Car Care Model-0641,automotive,Electronics,105.69,4.5,13,Bosch,False
item_000642,Nestle Snacks Model-0642,food,Organic,4.86,4.5,1973,Nestle,True
item_000643,H&M Jeans Model-0643,clothing,Dresses,23.35,4.0,0,Zara,True
item_000644,Tiffany Rings Model-0644,jewelry,Rings,2390.68,4.0,2,Swarovski,True
item_000645,Sony Smartphones Model-0645,electronics,Cameras,763.9,3.4,0,Sony,True
item_000646,Philips Bedding Model-0646,home_garden,Lighting,105.37,2.4,484,IKEA,True
item_000647,Kelloggs Snacks Model-0647,food,Snacks,67.47,3.6,3148,Organic Valley,True
item_000648,Cuisinart Lighting Model-0648,home_garden,Kitchen,534.58,4.6,13,Dyson,True
item_000649,Random House Fiction Model-0649,books,Non-Fiction,50.3,3.3,0,Random House,True
item_000650,Levis Shoes Model-0650,clothing,Dresses,268.36,3.5,1335,Nike,True
item_000651,Kelloggs Beverages Model-0651,food,Beverages,32.16,4.3,843,Organic Valley,True
item_000652,Adidas Gym Model-0652,sports,Gym,333.65,3.5,0,Puma,True
item_000653,Philips Bedding Model-0653,home_garden,Bedding,773.44,3.6,106,Philips,True
item_000654,HarperCollins History Model-0654,books,Non-Fiction,52.18,4.4,3206,Penguin,True
item_000655,Puma Gym Model-0655,sports,Yoga,433.51,2.4,307,Adidas,True
item_000656,Dyson Bedding Model-0656,home_garden,Furniture,621.99,3.0,372,Dyson,True
item_000657,Random House History Model-0657,books,Science,25.65,5.0,0,HarperCollins,True
item_000658,Estee Lauder Makeup Model-0658,beauty,Haircare,137.95,4.3,461,Estee Lauder,True
item_000659,Nestle Snacks Model-0659,food,Snacks,59.01,4.4,745,Organic Valley,True
item_000660,Swarovski Earrings Model-0660,jewelry,Necklaces,1414.25,4.0,398,Swarovski,True
item_000661,Philips Lighting Model-0661,home_garden,Bedding,305.84,4.1,2496,Dyson,True
item_000662,3M Tools Model-0662,automotive,Car Care,306.71,3.4,2510,3M,True
item_000663,Nike Running Model-0663,sports,Yoga,96.34,5.0,3079,Adidas,True
item_000664,Organic Valley Organic Model-0664,food,Snacks,23.5,3.6,3869,Kelloggs,True
item_000665,Tiffany Earrings Model-0665,jewelry,Earrings,3671.2,4.5,4,Swarovski,True
item_000666,Zales Necklaces Model-0666,jewelry,Bracelets,751.2,3.5,1,Swarovski,True
item_000667,Dyson Garden Model-0667,home_garden,Lighting,182.36,3.3,459,Cuisinart,True
item_000668,Estee Lauder Fragrance Model-0668,beauty,Makeup,101.05,3.8,1533,Maybelline,True
item_000669,Swarovski Rings Model-0669,jewelry,Rings,4327.65,4.0,558,Zales,True
item_000670,Adidas Shoes Model-0670,clothing,Dresses,110.44,4.7,571,H&M,True
item_000671,Zales Bracelets Model-0671,jewelry,Earrings,4199.53,5.0,0,Pandora,True
item_000672,H&M T-Shirts Model-0672,clothing,Dresses,190.4,3.1,0,Nike,True
item_000673,Dyson Kitchen Model-0673,home_garden,Kitchen,302.35,4.3,3450,Dyson,True
item_000674,Maybelline Skincare Model-0674,beauty,Skincare,45.13,3.9,3906,Estee Lauder,True
item_000675,Samsung TVs Model-0675,electronics,Smartphones,202.18,2.6,15,Samsung,True
item_000676,Penguin Non-Fiction Model-0676,books,Non-Fiction,6.76,4.9,2438,HarperCollins,True
item_000677,3M Tools Model-0677,automotive,Electronics,312.12,3.5,2,Bosch,False
item_000678,Fisher-Price Dolls Model-0678,toys,Dolls,40.71,3.5,0,Fisher-Price,True
item_000679,Zales Earrings Model-0679,jewelry,Bracelets,4015.96,4.9,4926,Zales,True
item_000680,LEGO Board Games Model-0680,toys,Puzzles,89.53,3.8,2,LEGO,True
item_000681,Samsung Headphones Model-0681,electronics,Headphones,645.13,4.6,2656,Samsung,True
item_000682,Philips Furniture Model-0682,home_garden,Lighting,207.18,3.6,2550,Cuisinart,True
item_000683,Random House History Model-0683,books,Tech,20.94,4.2,4211,Random House,True
item_000684,Dyson Furniture Model-0684,home_garden,Furniture,677.37,3.7,9,IKEA,True
item_000685,LOreal Makeup Model-0685,beauty,Makeup,51.24,3.2,2668,Estee Lauder,False
item_000686,Pandora Rings Model-0686,jewelry,Bracelets,1913.21,4.2,413,Pandora,False
item_000687,LOreal Fragrance Model-0687,beauty,Haircare,166.64,4.3,27,Estee Lauder,True
item_000688,Mattel Board Games Model-0688,toys,Board Games,96.3,3.8,4197,Mattel,False
item_000689,Zales Necklaces Model-0689,jewelry,Bracelets,2931.79,2.4,282,Pandora,True
item_000690,Apple Cameras Model-0690,electronics,Smartphones,438.26,3.0,14,Samsung,True
item_000691,Bosch Headphones Model-0691,electronics,Headphones,646.79,3.4,24,Samsung,True
item_000692,Adidas Dresses Model-0692,clothing,Jackets,143.26,4.8,18,Nike,True
item_000693,Apple Laptops Model-0693,electronics,Headphones,1059.62,3.8,763,Bosch,True
item_000694,Random House Fiction Model-0694,books,Science,53.04,4.8,3431,Random House,True
item_000695,3M Tools Model-0695,automotive,Electronics,58.57,4.5,1300,Bosch,True
item_000696,Bosch Cameras Model-0696,electronics,Laptops,1504.89,3.5,347,Bosch,True
item_000697,Dyson Furniture Model-0697,home_garden,Kitchen,679.27,3.9,3022,IKEA,True
item_000698,LOreal Skincare Model-0698,beauty,Fragrance,194.66,4.4,2163,Estee Lauder,True
item_000699,Michelin Electronics Model-0699,automotive,Car Care,119.79,3.3,0,3M,True
item_000700,Zales Bracelets Model-0700,jewelry,Bracelets,4222.4,4.3,30,Zales,True
item_000701,IKEA Furniture Model-0701,home_garden,Furniture,488.7,4.2,0,Philips,True
item_000702,Levis Dresses Model-0702,clothing,Jeans,48.99,3.2,500,Adidas,True
item_000703,Dyson Bedding Model-0703,home_garden,Furniture,217.96,4.1,1188,Cuisinart,True
item_000704,Random House Science Model-0704,books,Fiction,31.5,3.7,1,HarperCollins,True
item_000705,Dyson Kitchen Model-0705,home_garden,Bedding,729.46,2.9,1211,Philips,True
item_000706,Under Armour Swimming Model-0706,sports,Yoga,118.85,3.4,8,Puma,False
item_000707,Adidas Cycling Model-0707,sports,Running,401.3,3.4,42,Nike,True
item_000708,Fisher-Price Dolls Model-0708,toys,Board Games,112.5,4.9,35,Fisher-Price,True
item_000709,Penguin Science Model-0709,books,History,25.47,3.0,319,HarperCollins,True
item_000710,Hasbro Action Figures Model-0710,toys,Dolls,125.05,3.3,2146,LEGO,True
item_000711,Bosch Car Care Model-0711,automotive,Tools,231.91,4.1,0,Castrol,True
item_000712,Penguin Non-Fiction Model-0712,books,Non-Fiction,42.27,3.8,3239,HarperCollins,True
item_000713,Penguin Science Model-0713,books,Non-Fiction,41.11,3.7,824,Penguin,True
item_000714,Penguin History Model-0714,books,Science,9.19,3.6,4785,Penguin,True
item_000715,Adidas Gym Model-0715,sports,Running,188.01,4.5,184,Puma,True
item_000716,Kelloggs Supplements Model-0716,food,Snacks,58.78,3.2,87,Kelloggs,True
item_000717,HarperCollins Fiction Model-0717,books,History,19.19,3.1,4387,HarperCollins,True
item_000718,Bosch TVs Model-0718,electronics,Laptops,1990.06,2.4,806,Bosch,True
item_000719,Swarovski Rings Model-0719,jewelry,Necklaces,3531.13,3.5,17,Zales,True
item_000720,Puma Cycling Model-0720,sports,Yoga,15.1,2.9,7,Adidas,True
item_000721,Fisher-Price Puzzles Model-0721,toys,Puzzles,23.75,3.6,171,LEGO,True
item_000722,Fisher-Price Action Figures Model-0722,toys,Board Games,47.81,2.6,5,Fisher-Price,False
item_000723,Michelin Electronics Model-0723,automotive,Electronics,176.05,3.6,153,Castrol,True
item_000724,Mattel Action Figures Model-0724,toys,Board Games,86.12,4.0,1,Hasbro,True
item_000725,Organic Valley Organic Model-0725,food,Supplements,49.93,3.8,122,Kelloggs,False
item_000726,3M Accessories Model-0726,automotive,Accessories,323.33,4.2,3221,Castrol,True
item_000727,Under Armour Cycling Model-0727,sports,Yoga,498.71,4.6,2984,Nike,True
item_000728,Cuisinart Bedding Model-0728,home_garden,Lighting,209.02,4.0,0,Dyson,False
item_000729,Bosch Tools Model-0729,automotive,Electronics,60.34,3.8,2088,Michelin,True
item_000730,Apple Cameras Model-0730,electronics,TVs,493.23,4.1,4395,Apple,True
item_000731,Organic Valley Snacks Model-0731,food,Organic,65.17,4.0,1570,Kelloggs,True
item_000732,Kelloggs Beverages Model-0732,food,Snacks,64.95,4.4,2007,Nestle,True
item_000733,Samsung Smartphones Model-0733,electronics,TVs,422.2,3.8,2633,Sony,False
item_000734,Kelloggs Snacks Model-0734,food,Snacks,51.67,3.0,2839,Nestle,True
item_000735,LOreal Makeup Model-0735,beauty,Makeup,103.01,4.5,0,Maybelline,True
item_000736,Tiffany Earrings Model-0736,jewelry,Earrings,68.82,2.6,4005,Zales,True
item_000737,Nestle Snacks Model-0737,food,Snacks,31.97,4.3,8,Nestle,True
item_000738,Maybelline Haircare Model-0738,beauty,Skincare,89.22,4.1,2681,Maybelline,True
item_000739,Mattel Dolls Model-0739,toys,Board Games,98.37,4.1,1159,LEGO,True
item_000740,Mattel Action Figures Model-0740,toys,Dolls,57.42,3.9,175,Hasbro,False
item_000741,Maybelline Fragrance Model-0741,beauty,Makeup,99.08,5.0,589,Maybelline,True
item_000742,Zara T-Shirts Model-0742,clothing,Dresses,51.89,3.3,3879,Levis,True
item_000743,Castrol Car Care Model-0743,automotive,Car Care,12.43,3.7,2270,Michelin,True
item_000744,LOreal Fragrance Model-0744,beauty,Makeup,162.11,4.7,600,Estee Lauder,True
item_000745,Dyson Lighting Model-0745,home_garden,Furniture,161.16,4.1,318,Philips,True
item_000746,Dyson Bedding Model-0746,home_garden,Furniture,771.56,4.1,700,Dyson,True
item_000747,Kelloggs Snacks Model-0747,food,Beverages,51.76,4.7,34,Nestle,True
item_000748,LG Laptops Model-0748,electronics,Cameras,512.77,4.8,978,LG,True
item_000749,Bosch Tools Model-0749,automotive,Car Care,179.4,4.3,1020,Castrol,True
item_000750,Organic Valley Snacks Model-0750,food,Organic,71.93,5.0,4505,Organic Valley,True
item_000751,Apple TVs Model-0751,electronics,Headphones,1529.02,4.1,2,Sony,True
item_000752,Adidas Swimming Model-0752,sports,Swimming,310.48,4.3,199,Nike,True
item_000753,LEGO Puzzles Model-0753,toys,Action Figures,34.52,4.5,0,Fisher-Price,True
item_000754,3M Electronics Model-0754,automotive,Tools,64.37,4.7,667,Michelin,True
item_000755,Maybelline Haircare Model-0755,beauty,Skincare,125.89,3.2,329,Maybelline,True
item_000756,Bosch Headphones Model-0756,electronics,Smartphones,896.03,2.9,1221,Sony,True
item_000757,Philips Furniture Model-0757,home_garden,Lighting,521.45,3.0,287,Cuisinart,True
item_000758,H&M Jackets Model-0758,clothing,Jeans,45.77,3.5,8,Adidas,True
item_000759,Philips Garden Model-0759,home_garden,Kitchen,434.26,4.5,236,Philips,True
item_000760,Dyson Bedding Model-0760,home_garden,Garden,232.73,5.0,3442,Philips,True
item_000761,H&M Dresses Model-0761,clothing,Jackets,292.35,3.6,4311,H&M,True
item_000762,LOreal Fragrance Model-0762,beauty,Skincare,68.93,3.7,3349,Estee Lauder,True
item_000763,Fisher-Price Puzzles Model-0763,toys,Action Figures,97.47,2.9,4537,Mattel,True
item_000764,Organic Valley Snacks Model-0764,food,Supplements,3.28,3.0,185,Organic Valley,False
item_000765,Adidas Dresses Model-0765,clothing,Shoes,258.18,3.5,3,H&M,True
item_000766,Swarovski Necklaces Model-0766,jewelry,Earrings,4566.33,3.3,1835,Zales,True
item_000767,Nestle Supplements Model-0767,food,Supplements,29.25,4.3,0,Kelloggs,True
item_000768,Sony Smartphones Model-0768,electronics,Laptops,1691.82,2.9,4761,Bosch,True
item_000769,Zales Bracelets Model-0769,jewelry,Earrings,3985.6,3.0,3597,Zales,True
item_000770,Puma Running Model-0770,sports,Running,207.72,4.0,837,Puma,True
item_000771,Puma Cycling Model-0771,sports,Gym,172.8,3.6,4890,Under Armour,True
item_000772,LOreal Fragrance Model-0772,beauty,Makeup,102.87,3.6,1,Estee Lauder,True
item_000773,LEGO Puzzles Model-0773,toys,Board Games,138.39,4.5,580,Mattel,True
item_000774,Fisher-Price Puzzles Model-0774,toys,Action Figures,37.89,3.6,3716,LEGO,True
item_000775,Bosch Accessories Model-0775,automotive,Accessories,296.19,3.8,259,3M,True
item_000776,Bosch Car Care Model-0776,automotive,Tools,373.65,3.5,0,Castrol,False
item_000777,Random House Fiction Model-0777,books,History,10.6,3.7,2743,Penguin,True
item_000778,Adidas Jackets Model-0778,clothing,T-Shirts,293.62,4.4,27,Zara,True
item_000779,Michelin Car Care Model-0779,automotive,Tools,383.01,3.5,1884,3M,True
item_000780,IKEA Kitchen Model-0780,home_garden,Garden,474.33,3.9,31,Cuisinart,True
item_000781,Bosch Tools Model-0781,automotive,Accessories,378.2,3.5,218,3M,True
item_000782,Swarovski Earrings Model-0782,jewelry,Necklaces,686.97,2.4,2056,Swarovski,True
item_000783,Zara Jeans Model-0783,clothing,Jeans,33.0,3.3,352,Zara,True
item_000784,Puma Yoga Model-0784,sports,Cycling,318.66,3.4,1904,Nike,True
item_000785,Swarovski Rings Model-0785,jewelry,Necklaces,106.16,3.8,399,Pandora,True
item_000786,Philips Garden Model-0786,home_garden,Kitchen,609.58,4.2,3331,Dyson,True
item_000787,Under Armour Running Model-0787,sports,Gym,418.62,3.7,1075,Adidas,True
item_000788,Michelin Tools Model-0788,automotive,Car Care,11.31,3.5,3984,Michelin,True
item_000789,Zara Jackets Model-0789,clothing,Shoes,130.22,4.0,37,Zara,True
item_000790,IKEA Furniture Model-0790,home_garden,Lighting,145.99,3.8,224,IKEA,True
item_000791,Nestle Supplements Model-0791,food,Beverages,13.53,2.9,407,Organic Valley,True
item_000792,Nike Running Model-0792,sports,Running,194.93,4.8,4307,Nike,True
item_000793,LEGO Dolls Model-0793,toys,Board Games,144.71,3.6,4095,LEGO,True
item_000794,Kelloggs Snacks Model-0794,food,Supplements,40.28,3.8,3228,Nestle,True
item_000795,Bosch Electronics Model-0795,automotive,Electronics,363.55,2.8,147,Michelin,True
item_000796,Maybelline Haircare Model-0796,beauty,Haircare,50.5,4.6,235,LOreal,True
item_000797,HarperCollins History Model-0797,books,Fiction,27.66,3.5,354,HarperCollins,True
item_000798,Kelloggs Organic Model-0798,food,Beverages,54.67,4.9,578,Organic Valley,False
item_000799,Adidas Running Model-0799,sports,Cycling,56.05,3.8,9,Nike,True
item_000800,Pandora Earrings Model-0800,jewelry,Necklaces,3267.01,4.2,970,Pandora,True
item_000801,Swarovski Necklaces Model-0801,jewelry,Rings,4675.56,3.5,120,Tiffany,True
item_000802,Adidas Gym Model-0802,sports,Yoga,140.6,2.9,122,Puma,True
item_000803,H&M Shoes Model-0803,clothing,T-Shirts,43.78,4.1,76,Zara,True
item_000804,Sony Smartphones Model-0804,electronics,Headphones,355.9,4.1,270,LG,True
item_000805,Castrol Electronics Model-0805,automotive,Accessories,150.02,2.3,909,Castrol,True
item_000806,Tiffany Earrings Model-0806,jewelry,Bracelets,842.35,2.9,752,Pandora,True
item_000807,Adidas Jackets Model-0807,clothing,Shoes,245.48,4.5,5,Nike,True
item_000808,Organic Valley Beverages Model-0808,food,Supplements,13.59,3.5,2010,Kelloggs,True
item_000809,Pandora Bracelets Model-0809,jewelry,Necklaces,1734.51,4.3,250,Swarovski,True
item_000810,Zara T-Shirts Model-0810,clothing,T-Shirts,18.8,5.0,491,Levis,False
item_000811,Adidas Jackets Model-0811,clothing,Jackets,162.85,4.1,0,Zara,True
item_000812,LEGO Board Games Model-0812,toys,Action Figures,21.76,3.8,1684,Hasbro,True
item_000813,Bosch Electronics Model-0813,automotive,Electronics,348.43,3.3,2661,Bosch,True
item_000814,Pandora Necklaces Model-0814,jewelry,Rings,4687.6,4.0,352,Tiffany,True
item_000815,Swarovski Bracelets Model-0815,jewelry,Earrings,3054.49,4.1,259,Zales,True
item_000816,Under Armour Gym Model-0816,sports,Swimming,365.63,3.8,17,Puma,True
item_000817,Levis Shoes Model-0817,clothing,Shoes,60.17,4.3,2935,Adidas,True
item_000818,Sony Laptops Model-0818,electronics,Cameras,504.5,3.0,139,Samsung,True
item_000819,Maybelline Skincare Model-0819,beauty,Skincare,69.59,3.8,31,Estee Lauder,True
item_000820,LG Cameras Model-0820,electronics,Headphones,491.38,3.8,438,LG,True
item_000821,LEGO Puzzles Model-0821,toys,Puzzles,64.31,3.4,275,Mattel,False
item_000822,Kelloggs Beverages Model-0822,food,Snacks,6.81,4.0,2177,Nestle,False
item_000823,Fisher-Price Dolls Model-0823,toys,Puzzles,128.45,2.9,1,Hasbro,True
item_000824,Nestle Organic Model-0824,food,Snacks,15.72,3.3,1782,Kelloggs,True
item_000825,Pandora Bracelets Model-0825,jewelry,Earrings,1029.66,5.0,2741,Zales,True
item_000826,Puma Swimming Model-0826,sports,Running,42.2,3.6,4010,Under Armour,True
item_000827,Fisher-Price Puzzles Model-0827,toys,Board Games,71.14,3.7,64,Hasbro,True
item_000828,LOreal Makeup Model-0828,beauty,Makeup,58.5,4.1,2073,LOreal,True
item_000829,Bosch Tools Model-0829,automotive,Tools,353.68,4.2,1077,Michelin,True
item_000830,Nestle Organic Model-0830,food,Snacks,10.35,3.2,543,Nestle,True
item_000831,Philips Furniture Model-0831,home_garden,Garden,535.39,4.9,2810,IKEA,True
item_000832,Tiffany Rings Model-0832,jewelry,Rings,2220.38,4.0,1363,Zales,True
item_000833,Nike Yoga Model-0833,sports,Gym,464.18,5.0,3330,Adidas,True
item_000834,Tiffany Rings Model-0834,jewelry,Rings,50.33,4.7,50,Zales,True
item_000835,Nestle Beverages Model-0835,food,Organic,50.59,3.4,472,Nestle,True
item_000836,Swarovski Earrings Model-0836,jewelry,Bracelets,3225.06,2.9,3380,Zales,True
item_000837,Random House History Model-0837,books,Science,46.02,2.8,3374,HarperCollins,True
item_000838,IKEA Bedding Model-0838,home_garden,Kitchen,107.57,2.3,387,Cuisinart,True
item_000839,Penguin Tech Model-0839,books,Non-Fiction,31.61,3.9,68,Penguin,True
item_000840,LG Headphones Model-0840,electronics,TVs,1901.81,3.4,1226,LG,True
item_000841,Castrol Tools Model-0841,automotive,Accessories,152.64,4.2,1479,Castrol,False
item_000842,Philips Lighting Model-0842,home_garden,Bedding,166.42,3.4,924,IKEA,True
item_000843,Philips Garden Model-0843,home_garden,Lighting,156.57,3.2,253,Cuisinart,True
item_000844,Maybelline Haircare Model-0844,beauty,Haircare,199.95,4.2,1517,LOreal,True
item_000845,Bosch Accessories Model-0845,automotive,Electronics,40.33,5.0,2077,Castrol,True
item_000846,Dyson Kitchen Model-0846,home_garden,Lighting,572.87,4.7,1984,Philips,False
item_000847,Bosch TVs Model-0847,electronics,Cameras,1381.59,4.2,129,LG,False
item_000848,LG Laptops Model-0848,electronics,TVs,1635.84,4.6,3280,Bosch,False
item_000849,Sony Headphones Model-0849,electronics,Cameras,1266.91,4.1,666,Bosch,True
item_000850,Organic Valley Snacks Model-0850,food,Organic,45.44,2.3,31,Kelloggs,False
item_000851,HarperCollins History Model-0851,books,Fiction,8.98,4.3,1504,Random House,True
item_000852,Kelloggs Snacks Model-0852,food,Supplements,51.47,4.1,420,Nestle,False
item_000853,LEGO Board Games Model-0853,toys,Board Games,13.04,4.4,1413,LEGO,True
item_000854,Hasbro Board Games Model-0854,toys,Board Games,35.54,3.4,30,Hasbro,True
item_000855,Levis Shoes Model-0855,clothing,Jackets,190.67,4.6,624,Nike,True
item_000856,Adidas T-Shirts Model-0856,clothing,Shoes,76.41,3.0,6,H&M,True
item_000857,Zales Bracelets Model-0857,jewelry,Rings,2900.37,3.9,694,Zales,True
item_000858,Zales Rings Model-0858,jewelry,Bracelets,882.38,3.8,1181,Zales,True
item_000859,Nike Cycling Model-0859,sports,Yoga,95.13,2.1,3211,Under Armour,True
item_000860,Sony Cameras Model-0860,electronics,Laptops,1867.16,3.4,3,Sony,False
item_000861,HarperCollins Fiction Model-0861,books,Non-Fiction,9.69,4.1,0,HarperCollins,True
item_000862,Zales Rings Model-0862,jewelry,Bracelets,3777.88,3.4,18,Zales,True
item_000863,Fisher-Price Board Games Model-0863,toys,Puzzles,144.84,4.8,3173,Hasbro,True
item_000864,Adidas Cycling Model-0864,sports,Cycling,264.6,3.9,582,Nike,True
item_000865,Michelin Car Care Model-0865,automotive,Accessories,127.09,3.6,13,Michelin,False
item_000866,Adidas T-Shirts Model-0866,clothing,Shoes,40.7,4.6,144,H&M,True
item_000867,Nestle Supplements Model-0867,food,Snacks,10.3,3.5,19,Kelloggs,True
item_000868,Castrol Electronics Model-0868,automotive,Car Care,363.98,3.0,2448,Michelin,True
item_000869,Swarovski Bracelets Model-0869,jewelry,Rings,4863.45,4.2,92,Swarovski,True
item_000870,Swarovski Necklaces Model-0870,jewelry,Rings,2962.38,2.9,5,Swarovski,True
item_000871,Mattel Board Games Model-0871,toys,Action Figures,52.88,3.5,1153,LEGO,True
item_000872,Random House History Model-0872,books,Fiction,59.7,3.8,4909,Random House,True
item_000873,Random House Non-Fiction Model-0873,books,History,31.79,3.6,784,HarperCollins,True
item_000874,LOreal Makeup Model-0874,beauty,Fragrance,88.43,5.0,3707,Estee Lauder,True
item_000875,Dyson Bedding Model-0875,home_garden,Garden,796.37,4.1,408,Dyson,True
item_000876,Fisher-Price Dolls Model-0876,toys,Board Games,11.94,3.7,62,Mattel,False
item_000877,Philips Kitchen Model-0877,home_garden,Bedding,544.96,3.4,0,Philips,True
item_000878,LG Smartphones Model-0878,electronics,Cameras,326.5,4.0,683,LG,True
item_000879,Puma Yoga Model-0879,sports,Swimming,265.65,2.5,6,Nike,True
item_000880,Mattel Action Figures Model-0880,toys,Board Games,19.31,4.6,3962,LEGO,True
item_000881,LEGO Board Games Model-0881,toys,Dolls,28.38,2.7,2,Mattel,True
item_000882,Philips Bedding Model-0882,home_garden,Furniture,486.78,4.0,157,IKEA,True
item_000883,Nike Cycling Model-0883,sports,Yoga,45.15,3.7,2937,Puma,True
item_000884,Tiffany Rings Model-0884,jewelry,Necklaces,3215.07,4.3,812,Swarovski,True
item_000885,HarperCollins Non-Fiction Model-0885,books,Non-Fiction,31.12,3.8,3959,Penguin,True
item_000886,Adidas Gym Model-0886,sports,Gym,362.79,4.1,4506,Nike,False
item_000887,Organic Valley Organic Model-0887,food,Supplements,75.64,5.0,0,Nestle,True
item_000888,LG Headphones Model-0888,electronics,Laptops,1905.38,4.4,0,Apple,True
item_000889,Under Armour Yoga Model-0889,sports,Cycling,425.4,3.6,879,Nike,True
item_000890,IKEA Bedding Model-0890,home_garden,Furniture,48.81,3.1,2435,Philips,True
item_000891,Sony Cameras Model-0891,electronics,Cameras,1886.47,3.7,308,Sony,True
item_000892,Fisher-Price Puzzles Model-0892,toys,Board Games,48.74,3.1,368,LEGO,True
item_000893,Organic Valley Organic Model-0893,food,Snacks,26.65,3.9,4858,Organic Valley,False
item_000894,LOreal Fragrance Model-0894,beauty,Haircare,100.92,3.9,45,Maybelline,True
item_000895,Zales Necklaces Model-0895,jewelry,Necklaces,497.35,2.8,630,Pandora,True
item_000896,Adidas Swimming Model-0896,sports,Running,430.21,3.9,323,Adidas,True
item_000897,Under Armour Running Model-0897,sports,Yoga,499.57,4.9,960,Puma,True
item_000898,Random House Non-Fiction Model-0898,books,Non-Fiction,28.49,3.8,1701,HarperCollins,True
item_000899,Fisher-Price Board Games Model-0899,toys,Dolls,61.31,3.5,3317,Mattel,True
item_000900,Nike Cycling Model-0900,sports,Yoga,495.27,4.3,0,Nike,True
item_000901,Bosch Electronics Model-0901,automotive,Accessories,385.09,3.7,155,Castrol,True
item_000902,Hasbro Action Figures Model-0902,toys,Action Figures,128.37,3.7,372,Hasbro,True
item_000903,Fisher-Price Puzzles Model-0903,toys,Dolls,47.09,4.6,544,LEGO,True
item_000904,Random House Tech Model-0904,books,History,28.58,3.2,2749,Penguin,True
item_000905,Under Armour Cycling Model-0905,sports,Running,274.02,4.4,0,Under Armour,True
item_000906,IKEA Garden Model-0906,home_garden,Furniture,438.78,2.8,432,Cuisinart,True
item_000907,3M Accessories Model-0907,automotive,Accessories,257.4,5.0,2136,Bosch,True
item_000908,Nestle Beverages Model-0908,food,Snacks,48.46,3.2,1831,Organic Valley,True
item_000909,Adidas Dresses Model-0909,clothing,Jackets,246.56,3.9,3870,Adidas,False
item_000910,Dyson Garden Model-0910,home_garden,Furniture,144.18,4.8,363,Cuisinart,True
item_000911,Random House Fiction Model-0911,books,History,35.89,2.8,1341,HarperCollins,True
item_000912,Bosch Smartphones Model-0912,electronics,Laptops,1054.3,3.4,27,Apple,True
item_000913,Nike T-Shirts Model-0913,clothing,T-Shirts,194.54,4.4,18,Nike,True
item_000914,Samsung Cameras Model-0914,electronics,Smartphones,1729.83,2.6,248,Apple,True
item_000915,Adidas Cycling Model-0915,sports,Cycling,338.6,4.1,2665,Nike,True
item_000916,Nike Dresses Model-0916,clothing,Dresses,49.55,4.0,1328,Levis,True
item_000917,Mattel Dolls Model-0917,toys,Action Figures,122.48,1.2,42,LEGO,True
item_000918,Under Armour Gym Model-0918,sports,Cycling,23.56,2.5,861,Nike,False
item_000919,Michelin Accessories Model-0919,automotive,Electronics,117.85,2.4,170,Bosch,True
item_000920,Nestle Snacks Model-0920,food,Snacks,11.95,2.3,0,Nestle,True
item_000921,Puma Gym Model-0921,sports,Cycling,217.39,4.0,0,Nike,True
item_000922,Maybelline Haircare Model-0922,beauty,Haircare,152.3,3.3,98,Estee Lauder,True
item_000923,Zales Earrings Model-0923,jewelry,Necklaces,4285.79,2.7,5,Tiffany,True
item_000924,Nestle Snacks Model-0924,food,Organic,34.02,4.5,521,Organic Valley,True
item_000925,Adidas Gym Model-0925,sports,Yoga,324.34,4.8,2413,Nike,True
item_000926,LEGO Dolls Model-0926,toys,Board Games,95.31,4.8,354,Hasbro,True
item_000927,Estee Lauder Fragrance Model-0927,beauty,Skincare,42.98,3.9,294,LOreal,True
item_000928,Nike T-Shirts Model-0928,clothing,Jeans,153.75,2.4,1534,Levis,True
item_000929,Adidas T-Shirts Model-0929,clothing,Jackets,131.63,2.7,2004,Levis,False
item_000930,LEGO Action Figures Model-0930,toys,Dolls,74.28,3.0,14,Mattel,True
item_000931,Zara Dresses Model-0931,clothing,Dresses,121.86,3.3,164,Adidas,True
item_000932,Puma Cycling Model-0932,sports,Swimming,447.97,4.7,37,Nike,True
item_000933,Maybelline Haircare Model-0933,beauty,Skincare,118.01,4.1,2246,LOreal,True
item_000934,Bosch Accessories Model-0934,automotive,Car Care,149.72,3.8,172,Bosch,True
item_000935,HarperCollins History Model-0935,books,Non-Fiction,45.03,3.9,234,HarperCollins,True
item_000936,Samsung Smartphones Model-0936,electronics,TVs,1712.86,4.4,2747,Sony,True
item_000937,Samsung Laptops Model-0937,electronics,Smartphones,1704.12,4.4,21,Samsung,True
item_000938,Kelloggs Supplements Model-0938,food,Supplements,45.19,3.8,398,Organic Valley,False
item_000939,Organic Valley Snacks Model-0939,food,Supplements,75.27,4.6,1406,Nestle,True
item_000940,Bosch Smartphones Model-0940,electronics,Smartphones,966.2,3.5,851,Samsung,True
item_000941,Zales Bracelets Model-0941,jewelry,Necklaces,896.31,4.3,792,Tiffany,True
item_000942,Estee Lauder Fragrance Model-0942,beauty,Skincare,188.04,4.6,4,Maybelline,True
item_000943,Nike Cycling Model-0943,sports,Running,335.35,4.4,0,Nike,True
item_000944,Maybelline Skincare Model-0944,beauty,Haircare,177.09,3.1,1354,LOreal,True
item_000945,Under Armour Gym Model-0945,sports,Cycling,149.34,3.6,277,Under Armour,True
item_000946,Cuisinart Lighting Model-0946,home_garden,Garden,178.77,2.5,21,Dyson,True
item_000947,Cuisinart Lighting Model-0947,home_garden,Kitchen,212.65,2.9,1819,IKEA,False
item_000948,LOreal Haircare Model-0948,beauty,Fragrance,57.46,3.6,2130,LOreal,True
item_000949,LOreal Fragrance Model-0949,beauty,Haircare,46.24,3.8,3940,LOreal,True
item_000950,Apple TVs Model-0950,electronics,Smartphones,1514.83,4.0,1425,LG,True
item_000951,LOreal Haircare Model-0951,beauty,Makeup,80.11,2.9,394,Estee Lauder,True
item_000952,HarperCollins History Model-0952,books,Non-Fiction,55.42,3.7,277,Penguin,True
item_000953,Swarovski Necklaces Model-0953,jewelry,Earrings,4309.48,4.5,0,Pandora,True
item_000954,Nestle Organic Model-0954,food,Organic,56.88,4.0,4164,Kelloggs,False
item_000955,IKEA Bedding Model-0955,home_garden,Garden,757.5,4.2,397,IKEA,True
item_000956,Penguin Tech Model-0956,books,Non-Fiction,50.06,3.8,1,Random House,True
item_000957,Cuisinart Furniture Model-0957,home_garden,Lighting,476.28,3.3,11,IKEA,True
item_000958,Tiffany Earrings Model-0958,jewelry,Rings,1178.39,3.1,0,Pandora,True
item_000959,Zales Bracelets Model-0959,jewelry,Necklaces,1677.9,3.6,11,Tiffany,True
item_000960,IKEA Bedding Model-0960,home_garden,Garden,312.38,4.3,0,Cuisinart,True
item_000961,Cuisinart Bedding Model-0961,home_garden,Furniture,491.85,3.2,2466,Philips,False
item_000962,HarperCollins History Model-0962,books,Non-Fiction,32.95,3.4,355,HarperCollins,True
item_000963,Samsung Smartphones Model-0963,electronics,Laptops,174.07,3.8,0,Bosch,False
item_000964,Under Armour Gym Model-0964,sports,Gym,275.13,5.0,54,Nike,True
item_000965,Nike Gym Model-0965,sports,Gym,243.65,4.0,936,Under Armour,True
item_000966,Puma Swimming Model-0966,sports,Gym,86.06,4.0,220,Under Armour,True
item_000967,HarperCollins Fiction Model-0967,books,Tech,15.08,3.5,171,Random House,True
item_000968,Under Armour Running Model-0968,sports,Running,153.86,5.0,1800,Puma,True
item_000969,Organic Valley Beverages Model-0969,food,Beverages,51.73,3.9,3615,Kelloggs,True
item_000970,Bosch Tools Model-0970,automotive,Car Care,363.31,4.5,3800,Castrol,True
item_000971,Apple Smartphones Model-0971,electronics,Smartphones,1489.13,5.0,60,Bosch,True
item_000972,Cuisinart Lighting Model-0972,home_garden,Bedding,47.89,3.1,4007,Cuisinart,True
item_000973,Estee Lauder Skincare Model-0973,beauty,Haircare,131.03,3.7,306,Maybelline,False
item_000974,Under Armour Running Model-0974,sports,Running,39.61,5.0,5,Under Armour,True
item_000975,IKEA Kitchen Model-0975,home_garden,Kitchen,143.23,3.9,134,Cuisinart,True
item_000976,Penguin Non-Fiction Model-0976,books,History,14.09,3.5,0,Random House,True
item_000977,LOreal Makeup Model-0977,beauty,Makeup,64.4,4.5,2010,Maybelline,True
item_000978,Tiffany Necklaces Model-0978,jewelry,Necklaces,773.24,3.6,449,Tiffany,True
item_000979,Kelloggs Organic Model-0979,food,Beverages,14.3,3.6,144,Kelloggs,True
item_000980,H&M Dresses Model-0980,clothing,Jackets,84.1,2.6,6,Zara,True
item_000981,Maybelline Fragrance Model-0981,beauty,Makeup,81.01,2.3,91,Maybelline,True
item_000982,Michelin Accessories Model-0982,automotive,Accessories,221.17,4.1,773,Michelin,False
item_000983,Pandora Rings Model-0983,jewelry,Necklaces,4656.44,3.4,127,Zales,True
item_000984,Under Armour Yoga Model-0984,sports,Yoga,181.22,4.2,867,Under Armour,True
item_000985,Pandora Rings Model-0985,jewelry,Rings,1131.08,4.0,2749,Pandora,True
item_000986,Dyson Furniture Model-0986,home_garden,Kitchen,97.18,3.8,953,Cuisinart,True
item_000987,Kelloggs Beverages Model-0987,food,Organic,75.76,2.1,2080,Organic Valley,True
item_000988,Nike Jeans Model-0988,clothing,Jackets,160.02,3.6,3234,Adidas,True
item_000989,Adidas Shoes Model-0989,clothing,Dresses,280.28,3.2,2148,Adidas,True
item_000990,Nike T-Shirts Model-0990,clothing,Shoes,92.2,3.2,303,Levis,True
item_000991,Castrol Car Care Model-0991,automotive,Car Care,148.94,2.6,925,Michelin,True
item_000992,IKEA Furniture Model-0992,home_garden,Lighting,746.94,2.8,4996,Cuisinart,True
item_000993,Bosch Accessories Model-0993,automotive,Tools,252.63,3.8,11,Castrol,True
item_000994,Dyson Lighting Model-0994,home_garden,Kitchen,317.2,5.0,0,Cuisinart,True
item_000995,Under Armour Cycling Model-0995,sports,Swimming,350.74,5.0,25,Adidas,True
item_000996,Under Armour Running Model-0996,sports,Cycling,451.86,3.2,1489,Adidas,True
item_000997,Pandora Bracelets Model-0997,jewelry,Necklaces,3312.74,4.4,142,Pandora,True
item_000998,Nestle Supplements Model-0998,food,Beverages,30.43,4.7,4842,Nestle,False
item_000999,Bosch Headphones Model-0999,electronics,Cameras,864.89,3.4,356,LG,False
item_001000,HarperCollins Fiction Model-1000,books,History,5.62,4.3,2311,Penguin,True
item_001001,Bosch TVs Model-1001,electronics,Smartphones,977.4,4.6,2963,Bosch,True
item_001002,Penguin History Model-1002,books,Non-Fiction,42.36,2.8,4056,Random House,True
item_001003,Swarovski Rings Model-1003,jewelry,Bracelets,2579.89,4.1,233,Tiffany,True
item_001004,Castrol Tools Model-1004,automotive,Accessories,30.71,3.1,1988,Michelin,True
item_001005,Fisher-Price Dolls Model-1005,toys,Dolls,72.7,4.1,0,LEGO,True
item_001006,Organic Valley Beverages Model-1006,food,Supplements,46.12,3.8,1402,Kelloggs,False
item_001007,Random House Fiction Model-1007,books,Non-Fiction,27.48,2.6,1888,Penguin,True
item_001008,Tiffany Bracelets Model-1008,jewelry,Earrings,4133.2,3.3,735,Pandora,True
item_001009,Maybelline Makeup Model-1009,beauty,Makeup,43.41,3.2,747,Estee Lauder,True
item_001010,Zales Rings Model-1010,jewelry,Necklaces,1544.27,4.6,509,Zales,True
item_001011,Random House Science Model-1011,books,Non-Fiction,26.8,3.7,2894,HarperCollins,True
item_001012,Castrol Electronics Model-1012,automotive,Electronics,373.65,3.2,535,Michelin,True
item_001013,Tiffany Rings Model-1013,jewelry,Necklaces,1907.79,4.2,1440,Pandora,True
item_001014,Bosch Tools Model-1014,automotive,Tools,17.69,3.6,65,Castrol,True
item_001015,Bosch Electronics Model-1015,automotive,Accessories,380.85,3.9,3279,Michelin,False
item_001016,Estee Lauder Makeup Model-1016,beauty,Skincare,127.15,3.7,94,Maybelline,True
item_001017,LOreal Skincare Model-1017,beauty,Makeup,14.9,5.0,175,Estee Lauder,True
item_001018,Nestle Supplements Model-1018,food,Supplements,5.96,3.9,1161,Nestle,True
item_001019,Castrol Car Care Model-1019,automotive,Tools,384.93,4.3,2449,3M,True
item_001020,Zara Jackets Model-1020,clothing,Jeans,192.52,4.6,205,Adidas,True
item_001021,Swarovski Earrings Model-1021,jewelry,Bracelets,2337.82,3.7,266,Tiffany,True
item_001022,LEGO Puzzles Model-1022,toys,Board Games,42.27,4.8,620,Hasbro,True
item_001023,H&M Dresses Model-1023,clothing,T-Shirts,135.67,4.4,825,Nike,True
item_001024,Puma Running Model-1024,sports,Yoga,403.6,2.4,7,Nike,True
item_001025,Mattel Action Figures Model-1025,toys,Board Games,19.97,3.3,481,LEGO,True
item_001026,Adidas Yoga Model-1026,sports,Cycling,229.54,3.8,3147,Adidas,True
item_001027,Kelloggs Supplements Model-1027,food,Supplements,59.72,3.8,3394,Organic Valley,False
item_001028,Puma Running Model-1028,sports,Running,450.2,3.4,408,Puma,True
item_001029,Adidas Shoes Model-1029,clothing,Shoes,256.42,4.1,1320,Zara,True
item_001030,Kelloggs Organic Model-1030,food,Organic,76.46,3.6,40,Organic Valley,True
item_001031,Penguin Tech Model-1031,books,Fiction,27.51,3.8,9,Penguin,True
item_001032,Nike Swimming Model-1032,sports,Running,265.67,3.5,1,Under Armour,True
item_001033,Penguin Non-Fiction Model-1033,books,Non-Fiction,34.25,3.6,1464,Random House,True
item_001034,Fisher-Price Board Games Model-1034,toys,Action Figures,12.94,3.1,0,Fisher-Price,True
item_001035,Puma Running Model-1035,sports,Yoga,334.86,4.0,4143,Nike,True
item_001036,LOreal Makeup Model-1036,beauty,Skincare,100.25,4.2,3969,Maybelline,True
item_001037,Pandora Rings Model-1037,jewelry,Necklaces,1766.53,2.9,0,Swarovski,True
item_001038,Maybelline Skincare Model-1038,beauty,Makeup,118.38,3.4,3950,LOreal,True
item_001039,HarperCollins Non-Fiction Model-1039,books,Fiction,56.7,3.8,140,Penguin,True
item_001040,3M Electronics Model-1040,automotive,Car Care,337.82,4.9,0,Castrol,True
item_001041,Random House Tech Model-1041,books,Science,47.86,3.1,403,HarperCollins,True
item_001042,Estee Lauder Fragrance Model-1042,beauty,Skincare,169.69,3.6,205,LOreal,True
item_001043,H&M T-Shirts Model-1043,clothing,Jeans,24.94,3.5,2,Levis,True
item_001044,Maybelline Makeup Model-1044,beauty,Skincare,197.08,4.0,2451,Maybelline,True
item_001045,Random House Fiction Model-1045,books,Science,16.54,3.1,140,Penguin,False
item_001046,Apple Smartphones Model-1046,electronics,Laptops,945.03,3.3,35,LG,True
item_001047,Organic Valley Snacks Model-1047,food,Beverages,66.47,5.0,236,Organic Valley,True
item_001048,Dyson Kitchen Model-1048,home_garden,Garden,750.84,2.4,875,Philips,True
item_001049,Random House Non-Fiction Model-1049,books,Fiction,46.13,3.7,719,Random House,True
item_001050,H&M Jeans Model-1050,clothing,T-Shirts,221.35,3.8,1312,Adidas,True
item_001051,Estee Lauder Fragrance Model-1051,beauty,Haircare,90.41,3.5,0,LOreal,True
item_001052,Penguin Science Model-1052,books,Fiction,27.48,4.6,18,HarperCollins,True
item_001053,Penguin Science Model-1053,books,Non-Fiction,9.53,3.9,3300,Penguin,True
item_001054,Nike Dresses Model-1054,clothing,T-Shirts,294.52,5.0,0,H&M,False
item_001055,Maybelline Makeup Model-1055,beauty,Skincare,9.84,2.6,8,Estee Lauder,True
item_001056,Adidas Dresses Model-1056,clothing,Dresses,114.21,4.1,2051,H&M,True
item_001057,Tiffany Bracelets Model-1057,jewelry,Earrings,1252.19,4.0,0,Zales,True
item_001058,Penguin Tech Model-1058,books,History,38.44,4.2,30,Random House,True
item_001059,Random House Non-Fiction Model-1059,books,Non-Fiction,46.41,4.5,3446,Penguin,True
item_001060,Kelloggs Snacks Model-1060,food,Organic,17.89,4.8,0,Kelloggs,False
item_001061,Estee Lauder Skincare Model-1061,beauty,Fragrance,16.7,5.0,0,LOreal,True
item_001062,Estee Lauder Skincare Model-1062,beauty,Makeup,28.55,2.9,542,Maybelline,False
item_001063,LOreal Haircare Model-1063,beauty,Makeup,172.9,4.1,66,Estee Lauder,True
item_001064,IKEA Furniture Model-1064,home_garden,Bedding,86.99,4.6,1131,IKEA,True
item_001065,Nike Jeans Model-1065,clothing,T-Shirts,201.57,3.7,140,H&M,True
item_001066,Pandora Bracelets Model-1066,jewelry,Rings,261.66,3.1,61,Swarovski,True
item_001067,Fisher-Price Puzzles Model-1067,toys,Dolls,130.14,3.2,2573,Fisher-Price,True
item_001068,Samsung TVs Model-1068,electronics,Headphones,1575.85,5.0,1601,Sony,True
item_001069,Dyson Garden Model-1069,home_garden,Lighting,199.79,3.3,4990,Philips,True
item_001070,Pandora Earrings Model-1070,jewelry,Bracelets,1512.78,4.0,1597,Zales,True
item_001071,Nestle Organic Model-1071,food,Organic,33.98,3.3,2917,Organic Valley,True
item_001072,Mattel Board Games Model-1072,toys,Board Games,29.45,3.8,4279,Mattel,True
item_001073,Zales Necklaces Model-1073,jewelry,Rings,4053.74,2.8,1386,Pandora,True
item_001074,Castrol Car Care Model-1074,automotive,Tools,284.3,2.8,47,3M,True
item_001075,Adidas Running Model-1075,sports,Yoga,83.36,4.2,128,Adidas,True
item_001076,Adidas Swimming Model-1076,sports,Running,64.6,2.0,327,Under Armour,True
item_001077,Nestle Snacks Model-1077,food,Snacks,7.26,4.8,473,Organic Valley,True
item_001078,Nestle Beverages Model-1078,food,Beverages,24.21,4.0,88,Kelloggs,True
item_001079,HarperCollins Tech Model-1079,books,Tech,38.86,2.9,2241,Random House,True
item_001080,Fisher-Price Board Games Model-1080,toys,Action Figures,34.97,4.0,13,Fisher-Price,True
item_001081,Random House Fiction Model-1081,books,Tech,47.58,3.5,95,Random House,True
item_001082,Michelin Car Care Model-1082,automotive,Electronics,104.3,3.1,4236,Michelin,True
item_001083,Pandora Earrings Model-1083,jewelry,Bracelets,3508.09,4.6,80,Tiffany,True
item_001084,Castrol Electronics Model-1084,automotive,Accessories,277.07,4.2,578,Castrol,True
item_001085,Estee Lauder Haircare Model-1085,beauty,Makeup,178.45,3.4,543,LOreal,False
item_001086,Nestle Organic Model-1086,food,Organic,39.1,3.2,0,Organic Valley,True
item_001087,Penguin Fiction Model-1087,books,Science,43.22,5.0,532,HarperCollins,True
item_001088,Bosch Electronics Model-1088,automotive,Accessories,96.07,4.1,29,3M,True
item_001089,Penguin Fiction Model-1089,books,Tech,30.79,3.8,0,HarperCollins,True
item_001090,Adidas Jackets Model-1090,clothing,Dresses,277.98,3.2,75,Zara,True
item_001091,Zara Jeans Model-1091,clothing,T-Shirts,290.45,3.2,196,Nike,True
item_001092,Organic Valley Snacks Model-1092,food,Supplements,17.08,5.0,2560,Kelloggs,True
item_001093,LG Laptops Model-1093,electronics,Cameras,293.76,4.3,571,Apple,True
item_001094,Bosch Headphones Model-1094,electronics,Cameras,967.63,3.8,309,Apple,True
item_001095,H&M Jeans Model-1095,clothing,Jeans,181.35,2.8,238,Zara,True
item_001096,Estee Lauder Haircare Model-1096,beauty,Haircare,139.87,3.4,2332,Maybelline,False
item_001097,Kelloggs Snacks Model-1097,food,Snacks,14.69,4.1,1,Nestle,True
item_001098,Maybelline Haircare Model-1098,beauty,Haircare,72.46,4.6,3626,LOreal,True
item_001099,Nike Cycling Model-1099,sports,Swimming,107.61,3.9,0,Adidas,True
item_001100,Random House History Model-1100,books,Fiction,31.15,4.6,589,HarperCollins,True
item_001101,Dyson Garden Model-1101,home_garden,Lighting,527.95,3.9,2,Dyson,True
item_001102,Philips Garden Model-1102,home_garden,Lighting,722.97,4.5,43,Dyson,True
item_001103,Random House Tech Model-1103,books,Fiction,10.33,3.6,4052,HarperCollins,True
item_001104,Hasbro Dolls Model-1104,toys,Action Figures,105.88,4.5,4879,LEGO,True
item_001105,3M Tools Model-1105,automotive,Accessories,309.99,3.5,3424,3M,True
item_001106,Maybelline Skincare Model-1106,beauty,Makeup,167.74,4.3,18,Maybelline,True
item_001107,Philips Furniture Model-1107,home_garden,Garden,448.85,3.9,385,Cuisinart,True
item_001108,Nike Yoga Model-1108,sports,Gym,407.44,2.3,2,Puma,True
item_001109,Dyson Garden Model-1109,home_garden,Furniture,460.08,3.3,802,Philips,True
item_001110,Hasbro Board Games Model-1110,toys,Board Games,51.27,2.7,320,LEGO,True
item_001111,Swarovski Necklaces Model-1111,jewelry,Necklaces,4835.19,5.0,4282,Swarovski,True
item_001112,Castrol Tools Model-1112,automotive,Tools,137.32,4.2,10,Bosch,True
item_001113,3M Accessories Model-1113,automotive,Car Care,120.42,3.4,56,Bosch,True
item_001114,Tiffany Rings Model-1114,jewelry,Earrings,1724.19,2.8,2368,Zales,True
item_001115,Adidas Gym Model-1115,sports,Cycling,107.47,3.9,1984,Nike,True
item_001116,Mattel Dolls Model-1116,toys,Action Figures,47.46,4.1,1136,Fisher-Price,True
item_001117,Random House Fiction Model-1117,books,Science,55.98,3.4,1139,Random House,True
item_001118,Pandora Necklaces Model-1118,jewelry,Earrings,4519.82,4.0,1309,Tiffany,True
item_001119,Dyson Bedding Model-1119,home_garden,Bedding,621.1,4.6,392,Dyson,True
item_001120,Puma Running Model-1120,sports,Running,129.43,3.2,1109,Nike,True
item_001121,Kelloggs Snacks Model-1121,food,Organic,48.19,3.4,997,Organic Valley,True
item_001122,Organic Valley Supplements Model-1122,food,Snacks,63.3,2.7,39,Kelloggs,True
item_001123,Nestle Snacks Model-1123,food,Snacks,41.33,4.7,1936,Organic Valley,True
item_001124,Adidas Shoes Model-1124,clothing,Jeans,247.94,2.0,190,Adidas,True
item_001125,Maybelline Haircare Model-1125,beauty,Skincare,199.88,3.5,1192,LOreal,True
item_001126,Penguin Fiction Model-1126,books,Fiction,17.12,5.0,160,Random House,True
item_001127,LEGO Dolls Model-1127,toys,Dolls,130.86,2.2,1849,Fisher-Price,True
item_001128,Nike Yoga Model-1128,sports,Swimming,492.21,4.0,1494,Puma,True
item_001129,Nike Cycling Model-1129,sports,Yoga,176.89,4.2,4964,Under Armour,True
item_001130,Cuisinart Lighting Model-1130,home_garden,Lighting,782.45,4.2,148,IKEA,True
item_001131,LOreal Haircare Model-1131,beauty,Skincare,75.91,4.4,1461,Maybelline,True
item_001132,Adidas Gym Model-1132,sports,Running,346.72,3.9,119,Nike,True
item_001133,Organic Valley Beverages Model-1133,food,Organic,29.62,3.9,31,Kelloggs,True
item_001134,IKEA Bedding Model-1134,home_garden,Kitchen,319.73,2.7,1046,Philips,True
item_001135,LOreal Makeup Model-1135,beauty,Fragrance,30.71,3.7,201,Estee Lauder,True
item_001136,Pandora Bracelets Model-1136,jewelry,Rings,3273.6,3.9,1213,Swarovski,True
item_001137,LOreal Makeup Model-1137,beauty,Fragrance,50.77,3.3,3942,Estee Lauder,True
item_001138,HarperCollins Non-Fiction Model-1138,books,Tech,57.31,3.2,2912,Penguin,False
item_001139,Nestle Supplements Model-1139,food,Snacks,17.04,4.2,0,Organic Valley,True
item_001140,Estee Lauder Skincare Model-1140,beauty,Fragrance,103.85,4.3,13,LOreal,True
item_001141,HarperCollins Science Model-1141,books,Fiction,15.34,3.2,842,HarperCollins,False
item_001142,3M Accessories Model-1142,automotive,Accessories,79.4,3.6,2209,Bosch,False
item_001143,Philips Bedding Model-1143,home_garden,Lighting,636.86,4.0,695,IKEA,True
item_001144,Under Armour Running Model-1144,sports,Running,171.13,3.3,1154,Puma,True
item_001145,Adidas Running Model-1145,sports,Swimming,93.99,3.8,4028,Puma,True
item_001146,Pandora Rings Model-1146,jewelry,Rings,3399.53,4.0,843,Tiffany,True
item_001147,LOreal Fragrance Model-1147,beauty,Haircare,153.85,5.0,2738,LOreal,True
item_001148,Sony Cameras Model-1148,electronics,Headphones,1510.5,3.6,0,Apple,True
item_001149,Dyson Furniture Model-1149,home_garden,Garden,121.71,2.6,0,IKEA,True
item_001150,Penguin Science Model-1150,books,History,54.54,2.7,1566,Penguin,True
item_001151,Michelin Accessories Model-1151,automotive,Car Care,396.94,3.3,0,3M,True
item_001152,HarperCollins Science Model-1152,books,Fiction,35.83,3.5,1671,Penguin,True
item_001153,Sony Headphones Model-1153,electronics,TVs,1795.03,4.6,742,Bosch,True
item_001154,Kelloggs Beverages Model-1154,food,Snacks,70.68,5.0,36,Nestle,True
item_001155,Tiffany Earrings Model-1155,jewelry,Bracelets,1545.9,3.7,3761,Pandora,True
item_001156,Pandora Necklaces Model-1156,jewelry,Rings,2829.12,4.2,201,Zales,True
item_001157,3M Accessories Model-1157,automotive,Electronics,54.49,4.8,3883,Castrol,True
item_001158,Hasbro Action Figures Model-1158,toys,Board Games,72.9,4.3,232,Fisher-Price,True
item_001159,Adidas Gym Model-1159,sports,Yoga,133.6,3.6,0,Nike,True
item_001160,HarperCollins Tech Model-1160,books,Tech,5.48,3.7,6,HarperCollins,True
item_001161,H&M Shoes Model-1161,clothing,Dresses,90.54,3.8,239,Zara,True
item_001162,H&M Jackets Model-1162,clothing,T-Shirts,113.73,4.8,18,Adidas,True
item_001163,Nike Yoga Model-1163,sports,Cycling,284.44,4.5,456,Nike,True
item_001164,Samsung Headphones Model-1164,electronics,Smartphones,1925.38,4.5,0,Bosch,True
item_001165,Levis Shoes Model-1165,clothing,T-Shirts,204.59,4.1,1675,H&M,True
item_001166,Tiffany Earrings Model-1166,jewelry,Earrings,4479.32,4.0,2686,Tiffany,True
item_001167,Cuisinart Kitchen Model-1167,home_garden,Furniture,734.66,3.7,114,Dyson,True
item_001168,Levis T-Shirts Model-1168,clothing,Jackets,199.45,3.0,0,Levis,True
item_001169,LEGO Puzzles Model-1169,toys,Dolls,30.26,4.3,50,Fisher-Price,True
item_001170,Michelin Tools Model-1170,automotive,Tools,75.5,3.4,393,Michelin,True
item_001171,Philips Kitchen Model-1171,home_garden,Lighting,706.81,4.4,2462,Cuisinart,True
item_001172,3M Accessories Model-1172,automotive,Tools,330.83,2.5,3790,Bosch,True
item_001173,Puma Swimming Model-1173,sports,Gym,354.94,3.1,2398,Under Armour,False
item_001174,Kelloggs Organic Model-1174,food,Beverages,63.54,4.5,600,Organic Valley,True
item_001175,LG TVs Model-1175,electronics,TVs,190.24,4.9,9,Bosch,True
item_001176,Organic Valley Organic Model-1176,food,Organic,21.37,4.4,2849,Organic Valley,True
item_001177,Random House Fiction Model-1177,books,Non-Fiction,54.16,3.2,75,Penguin,False
item_001178,Adidas Jeans Model-1178,clothing,Shoes,268.87,4.6,109,Nike,True
item_001179,Random House Non-Fiction Model-1179,books,Tech,32.58,3.2,710,Random House,True
item_001180,Nestle Beverages Model-1180,food,Supplements,4.37,4.6,3301,Organic Valley,True
item_001181,LG Smartphones Model-1181,electronics,Smartphones,1521.76,3.0,1941,Bosch,True
item_001182,LG Headphones Model-1182,electronics,Cameras,974.17,3.5,9,LG,True
item_001183,Penguin Tech Model-1183,books,History,15.54,2.1,159,Random House,True
item_001184,Cuisinart Garden Model-1184,home_garden,Kitchen,106.31,3.1,114,Philips,True
item_001185,Nestle Beverages Model-1185,food,Snacks,65.44,4.3,1591,Kelloggs,True
item_001186,Cuisinart Lighting Model-1186,home_garden,Furniture,359.62,5.0,3997,Philips,False
item_001187,Random House Non-Fiction Model-1187,books,Tech,54.96,4.6,0,Random House,True
item_001188,Pandora Rings Model-1188,jewelry,Rings,2875.4,4.4,3077,Pandora,True
item_001189,Under Armour Swimming Model-1189,sports,Gym,359.8,2.8,4660,Under Armour,True
item_001190,Nestle Snacks Model-1190,food,Organic,74.49,3.5,888,Nestle,True
item_001191,Dyson Bedding Model-1191,home_garden,Kitchen,455.77,5.0,0,Philips,False
item_001192,H&M Jackets Model-1192,clothing,Jeans,152.32,3.8,2352,Nike,True
item_001193,3M Car Care Model-1193,automotive,Tools,380.94,2.9,896,Castrol,True
item_001194,Pandora Necklaces Model-1194,jewelry,Bracelets,3565.4,3.5,369,Zales,True
item_001195,Castrol Tools Model-1195,automotive,Tools,38.11,2.3,102,Bosch,True
item_001196,Levis Dresses Model-1196,clothing,Dresses,88.75,4.4,319,Zara,True
item_001197,Under Armour Yoga Model-1197,sports,Cycling,436.55,2.4,41,Adidas,True
item_001198,H&M T-Shirts Model-1198,clothing,Shoes,246.67,2.8,4813,H&M,True
item_001199,LG Headphones Model-1199,electronics,Laptops,525.25,3.8,424,Bosch,True
item_001200,Cuisinart Kitchen Model-1200,home_garden,Bedding,129.93,2.9,3100,IKEA,True
item_001201,Kelloggs Beverages Model-1201,food,Snacks,56.83,3.9,2553,Kelloggs,True
item_001202,Hasbro Action Figures Model-1202,toys,Puzzles,121.54,4.4,179,Mattel,True
item_001203,Levis Shoes Model-1203,clothing,Jeans,117.14,3.4,1120,Levis,True
item_001204,Hasbro Puzzles Model-1204,toys,Dolls,48.04,4.8,3496,Hasbro,True
item_001205,Nike Yoga Model-1205,sports,Gym,401.35,4.3,2756,Adidas,True
item_001206,Swarovski Bracelets Model-1206,jewelry,Necklaces,4385.41,4.2,0,Tiffany,True
item_001207,3M Car Care Model-1207,automotive,Accessories,53.49,4.7,0,Bosch,True
item_001208,Under Armour Yoga Model-1208,sports,Yoga,201.03,3.9,525,Nike,True
item_001209,Kelloggs Beverages Model-1209,food,Supplements,79.11,3.6,667,Kelloggs,True
item_001210,Fisher-Price Action Figures Model-1210,toys,Dolls,35.64,4.1,4267,Mattel,True
item_001211,Nestle Snacks Model-1211,food,Supplements,10.15,3.0,28,Organic Valley,True
item_001212,Maybelline Skincare Model-1212,beauty,Makeup,88.34,4.5,984,Maybelline,True
item_001213,IKEA Garden Model-1213,home_garden,Bedding,549.5,4.5,2529,Dyson,True
item_001214,LG Cameras Model-1214,electronics,TVs,1979.52,3.6,2949,Bosch,True
item_001215,Fisher-Price Puzzles Model-1215,toys,Action Figures,106.09,3.4,1431,Mattel,True
item_001216,Under Armour Cycling Model-1216,sports,Cycling,418.98,4.0,491,Puma,True
item_001217,Cuisinart Lighting Model-1217,home_garden,Bedding,335.19,2.9,250,Dyson,True
item_001218,LEGO Board Games Model-1218,toys,Action Figures,127.19,3.5,216,Mattel,False
item_001219,Kelloggs Supplements Model-1219,food,Supplements,68.16,4.7,0,Organic Valley,False
item_001220,Nike Swimming Model-1220,sports,Yoga,180.82,3.1,0,Nike,True
item_001221,Swarovski Earrings Model-1221,jewelry,Rings,3751.81,4.8,4047,Pandora,True
item_001222,Maybelline Haircare Model-1222,beauty,Makeup,125.2,4.1,1269,LOreal,True
item_001223,Bosch Tools Model-1223,automotive,Electronics,66.07,4.2,197,Bosch,True
item_001224,Puma Cycling Model-1224,sports,Cycling,460.45,3.4,429,Adidas,True
item_001225,3M Accessories Model-1225,automotive,Car Care,68.88,3.2,2166,Castrol,True
item_001226,Random House History Model-1226,books,Non-Fiction,51.53,3.6,3441,Penguin,True
item_001227,Adidas Dresses Model-1227,clothing,T-Shirts,65.96,5.0,1,Levis,True
item_001228,LOreal Haircare Model-1228,beauty,Skincare,39.44,3.4,0,LOreal,True
item_001229,Pandora Bracelets Model-1229,jewelry,Bracelets,4746.62,2.2,957,Swarovski,True
item_001230,Michelin Tools Model-1230,automotive,Tools,187.36,3.9,0,Michelin,False
item_001231,Kelloggs Snacks Model-1231,food,Snacks,28.07,4.6,5,Organic Valley,True
item_001232,Zales Necklaces Model-1232,jewelry,Earrings,68.38,4.0,2352,Pandora,True
item_001233,Apple Laptops Model-1233,electronics,Smartphones,377.5,5.0,545,Sony,True
item_001234,Kelloggs Supplements Model-1234,food,Supplements,42.78,4.3,1,Organic Valley,True
item_001235,Zales Bracelets Model-1235,jewelry,Earrings,1779.65,4.0,1,Swarovski,True
item_001236,Nestle Beverages Model-1236,food,Snacks,5.56,3.6,58,Kelloggs,True
item_001237,Puma Cycling Model-1237,sports,Running,492.91,4.2,1213,Nike,True
item_001238,Kelloggs Beverages Model-1238,food,Organic,21.23,2.7,620,Organic Valley,True
item_001239,Zara Dresses Model-1239,clothing,T-Shirts,57.77,5.0,90,Zara,True
item_001240,Pandora Necklaces Model-1240,jewelry,Bracelets,3772.92,4.4,0,Pandora,True
item_001241,Philips Kitchen Model-1241,home_garden,Garden,71.39,4.4,1320,IKEA,False
item_001242,Castrol Accessories Model-1242,automotive,Accessories,131.76,3.8,1151,Castrol,True
item_001243,Sony TVs Model-1243,electronics,Cameras,739.9,4.8,97,Bosch,True
item_001244,Adidas Jackets Model-1244,clothing,T-Shirts,295.44,3.7,2,H&M,True
item_001245,Nike Running Model-1245,sports,Cycling,106.12,3.4,2423,Puma,True
item_001246,Nike Jackets Model-1246,clothing,Jeans,25.56,3.8,3769,Zara,True
item_001247,HarperCollins Tech Model-1247,books,Fiction,7.49,4.4,31,Random House,True
item_001248,Bosch Headphones Model-1248,electronics,Cameras,425.79,3.3,2357,Bosch,False
item_001249,Nike Yoga Model-1249,sports,Cycling,78.74,3.2,39,Under Armour,True
item_001250,Tiffany Earrings Model-1250,jewelry,Bracelets,1422.27,3.2,547,Pandora,True
item_001251,Organic Valley Beverages Model-1251,food,Beverages,15.1,3.5,357,Organic Valley,True
item_001252,3M Accessories Model-1252,automotive,Electronics,171.98,4.5,3190,Michelin,True
item_001253,Swarovski Necklaces Model-1253,jewelry,Earrings,1888.33,3.9,21,Tiffany,True
item_001254,LOreal Fragrance Model-1254,beauty,Fragrance,50.78,3.0,12,Estee Lauder,True
item_001255,HarperCollins Tech Model-1255,books,History,39.03,5.0,1252,Random House,True
item_001256,Fisher-Price Dolls Model-1256,toys,Dolls,107.67,2.9,2323,Fisher-Price,True
item_001257,Tiffany Bracelets Model-1257,jewelry,Rings,3658.62,3.5,685,Tiffany,True
item_001258,Zales Bracelets Model-1258,jewelry,Earrings,732.39,3.2,3,Zales,True
item_001259,Philips Lighting Model-1259,home_garden,Bedding,448.7,3.3,229,Cuisinart,True
item_001260,Bosch Car Care Model-1260,automotive,Car Care,138.62,3.8,3,Bosch,True
item_001261,Michelin Tools Model-1261,automotive,Electronics,369.98,3.7,963,Bosch,True
item_001262,Penguin Fiction Model-1262,books,Science,34.4,3.3,1584,HarperCollins,True
item_001263,Estee Lauder Fragrance Model-1263,beauty,Skincare,140.65,4.0,81,LOreal,True
item_001264,Hasbro Dolls Model-1264,toys,Board Games,143.38,4.1,5,Hasbro,True
item_001265,LG Cameras Model-1265,electronics,Smartphones,826.0,4.3,23,Apple,False
item_001266,Pandora Bracelets Model-1266,jewelry,Necklaces,4360.41,3.9,138,Pandora,True
item_001267,Bosch Accessories Model-1267,automotive,Electronics,284.17,4.1,2387,Castrol,True
item_001268,Swarovski Necklaces Model-1268,jewelry,Necklaces,709.67,4.2,59,Swarovski,True
item_001269,Cuisinart Garden Model-1269,home_garden,Garden,581.3,3.3,1422,IKEA,True
item_001270,Zales Necklaces Model-1270,jewelry,Rings,367.26,5.0,1389,Swarovski,True
item_001271,HarperCollins Non-Fiction Model-1271,books,Non-Fiction,11.25,5.0,1797,Penguin,False
item_001272,Kelloggs Snacks Model-1272,food,Beverages,79.86,4.4,63,Organic Valley,True
item_001273,Nestle Beverages Model-1273,food,Organic,72.76,3.6,99,Nestle,True
item_001274,Estee Lauder Fragrance Model-1274,beauty,Makeup,67.44,2.5,666,Maybelline,True
item_001275,Dyson Bedding Model-1275,home_garden,Bedding,124.18,2.6,2825,Dyson,True
item_001276,Zales Bracelets Model-1276,jewelry,Necklaces,2962.85,3.6,2431,Zales,True
item_001277,Fisher-Price Board Games Model-1277,toys,Board Games,79.25,5.0,116,LEGO,True
item_001278,Bosch Car Care Model-1278,automotive,Tools,331.42,3.7,955,Castrol,True
item_001279,LEGO Board Games Model-1279,toys,Action Figures,48.59,3.1,388,Fisher-Price,True
item_001280,Cuisinart Furniture Model-1280,home_garden,Kitchen,198.87,3.2,4636,Dyson,True
item_001281,Levis Jackets Model-1281,clothing,Dresses,109.56,5.0,0,Zara,True
item_001282,Zales Earrings Model-1282,jewelry,Rings,3447.68,3.6,747,Tiffany,True
item_001283,Michelin Electronics Model-1283,automotive,Tools,145.74,4.9,298,Castrol,True
item_001284,Adidas Jeans Model-1284,clothing,Jeans,261.44,3.1,3484,Adidas,True
item_001285,Bosch Smartphones Model-1285,electronics,Laptops,253.98,3.2,4056,Apple,False
item_001286,Under Armour Gym Model-1286,sports,Yoga,14.89,3.5,2469,Nike,True
item_001287,Dyson Lighting Model-1287,home_garden,Garden,455.0,4.2,7,Dyson,True
item_001288,Mattel Action Figures Model-1288,toys,Action Figures,24.77,4.3,0,LEGO,True
item_001289,3M Electronics Model-1289,automotive,Accessories,140.07,3.3,42,Bosch,True
item_001290,Sony Cameras Model-1290,electronics,Cameras,1861.3,3.4,1744,Bosch,True
item_001291,Philips Bedding Model-1291,home_garden,Lighting,593.88,2.8,4724,Cuisinart,True
item_001292,LG TVs Model-1292,electronics,Cameras,175.93,2.8,45,Sony,True
item_001293,Kelloggs Supplements Model-1293,food,Beverages,79.84,3.2,3,Kelloggs,True
item_001294,Nike Cycling Model-1294,sports,Yoga,277.77,4.8,463,Puma,True
item_001295,Kelloggs Beverages Model-1295,food,Supplements,32.38,3.1,2555,Organic Valley,True
item_001296,LG Laptops Model-1296,electronics,TVs,1311.19,3.9,658,Samsung,True
item_001297,Bosch Headphones Model-1297,electronics,Laptops,261.88,3.5,0,Bosch,True
item_001298,Cuisinart Lighting Model-1298,home_garden,Lighting,598.03,3.1,996,Dyson,False
item_001299,Adidas Running Model-1299,sports,Swimming,211.28,4.2,2573,Nike,False
item_001300,Philips Kitchen Model-1300,home_garden,Bedding,368.61,3.4,3665,Cuisinart,True
item_001301,Random House Tech Model-1301,books,Fiction,25.58,4.5,845,Random House,False
item_001302,Samsung Cameras Model-1302,electronics,Smartphones,67.54,4.5,3716,Sony,True
item_001303,LEGO Puzzles Model-1303,toys,Action Figures,8.31,3.4,0,LEGO,True
item_001304,Tiffany Rings Model-1304,jewelry,Rings,3129.41,4.3,0,Zales,True
item_001305,Puma Gym Model-1305,sports,Cycling,59.88,4.3,2269,Puma,True
item_001306,Penguin Science Model-1306,books,Tech,18.45,3.6,3926,Random House,True
item_001307,Maybelline Skincare Model-1307,beauty,Haircare,169.31,3.5,3567,Estee Lauder,True
item_001308,Zales Earrings Model-1308,jewelry,Necklaces,1273.85,4.0,15,Zales,False
item_001309,Random House Science Model-1309,books,Tech,37.35,5.0,1,Random House,True
item_001310,Estee Lauder Fragrance Model-1310,beauty,Haircare,88.57,4.6,76,Maybelline,True
item_001311,Michelin Electronics Model-1311,automotive,Accessories,157.68,3.8,1578,Bosch,True
item_001312,Samsung Laptops Model-1312,electronics,Headphones,1340.2,2.5,1026,Bosch,True
item_001313,Puma Yoga Model-1313,sports,Yoga,158.45,3.8,4,Puma,True
item_001314,Philips Kitchen Model-1314,home_garden,Lighting,447.37,2.5,254,IKEA,True
item_001315,3M Tools Model-1315,automotive,Car Care,131.68,2.7,0,Bosch,True
item_001316,HarperCollins Non-Fiction Model-1316,books,Fiction,5.64,3.2,856,Penguin,True
item_001317,Pandora Earrings Model-1317,jewelry,Necklaces,3357.82,3.9,4113,Pandora,True
item_001318,3M Accessories Model-1318,automotive,Tools,111.97,3.3,2,Castrol,True
item_001319,Zales Earrings Model-1319,jewelry,Rings,3776.59,4.7,1817,Pandora,True
item_001320,IKEA Kitchen Model-1320,home_garden,Furniture,375.57,3.8,239,IKEA,True
item_001321,HarperCollins History Model-1321,books,History,38.63,3.3,1696,HarperCollins,True
item_001322,Penguin Non-Fiction Model-1322,books,Non-Fiction,55.6,4.3,222,Random House,False
item_001323,Under Armour Swimming Model-1323,sports,Cycling,43.52,3.3,2224,Puma,True
item_001324,Maybelline Haircare Model-1324,beauty,Fragrance,164.24,3.9,3823,Estee Lauder,False
item_001325,H&M T-Shirts Model-1325,clothing,Dresses,188.68,2.1,170,Zara,True
item_001326,Nike Swimming Model-1326,sports,Gym,199.22,3.3,54,Nike,True
item_001327,Levis Jeans Model-1327,clothing,T-Shirts,275.19,4.6,295,Adidas,True
item_001328,Bosch Electronics Model-1328,automotive,Electronics,325.11,4.1,243,Michelin,True
item_001329,Zara Shoes Model-1329,clothing,T-Shirts,13.24,4.0,1294,Nike,False
item_001330,HarperCollins Fiction Model-1330,books,History,56.7,4.2,408,Random House,True
item_001331,LOreal Fragrance Model-1331,beauty,Haircare,199.19,4.7,0,LOreal,True
item_001332,Mattel Action Figures Model-1332,toys,Action Figures,55.79,3.8,2,Mattel,False
item_001333,LOreal Makeup Model-1333,beauty,Makeup,198.61,3.4,2642,LOreal,True
item_001334,Random House Tech Model-1334,books,Tech,9.15,4.3,104,HarperCollins,False
item_001335,Mattel Dolls Model-1335,toys,Board Games,103.24,3.6,2761,Hasbro,True
item_001336,Estee Lauder Haircare Model-1336,beauty,Fragrance,63.51,3.4,1283,Estee Lauder,True
item_001337,Adidas Jeans Model-1337,clothing,Shoes,111.99,3.6,0,Levis,True
item_001338,Philips Garden Model-1338,home_garden,Lighting,161.82,4.1,2,Dyson,True
item_001339,Levis Shoes Model-1339,clothing,T-Shirts,125.22,2.5,0,Zara,True
item_001340,Kelloggs Supplements Model-1340,food,Beverages,60.53,4.1,6,Organic Valley,True
item_001341,Puma Cycling Model-1341,sports,Yoga,25.7,3.0,993,Adidas,True
item_001342,Zales Earrings Model-1342,jewelry,Rings,964.97,3.3,684,Tiffany,True
item_001343,Hasbro Dolls Model-1343,toys,Dolls,101.06,2.9,2,Hasbro,True
item_001344,LEGO Dolls Model-1344,toys,Board Games,95.48,4.3,35,Mattel,False
item_001345,Organic Valley Beverages Model-1345,food,Supplements,12.54,4.0,1145,Kelloggs,True
item_001346,Kelloggs Supplements Model-1346,food,Organic,7.25,3.0,0,Organic Valley,True
item_001347,Swarovski Necklaces Model-1347,jewelry,Necklaces,1999.46,4.4,220,Swarovski,True
item_001348,LEGO Action Figures Model-1348,toys,Puzzles,141.73,2.7,1164,Fisher-Price,True
item_001349,Zales Bracelets Model-1349,jewelry,Rings,2885.41,3.5,129,Tiffany,True
item_001350,Estee Lauder Fragrance Model-1350,beauty,Skincare,56.37,2.8,139,Estee Lauder,True
item_001351,Kelloggs Organic Model-1351,food,Snacks,73.62,3.7,2487,Kelloggs,True
item_001352,HarperCollins Science Model-1352,books,Fiction,22.91,3.4,10,Penguin,False
item_001353,Random House Non-Fiction Model-1353,books,Non-Fiction,12.42,2.9,3269,HarperCollins,True
item_001354,Nestle Snacks Model-1354,food,Organic,63.27,3.8,5,Nestle,True
item_001355,Mattel Puzzles Model-1355,toys,Board Games,26.38,3.1,68,Fisher-Price,True
item_001356,LEGO Dolls Model-1356,toys,Puzzles,89.33,2.3,762,Hasbro,True
item_001357,Tiffany Earrings Model-1357,jewelry,Necklaces,847.21,2.7,3,Pandora,True
item_001358,Apple TVs Model-1358,electronics,TVs,1723.61,3.5,7,Sony,True
item_001359,Fisher-Price Board Games Model-1359,toys,Action Figures,96.78,3.6,0,Fisher-Price,True
item_001360,Apple Cameras Model-1360,electronics,Laptops,503.49,3.2,953,LG,True
item_001361,Bosch Cameras Model-1361,electronics,Cameras,335.92,4.8,1380,Bosch,True
item_001362,Nestle Beverages Model-1362,food,Beverages,74.2,4.0,1618,Kelloggs,True
item_001363,Bosch Cameras Model-1363,electronics,Headphones,938.68,4.1,788,Samsung,True
item_001364,Nike Cycling Model-1364,sports,Cycling,387.25,3.1,1,Under Armour,True
item_001365,Bosch Electronics Model-1365,automotive,Tools,373.3,3.1,726,Michelin,True
item_001366,Bosch Tools Model-1366,automotive,Electronics,199.28,3.9,54,Bosch,True
item_001367,Kelloggs Beverages Model-1367,food,Supplements,43.81,3.6,89,Organic Valley,True
item_001368,Cuisinart Lighting Model-1368,home_garden,Lighting,384.28,4.0,355,Philips,True
item_001369,Estee Lauder Skincare Model-1369,beauty,Haircare,9.88,3.6,747,Maybelline,True
item_001370,Apple Headphones Model-1370,electronics,Smartphones,1664.39,4.3,3539,Bosch,True
item_001371,IKEA Bedding Model-1371,home_garden,Garden,361.34,3.8,3414,Philips,True
item_001372,Puma Swimming Model-1372,sports,Gym,353.86,3.7,797,Nike,True
item_001373,Dyson Lighting Model-1373,home_garden,Garden,285.74,4.1,174,Dyson,True
item_001374,Bosch Electronics Model-1374,automotive,Car Care,336.47,4.9,0,Bosch,True
item_001375,Random House Fiction Model-1375,books,Tech,19.74,4.2,2124,Penguin,True
item_001376,Zales Bracelets Model-1376,jewelry,Earrings,4932.97,2.9,8,Swarovski,True
item_001377,Organic Valley Beverages Model-1377,food,Organic,42.1,3.6,1265,Kelloggs,True
item_001378,Pandora Bracelets Model-1378,jewelry,Bracelets,3175.14,3.7,10,Pandora,True
item_001379,Penguin Fiction Model-1379,books,Fiction,38.67,4.0,82,Random House,True
item_001380,Mattel Dolls Model-1380,toys,Puzzles,102.63,3.5,2919,Hasbro,True
item_001381,Maybelline Fragrance Model-1381,beauty,Makeup,106.1,3.8,478,Estee Lauder,True
item_001382,Random House Non-Fiction Model-1382,books,Non-Fiction,29.56,3.8,1,HarperCollins,False
item_001383,Zales Bracelets Model-1383,jewelry,Bracelets,2438.9,4.0,53,Pandora,True
item_001384,Adidas Yoga Model-1384,sports,Yoga,163.46,2.9,739,Nike,True
item_001385,Nestle Beverages Model-1385,food,Beverages,35.73,3.0,0,Nestle,True
item_001386,Puma Gym Model-1386,sports,Cycling,337.09,2.2,1198,Adidas,True
item_001387,Zara Dresses Model-1387,clothing,Shoes,30.67,5.0,3619,Nike,True
item_001388,Pandora Necklaces Model-1388,jewelry,Necklaces,2692.07,2.4,13,Zales,True
item_001389,IKEA Lighting Model-1389,home_garden,Garden,587.84,3.8,16,Philips,True
item_001390,Random House History Model-1390,books,Science,42.36,4.2,1917,Penguin,True
item_001391,Bosch Tools Model-1391,automotive,Car Care,80.64,3.1,150,3M,True
item_001392,Penguin Tech Model-1392,books,Fiction,36.32,4.6,536,HarperCollins,True
item_001393,Adidas Running Model-1393,sports,Running,279.19,3.8,851,Under Armour,True
item_001394,Estee Lauder Fragrance Model-1394,beauty,Makeup,7.34,4.9,69,Estee Lauder,True
item_001395,Mattel Dolls Model-1395,toys,Board Games,76.54,3.2,3400,Hasbro,True
item_001396,H&M Dresses Model-1396,clothing,Jackets,98.93,3.7,0,Zara,True
item_001397,Random House Science Model-1397,books,Science,20.85,3.4,38,Penguin,True
item_001398,Cuisinart Furniture Model-1398,home_garden,Bedding,271.85,3.3,59,IKEA,True
item_001399,Nike Yoga Model-1399,sports,Yoga,485.61,3.4,5,Under Armour,True
item_001400,H&M Shoes Model-1400,clothing,Jeans,193.52,3.6,3981,Levis,True
item_001401,Random House Non-Fiction Model-1401,books,Non-Fiction,44.74,3.5,46,HarperCollins,True
item_001402,Fisher-Price Action Figures Model-1402,toys,Puzzles,46.65,4.3,3968,LEGO,True
item_001403,Dyson Bedding Model-1403,home_garden,Garden,205.91,4.3,2,Cuisinart,True
item_001404,Fisher-Price Puzzles Model-1404,toys,Action Figures,141.53,2.7,2755,LEGO,True
item_001405,Puma Cycling Model-1405,sports,Cycling,297.06,3.4,793,Under Armour,True
item_001406,Zales Rings Model-1406,jewelry,Bracelets,4804.57,4.0,2603,Swarovski,True
item_001407,Bosch TVs Model-1407,electronics,Cameras,796.1,4.0,3899,Samsung,True
item_001408,Maybelline Makeup Model-1408,beauty,Makeup,138.82,3.6,41,Maybelline,True
item_001409,Samsung Headphones Model-1409,electronics,Headphones,1657.27,3.8,3256,Apple,True
item_001410,Cuisinart Furniture Model-1410,home_garden,Furniture,723.38,3.5,9,Philips,True
item_001411,HarperCollins Fiction Model-1411,books,Tech,27.12,4.4,178,Penguin,True
item_001412,LG TVs Model-1412,electronics,Smartphones,946.37,4.3,0,Bosch,True
item_001413,Penguin Fiction Model-1413,books,History,32.85,3.6,0,HarperCollins,True
item_001414,Kelloggs Snacks Model-1414,food,Beverages,2.88,3.7,248,Organic Valley,True
item_001415,Cuisinart Lighting Model-1415,home_garden,Garden,113.44,3.6,14,Cuisinart,True
item_001416,Dyson Bedding Model-1416,home_garden,Furniture,444.49,3.7,50,IKEA,False
item_001417,Maybelline Fragrance Model-1417,beauty,Haircare,94.17,4.5,66,Maybelline,True
item_001418,Organic Valley Snacks Model-1418,food,Organic,54.58,3.5,858,Organic Valley,True
item_001419,Kelloggs Beverages Model-1419,food,Beverages,41.73,3.4,666,Nestle,True
item_001420,Nestle Organic Model-1420,food,Supplements,7.44,3.7,41,Kelloggs,True
item_001421,Nestle Supplements Model-1421,food,Organic,7.67,5.0,2110,Nestle,True
item_001422,LEGO Puzzles Model-1422,toys,Action Figures,29.49,3.6,4188,Hasbro,True
item_001423,Dyson Kitchen Model-1423,home_garden,Lighting,38.17,3.3,111,Dyson,True
item_001424,Pandora Rings Model-1424,jewelry,Necklaces,3816.77,4.2,9,Zales,True
item_001425,Bosch Cameras Model-1425,electronics,Cameras,1821.13,4.3,446,Bosch,True
item_001426,Fisher-Price Dolls Model-1426,toys,Puzzles,17.59,3.9,632,Fisher-Price,True
item_001427,Kelloggs Supplements Model-1427,food,Snacks,20.9,3.3,2291,Organic Valley,True
item_001428,HarperCollins Science Model-1428,books,Tech,57.54,4.4,785,Penguin,True
item_001429,3M Electronics Model-1429,automotive,Accessories,329.31,3.0,168,Michelin,True
item_001430,Bosch Laptops Model-1430,electronics,Laptops,1660.61,2.1,660,Sony,True
item_001431,Puma Cycling Model-1431,sports,Running,181.72,3.6,1664,Nike,False
item_001432,3M Electronics Model-1432,automotive,Car Care,103.93,5.0,3313,3M,True
item_001433,Bosch Tools Model-1433,automotive,Electronics,25.21,3.9,2973,3M,True
item_001434,Maybelline Fragrance Model-1434,beauty,Fragrance,90.08,3.5,395,Estee Lauder,True
item_001435,Nike Yoga Model-1435,sports,Running,289.81,4.1,10,Adidas,True
item_001436,Michelin Tools Model-1436,automotive,Electronics,181.88,4.1,1235,Michelin,True
item_001437,Organic Valley Beverages Model-1437,food,Beverages,38.21,5.0,125,Nestle,True
item_001438,Swarovski Earrings Model-1438,jewelry,Bracelets,2327.29,4.6,4674,Tiffany,True
item_001439,Zales Necklaces Model-1439,jewelry,Necklaces,2383.15,3.2,609,Pandora,True
item_001440,LOreal Fragrance Model-1440,beauty,Skincare,198.38,4.1,954,Maybelline,True
item_001441,Mattel Action Figures Model-1441,toys,Action Figures,74.42,3.7,775,Hasbro,True
item_001442,Kelloggs Snacks Model-1442,food,Beverages,27.52,3.8,4036,Kelloggs,True
item_001443,H&M Jackets Model-1443,clothing,Dresses,105.56,3.7,1650,Levis,True
item_001444,Maybelline Makeup Model-1444,beauty,Fragrance,31.04,3.7,1874,Maybelline,True
item_001445,Kelloggs Beverages Model-1445,food,Supplements,51.14,2.7,0,Organic Valley,True
item_001446,Random House Fiction Model-1446,books,Fiction,20.53,3.5,572,Random House,True
item_001447,Swarovski Necklaces Model-1447,jewelry,Bracelets,3059.61,3.7,130,Swarovski,True
item_001448,Zales Bracelets Model-1448,jewelry,Earrings,61.45,4.0,219,Zales,True
item_001449,H&M Dresses Model-1449,clothing,Dresses,162.57,3.8,2298,H&M,True
item_001450,Zara T-Shirts Model-1450,clothing,Jeans,103.95,3.8,4890,Zara,True
item_001451,Bosch Car Care Model-1451,automotive,Electronics,165.96,4.2,1496,Bosch,True
item_001452,Kelloggs Beverages Model-1452,food,Snacks,16.65,4.7,3,Kelloggs,True
item_001453,Michelin Tools Model-1453,automotive,Car Care,367.66,3.6,513,Castrol,False
item_001454,Swarovski Bracelets Model-1454,jewelry,Necklaces,3897.1,3.2,1542,Swarovski,True
item_001455,Nike Jackets Model-1455,clothing,Jackets,220.35,4.4,3212,H&M,True
item_001456,Nestle Snacks Model-1456,food,Snacks,65.25,4.1,375,Nestle,True
item_001457,Pandora Bracelets Model-1457,jewelry,Earrings,474.84,3.6,272,Pandora,True
item_001458,Nestle Snacks Model-1458,food,Organic,17.53,2.3,1919,Kelloggs,True
item_001459,Sony Headphones Model-1459,electronics,Laptops,694.15,4.4,2475,LG,True
item_001460,Nestle Beverages Model-1460,food,Snacks,6.1,3.2,834,Organic Valley,True
item_001461,Estee Lauder Haircare Model-1461,beauty,Skincare,132.27,3.6,3460,LOreal,True
item_001462,Organic Valley Snacks Model-1462,food,Snacks,52.89,3.5,0,Nestle,True
item_001463,Adidas Gym Model-1463,sports,Gym,184.09,4.5,1125,Under Armour,True
item_001464,Dyson Garden Model-1464,home_garden,Lighting,149.33,4.0,3816,Dyson,True
item_001465,Adidas Dresses Model-1465,clothing,Jeans,240.65,3.0,2042,Adidas,True
item_001466,Dyson Furniture Model-1466,home_garden,Kitchen,328.92,5.0,1981,IKEA,True
item_001467,HarperCollins History Model-1467,books,Tech,5.81,4.1,1981,HarperCollins,True
item_001468,Organic Valley Organic Model-1468,food,Organic,40.73,3.3,2807,Organic Valley,True
item_001469,Bosch Headphones Model-1469,electronics,Smartphones,285.98,4.7,4945,Sony,True
item_001470,Organic Valley Snacks Model-1470,food,Supplements,34.7,3.8,310,Kelloggs,True
item_001471,Under Armour Gym Model-1471,sports,Gym,152.22,3.7,5,Adidas,True
item_001472,Estee Lauder Fragrance Model-1472,beauty,Haircare,47.73,3.7,4,LOreal,True
item_001473,Levis T-Shirts Model-1473,clothing,Jeans,67.36,3.8,1441,H&M,True
item_001474,Cuisinart Kitchen Model-1474,home_garden,Bedding,568.83,3.7,0,Philips,True
item_001475,Apple Smartphones Model-1475,electronics,Laptops,524.49,3.7,776,Apple,True
item_001476,H&M Jeans Model-1476,clothing,Shoes,171.35,3.4,4435,Zara,False
item_001477,Estee Lauder Fragrance Model-1477,beauty,Makeup,85.44,3.3,0,LOreal,True
item_001478,IKEA Kitchen Model-1478,home_garden,Garden,534.76,3.9,2169,Dyson,True
item_001479,Samsung Cameras Model-1479,electronics,Laptops,413.77,3.3,47,Samsung,True
item_001480,Swarovski Bracelets Model-1480,jewelry,Necklaces,3190.39,4.0,45,Zales,True
item_001481,Random House Science Model-1481,books,Fiction,5.89,4.6,3155,Random House,True
item_001482,Nike T-Shirts Model-1482,clothing,Jeans,174.88,3.8,1162,Levis,True
item_001483,Nike Yoga Model-1483,sports,Yoga,212.3,3.9,887,Puma,True
item_001484,Michelin Electronics Model-1484,automotive,Accessories,360.04,4.5,1452,Michelin,True
item_001485,Bosch Electronics Model-1485,automotive,Car Care,92.25,3.6,4671,Bosch,True
item_001486,Swarovski Earrings Model-1486,jewelry,Earrings,885.06,3.4,475,Swarovski,True
item_001487,Michelin Tools Model-1487,automotive,Tools,59.84,2.1,2940,3M,True
item_001488,IKEA Furniture Model-1488,home_garden,Furniture,242.12,3.8,1162,Dyson,True
item_001489,LEGO Board Games Model-1489,toys,Action Figures,114.79,3.4,0,Hasbro,True
item_001490,Tiffany Bracelets Model-1490,jewelry,Necklaces,151.42,3.6,2170,Pandora,True
item_001491,LOreal Skincare Model-1491,beauty,Skincare,168.5,2.4,2363,LOreal,True
item_001492,Hasbro Action Figures Model-1492,toys,Dolls,9.0,3.6,0,Hasbro,True
item_001493,Zara Jeans Model-1493,clothing,Jackets,149.16,3.0,37,Zara,True
item_001494,IKEA Garden Model-1494,home_garden,Kitchen,780.41,2.9,134,Cuisinart,True
item_001495,Kelloggs Beverages Model-1495,food,Snacks,4.73,3.1,39,Organic Valley,False
item_001496,Kelloggs Beverages Model-1496,food,Beverages,27.37,3.0,2688,Kelloggs,True
item_001497,Zales Bracelets Model-1497,jewelry,Bracelets,4875.58,4.3,193,Tiffany,True
item_001498,Adidas Jackets Model-1498,clothing,T-Shirts,89.54,4.5,518,Nike,True
item_001499,Kelloggs Supplements Model-1499,food,Organic,6.88,3.9,199,Kelloggs,True
item_001500,Nike Running Model-1500,sports,Gym,298.76,4.9,3631,Puma,True
item_001501,Adidas Yoga Model-1501,sports,Swimming,128.07,3.5,3929,Adidas,True
item_001502,Nestle Organic Model-1502,food,Beverages,43.78,2.0,3618,Kelloggs,True
item_001503,Michelin Electronics Model-1503,automotive,Tools,205.67,3.2,1134,3M,True
item_001504,LOreal Skincare Model-1504,beauty,Makeup,153.08,3.7,4136,LOreal,True
item_001505,H&M Dresses Model-1505,clothing,Jackets,267.94,3.1,20,Zara,True
item_001506,Maybelline Fragrance Model-1506,beauty,Haircare,110.37,3.8,3442,Maybelline,True
item_001507,Dyson Furniture Model-1507,home_garden,Lighting,378.63,4.2,2,Dyson,True
item_001508,Bosch Headphones Model-1508,electronics,Headphones,1057.69,3.1,2233,Samsung,True
item_001509,Estee Lauder Haircare Model-1509,beauty,Skincare,31.36,4.8,3357,LOreal,True
item_001510,Bosch Electronics Model-1510,automotive,Car Care,98.72,5.0,4608,Castrol,True
item_001511,Hasbro Board Games Model-1511,toys,Puzzles,105.27,5.0,87,Fisher-Price,True
item_001512,Mattel Puzzles Model-1512,toys,Dolls,25.27,2.5,834,Fisher-Price,True
item_001513,Penguin Science Model-1513,books,Science,51.79,3.4,0,HarperCollins,True
item_001514,Under Armour Cycling Model-1514,sports,Yoga,344.24,3.9,51,Puma,True
item_001515,Estee Lauder Haircare Model-1515,beauty,Haircare,78.69,2.8,919,Maybelline,True
item_001516,Cuisinart Furniture Model-1516,home_garden,Bedding,569.5,2.9,955,Philips,False
item_001517,Organic Valley Snacks Model-1517,food,Supplements,58.43,2.5,2732,Kelloggs,True
item_001518,Pandora Necklaces Model-1518,jewelry,Bracelets,168.91,3.8,421,Zales,True
item_001519,Sony Cameras Model-1519,electronics,Smartphones,259.86,4.0,1186,LG,False
item_001520,Bosch Tools Model-1520,automotive,Tools,66.52,4.5,0,Michelin,True
item_001521,Castrol Car Care Model-1521,automotive,Car Care,311.67,4.1,4103,Bosch,True
item_001522,Under Armour Cycling Model-1522,sports,Swimming,138.45,4.2,4955,Nike,True
item_001523,Penguin Tech Model-1523,books,History,59.52,2.6,351,Penguin,True
item_001524,Pandora Necklaces Model-1524,jewelry,Necklaces,3925.08,3.9,740,Pandora,True
item_001525,Random House Tech Model-1525,books,Science,50.28,3.7,3645,Random House,True
item_001526,Fisher-Price Dolls Model-1526,toys,Board Games,38.09,3.3,348,Fisher-Price,True
item_001527,Fisher-Price Dolls Model-1527,toys,Puzzles,91.04,3.5,1408,Fisher-Price,True
item_001528,Castrol Accessories Model-1528,automotive,Accessories,240.0,4.0,103,Castrol,False
item_001529,Levis Jackets Model-1529,clothing,Shoes,211.64,4.2,1163,Zara,True
item_001530,Levis Shoes Model-1530,clothing,T-Shirts,279.11,5.0,721,Adidas,True
item_001531,Castrol Accessories Model-1531,automotive,Electronics,69.58,4.0,0,Castrol,True
item_001532,Organic Valley Beverages Model-1532,food,Beverages,67.07,4.3,1081,Organic Valley,True
item_001533,Cuisinart Furniture Model-1533,home_garden,Garden,765.37,4.3,2093,Dyson,True
item_001534,LG Cameras Model-1534,electronics,Laptops,139.56,4.5,35,Samsung,False
item_001535,3M Car Care Model-1535,automotive,Electronics,129.91,3.0,134,Michelin,True
item_001536,Hasbro Puzzles Model-1536,toys,Action Figures,98.99,3.8,4482,Hasbro,True
item_001537,Pandora Necklaces Model-1537,jewelry,Necklaces,3393.63,3.1,295,Pandora,True
item_001538,Zara Jeans Model-1538,clothing,T-Shirts,245.36,3.2,119,Levis,True
item_001539,Under Armour Running Model-1539,sports,Swimming,117.36,4.0,1646,Adidas,True
item_001540,HarperCollins Fiction Model-1540,books,Fiction,34.0,4.1,4683,Random House,True
item_001541,Swarovski Rings Model-1541,jewelry,Earrings,364.58,4.0,165,Swarovski,True
item_001542,Zara Jackets Model-1542,clothing,Dresses,228.06,3.4,117,Levis,True
item_001543,Random House Tech Model-1543,books,Non-Fiction,20.55,3.8,4145,HarperCollins,True
item_001544,Philips Kitchen Model-1544,home_garden,Bedding,62.65,3.6,7,IKEA,True
item_001545,Zara Jackets Model-1545,clothing,Shoes,124.86,4.0,0,Adidas,True
item_001546,Pandora Bracelets Model-1546,jewelry,Rings,1188.09,4.5,1668,Swarovski,True
item_001547,Penguin Science Model-1547,books,Fiction,59.42,3.1,702,Random House,True
item_001548,Random House Fiction Model-1548,books,Fiction,30.19,3.7,3,Penguin,True
item_001549,Under Armour Yoga Model-1549,sports,Cycling,16.53,4.3,1787,Nike,True
item_001550,Nestle Supplements Model-1550,food,Beverages,67.56,2.7,499,Organic Valley,True
item_001551,Nike Gym Model-1551,sports,Cycling,389.84,4.4,23,Under Armour,True
item_001552,Zara Jeans Model-1552,clothing,T-Shirts,36.83,2.4,651,Levis,True
item_001553,Zales Rings Model-1553,jewelry,Bracelets,4922.23,3.0,1332,Zales,True
item_001554,Estee Lauder Fragrance Model-1554,beauty,Skincare,76.79,3.7,1454,LOreal,True
item_001555,Castrol Accessories Model-1555,automotive,Electronics,257.86,3.5,259,Michelin,True
item_001556,Under Armour Cycling Model-1556,sports,Yoga,199.7,3.5,2,Puma,False
item_001557,Random House Science Model-1557,books,Non-Fiction,26.24,5.0,2248,Random House,True
item_001558,Kelloggs Beverages Model-1558,food,Snacks,43.23,2.9,3834,Kelloggs,False
item_001559,Adidas Shoes Model-1559,clothing,Jeans,111.71,4.1,2204,Zara,True
item_001560,Adidas Jeans Model-1560,clothing,T-Shirts,36.73,5.0,4300,Adidas,True
item_001561,Organic Valley Snacks Model-1561,food,Supplements,58.22,4.3,133,Kelloggs,True
item_001562,Organic Valley Beverages Model-1562,food,Snacks,23.77,4.0,201,Organic Valley,True
item_001563,Nike Jeans Model-1563,clothing,T-Shirts,222.11,3.9,1066,Adidas,True
item_001564,Pandora Bracelets Model-1564,jewelry,Rings,4864.53,3.5,2277,Tiffany,True
item_001565,Random House History Model-1565,books,History,29.15,3.4,610,HarperCollins,True
item_001566,Bosch Laptops Model-1566,electronics,Smartphones,1418.83,2.8,15,Apple,True
item_001567,LEGO Puzzles Model-1567,toys,Action Figures,62.42,4.4,2293,Hasbro,True
item_001568,Apple TVs Model-1568,electronics,Laptops,1138.0,2.9,2457,Samsung,True
item_001569,Kelloggs Snacks Model-1569,food,Organic,10.34,3.7,1169,Kelloggs,True
item_001570,Nike Gym Model-1570,sports,Yoga,466.0,3.5,4880,Adidas,True
item_001571,Random House Non-Fiction Model-1571,books,Science,23.88,3.9,0,HarperCollins,True
item_001572,Dyson Lighting Model-1572,home_garden,Furniture,792.44,4.2,112,Cuisinart,True
item_001573,Kelloggs Snacks Model-1573,food,Organic,68.39,3.4,2849,Nestle,True
item_001574,Nike T-Shirts Model-1574,clothing,Shoes,72.56,3.0,55,Nike,True
item_001575,Tiffany Rings Model-1575,jewelry,Bracelets,3914.88,3.3,3629,Pandora,True
item_001576,Puma Yoga Model-1576,sports,Cycling,65.27,3.1,504,Puma,True
item_001577,Nestle Beverages Model-1577,food,Beverages,64.4,5.0,1077,Nestle,True
item_001578,Sony Headphones Model-1578,electronics,Smartphones,277.31,4.6,209,Bosch,True
item_001579,Swarovski Rings Model-1579,jewelry,Bracelets,2782.77,2.8,866,Pandora,True
item_001580,Michelin Electronics Model-1580,automotive,Tools,249.43,3.5,84,3M,True
item_001581,Puma Yoga Model-1581,sports,Running,318.12,3.1,266,Puma,True
item_001582,Bosch Cameras Model-1582,electronics,Smartphones,480.79,3.3,1064,Samsung,True
item_001583,Penguin Non-Fiction Model-1583,books,Tech,39.7,3.4,503,Penguin,True
item_001584,LOreal Fragrance Model-1584,beauty,Haircare,68.54,3.2,299,Maybelline,False
item_001585,Organic Valley Snacks Model-1585,food,Organic,49.75,4.4,883,Organic Valley,True
item_001586,Levis Jackets Model-1586,clothing,Shoes,53.97,4.0,3313,H&M,True
item_001587,Maybelline Fragrance Model-1587,beauty,Fragrance,99.95,3.9,39,Estee Lauder,True
item_001588,Organic Valley Supplements Model-1588,food,Snacks,16.8,4.7,22,Nestle,True
item_001589,Adidas Yoga Model-1589,sports,Cycling,74.22,4.3,3892,Nike,True
item_001590,Hasbro Board Games Model-1590,toys,Puzzles,68.68,3.8,1170,Fisher-Price,True
item_001591,Adidas Cycling Model-1591,sports,Cycling,428.91,3.9,150,Nike,True
item_001592,Levis Shoes Model-1592,clothing,Dresses,12.38,4.4,653,Adidas,True
item_001593,Nike Swimming Model-1593,sports,Gym,438.75,4.4,1890,Nike,True
item_001594,IKEA Garden Model-1594,home_garden,Furniture,23.17,2.2,144,Philips,True
item_001595,Philips Kitchen Model-1595,home_garden,Garden,554.69,4.0,0,Philips,True
item_001596,Michelin Tools Model-1596,automotive,Accessories,138.06,3.8,734,Bosch,True
item_001597,H&M Jackets Model-1597,clothing,Dresses,73.38,4.2,4722,H&M,True
item_001598,Levis Jeans Model-1598,clothing,Jeans,235.92,2.5,0,H&M,True
item_001599,Bosch Electronics Model-1599,automotive,Accessories,281.53,4.5,2835,3M,True
item_001600,LOreal Haircare Model-1600,beauty,Fragrance,153.29,4.3,167,Estee Lauder,True
item_001601,LEGO Puzzles Model-1601,toys,Board Games,54.58,3.5,189,LEGO,True
item_001602,Sony Headphones Model-1602,electronics,Laptops,1846.31,4.9,0,Apple,True
item_001603,Bosch Accessories Model-1603,automotive,Tools,288.93,3.0,52,Michelin,True
item_001604,Under Armour Cycling Model-1604,sports,Swimming,415.13,3.9,304,Under Armour,True
item_001605,Estee Lauder Haircare Model-1605,beauty,Skincare,35.75,3.4,1970,LOreal,True
item_001606,Tiffany Necklaces Model-1606,jewelry,Necklaces,4375.96,3.2,262,Swarovski,True
item_001607,LG Laptops Model-1607,electronics,Headphones,794.56,3.7,24,Apple,True
item_001608,Sony Cameras Model-1608,electronics,Laptops,705.56,5.0,9,Sony,True
item_001609,Random House Science Model-1609,books,History,6.25,2.6,4198,HarperCollins,True
item_001610,Zara Jackets Model-1610,clothing,Jeans,53.08,4.3,0,Adidas,True
item_001611,Samsung TVs Model-1611,electronics,Headphones,682.32,5.0,551,Bosch,True
item_001612,Maybelline Makeup Model-1612,beauty,Makeup,123.08,3.0,3181,Maybelline,True
item_001613,LEGO Puzzles Model-1613,toys,Puzzles,14.31,4.7,0,Fisher-Price,True
item_001614,Estee Lauder Skincare Model-1614,beauty,Haircare,153.01,4.5,50,LOreal,True
item_001615,LOreal Haircare Model-1615,beauty,Haircare,84.41,2.7,14,LOreal,True
item_001616,Penguin History Model-1616,books,Fiction,18.6,1.8,262,Random House,True
item_001617,3M Electronics Model-1617,automotive,Tools,161.66,2.9,4578,Bosch,True
item_001618,HarperCollins History Model-1618,books,Non-Fiction,30.75,3.9,0,Random House,True
item_001619,Nike Jackets Model-1619,clothing,Dresses,89.76,4.2,2334,H&M,True
item_001620,Apple Laptops Model-1620,electronics,Headphones,246.55,4.5,300,Apple,True
item_001621,Pandora Rings Model-1621,jewelry,Necklaces,1723.56,3.7,3466,Tiffany,False
item_001622,Organic Valley Beverages Model-1622,food,Organic,69.63,3.8,42,Nestle,False
item_001623,IKEA Kitchen Model-1623,home_garden,Kitchen,694.17,2.8,3522,IKEA,False
item_001624,Nestle Organic Model-1624,food,Organic,5.29,4.7,114,Kelloggs,True
item_001625,Philips Furniture Model-1625,home_garden,Furniture,342.77,4.5,2171,Cuisinart,True
item_001626,Estee Lauder Skincare Model-1626,beauty,Fragrance,187.28,4.1,740,Estee Lauder,True
item_001627,Dyson Bedding Model-1627,home_garden,Furniture,502.0,3.7,969,Cuisinart,True
item_001628,LOreal Skincare Model-1628,beauty,Makeup,143.46,4.7,1739,Estee Lauder,False
item_001629,Zara Shoes Model-1629,clothing,Dresses,85.45,3.0,54,Nike,True
item_001630,Dyson Kitchen Model-1630,home_garden,Furniture,635.54,3.9,46,Cuisinart,False
item_001631,Zara Jeans Model-1631,clothing,Dresses,259.35,5.0,1404,Nike,True
item_001632,H&M Shoes Model-1632,clothing,Jackets,278.13,3.0,63,H&M,True
item_001633,Apple Cameras Model-1633,electronics,Smartphones,72.3,5.0,895,LG,True
item_001634,LOreal Skincare Model-1634,beauty,Fragrance,163.73,4.4,81,Maybelline,True
item_001635,Organic Valley Organic Model-1635,food,Snacks,78.28,4.2,56,Nestle,True
item_001636,Swarovski Bracelets Model-1636,jewelry,Rings,3509.33,4.7,90,Tiffany,True
item_001637,Organic Valley Snacks Model-1637,food,Supplements,35.79,4.5,1552,Organic Valley,True
item_001638,Zales Earrings Model-1638,jewelry,Necklaces,2373.42,2.7,1400,Swarovski,False
item_001639,Adidas Dresses Model-1639,clothing,Jackets,156.02,2.7,52,Adidas,True
item_001640,Levis Jackets Model-1640,clothing,Jackets,140.19,3.4,10,Nike,True
item_001641,Random House Science Model-1641,books,Science,19.77,4.0,4036,Penguin,True
item_001642,LEGO Board Games Model-1642,toys,Dolls,10.06,4.6,2651,Mattel,True
item_001643,Michelin Electronics Model-1643,automotive,Accessories,97.65,3.6,10,Michelin,True
item_001644,Random House History Model-1644,books,Science,18.31,3.2,0,Penguin,False
item_001645,Levis T-Shirts Model-1645,clothing,Shoes,112.19,4.4,1341,Zara,True
item_001646,Bosch Electronics Model-1646,automotive,Tools,31.37,3.6,0,Michelin,True
item_001647,Organic Valley Organic Model-1647,food,Supplements,6.64,4.0,1503,Nestle,True
item_001648,Swarovski Necklaces Model-1648,jewelry,Necklaces,3945.77,3.8,34,Pandora,True
item_001649,Hasbro Board Games Model-1649,toys,Action Figures,53.61,3.3,13,Mattel,True
item_001650,Random House Fiction Model-1650,books,Non-Fiction,18.76,3.3,1746,HarperCollins,True
item_001651,Kelloggs Beverages Model-1651,food,Beverages,13.3,3.0,756,Kelloggs,True
item_001652,Samsung Headphones Model-1652,electronics,Laptops,270.26,4.6,76,Bosch,True
item_001653,Apple Smartphones Model-1653,electronics,Laptops,775.52,3.5,16,Apple,True
item_001654,Bosch Headphones Model-1654,electronics,Headphones,814.73,3.2,1,Samsung,True
item_001655,Random House History Model-1655,books,Science,40.36,2.5,651,HarperCollins,True
item_001656,LG Smartphones Model-1656,electronics,Laptops,618.64,2.4,185,LG,True
item_001657,Maybelline Haircare Model-1657,beauty,Makeup,99.58,3.0,1174,Maybelline,True
item_001658,H&M Jackets Model-1658,clothing,T-Shirts,179.41,4.0,4459,Zara,True
item_001659,Estee Lauder Haircare Model-1659,beauty,Skincare,134.27,3.8,92,Estee Lauder,True
item_001660,Maybelline Skincare Model-1660,beauty,Fragrance,67.83,3.6,0,Estee Lauder,True
item_001661,3M Tools Model-1661,automotive,Accessories,31.87,3.0,107,Castrol,True
item_001662,LEGO Action Figures Model-1662,toys,Dolls,131.94,2.5,2,LEGO,True
item_001663,Pandora Rings Model-1663,jewelry,Bracelets,475.03,3.2,4,Pandora,True
item_001664,Samsung Smartphones Model-1664,electronics,TVs,770.8,3.6,86,LG,True
item_001665,LOreal Skincare Model-1665,beauty,Fragrance,43.1,4.3,1626,Estee Lauder,True
item_001666,Random House Science Model-1666,books,Science,21.57,2.7,973,HarperCollins,True
item_001667,LG Cameras Model-1667,electronics,TVs,647.79,3.5,180,Bosch,False
item_001668,Bosch Accessories Model-1668,automotive,Accessories,253.16,3.0,871,Castrol,True
item_001669,Estee Lauder Skincare Model-1669,beauty,Haircare,31.0,3.4,3,Estee Lauder,True
item_001670,Organic Valley Organic Model-1670,food,Beverages,14.38,5.0,3262,Nestle,True
item_001671,Cuisinart Kitchen Model-1671,home_garden,Bedding,24.55,3.1,465,IKEA,True
item_001672,Penguin Non-Fiction Model-1672,books,Non-Fiction,12.21,3.0,3174,Random House,True
item_001673,Adidas Running Model-1673,sports,Swimming,378.72,5.0,3850,Puma,True
item_001674,Tiffany Necklaces Model-1674,jewelry,Earrings,977.18,4.2,1670,Zales,True
item_001675,Michelin Electronics Model-1675,automotive,Electronics,14.53,4.1,661,Bosch,True
item_001676,LOreal Haircare Model-1676,beauty,Skincare,132.56,3.1,700,LOreal,False
item_001677,Adidas Jackets Model-1677,clothing,Jeans,266.96,5.0,1383,Nike,True
item_001678,Estee Lauder Fragrance Model-1678,beauty,Makeup,147.58,2.8,3,LOreal,True
item_001679,IKEA Furniture Model-1679,home_garden,Garden,672.45,4.5,11,Cuisinart,True
item_001680,Hasbro Board Games Model-1680,toys,Dolls,58.96,4.6,254,Hasbro,True
item_001681,Sony Cameras Model-1681,electronics,Smartphones,1032.55,4.8,203,Samsung,True
item_001682,Cuisinart Lighting Model-1682,home_garden,Garden,138.75,4.9,979,Dyson,True
item_001683,Nike Swimming Model-1683,sports,Swimming,380.46,3.6,665,Under Armour,True
item_001684,Estee Lauder Fragrance Model-1684,beauty,Makeup,199.67,4.0,1198,LOreal,True
item_001685,Pandora Rings Model-1685,jewelry,Necklaces,2544.35,3.8,0,Pandora,True
item_001686,Levis T-Shirts Model-1686,clothing,Shoes,146.25,3.1,467,Nike,True
item_001687,3M Electronics Model-1687,automotive,Electronics,262.09,3.5,4420,Bosch,True
item_001688,Maybelline Fragrance Model-1688,beauty,Haircare,191.14,4.6,4166,Estee Lauder,True
item_001689,Fisher-Price Action Figures Model-1689,toys,Board Games,19.39,2.8,616,Fisher-Price,True
item_001690,Under Armour Swimming Model-1690,sports,Running,179.31,4.3,2534,Puma,True
item_001691,Adidas Cycling Model-1691,sports,Swimming,497.33,4.4,528,Adidas,True
item_001692,Bosch Tools Model-1692,automotive,Tools,370.88,3.8,3557,Bosch,True
item_001693,Sony Laptops Model-1693,electronics,Headphones,1388.57,4.4,951,Apple,True
item_001694,Under Armour Cycling Model-1694,sports,Gym,169.12,3.1,4942,Puma,True
item_001695,Nestle Organic Model-1695,food,Snacks,17.42,3.0,17,Nestle,True
item_001696,LOreal Fragrance Model-1696,beauty,Haircare,15.8,3.5,3465,Estee Lauder,True
item_001697,Mattel Puzzles Model-1697,toys,Puzzles,120.79,4.0,4702,LEGO,True
item_001698,Pandora Necklaces Model-1698,jewelry,Necklaces,2123.05,5.0,1759,Pandora,True
item_001699,Tiffany Bracelets Model-1699,jewelry,Necklaces,2873.18,3.8,652,Swarovski,True
item_001700,Dyson Bedding Model-1700,home_garden,Furniture,723.62,3.5,1294,IKEA,True
item_001701,Nike Jeans Model-1701,clothing,Jackets,260.61,4.6,2893,Nike,True
item_001702,Penguin Non-Fiction Model-1702,books,History,44.59,2.9,11,HarperCollins,True
item_001703,Michelin Tools Model-1703,automotive,Accessories,282.24,2.7,2429,Bosch,True
item_001704,Castrol Accessories Model-1704,automotive,Tools,71.37,5.0,1208,Bosch,True
item_001705,3M Car Care Model-1705,automotive,Tools,76.82,3.2,0,Castrol,True
item_001706,Samsung TVs Model-1706,electronics,Smartphones,1264.89,4.8,16,Sony,True
item_001707,Bosch Accessories Model-1707,automotive,Accessories,130.34,4.7,2129,Castrol,True
item_001708,Organic Valley Organic Model-1708,food,Snacks,45.78,4.5,241,Nestle,True
item_001709,Michelin Tools Model-1709,automotive,Electronics,178.51,4.6,4415,3M,True
item_001710,Michelin Electronics Model-1710,automotive,Accessories,58.46,5.0,29,3M,True
item_001711,Organic Valley Organic Model-1711,food,Supplements,66.92,4.6,4977,Nestle,True
item_001712,Adidas Yoga Model-1712,sports,Running,416.37,2.3,23,Nike,True
item_001713,H&M T-Shirts Model-1713,clothing,T-Shirts,50.02,4.0,586,Nike,True
item_001714,Nike Shoes Model-1714,clothing,T-Shirts,97.01,3.9,38,Zara,True
item_001715,Organic Valley Supplements Model-1715,food,Beverages,39.13,3.4,131,Organic Valley,True
item_001716,Penguin History Model-1716,books,Fiction,12.06,3.6,17,HarperCollins,True
item_001717,Zales Rings Model-1717,jewelry,Rings,2092.87,3.7,4220,Swarovski,False
item_001718,Hasbro Puzzles Model-1718,toys,Action Figures,138.48,3.6,818,Fisher-Price,True
item_001719,Zales Bracelets Model-1719,jewelry,Bracelets,2460.97,4.7,3562,Tiffany,True
item_001720,Fisher-Price Action Figures Model-1720,toys,Dolls,45.84,3.6,443,Mattel,True
item_001721,Michelin Accessories Model-1721,automotive,Accessories,269.64,5.0,1777,Michelin,True
item_001722,Puma Swimming Model-1722,sports,Swimming,118.85,3.3,752,Puma,True
item_001723,Under Armour Running Model-1723,sports,Gym,214.27,3.5,942,Adidas,True
item_001724,Fisher-Price Dolls Model-1724,toys,Board Games,142.66,3.7,461,Mattel,True
item_001725,Maybelline Skincare Model-1725,beauty,Fragrance,166.81,3.2,546,LOreal,True
item_001726,Nike Jeans Model-1726,clothing,Shoes,286.15,3.6,2653,Nike,True
item_001727,Michelin Car Care Model-1727,automotive,Electronics,93.69,3.4,2608,Michelin,False
item_001728,Michelin Electronics Model-1728,automotive,Electronics,368.27,4.4,1179,Bosch,True
item_001729,Estee Lauder Fragrance Model-1729,beauty,Makeup,89.69,3.5,474,Estee Lauder,True
item_001730,HarperCollins Non-Fiction Model-1730,books,Non-Fiction,24.78,3.1,490,Penguin,True
item_001731,Castrol Car Care Model-1731,automotive,Car Care,139.44,3.5,118,Michelin,True
item_001732,Cuisinart Kitchen Model-1732,home_garden,Bedding,737.85,3.8,0,Dyson,True
item_001733,LEGO Board Games Model-1733,toys,Action Figures,17.25,3.6,4082,Mattel,True
item_001734,Michelin Electronics Model-1734,automotive,Accessories,70.43,5.0,3159,Bosch,True
item_001735,Puma Running Model-1735,sports,Gym,43.61,4.1,0,Puma,False
item_001736,Kelloggs Supplements Model-1736,food,Beverages,20.81,2.9,30,Organic Valley,True
item_001737,Sony Cameras Model-1737,electronics,Smartphones,270.27,4.3,10,Bosch,True
item_001738,Mattel Board Games Model-1738,toys,Dolls,118.47,4.0,1058,LEGO,True
item_001739,Dyson Garden Model-1739,home_garden,Kitchen,203.31,4.2,148,Philips,True
item_001740,Zales Necklaces Model-1740,jewelry,Necklaces,4852.5,4.3,848,Tiffany,True
item_001741,Kelloggs Snacks Model-1741,food,Supplements,60.31,4.8,284,Organic Valley,True
item_001742,Zara Dresses Model-1742,clothing,Dresses,136.33,3.7,1006,Adidas,True
item_001743,LEGO Puzzles Model-1743,toys,Dolls,99.74,3.8,226,LEGO,True
item_001744,Apple Laptops Model-1744,electronics,TVs,1595.22,3.3,3932,Apple,False
item_001745,Puma Swimming Model-1745,sports,Yoga,474.09,4.0,3327,Adidas,True
item_001746,Maybelline Skincare Model-1746,beauty,Fragrance,185.49,3.2,62,Estee Lauder,True
item_001747,LOreal Haircare Model-1747,beauty,Haircare,9.29,3.1,800,Estee Lauder,True
item_001748,Kelloggs Beverages Model-1748,food,Supplements,49.93,5.0,659,Kelloggs,True
item_001749,Bosch Laptops Model-1749,electronics,Cameras,1954.16,3.7,108,Sony,True
item_001750,Apple Cameras Model-1750,electronics,TVs,152.45,4.2,2203,LG,True
item_001751,H&M Jeans Model-1751,clothing,Shoes,41.88,3.4,1275,Levis,True
item_001752,LOreal Haircare Model-1752,beauty,Haircare,36.46,5.0,1404,LOreal,True
item_001753,Random House Fiction Model-1753,books,Fiction,11.1,3.6,1,Random House,True
item_001754,Random House Tech Model-1754,books,Science,18.86,4.9,2926,Random House,False
item_001755,LOreal Skincare Model-1755,beauty,Skincare,131.87,4.2,0,LOreal,False
item_001756,Estee Lauder Haircare Model-1756,beauty,Fragrance,52.99,3.9,3797,LOreal,True
item_001757,Organic Valley Organic Model-1757,food,Beverages,36.15,4.0,436,Kelloggs,True
item_001758,Sony Cameras Model-1758,electronics,Cameras,100.69,3.7,1844,LG,True
item_001759,Apple Laptops Model-1759,electronics,Laptops,961.57,2.4,3734,Sony,True
item_001760,Cuisinart Kitchen Model-1760,home_garden,Lighting,617.05,3.7,4298,Cuisinart,True
item_001761,Zara Jeans Model-1761,clothing,Shoes,82.73,4.0,38,Adidas,True
item_001762,Pandora Earrings Model-1762,jewelry,Earrings,3595.98,2.5,88,Swarovski,True
item_001763,Bosch Laptops Model-1763,electronics,Cameras,974.69,3.4,188,Samsung,False
item_001764,Michelin Car Care Model-1764,automotive,Accessories,321.86,4.4,1019,Castrol,True
item_001765,3M Car Care Model-1765,automotive,Electronics,106.3,4.4,2522,Michelin,True
item_001766,LG Headphones Model-1766,electronics,Cameras,1425.03,5.0,0,Sony,True
item_001767,Kelloggs Organic Model-1767,food,Supplements,23.04,4.5,0,Organic Valley,True
item_001768,Maybelline Makeup Model-1768,beauty,Makeup,54.41,4.5,52,Estee Lauder,True
item_001769,Maybelline Fragrance Model-1769,beauty,Skincare,5.98,4.1,3745,LOreal,False
item_001770,Zales Bracelets Model-1770,jewelry,Earrings,1962.86,4.7,497,Swarovski,True
item_001771,Organic Valley Organic Model-1771,food,Organic,46.11,3.9,631,Nestle,True
item_001772,Kelloggs Beverages Model-1772,food,Beverages,20.08,3.8,554,Organic Valley,True
item_001773,Random House Non-Fiction Model-1773,books,Science,50.18,3.9,3638,Penguin,True
item_001774,Nestle Beverages Model-1774,food,Supplements,28.57,4.7,31,Kelloggs,True
item_001775,Mattel Dolls Model-1775,toys,Puzzles,40.39,3.9,3,LEGO,True
item_001776,Pandora Necklaces Model-1776,jewelry,Earrings,1911.37,4.1,2324,Swarovski,True
item_001777,Kelloggs Supplements Model-1777,food,Snacks,31.35,3.4,973,Nestle,True
item_001778,Nike Running Model-1778,sports,Cycling,84.31,5.0,20,Adidas,True
item_001779,HarperCollins History Model-1779,books,Science,33.51,3.6,1093,HarperCollins,True
item_001780,HarperCollins History Model-1780,books,Fiction,40.03,3.8,293,Penguin,True
item_001781,Levis T-Shirts Model-1781,clothing,Jackets,105.94,4.5,515,Zara,True
item_001782,LEGO Board Games Model-1782,toys,Dolls,15.55,4.8,0,Fisher-Price,True
item_001783,Adidas Swimming Model-1783,sports,Running,206.62,3.9,29,Puma,True
item_001784,Dyson Furniture Model-1784,home_garden,Bedding,290.88,4.4,592,IKEA,True
item_001785,Castrol Accessories Model-1785,automotive,Electronics,240.53,3.2,742,Bosch,True
item_001786,Penguin Non-Fiction Model-1786,books,Non-Fiction,19.25,4.0,2977,Penguin,True
item_001787,Random House Fiction Model-1787,books,Science,38.7,4.3,1714,Random House,True
item_001788,Adidas Running Model-1788,sports,Gym,137.36,4.9,678,Puma,True
item_001789,Sony Headphones Model-1789,electronics,TVs,62.55,2.9,3628,Apple,True
item_001790,Bosch Accessories Model-1790,automotive,Car Care,55.6,3.1,270,Michelin,True
item_001791,Cuisinart Furniture Model-1791,home_garden,Bedding,562.86,2.7,312,Dyson,True
item_001792,LOreal Makeup Model-1792,beauty,Skincare,14.0,1.0,0,Maybelline,True
item_001793,Tiffany Necklaces Model-1793,jewelry,Necklaces,2271.92,3.0,853,Pandora,True
item_001794,Dyson Furniture Model-1794,home_garden,Bedding,396.7,4.5,170,Cuisinart,False
item_001795,Zales Rings Model-1795,jewelry,Bracelets,3876.68,4.0,4295,Tiffany,True
item_001796,Zara Dresses Model-1796,clothing,Jeans,198.42,3.1,830,Adidas,True
item_001797,Random House Fiction Model-1797,books,Science,27.3,4.7,8,Penguin,True
item_001798,HarperCollins History Model-1798,books,Science,55.58,3.9,7,Random House,False
item_001799,Organic Valley Beverages Model-1799,food,Supplements,8.68,4.4,1522,Kelloggs,True
item_001800,Adidas Shoes Model-1800,clothing,T-Shirts,70.5,4.0,2666,Zara,True
item_001801,Zales Bracelets Model-1801,jewelry,Rings,2802.97,4.0,4474,Tiffany,True
item_001802,Castrol Electronics Model-1802,automotive,Tools,250.19,3.9,321,3M,True
item_001803,Philips Lighting Model-1803,home_garden,Lighting,535.82,3.5,1428,Cuisinart,True
item_001804,Penguin Non-Fiction Model-1804,books,Science,13.99,4.6,3596,Penguin,True
item_001805,Nike Dresses Model-1805,clothing,Shoes,163.38,2.5,0,Nike,True
item_001806,3M Tools Model-1806,automotive,Car Care,92.54,3.8,126,Castrol,True
item_001807,Adidas Gym Model-1807,sports,Swimming,350.69,3.3,2553,Adidas,True
item_001808,Swarovski Bracelets Model-1808,jewelry,Rings,241.11,2.8,25,Tiffany,True
item_001809,Hasbro Puzzles Model-1809,toys,Action Figures,132.13,3.9,4,Hasbro,True
item_001810,H&M Dresses Model-1810,clothing,T-Shirts,224.31,3.9,533,Nike,True
item_001811,Zales Bracelets Model-1811,jewelry,Necklaces,594.58,3.3,0,Pandora,True
item_001812,Apple Laptops Model-1812,electronics,Headphones,1196.71,5.0,2,Sony,True
item_001813,3M Car Care Model-1813,automotive,Car Care,76.15,4.6,0,Castrol,True
item_001814,Under Armour Running Model-1814,sports,Yoga,164.71,4.2,783,Nike,True
item_001815,Fisher-Price Puzzles Model-1815,toys,Action Figures,56.27,4.3,5,LEGO,True
item_001816,Maybelline Haircare Model-1816,beauty,Fragrance,107.74,3.7,873,LOreal,True
item_001817,Philips Kitchen Model-1817,home_garden,Furniture,280.5,3.9,2970,Dyson,True
item_001818,Zara Jackets Model-1818,clothing,Jeans,185.31,4.0,3601,Levis,True
item_001819,Penguin Science Model-1819,books,Tech,51.74,4.0,1873,Penguin,True
item_001820,Nestle Supplements Model-1820,food,Beverages,58.97,4.5,1091,Kelloggs,True
item_001821,Swarovski Rings Model-1821,jewelry,Bracelets,1602.85,4.2,1267,Swarovski,True
item_001822,Organic Valley Beverages Model-1822,food,Snacks,44.45,4.4,121,Organic Valley,True
item_001823,Nike Gym Model-1823,sports,Cycling,150.54,3.6,0,Nike,True
item_001824,Random House Science Model-1824,books,Science,5.51,3.8,1514,Random House,True
item_001825,Fisher-Price Dolls Model-1825,toys,Puzzles,142.34,3.8,4899,Fisher-Price,True
item_001826,Organic Valley Organic Model-1826,food,Beverages,14.25,3.5,1434,Nestle,False
item_001827,Cuisinart Garden Model-1827,home_garden,Garden,356.8,2.6,103,Philips,True
item_001828,Swarovski Rings Model-1828,jewelry,Rings,380.32,2.4,62,Tiffany,True
item_001829,Dyson Garden Model-1829,home_garden,Furniture,201.85,3.0,1090,Dyson,True
item_001830,3M Accessories Model-1830,automotive,Tools,160.61,3.1,2509,Michelin,True
item_001831,Hasbro Action Figures Model-1831,toys,Action Figures,61.8,3.3,1295,Mattel,True
item_001832,Under Armour Running Model-1832,sports,Cycling,481.76,3.8,1317,Under Armour,True
item_001833,LOreal Haircare Model-1833,beauty,Fragrance,23.33,4.6,1023,Estee Lauder,True
item_001834,IKEA Furniture Model-1834,home_garden,Kitchen,427.71,2.8,1,Dyson,False
item_001835,Adidas Yoga Model-1835,sports,Swimming,404.97,3.5,52,Under Armour,True
item_001836,LG TVs Model-1836,electronics,Laptops,1644.68,4.2,509,Bosch,True
item_001837,Bosch Tools Model-1837,automotive,Electronics,387.52,4.3,866,Michelin,True
item_001838,Sony Smartphones Model-1838,electronics,Smartphones,1773.92,4.1,638,Apple,True
item_001839,Zales Bracelets Model-1839,jewelry,Rings,1136.57,3.8,724,Zales,True
item_001840,Zales Earrings Model-1840,jewelry,Earrings,689.04,4.2,51,Swarovski,True
item_001841,H&M Jackets Model-1841,clothing,Shoes,250.81,2.9,575,Levis,True
item_001842,Random House Tech Model-1842,books,History,36.01,4.2,0,Random House,True
item_001843,Swarovski Earrings Model-1843,jewelry,Earrings,3106.18,4.4,1263,Swarovski,True
item_001844,Nestle Beverages Model-1844,food,Beverages,58.53,4.2,0,Kelloggs,True
item_001845,LEGO Puzzles Model-1845,toys,Dolls,92.29,3.7,3054,LEGO,True
item_001846,Estee Lauder Skincare Model-1846,beauty,Skincare,11.95,3.7,76,Estee Lauder,True
item_001847,Puma Swimming Model-1847,sports,Running,98.01,3.0,159,Under Armour,True
item_001848,Organic Valley Organic Model-1848,food,Snacks,56.91,3.7,1397,Nestle,True
item_001849,Dyson Lighting Model-1849,home_garden,Bedding,683.55,4.0,0,IKEA,True
item_001850,Castrol Car Care Model-1850,automotive,Electronics,215.39,4.1,3488,3M,True
item_001851,HarperCollins Fiction Model-1851,books,Tech,43.76,3.9,23,HarperCollins,True
item_001852,Maybelline Makeup Model-1852,beauty,Makeup,39.66,1.7,0,LOreal,True
item_001853,HarperCollins Fiction Model-1853,books,Fiction,29.94,3.3,126,HarperCollins,True
item_001854,Hasbro Board Games Model-1854,toys,Action Figures,137.75,4.2,4328,LEGO,True
item_001855,Penguin Science Model-1855,books,Tech,15.36,4.5,11,Random House,True
item_001856,LG Smartphones Model-1856,electronics,Headphones,577.86,3.4,1786,Apple,True
item_001857,Nestle Supplements Model-1857,food,Organic,39.41,4.9,3852,Nestle,True
item_001858,Philips Lighting Model-1858,home_garden,Garden,391.85,3.7,12,Cuisinart,True
item_001859,Fisher-Price Board Games Model-1859,toys,Board Games,99.57,3.7,2331,LEGO,True
item_001860,Adidas Shoes Model-1860,clothing,T-Shirts,42.64,3.2,1025,Adidas,True
item_001861,Kelloggs Snacks Model-1861,food,Beverages,78.06,3.5,0,Kelloggs,True
item_001862,Kelloggs Beverages Model-1862,food,Organic,8.7,2.7,12,Organic Valley,True
item_001863,Estee Lauder Fragrance Model-1863,beauty,Fragrance,167.43,3.6,55,Maybelline,False
item_001864,LOreal Makeup Model-1864,beauty,Skincare,104.77,5.0,3210,Maybelline,False
item_001865,Swarovski Rings Model-1865,jewelry,Earrings,602.73,3.9,0,Pandora,True
item_001866,Cuisinart Furniture Model-1866,home_garden,Lighting,528.52,2.8,174,IKEA,True
item_001867,Nike Gym Model-1867,sports,Running,105.41,3.7,4,Under Armour,True
item_001868,Maybelline Haircare Model-1868,beauty,Makeup,121.51,4.1,3146,LOreal,True
item_001869,Maybelline Skincare Model-1869,beauty,Skincare,129.0,3.7,1,Estee Lauder,True
item_001870,Adidas Running Model-1870,sports,Yoga,95.0,2.9,1151,Adidas,True
item_001871,Zales Necklaces Model-1871,jewelry,Bracelets,2329.8,3.7,24,Pandora,True
item_001872,Nike Shoes Model-1872,clothing,T-Shirts,281.66,3.9,3385,Nike,True
item_001873,Samsung Laptops Model-1873,electronics,Laptops,461.64,4.3,2057,Samsung,True
item_001874,Adidas Gym Model-1874,sports,Cycling,363.17,4.5,1832,Under Armour,True
item_001875,Mattel Dolls Model-1875,toys,Action Figures,120.28,4.1,1419,Fisher-Price,True
item_001876,Nike Gym Model-1876,sports,Running,425.83,4.3,617,Adidas,False
item_001877,HarperCollins Science Model-1877,books,Tech,54.94,3.2,413,Penguin,True
item_001878,Cuisinart Kitchen Model-1878,home_garden,Garden,556.74,4.2,85,Philips,True
item_001879,LEGO Dolls Model-1879,toys,Action Figures,120.95,4.5,4029,Hasbro,True
item_001880,Nike Dresses Model-1880,clothing,T-Shirts,112.43,2.9,12,Nike,True
item_001881,Nike Jackets Model-1881,clothing,T-Shirts,129.55,4.3,3566,Zara,True
item_001882,Estee Lauder Haircare Model-1882,beauty,Skincare,155.88,4.6,2,Estee Lauder,False
item_001883,Penguin Tech Model-1883,books,Non-Fiction,35.71,4.2,158,Random House,True
item_001884,Adidas Swimming Model-1884,sports,Yoga,172.44,3.5,4275,Nike,True
item_001885,Random House Tech Model-1885,books,Fiction,7.91,4.3,0,HarperCollins,True
item_001886,Castrol Car Care Model-1886,automotive,Accessories,184.28,4.2,87,Castrol,True
item_001887,Swarovski Necklaces Model-1887,jewelry,Earrings,2026.3,3.6,4472,Zales,True
item_001888,Swarovski Bracelets Model-1888,jewelry,Necklaces,3843.36,5.0,0,Zales,True
item_001889,Adidas Shoes Model-1889,clothing,Shoes,175.34,2.7,1,Levis,True
item_001890,Sony TVs Model-1890,electronics,TVs,919.83,4.1,194,Apple,False
item_001891,Random House Science Model-1891,books,Tech,19.96,2.4,1259,Penguin,True
item_001892,Random House Fiction Model-1892,books,Tech,54.02,4.0,1548,Penguin,True
item_001893,Adidas Shoes Model-1893,clothing,Shoes,239.38,3.6,1372,Levis,True
item_001894,3M Electronics Model-1894,automotive,Tools,246.2,4.5,3378,3M,True
item_001895,LEGO Dolls Model-1895,toys,Dolls,10.74,3.7,3092,Hasbro,True
item_001896,IKEA Bedding Model-1896,home_garden,Garden,678.35,4.2,320,IKEA,True
item_001897,Nike Swimming Model-1897,sports,Running,377.28,3.7,1635,Adidas,True
item_001898,H&M Shoes Model-1898,clothing,T-Shirts,202.8,4.1,3901,Levis,True
item_001899,Cuisinart Bedding Model-1899,home_garden,Bedding,676.6,4.7,3,Dyson,True
item_001900,Nike Swimming Model-1900,sports,Cycling,412.44,4.0,82,Under Armour,True
item_001901,Penguin Tech Model-1901,books,History,49.07,3.4,1783,Random House,True
item_001902,Castrol Tools Model-1902,automotive,Accessories,282.52,3.6,76,Michelin,True
item_001903,Adidas Jeans Model-1903,clothing,Shoes,185.28,2.5,0,Nike,True
item_001904,Maybelline Makeup Model-1904,beauty,Skincare,103.36,4.4,2272,LOreal,True
item_001905,LOreal Makeup Model-1905,beauty,Makeup,17.73,3.5,2402,Maybelline,True
item_001906,Estee Lauder Makeup Model-1906,beauty,Makeup,173.18,3.9,1260,Maybelline,True
item_001907,Michelin Car Care Model-1907,automotive,Electronics,124.89,2.4,335,3M,True
item_001908,Nike Cycling Model-1908,sports,Gym,441.32,3.8,135,Adidas,True
item_001909,Random House History Model-1909,books,Science,21.95,4.6,2716,Penguin,True
item_001910,Adidas Jeans Model-1910,clothing,Jeans,54.04,4.0,2,H&M,True
item_001911,Dyson Furniture Model-1911,home_garden,Lighting,96.21,5.0,576,Cuisinart,True
item_001912,Bosch Electronics Model-1912,automotive,Accessories,376.22,3.5,29,Michelin,True
item_001913,Adidas Jackets Model-1913,clothing,Jackets,157.04,4.0,782,H&M,True
item_001914,Levis T-Shirts Model-1914,clothing,Dresses,157.46,3.8,771,Adidas,True
item_001915,Bosch Cameras Model-1915,electronics,Cameras,1189.88,4.4,6,Apple,False
item_001916,Philips Furniture Model-1916,home_garden,Bedding,386.92,3.8,780,IKEA,True
item_001917,Michelin Tools Model-1917,automotive,Electronics,189.17,3.4,1,3M,True
item_001918,Tiffany Rings Model-1918,jewelry,Earrings,4979.38,3.9,401,Swarovski,False
item_001919,Dyson Garden Model-1919,home_garden,Kitchen,788.42,4.0,0,Dyson,True
item_001920,LOreal Fragrance Model-1920,beauty,Haircare,173.46,4.3,34,LOreal,True
item_001921,Bosch Tools Model-1921,automotive,Accessories,361.74,4.0,0,Castrol,True
item_001922,HarperCollins Tech Model-1922,books,Fiction,50.51,4.9,2502,HarperCollins,True
item_001923,Under Armour Cycling Model-1923,sports,Cycling,398.04,5.0,4330,Puma,True
item_001924,HarperCollins Tech Model-1924,books,Science,44.34,3.5,1896,Penguin,True
item_001925,Sony Smartphones Model-1925,electronics,Headphones,1445.6,4.5,699,LG,True
item_001926,Cuisinart Furniture Model-1926,home_garden,Garden,279.4,4.3,991,Philips,True
item_001927,LOreal Haircare Model-1927,beauty,Haircare,126.88,2.5,40,Maybelline,True
item_001928,Cuisinart Furniture Model-1928,home_garden,Garden,262.31,4.8,7,Philips,True
item_001929,3M Tools Model-1929,automotive,Accessories,311.14,3.3,3734,Bosch,True
item_001930,Sony Smartphones Model-1930,electronics,Smartphones,1359.03,3.3,369,Bosch,True
item_001931,Apple TVs Model-1931,electronics,Laptops,1353.5,4.0,3577,Sony,True
item_001932,Estee Lauder Skincare Model-1932,beauty,Skincare,11.69,4.3,761,Estee Lauder,True
item_001933,Philips Garden Model-1933,home_garden,Furniture,469.49,4.2,53,Dyson,True
item_001934,Under Armour Swimming Model-1934,sports,Swimming,213.97,3.9,599,Adidas,True
item_001935,Hasbro Puzzles Model-1935,toys,Puzzles,58.7,3.8,90,Fisher-Price,True
item_001936,Apple Smartphones Model-1936,electronics,Smartphones,1389.8,3.8,3041,LG,True
item_001937,HarperCollins Tech Model-1937,books,Science,42.1,3.9,37,HarperCollins,True
item_001938,Kelloggs Snacks Model-1938,food,Beverages,5.72,4.1,129,Organic Valley,True
item_001939,Hasbro Dolls Model-1939,toys,Dolls,56.48,4.5,154,Mattel,True
item_001940,Organic Valley Organic Model-1940,food,Beverages,10.09,4.4,0,Organic Valley,True
item_001941,Fisher-Price Dolls Model-1941,toys,Action Figures,21.01,4.4,3686,Hasbro,True
item_001942,Philips Kitchen Model-1942,home_garden,Kitchen,786.25,4.2,1755,Dyson,False
item_001943,Castrol Tools Model-1943,automotive,Car Care,219.19,4.3,1075,3M,True
item_001944,Kelloggs Beverages Model-1944,food,Supplements,51.51,4.0,293,Kelloggs,True
item_001945,Adidas T-Shirts Model-1945,clothing,Dresses,160.84,4.3,232,H&M,True
item_001946,LG Smartphones Model-1946,electronics,Laptops,1715.08,4.1,1,Bosch,True
item_001947,Organic Valley Supplements Model-1947,food,Organic,25.36,2.5,68,Organic Valley,True
item_001948,Tiffany Earrings Model-1948,jewelry,Necklaces,3083.56,2.9,32,Tiffany,True
item_001949,Penguin History Model-1949,books,Science,50.26,3.9,2380,Random House,True
item_001950,Michelin Car Care Model-1950,automotive,Electronics,233.62,3.0,446,Castrol,True
item_001951,LG TVs Model-1951,electronics,Cameras,649.85,4.0,117,Apple,True
item_001952,Samsung Cameras Model-1952,electronics,TVs,74.18,4.2,256,LG,True
item_001953,Maybelline Skincare Model-1953,beauty,Haircare,171.0,4.3,33,Estee Lauder,True
item_001954,Adidas Jeans Model-1954,clothing,Shoes,221.62,3.9,995,Adidas,True
item_001955,Philips Bedding Model-1955,home_garden,Bedding,668.52,4.2,1514,Philips,True
item_001956,Random House History Model-1956,books,Science,16.66,4.5,2390,Random House,True
item_001957,Pandora Earrings Model-1957,jewelry,Earrings,2367.83,4.5,4342,Zales,True
item_001958,Nike Cycling Model-1958,sports,Yoga,217.01,4.5,893,Under Armour,True
item_001959,Castrol Car Care Model-1959,automotive,Accessories,340.05,4.1,1315,Castrol,True
item_001960,Bosch Accessories Model-1960,automotive,Accessories,379.88,3.4,1774,Michelin,True
item_001961,Philips Furniture Model-1961,home_garden,Furniture,52.08,2.9,8,Cuisinart,True
item_001962,Organic Valley Supplements Model-1962,food,Snacks,21.21,3.9,515,Organic Valley,True
item_001963,LOreal Skincare Model-1963,beauty,Skincare,132.7,3.8,968,Estee Lauder,True
item_001964,Philips Furniture Model-1964,home_garden,Garden,136.67,4.5,2244,Philips,True
item_001965,Random House Fiction Model-1965,books,Non-Fiction,34.56,3.5,989,Penguin,True
item_001966,Bosch TVs Model-1966,electronics,Laptops,1589.9,4.1,1501,Bosch,True
item_001967,Bosch Electronics Model-1967,automotive,Accessories,310.57,2.5,1094,Castrol,False
item_001968,Adidas Shoes Model-1968,clothing,T-Shirts,17.12,3.8,856,Adidas,False
item_001969,Fisher-Price Puzzles Model-1969,toys,Puzzles,105.08,3.8,4547,Fisher-Price,True
item_001970,Michelin Tools Model-1970,automotive,Car Care,159.39,3.4,2713,Michelin,True
item_001971,Organic Valley Beverages Model-1971,food,Snacks,67.47,2.7,42,Organic Valley,True
item_001972,Cuisinart Garden Model-1972,home_garden,Garden,132.2,3.4,0,IKEA,True
item_001973,Michelin Car Care Model-1973,automotive,Tools,13.23,5.0,103,Michelin,True
item_001974,Nestle Supplements Model-1974,food,Snacks,48.99,3.4,2018,Organic Valley,True
item_001975,Nestle Beverages Model-1975,food,Snacks,61.36,5.0,95,Kelloggs,False
item_001976,Levis Dresses Model-1976,clothing,T-Shirts,138.82,3.5,33,Nike,True
item_001977,Philips Furniture Model-1977,home_garden,Garden,357.36,2.8,4864,Philips,True
item_001978,Kelloggs Organic Model-1978,food,Organic,43.87,3.4,0,Organic Valley,True
item_001979,Maybelline Fragrance Model-1979,beauty,Fragrance,39.75,3.4,1650,Maybelline,False
item_001980,Philips Lighting Model-1980,home_garden,Bedding,748.54,3.0,154,Dyson,True
item_001981,Penguin Tech Model-1981,books,History,26.56,3.7,245,Penguin,True
item_001982,Adidas Gym Model-1982,sports,Cycling,158.66,3.2,2,Nike,True
item_001983,HarperCollins Science Model-1983,books,Fiction,21.1,3.9,2283,Random House,True
item_001984,Michelin Car Care Model-1984,automotive,Car Care,221.62,3.4,752,Bosch,True
item_001985,Sony Smartphones Model-1985,electronics,Laptops,787.99,4.9,201,Bosch,True
item_001986,Sony Headphones Model-1986,electronics,Headphones,108.77,5.0,2,Samsung,True
item_001987,Adidas Swimming Model-1987,sports,Running,432.34,5.0,398,Nike,True
item_001988,LG Cameras Model-1988,electronics,Smartphones,1813.9,4.2,1836,LG,True
item_001989,Zales Rings Model-1989,jewelry,Necklaces,1313.9,4.3,7,Pandora,True
item_001990,3M Car Care Model-1990,automotive,Tools,107.58,4.0,1027,Castrol,True
item_001991,Tiffany Necklaces Model-1991,jewelry,Bracelets,1466.75,3.4,201,Swarovski,True
item_001992,Organic Valley Beverages Model-1992,food,Snacks,26.13,4.0,5,Organic Valley,True
item_001993,Under Armour Gym Model-1993,sports,Yoga,88.51,4.5,157,Adidas,True
item_001994,Adidas T-Shirts Model-1994,clothing,T-Shirts,254.76,4.4,0,Adidas,True
item_001995,Hasbro Board Games Model-1995,toys,Dolls,74.2,3.8,892,Hasbro,True
item_001996,LEGO Action Figures Model-1996,toys,Puzzles,35.27,3.9,4542,LEGO,True
item_001997,Maybelline Makeup Model-1997,beauty,Fragrance,113.75,3.0,2357,LOreal,True
item_001998,LOreal Skincare Model-1998,beauty,Haircare,62.04,3.9,585,Maybelline,True
item_001999,LEGO Puzzles Model-1999,toys,Board Games,55.7,3.2,971,Hasbro,False
item_002000,Nestle Supplements Model-2000,food,Snacks,10.3,4.3,1741,Kelloggs,True
item_002001,Bosch Cameras Model-2001,electronics,Headphones,815.22,4.3,1273,Apple,True
item_002002,LOreal Skincare Model-2002,beauty,Makeup,43.48,4.8,30,Maybelline,True
item_002003,Zara T-Shirts Model-2003,clothing,Shoes,141.51,3.5,4265,Zara,True
item_002004,Nike Dresses Model-2004,clothing,Dresses,81.05,2.4,1,Nike,True
item_002005,Levis Jeans Model-2005,clothing,Dresses,268.47,4.1,34,Levis,True
item_002006,Swarovski Necklaces Model-2006,jewelry,Rings,311.89,4.2,515,Pandora,True
item_002007,Michelin Accessories Model-2007,automotive,Car Care,274.6,4.2,4447,3M,True
item_002008,Penguin History Model-2008,books,History,59.84,2.8,16,Random House,True
item_002009,Samsung Headphones Model-2009,electronics,Laptops,560.2,5.0,130,Bosch,True
item_002010,Mattel Dolls Model-2010,toys,Action Figures,110.43,4.4,748,LEGO,True
item_002011,Sony Headphones Model-2011,electronics,Cameras,91.98,4.4,214,Sony,True
item_002012,Bosch Smartphones Model-2012,electronics,Cameras,1091.74,4.4,1930,LG,True
item_002013,Zara T-Shirts Model-2013,clothing,Shoes,134.94,3.6,15,Nike,True
item_002014,Nestle Snacks Model-2014,food,Beverages,32.85,2.5,82,Nestle,True
item_002015,Puma Swimming Model-2015,sports,Cycling,84.31,4.2,286,Under Armour,True
item_002016,Kelloggs Supplements Model-2016,food,Supplements,15.09,3.9,471,Organic Valley,True
item_002017,Swarovski Necklaces Model-2017,jewelry,Earrings,2860.82,4.6,169,Pandora,True
item_002018,Michelin Electronics Model-2018,automotive,Car Care,182.17,4.1,47,3M,True
item_002019,LOreal Skincare Model-2019,beauty,Fragrance,20.11,2.0,1883,Maybelline,True
item_002020,Samsung TVs Model-2020,electronics,Laptops,1096.47,3.4,4,LG,True
item_002021,Fisher-Price Board Games Model-2021,toys,Action Figures,111.73,2.9,166,LEGO,True
item_002022,Fisher-Price Action Figures Model-2022,toys,Board Games,70.49,3.4,219,LEGO,True
item_002023,LEGO Puzzles Model-2023,toys,Puzzles,13.22,4.5,502,Mattel,True
item_002024,Nike Jeans Model-2024,clothing,Jackets,265.38,4.3,1037,Zara,True
item_002025,Sony Laptops Model-2025,electronics,Laptops,658.62,3.1,669,Apple,True
item_002026,Swarovski Rings Model-2026,jewelry,Bracelets,1563.38,3.4,340,Swarovski,True
item_002027,Mattel Action Figures Model-2027,toys,Action Figures,59.28,4.3,3304,Fisher-Price,True
item_002028,Pandora Necklaces Model-2028,jewelry,Bracelets,4172.18,4.5,728,Zales,True
item_002029,Michelin Tools Model-2029,automotive,Electronics,246.67,4.0,2555,Bosch,True
item_002030,Cuisinart Lighting Model-2030,home_garden,Kitchen,219.94,3.5,918,IKEA,True
item_002031,Random House History Model-2031,books,Fiction,16.97,4.9,670,Penguin,True
item_002032,3M Accessories Model-2032,automotive,Car Care,220.12,4.2,0,3M,True
item_002033,Penguin Fiction Model-2033,books,Non-Fiction,10.21,2.7,888,Random House,True
item_002034,Random House Tech Model-2034,books,Non-Fiction,37.3,5.0,2157,HarperCollins,True
item_002035,Nestle Organic Model-2035,food,Organic,73.23,5.0,1714,Nestle,True
item_002036,HarperCollins Tech Model-2036,books,Science,40.98,4.4,491,HarperCollins,True
item_002037,Under Armour Gym Model-2037,sports,Yoga,99.91,4.0,238,Nike,False
item_002038,Bosch Car Care Model-2038,automotive,Accessories,292.3,3.8,207,Bosch,True
item_002039,Tiffany Rings Model-2039,jewelry,Rings,2038.54,3.5,2418,Zales,True
item_002040,Cuisinart Lighting Model-2040,home_garden,Kitchen,307.18,4.4,681,IKEA,True
item_002041,Michelin Car Care Model-2041,automotive,Accessories,325.77,3.3,63,3M,True
item_002042,Philips Bedding Model-2042,home_garden,Bedding,712.86,3.0,1775,Philips,True
item_002043,Nike Yoga Model-2043,sports,Swimming,215.26,4.1,3586,Puma,True
item_002044,Maybelline Makeup Model-2044,beauty,Fragrance,113.35,3.2,23,LOreal,True
item_002045,Nestle Organic Model-2045,food,Snacks,19.71,3.4,0,Nestle,True
item_002046,Philips Furniture Model-2046,home_garden,Lighting,343.27,4.5,1770,IKEA,True
item_002047,Swarovski Bracelets Model-2047,jewelry,Necklaces,3425.07,4.3,53,Swarovski,True
item_002048,LEGO Action Figures Model-2048,toys,Puzzles,70.35,3.3,334,Fisher-Price,True
item_002049,Adidas Gym Model-2049,sports,Cycling,269.96,5.0,1503,Under Armour,True
item_002050,Pandora Earrings Model-2050,jewelry,Bracelets,1882.92,4.0,1094,Swarovski,True
item_002051,Samsung Laptops Model-2051,electronics,TVs,1282.83,3.6,1677,Sony,True
item_002052,Dyson Lighting Model-2052,home_garden,Furniture,662.96,3.5,1225,IKEA,True
item_002053,HarperCollins Tech Model-2053,books,Non-Fiction,20.41,3.3,222,Random House,False
item_002054,3M Tools Model-2054,automotive,Car Care,347.65,4.3,71,Bosch,True
item_002055,LOreal Skincare Model-2055,beauty,Skincare,112.57,3.4,1119,LOreal,True
item_002056,Michelin Car Care Model-2056,automotive,Electronics,168.8,3.8,747,Michelin,True
item_002057,Philips Bedding Model-2057,home_garden,Furniture,573.02,3.8,20,IKEA,True
item_002058,Zara Dresses Model-2058,clothing,Jeans,268.31,3.3,2326,Levis,True
item_002059,Hasbro Action Figures Model-2059,toys,Dolls,112.91,3.4,117,Mattel,True
item_002060,LG TVs Model-2060,electronics,Headphones,1353.21,3.0,0,Apple,True
item_002061,Under Armour Yoga Model-2061,sports,Yoga,293.97,4.4,2530,Puma,True
item_002062,Pandora Bracelets Model-2062,jewelry,Rings,255.85,4.2,164,Zales,True
item_002063,H&M Dresses Model-2063,clothing,Jackets,144.71,3.8,44,Nike,True
item_002064,Tiffany Rings Model-2064,jewelry,Bracelets,1239.13,3.3,1682,Tiffany,True
item_002065,Fisher-Price Puzzles Model-2065,toys,Board Games,11.72,4.3,499,Mattel,True
item_002066,Kelloggs Snacks Model-2066,food,Supplements,21.02,4.2,151,Nestle,True
item_002067,Dyson Garden Model-2067,home_garden,Furniture,768.41,4.7,420,Philips,True
item_002068,Adidas Shoes Model-2068,clothing,Dresses,272.67,4.3,2178,Nike,True
item_002069,Mattel Board Games Model-2069,toys,Action Figures,56.24,3.2,3087,Fisher-Price,True
item_002070,Swarovski Necklaces Model-2070,jewelry,Rings,2889.86,3.5,3248,Tiffany,True
item_002071,Hasbro Board Games Model-2071,toys,Puzzles,66.06,4.8,4703,LEGO,True
item_002072,Castrol Electronics Model-2072,automotive,Car Care,324.78,3.1,198,Castrol,False
item_002073,LEGO Board Games Model-2073,toys,Action Figures,11.05,4.1,4681,LEGO,True
item_002074,Nike Gym Model-2074,sports,Yoga,298.84,4.3,1551,Adidas,True
item_002075,Estee Lauder Skincare Model-2075,beauty,Skincare,148.62,4.3,1327,LOreal,True
item_002076,Bosch TVs Model-2076,electronics,Cameras,1135.01,3.1,82,Bosch,True
item_002077,Michelin Tools Model-2077,automotive,Tools,17.35,3.8,408,Castrol,True
item_002078,LG Cameras Model-2078,electronics,TVs,1678.88,3.1,45,LG,True
item_002079,Maybelline Makeup Model-2079,beauty,Fragrance,166.7,3.5,37,LOreal,True
item_002080,LEGO Dolls Model-2080,toys,Board Games,129.35,3.8,0,Hasbro,True
item_002081,Michelin Accessories Model-2081,automotive,Electronics,304.39,4.4,229,Castrol,True
item_002082,Nike Yoga Model-2082,sports,Swimming,90.79,4.3,621,Adidas,True
item_002083,Levis Jackets Model-2083,clothing,Jeans,137.36,3.9,16,H&M,True
item_002084,LG TVs Model-2084,electronics,Cameras,895.61,3.8,85,Samsung,True
item_002085,Zales Bracelets Model-2085,jewelry,Necklaces,2625.96,4.0,0,Tiffany,True
item_002086,Zales Bracelets Model-2086,jewelry,Rings,1330.51,4.1,8,Zales,True
item_002087,Swarovski Earrings Model-2087,jewelry,Bracelets,4441.98,3.7,4931,Swarovski,True
item_002088,Levis Dresses Model-2088,clothing,Dresses,279.2,2.0,910,Zara,True
item_002089,Kelloggs Beverages Model-2089,food,Supplements,46.42,3.5,942,Kelloggs,True
item_002090,3M Accessories Model-2090,automotive,Electronics,176.94,3.8,321,Michelin,True
item_002091,LOreal Haircare Model-2091,beauty,Fragrance,182.87,4.3,1477,Estee Lauder,True
item_002092,IKEA Garden Model-2092,home_garden,Kitchen,791.23,3.5,3473,Philips,True
item_002093,Levis Jackets Model-2093,clothing,Jeans,40.72,3.4,2,Zara,False
item_002094,IKEA Garden Model-2094,home_garden,Lighting,581.53,2.4,7,Cuisinart,True
item_002095,Maybelline Makeup Model-2095,beauty,Makeup,135.39,3.9,284,Estee Lauder,True
item_002096,Nestle Snacks Model-2096,food,Supplements,24.2,3.9,4714,Kelloggs,False
item_002097,Castrol Electronics Model-2097,automotive,Accessories,269.95,3.0,2,Castrol,True
item_002098,Nestle Supplements Model-2098,food,Organic,69.59,4.3,110,Nestle,True
item_002099,Bosch Cameras Model-2099,electronics,TVs,1058.14,3.8,218,Sony,False
item_002100,Dyson Garden Model-2100,home_garden,Bedding,219.04,3.1,0,Philips,True
item_002101,Sony TVs Model-2101,electronics,TVs,1733.18,3.6,37,Bosch,True
item_002102,Sony Cameras Model-2102,electronics,Smartphones,427.61,3.8,1005,LG,False
item_002103,Tiffany Necklaces Model-2103,jewelry,Bracelets,1178.36,3.3,959,Tiffany,True
item_002104,Zara Shoes Model-2104,clothing,Dresses,168.15,4.7,281,H&M,True
item_002105,Philips Furniture Model-2105,home_garden,Garden,449.94,3.4,118,Dyson,True
item_002106,Nike Gym Model-2106,sports,Cycling,18.06,2.7,418,Puma,True
item_002107,IKEA Furniture Model-2107,home_garden,Garden,66.99,3.0,0,Dyson,True
item_002108,LG Smartphones Model-2108,electronics,Cameras,1078.37,4.0,165,Sony,True
item_002109,Kelloggs Organic Model-2109,food,Supplements,40.99,4.3,8,Kelloggs,True
item_002110,Adidas Running Model-2110,sports,Swimming,26.18,4.0,866,Nike,True
item_002111,Sony Smartphones Model-2111,electronics,Headphones,1325.17,4.2,8,LG,False
item_002112,Hasbro Action Figures Model-2112,toys,Action Figures,25.27,3.5,3117,LEGO,True
item_002113,Castrol Car Care Model-2113,automotive,Car Care,237.16,2.5,587,Michelin,True
item_002114,HarperCollins History Model-2114,books,Non-Fiction,43.72,1.9,2914,HarperCollins,True
item_002115,LOreal Haircare Model-2115,beauty,Skincare,142.17,5.0,934,Estee Lauder,True
item_002116,Random House Science Model-2116,books,Tech,12.78,4.1,431,Penguin,True
item_002117,Philips Kitchen Model-2117,home_garden,Furniture,385.84,3.7,0,Cuisinart,True
item_002118,Philips Lighting Model-2118,home_garden,Kitchen,134.33,3.8,960,Cuisinart,False
item_002119,3M Electronics Model-2119,automotive,Car Care,58.48,5.0,1481,Michelin,True
item_002120,Kelloggs Organic Model-2120,food,Snacks,51.84,3.3,14,Kelloggs,True
item_002121,Under Armour Yoga Model-2121,sports,Yoga,159.88,3.7,661,Under Armour,True
item_002122,H&M Jackets Model-2122,clothing,Jeans,132.17,4.3,1314,Nike,True
item_002123,Maybelline Makeup Model-2123,beauty,Fragrance,109.29,3.8,428,LOreal,True
item_002124,Nike Swimming Model-2124,sports,Swimming,332.74,2.7,728,Nike,True
item_002125,Maybelline Skincare Model-2125,beauty,Skincare,59.98,5.0,2779,LOreal,True
item_002126,Nestle Beverages Model-2126,food,Supplements,28.06,5.0,18,Nestle,True
item_002127,Random House History Model-2127,books,Fiction,17.58,4.1,3571,Random House,True
item_002128,Tiffany Earrings Model-2128,jewelry,Bracelets,198.49,5.0,3313,Zales,True
item_002129,LEGO Puzzles Model-2129,toys,Puzzles,142.32,3.9,224,Mattel,True
item_002130,LOreal Haircare Model-2130,beauty,Makeup,92.71,4.0,398,Estee Lauder,True
item_002131,LG TVs Model-2131,electronics,Headphones,1665.62,2.2,2175,Bosch,True
item_002132,Under Armour Running Model-2132,sports,Yoga,496.13,3.8,732,Under Armour,True
item_002133,Random House Tech Model-2133,books,Non-Fiction,49.97,3.9,1626,Random House,True
item_002134,Puma Gym Model-2134,sports,Running,257.29,4.6,2303,Puma,False
item_002135,Random House Science Model-2135,books,Fiction,59.98,3.8,665,Random House,True
item_002136,Michelin Tools Model-2136,automotive,Accessories,328.64,3.6,259,Bosch,False
item_002137,HarperCollins Non-Fiction Model-2137,books,Tech,35.01,3.2,1783,HarperCollins,True
item_002138,Philips Garden Model-2138,home_garden,Garden,480.7,3.3,3804,Cuisinart,True
item_002139,Maybelline Haircare Model-2139,beauty,Haircare,42.16,2.9,9,Estee Lauder,True
item_002140,Penguin Science Model-2140,books,Fiction,36.09,3.9,1456,HarperCollins,True
item_002141,Michelin Electronics Model-2141,automotive,Accessories,361.69,4.1,1000,3M,True
item_002142,3M Tools Model-2142,automotive,Electronics,147.57,4.0,696,Castrol,True
item_002143,LG Headphones Model-2143,electronics,Headphones,1537.21,3.5,921,Sony,True
item_002144,Adidas T-Shirts Model-2144,clothing,Dresses,136.71,3.9,1260,Adidas,True
item_002145,Swarovski Necklaces Model-2145,jewelry,Bracelets,3718.43,4.0,2192,Swarovski,True
item_002146,Castrol Tools Model-2146,automotive,Tools,160.0,3.8,3886,3M,True
item_002147,Random House Science Model-2147,books,Tech,20.81,3.9,3,Random House,True
item_002148,Bosch Car Care Model-2148,automotive,Accessories,338.88,3.8,373,Castrol,True
item_002149,Nestle Supplements Model-2149,food,Snacks,30.63,5.0,180,Organic Valley,True
item_002150,LOreal Skincare Model-2150,beauty,Haircare,39.71,3.2,2,Maybelline,True
item_002151,Castrol Car Care Model-2151,automotive,Car Care,264.91,4.6,60,Bosch,True
item_002152,Sony Laptops Model-2152,electronics,TVs,1336.39,2.4,1203,LG,True
item_002153,H&M Jeans Model-2153,clothing,Jackets,123.87,4.4,1138,Adidas,True
item_002154,Puma Yoga Model-2154,sports,Gym,217.84,3.4,64,Nike,True
item_002155,Samsung Headphones Model-2155,electronics,Headphones,640.44,4.3,10,Apple,True
item_002156,3M Car Care Model-2156,automotive,Accessories,303.37,3.2,2207,Bosch,True
item_002157,HarperCollins Fiction Model-2157,books,Fiction,35.56,4.2,3,Penguin,True
item_002158,Castrol Tools Model-2158,automotive,Car Care,198.95,3.3,2778,3M,True
item_002159,Cuisinart Furniture Model-2159,home_garden,Bedding,491.52,4.6,1240,Cuisinart,True
item_002160,Michelin Accessories Model-2160,automotive,Electronics,238.49,3.5,4,3M,True
item_002161,Dyson Kitchen Model-2161,home_garden,Kitchen,37.85,3.8,219,Dyson,True
item_002162,Bosch Electronics Model-2162,automotive,Tools,351.53,2.0,0,Michelin,True
item_002163,Michelin Electronics Model-2163,automotive,Tools,343.97,3.2,334,3M,True
item_002164,Organic Valley Organic Model-2164,food,Beverages,71.56,4.7,0,Kelloggs,True
item_002165,Apple Smartphones Model-2165,electronics,Laptops,608.02,3.3,180,Bosch,True
item_002166,LOreal Makeup Model-2166,beauty,Haircare,72.84,3.0,1635,LOreal,True
item_002167,Nestle Organic Model-2167,food,Snacks,49.43,2.5,740,Organic Valley,True
item_002168,Swarovski Earrings Model-2168,jewelry,Necklaces,2140.91,4.2,4224,Zales,True
item_002169,Maybelline Skincare Model-2169,beauty,Makeup,177.61,3.9,4830,LOreal,False
item_002170,Castrol Car Care Model-2170,automotive,Car Care,65.69,5.0,445,3M,True
item_002171,Adidas Jackets Model-2171,clothing,Jackets,174.74,3.5,705,Adidas,True
item_002172,Cuisinart Garden Model-2172,home_garden,Garden,272.69,4.1,1095,Dyson,True
item_002173,LEGO Dolls Model-2173,toys,Dolls,68.96,4.2,485,Fisher-Price,False
item_002174,Mattel Puzzles Model-2174,toys,Board Games,116.18,3.3,380,Fisher-Price,True
item_002175,Nestle Beverages Model-2175,food,Organic,54.63,5.0,369,Organic Valley,True
item_002176,Dyson Furniture Model-2176,home_garden,Kitchen,444.53,3.8,0,Philips,True
item_002177,Castrol Car Care Model-2177,automotive,Accessories,114.86,2.9,2608,3M,False
item_002178,Adidas Shoes Model-2178,clothing,Jeans,112.5,2.3,70,H&M,True
item_002179,Michelin Electronics Model-2179,automotive,Electronics,285.15,4.0,2,Michelin,True
item_002180,Maybelline Skincare Model-2180,beauty,Haircare,93.02,3.2,4338,Estee Lauder,True
item_002181,Adidas Swimming Model-2181,sports,Gym,174.76,4.7,4914,Adidas,True
item_002182,Bosch TVs Model-2182,electronics,Smartphones,204.72,4.1,92,Apple,True
item_002183,Puma Swimming Model-2183,sports,Running,346.46,2.7,2742,Puma,True
item_002184,LOreal Haircare Model-2184,beauty,Makeup,71.49,3.6,20,Estee Lauder,True
item_002185,Random House Tech Model-2185,books,Fiction,40.98,3.9,3772,Random House,True
item_002186,Samsung Headphones Model-2186,electronics,Cameras,1312.16,3.8,1,Apple,True
item_002187,Apple Cameras Model-2187,electronics,Headphones,877.0,4.4,344,Bosch,True
item_002188,Dyson Garden Model-2188,home_garden,Kitchen,43.17,3.8,4568,Cuisinart,True
item_002189,Nike T-Shirts Model-2189,clothing,Jackets,139.58,3.0,599,H&M,False
item_002190,Samsung Headphones Model-2190,electronics,Cameras,878.02,3.6,545,Apple,True
item_002191,Bosch Accessories Model-2191,automotive,Electronics,251.45,3.8,1605,Bosch,True
item_002192,Penguin Science Model-2192,books,Tech,27.01,3.9,1614,Random House,True
item_002193,Philips Garden Model-2193,home_garden,Furniture,540.5,3.1,760,IKEA,True
item_002194,Swarovski Earrings Model-2194,jewelry,Bracelets,2126.59,4.0,1399,Swarovski,True
item_002195,Bosch Accessories Model-2195,automotive,Car Care,216.21,3.3,72,3M,True
item_002196,HarperCollins Science Model-2196,books,History,5.77,4.3,519,Penguin,True
item_002197,Zara Shoes Model-2197,clothing,Shoes,78.28,4.5,4,Nike,False
item_002198,Nike Jackets Model-2198,clothing,Dresses,167.95,4.1,867,Zara,True
item_002199,Swarovski Necklaces Model-2199,jewelry,Rings,4406.47,4.4,2128,Tiffany,True
item_002200,Puma Cycling Model-2200,sports,Cycling,295.46,4.2,73,Puma,True
item_002201,Puma Running Model-2201,sports,Swimming,311.32,3.6,165,Nike,True
item_002202,LOreal Fragrance Model-2202,beauty,Skincare,93.88,3.1,0,LOreal,True
item_002203,Adidas Running Model-2203,sports,Running,103.06,4.0,2342,Puma,True
item_002204,Bosch Laptops Model-2204,electronics,Smartphones,1291.48,4.0,1139,LG,True
item_002205,H&M Jeans Model-2205,clothing,Dresses,213.68,4.1,3,Levis,True
item_002206,H&M Shoes Model-2206,clothing,Shoes,55.4,3.5,200,Nike,True
item_002207,Nike Running Model-2207,sports,Cycling,486.25,4.8,4554,Under Armour,True
item_002208,Philips Garden Model-2208,home_garden,Garden,372.04,4.2,1797,Cuisinart,True
item_002209,Bosch Headphones Model-2209,electronics,Laptops,1015.15,4.1,626,Apple,True
item_002210,LEGO Dolls Model-2210,toys,Board Games,128.8,2.9,79,Mattel,True
item_002211,Nike Running Model-2211,sports,Gym,253.62,2.9,120,Adidas,True
item_002212,Puma Swimming Model-2212,sports,Cycling,205.01,4.4,44,Nike,True
item_002213,HarperCollins Non-Fiction Model-2213,books,Non-Fiction,42.58,4.0,97,HarperCollins,True
item_002214,Adidas Swimming Model-2214,sports,Swimming,241.38,4.1,18,Nike,True
item_002215,HarperCollins Fiction Model-2215,books,History,21.32,4.3,3937,HarperCollins,True
item_002216,Swarovski Earrings Model-2216,jewelry,Necklaces,2860.83,3.9,12,Tiffany,True
item_002217,H&M Shoes Model-2217,clothing,Dresses,175.62,3.0,986,Nike,True
item_002218,Under Armour Running Model-2218,sports,Gym,97.62,3.0,433,Adidas,True
item_002219,Nike Swimming Model-2219,sports,Gym,249.39,4.1,431,Adidas,True
item_002220,Estee Lauder Skincare Model-2220,beauty,Haircare,158.14,5.0,1239,Maybelline,True
item_002221,Estee Lauder Makeup Model-2221,beauty,Fragrance,189.04,3.3,352,Maybelline,True
item_002222,Apple Smartphones Model-2222,electronics,Cameras,1039.8,3.3,128,Bosch,True
item_002223,Adidas Swimming Model-2223,sports,Running,266.68,2.6,0,Under Armour,False
item_002224,Nike Running Model-2224,sports,Cycling,19.73,3.5,1306,Puma,True
item_002225,Castrol Electronics Model-2225,automotive,Tools,114.54,4.5,0,3M,True
item_002226,IKEA Furniture Model-2226,home_garden,Lighting,158.42,3.4,4782,Dyson,True
item_002227,LOreal Makeup Model-2227,beauty,Haircare,101.32,3.5,181,LOreal,True
item_002228,Fisher-Price Board Games Model-2228,toys,Action Figures,84.89,4.2,1820,Mattel,True
item_002229,Zara Shoes Model-2229,clothing,Shoes,77.33,2.6,267,Nike,False
item_002230,LOreal Fragrance Model-2230,beauty,Makeup,123.73,4.6,4,Estee Lauder,True
item_002231,Pandora Necklaces Model-2231,jewelry,Bracelets,599.95,3.2,973,Tiffany,True
item_002232,Hasbro Board Games Model-2232,toys,Board Games,145.5,4.1,4,Fisher-Price,True
item_002233,Tiffany Bracelets Model-2233,jewelry,Rings,2390.27,3.1,2511,Swarovski,True
item_002234,IKEA Garden Model-2234,home_garden,Bedding,257.25,3.0,150,IKEA,True
item_002235,Zales Bracelets Model-2235,jewelry,Earrings,2615.14,4.0,102,Zales,True
item_002236,3M Tools Model-2236,automotive,Car Care,399.3,3.4,0,3M,True
item_002237,Samsung Smartphones Model-2237,electronics,TVs,1427.38,4.8,2539,Samsung,True
item_002238,Penguin Tech Model-2238,books,Non-Fiction,43.61,3.4,1584,Penguin,True
item_002239,Hasbro Board Games Model-2239,toys,Dolls,91.73,4.4,18,Fisher-Price,True
item_002240,Nike T-Shirts Model-2240,clothing,Jackets,156.5,4.4,4546,Adidas,True
item_002241,Nike Cycling Model-2241,sports,Running,41.15,4.2,0,Adidas,True
item_002242,Random House Tech Model-2242,books,Science,31.32,3.6,157,Random House,True
item_002243,Estee Lauder Fragrance Model-2243,beauty,Fragrance,26.07,3.9,755,Maybelline,True
item_002244,Hasbro Action Figures Model-2244,toys,Board Games,103.24,3.4,297,Fisher-Price,True
item_002245,LEGO Board Games Model-2245,toys,Board Games,99.24,3.6,1080,Fisher-Price,True
item_002246,Cuisinart Bedding Model-2246,home_garden,Bedding,154.66,4.2,44,IKEA,True
item_002247,Cuisinart Garden Model-2247,home_garden,Furniture,672.17,3.6,395,Dyson,True
item_002248,H&M Dresses Model-2248,clothing,Shoes,150.81,4.1,220,Zara,True
item_002249,3M Tools Model-2249,automotive,Car Care,338.51,4.0,0,Michelin,True
item_002250,IKEA Furniture Model-2250,home_garden,Lighting,117.53,2.7,344,IKEA,True
item_002251,Adidas Swimming Model-2251,sports,Running,435.64,4.5,2114,Adidas,True
item_002252,Philips Bedding Model-2252,home_garden,Bedding,130.47,2.8,4540,Cuisinart,True
item_002253,Levis T-Shirts Model-2253,clothing,T-Shirts,88.47,3.7,1574,H&M,True
item_002254,Adidas Cycling Model-2254,sports,Gym,467.97,4.2,75,Adidas,True
item_002255,Tiffany Rings Model-2255,jewelry,Rings,3289.65,3.5,11,Tiffany,True
item_002256,H&M Dresses Model-2256,clothing,Jackets,287.87,4.3,0,Levis,True
item_002257,Penguin Fiction Model-2257,books,History,34.5,2.8,4,HarperCollins,True
item_002258,Mattel Board Games Model-2258,toys,Puzzles,17.06,4.5,408,Mattel,True
item_002259,Estee Lauder Makeup Model-2259,beauty,Skincare,175.36,4.1,37,Estee Lauder,True
item_002260,H&M Shoes Model-2260,clothing,Dresses,267.22,4.3,2552,Zara,True
item_002261,Puma Cycling Model-2261,sports,Gym,128.98,3.0,301,Under Armour,True
item_002262,Fisher-Price Dolls Model-2262,toys,Puzzles,70.22,3.1,3,Mattel,True
item_002263,Estee Lauder Skincare Model-2263,beauty,Makeup,51.87,4.3,15,LOreal,True
item_002264,Bosch Car Care Model-2264,automotive,Accessories,279.65,3.0,163,Castrol,True
item_002265,Mattel Action Figures Model-2265,toys,Dolls,12.77,4.3,17,LEGO,True
item_002266,Estee Lauder Haircare Model-2266,beauty,Fragrance,123.62,2.0,0,LOreal,True
item_002267,Zales Necklaces Model-2267,jewelry,Necklaces,4088.5,3.1,39,Swarovski,True
item_002268,Levis Dresses Model-2268,clothing,Dresses,210.65,4.8,0,H&M,True
item_002269,Adidas Gym Model-2269,sports,Yoga,295.03,3.6,1636,Puma,True
item_002270,Cuisinart Kitchen Model-2270,home_garden,Furniture,357.46,3.7,3033,Dyson,False
item_002271,Organic Valley Supplements Model-2271,food,Snacks,32.93,2.6,156,Organic Valley,True
item_002272,Organic Valley Snacks Model-2272,food,Snacks,44.82,4.1,159,Organic Valley,True
item_002273,Hasbro Puzzles Model-2273,toys,Action Figures,15.78,4.3,4870,Mattel,True
item_002274,HarperCollins Non-Fiction Model-2274,books,History,49.58,3.2,981,Penguin,True
item_002275,Organic Valley Organic Model-2275,food,Beverages,51.42,3.7,4942,Nestle,True
item_002276,Adidas Shoes Model-2276,clothing,Dresses,265.41,3.3,687,H&M,True
item_002277,Castrol Electronics Model-2277,automotive,Car Care,112.82,4.9,672,3M,True
item_002278,3M Electronics Model-2278,automotive,Car Care,392.92,3.4,4105,Michelin,True
item_002279,Pandora Bracelets Model-2279,jewelry,Rings,316.64,3.2,9,Swarovski,True
item_002280,3M Car Care Model-2280,automotive,Electronics,27.66,3.9,2300,Michelin,True
item_002281,Philips Garden Model-2281,home_garden,Furniture,682.8,2.5,248,IKEA,False
item_002282,Penguin Fiction Model-2282,books,Fiction,17.31,4.5,0,Penguin,True
item_002283,Bosch Laptops Model-2283,electronics,Laptops,1842.21,3.2,806,Bosch,False
item_002284,Nestle Supplements Model-2284,food,Beverages,74.65,3.8,41,Nestle,True
item_002285,Swarovski Necklaces Model-2285,jewelry,Rings,4510.96,2.6,275,Pandora,True
item_002286,Dyson Lighting Model-2286,home_garden,Garden,142.97,3.7,81,Dyson,True
item_002287,LG Laptops Model-2287,electronics,Laptops,577.6,4.8,1219,LG,False
item_002288,Castrol Car Care Model-2288,automotive,Car Care,166.39,2.4,19,3M,True
item_002289,LEGO Board Games Model-2289,toys,Action Figures,130.75,4.1,588,Hasbro,True
item_002290,Pandora Earrings Model-2290,jewelry,Earrings,253.36,3.3,2191,Swarovski,True
item_002291,HarperCollins Tech Model-2291,books,Non-Fiction,30.15,4.7,1481,Penguin,True
item_002292,Zales Necklaces Model-2292,jewelry,Earrings,1085.02,3.1,4086,Swarovski,True
item_002293,Kelloggs Organic Model-2293,food,Beverages,36.62,4.1,1380,Nestle,True
item_002294,HarperCollins Tech Model-2294,books,Science,46.44,3.8,2,Penguin,True
item_002295,Michelin Electronics Model-2295,automotive,Accessories,87.33,4.6,207,Bosch,True
item_002296,Estee Lauder Makeup Model-2296,beauty,Skincare,33.41,4.4,0,Maybelline,True
item_002297,3M Electronics Model-2297,automotive,Car Care,162.25,3.6,0,Michelin,False
item_002298,Under Armour Cycling Model-2298,sports,Gym,139.13,3.7,417,Under Armour,True
item_002299,Dyson Kitchen Model-2299,home_garden,Bedding,314.2,4.3,295,IKEA,True
item_002300,LOreal Makeup Model-2300,beauty,Skincare,188.5,2.9,806,Estee Lauder,True
item_002301,Zales Necklaces Model-2301,jewelry,Necklaces,4868.4,3.7,0,Tiffany,True
item_002302,LOreal Skincare Model-2302,beauty,Haircare,74.35,3.4,961,LOreal,True
item_002303,Apple Laptops Model-2303,electronics,Cameras,1381.11,2.9,2464,Samsung,True
item_002304,Bosch Electronics Model-2304,automotive,Electronics,292.42,3.9,63,3M,True
item_002305,Castrol Electronics Model-2305,automotive,Tools,267.46,4.3,1243,Michelin,True
item_002306,Sony Laptops Model-2306,electronics,Laptops,67.11,3.4,178,Samsung,True
item_002307,Fisher-Price Dolls Model-2307,toys,Puzzles,22.57,4.1,0,Fisher-Price,True
item_002308,Apple Cameras Model-2308,electronics,Smartphones,1437.52,4.1,227,LG,True
item_002309,Samsung Headphones Model-2309,electronics,Laptops,1967.94,4.2,555,Sony,True
item_002310,Samsung Headphones Model-2310,electronics,Smartphones,1690.87,4.2,777,Sony,True
item_002311,Sony Headphones Model-2311,electronics,Laptops,1646.32,4.6,392,Samsung,True
item_002312,Samsung Headphones Model-2312,electronics,Headphones,988.07,4.0,4431,Sony,True
item_002313,Nike Cycling Model-2313,sports,Yoga,294.46,4.4,184,Adidas,True
item_002314,Nike Running Model-2314,sports,Cycling,96.33,2.5,1005,Under Armour,True
item_002315,Tiffany Earrings Model-2315,jewelry,Earrings,4583.12,4.7,97,Zales,True
item_002316,Organic Valley Snacks Model-2316,food,Organic,53.71,2.6,249,Nestle,False
item_002317,Random House Fiction Model-2317,books,Science,35.2,5.0,58,Penguin,False
item_002318,3M Electronics Model-2318,automotive,Car Care,281.66,3.3,2011,Castrol,True
item_002319,Puma Gym Model-2319,sports,Gym,140.14,3.8,179,Adidas,False
item_002320,Fisher-Price Action Figures Model-2320,toys,Puzzles,76.92,3.2,3326,Mattel,True
item_002321,Penguin Fiction Model-2321,books,Tech,6.26,4.6,4041,Penguin,True
item_002322,IKEA Furniture Model-2322,home_garden,Furniture,355.6,3.8,0,IKEA,True
item_002323,LG Cameras Model-2323,electronics,Smartphones,546.17,3.7,164,Samsung,True
item_002324,Nike Yoga Model-2324,sports,Gym,463.59,4.1,637,Nike,True
item_002325,Apple TVs Model-2325,electronics,Laptops,449.45,4.1,238,Apple,True
item_002326,Zara T-Shirts Model-2326,clothing,Jackets,229.98,3.4,299,Nike,True
item_002327,Adidas Yoga Model-2327,sports,Yoga,65.06,3.9,1782,Nike,True
item_002328,Organic Valley Beverages Model-2328,food,Snacks,27.41,3.9,637,Kelloggs,True
item_002329,Pandora Earrings Model-2329,jewelry,Earrings,4123.9,2.8,17,Swarovski,True
item_002330,Kelloggs Organic Model-2330,food,Snacks,42.7,3.7,320,Nestle,True
item_002331,3M Electronics Model-2331,automotive,Car Care,325.32,4.8,8,3M,True
item_002332,HarperCollins Non-Fiction Model-2332,books,Science,41.49,4.2,1702,Random House,True
item_002333,Philips Lighting Model-2333,home_garden,Kitchen,134.23,3.3,431,Philips,True
item_002334,Nike Swimming Model-2334,sports,Swimming,141.34,4.1,358,Puma,True
item_002335,Penguin Tech Model-2335,books,Non-Fiction,29.4,4.3,0,Penguin,True
item_002336,Hasbro Dolls Model-2336,toys,Dolls,21.46,5.0,86,LEGO,True
item_002337,Under Armour Cycling Model-2337,sports,Cycling,483.22,4.0,1026,Puma,False
item_002338,Zales Necklaces Model-2338,jewelry,Bracelets,2501.64,4.5,2007,Tiffany,True
item_002339,Philips Kitchen Model-2339,home_garden,Garden,610.29,4.6,2596,IKEA,True
item_002340,Hasbro Puzzles Model-2340,toys,Board Games,58.34,3.3,1163,Mattel,True
item_002341,Samsung Smartphones Model-2341,electronics,TVs,480.63,2.1,1647,Apple,True
item_002342,Adidas T-Shirts Model-2342,clothing,Jeans,113.26,3.2,3219,Adidas,True
item_002343,Michelin Electronics Model-2343,automotive,Accessories,39.62,2.9,3936,Michelin,True
item_002344,Levis Jeans Model-2344,clothing,Shoes,47.38,4.2,806,Levis,False
item_002345,IKEA Garden Model-2345,home_garden,Garden,369.71,3.1,4847,Cuisinart,True
item_002346,Adidas Swimming Model-2346,sports,Yoga,332.46,3.2,2616,Puma,True
item_002347,Levis Dresses Model-2347,clothing,Shoes,270.35,4.3,3217,Nike,True
item_002348,Bosch Smartphones Model-2348,electronics,Smartphones,994.95,3.6,586,Apple,True
item_002349,Maybelline Fragrance Model-2349,beauty,Skincare,130.77,4.3,0,Estee Lauder,False
item_002350,LOreal Haircare Model-2350,beauty,Haircare,26.65,4.4,420,LOreal,True
item_002351,Bosch Tools Model-2351,automotive,Car Care,166.46,3.1,4320,Bosch,True
item_002352,Nestle Snacks Model-2352,food,Organic,38.11,3.7,1458,Kelloggs,False
item_002353,Samsung Cameras Model-2353,electronics,Smartphones,451.21,4.5,2107,Sony,True
item_002354,Tiffany Necklaces Model-2354,jewelry,Bracelets,403.75,3.8,2830,Pandora,True
item_002355,Fisher-Price Action Figures Model-2355,toys,Dolls,37.79,5.0,1048,Fisher-Price,True
item_002356,Bosch Accessories Model-2356,automotive,Accessories,287.74,4.3,1526,Michelin,True
item_002357,LG Headphones Model-2357,electronics,TVs,1908.31,3.4,4219,Bosch,True
item_002358,Zara Jeans Model-2358,clothing,Dresses,62.3,4.5,390,Zara,True
item_002359,Pandora Rings Model-2359,jewelry,Bracelets,4026.73,4.4,1265,Pandora,True
item_002360,Mattel Puzzles Model-2360,toys,Board Games,116.45,3.7,669,Fisher-Price,True
item_002361,Sony Laptops Model-2361,electronics,Smartphones,107.76,4.5,0,Apple,True
item_002362,Penguin Tech Model-2362,books,Non-Fiction,16.15,4.4,2847,Penguin,True
item_002363,Zales Necklaces Model-2363,jewelry,Rings,455.37,4.1,6,Zales,True
item_002364,Castrol Electronics Model-2364,automotive,Electronics,221.31,4.1,0,Michelin,True
item_002365,Penguin Tech Model-2365,books,Fiction,31.56,4.1,1586,Penguin,True
item_002366,Random House Fiction Model-2366,books,History,34.84,4.3,5,Random House,True
item_002367,LEGO Board Games Model-2367,toys,Board Games,10.06,4.0,289,Hasbro,True
item_002368,Samsung Headphones Model-2368,electronics,Smartphones,702.16,3.2,263,Samsung,True
item_002369,Adidas Yoga Model-2369,sports,Gym,389.79,3.7,3416,Nike,True
item_002370,Nike Dresses Model-2370,clothing,Jackets,152.92,3.3,3133,Nike,True
item_002371,Adidas Dresses Model-2371,clothing,Dresses,269.53,4.3,1299,Adidas,True
item_002372,HarperCollins History Model-2372,books,History,17.94,4.0,1187,Penguin,True
item_002373,Pandora Bracelets Model-2373,jewelry,Rings,837.33,4.6,199,Swarovski,True
item_002374,Tiffany Earrings Model-2374,jewelry,Earrings,29.05,3.0,0,Swarovski,True
item_002375,Fisher-Price Action Figures Model-2375,toys,Puzzles,86.15,4.6,397,Hasbro,True
item_002376,Mattel Dolls Model-2376,toys,Board Games,10.81,2.3,1394,LEGO,True
item_002377,Pandora Necklaces Model-2377,jewelry,Bracelets,1613.14,3.1,42,Tiffany,True
item_002378,Kelloggs Snacks Model-2378,food,Beverages,22.74,3.1,185,Organic Valley,True
item_002379,Philips Garden Model-2379,home_garden,Kitchen,659.56,3.9,155,Philips,True
item_002380,Adidas Cycling Model-2380,sports,Gym,366.03,3.4,669,Nike,True
item_002381,Philips Garden Model-2381,home_garden,Furniture,243.22,3.8,4226,IKEA,True
item_002382,Nike T-Shirts Model-2382,clothing,Jeans,163.13,3.1,67,Adidas,True
item_002383,LEGO Dolls Model-2383,toys,Board Games,134.73,4.0,0,Hasbro,True
item_002384,Castrol Tools Model-2384,automotive,Accessories,44.88,3.2,198,3M,True
item_002385,HarperCollins History Model-2385,books,Tech,5.24,4.0,104,HarperCollins,True
item_002386,Bosch TVs Model-2386,electronics,Headphones,452.3,3.8,272,Sony,True
item_002387,Under Armour Cycling Model-2387,sports,Yoga,140.65,2.9,1,Nike,True
item_002388,Adidas Running Model-2388,sports,Yoga,426.06,2.6,0,Puma,True
item_002389,LEGO Board Games Model-2389,toys,Dolls,80.79,3.9,1,LEGO,True
item_002390,Adidas Jeans Model-2390,clothing,Shoes,265.59,4.0,286,Levis,True
item_002391,Pandora Bracelets Model-2391,jewelry,Necklaces,3039.7,4.1,2534,Tiffany,True
item_002392,Apple Laptops Model-2392,electronics,Smartphones,1648.34,2.7,3166,Sony,True
item_002393,Maybelline Skincare Model-2393,beauty,Makeup,114.17,4.7,16,Maybelline,True
item_002394,Philips Lighting Model-2394,home_garden,Furniture,525.56,3.8,1428,IKEA,True
item_002395,LEGO Puzzles Model-2395,toys,Puzzles,78.34,3.9,1701,Hasbro,True
item_002396,HarperCollins Science Model-2396,books,Tech,14.99,2.4,480,Penguin,True
item_002397,Pandora Earrings Model-2397,jewelry,Earrings,2301.93,2.8,511,Zales,True
item_002398,Random House History Model-2398,books,Non-Fiction,24.6,4.2,176,Random House,True
item_002399,Puma Running Model-2399,sports,Cycling,345.89,4.1,3301,Nike,True
item_002400,Mattel Action Figures Model-2400,toys,Puzzles,40.07,3.6,36,Mattel,True
item_002401,IKEA Lighting Model-2401,home_garden,Bedding,250.75,4.3,100,IKEA,True
item_002402,Tiffany Rings Model-2402,jewelry,Bracelets,4999.98,3.6,1725,Pandora,True
item_002403,Nike Cycling Model-2403,sports,Gym,127.37,3.7,187,Puma,True
item_002404,Nike Jackets Model-2404,clothing,T-Shirts,271.55,4.6,1684,Levis,True
item_002405,IKEA Lighting Model-2405,home_garden,Bedding,558.52,2.8,1252,Dyson,True
item_002406,Michelin Car Care Model-2406,automotive,Accessories,279.57,3.7,1781,3M,True
item_002407,Fisher-Price Board Games Model-2407,toys,Action Figures,104.23,4.4,12,LEGO,True
item_002408,Levis T-Shirts Model-2408,clothing,Shoes,77.95,5.0,110,Adidas,True
item_002409,Michelin Car Care Model-2409,automotive,Accessories,260.63,3.4,0,Bosch,True
item_002410,Philips Lighting Model-2410,home_garden,Bedding,40.24,4.3,107,IKEA,True
item_002411,Kelloggs Organic Model-2411,food,Organic,62.37,4.6,1765,Nestle,True
item_002412,Estee Lauder Fragrance Model-2412,beauty,Fragrance,111.98,4.3,2495,Maybelline,True
item_002413,Organic Valley Snacks Model-2413,food,Snacks,8.76,4.5,323,Organic Valley,True
item_002414,Michelin Electronics Model-2414,automotive,Electronics,373.56,2.8,4731,Bosch,True
item_002415,Penguin Fiction Model-2415,books,History,8.03,4.0,83,HarperCollins,True
item_002416,Puma Cycling Model-2416,sports,Yoga,201.08,3.6,1476,Under Armour,False
item_002417,Organic Valley Supplements Model-2417,food,Beverages,70.51,4.1,194,Organic Valley,True
item_002418,Tiffany Rings Model-2418,jewelry,Necklaces,3341.0,4.4,1252,Tiffany,False
item_002419,Tiffany Earrings Model-2419,jewelry,Rings,3167.33,3.5,2,Pandora,True
item_002420,Under Armour Gym Model-2420,sports,Running,161.5,3.3,0,Nike,True
item_002421,IKEA Bedding Model-2421,home_garden,Bedding,289.02,3.2,3,Philips,True
item_002422,Mattel Action Figures Model-2422,toys,Board Games,90.16,3.3,0,LEGO,True
item_002423,Organic Valley Beverages Model-2423,food,Beverages,16.55,4.1,3703,Nestle,True
item_002424,Samsung Headphones Model-2424,electronics,TVs,1041.08,3.0,178,Apple,True
item_002425,Pandora Earrings Model-2425,jewelry,Earrings,520.79,4.3,43,Swarovski,True
item_002426,3M Electronics Model-2426,automotive,Tools,93.39,4.9,789,Bosch,True
item_002427,Nestle Supplements Model-2427,food,Snacks,75.17,4.0,1983,Kelloggs,True
item_002428,HarperCollins Non-Fiction Model-2428,books,Fiction,21.98,4.5,1320,Penguin,True
item_002429,3M Car Care Model-2429,automotive,Electronics,70.24,3.7,1030,Michelin,True
item_002430,Tiffany Rings Model-2430,jewelry,Rings,3572.11,4.3,4838,Swarovski,True
item_002431,Random House Non-Fiction Model-2431,books,History,29.74,2.5,1684,Penguin,True
item_002432,Mattel Dolls Model-2432,toys,Action Figures,12.42,3.3,682,Hasbro,True
item_002433,Random House Science Model-2433,books,History,6.37,4.4,17,HarperCollins,True
item_002434,Philips Garden Model-2434,home_garden,Kitchen,226.98,5.0,0,Cuisinart,True
item_002435,Organic Valley Supplements Model-2435,food,Supplements,39.09,4.3,119,Organic Valley,True
item_002436,LEGO Puzzles Model-2436,toys,Board Games,14.29,3.1,981,Mattel,True
item_002437,Philips Bedding Model-2437,home_garden,Bedding,382.17,4.8,1324,IKEA,True
item_002438,Puma Gym Model-2438,sports,Gym,158.23,3.6,2705,Under Armour,False
item_002439,Levis T-Shirts Model-2439,clothing,T-Shirts,61.32,4.0,452,Nike,False
item_002440,Pandora Earrings Model-2440,jewelry,Necklaces,4146.01,4.3,1782,Tiffany,False
item_002441,Penguin History Model-2441,books,Science,32.56,4.3,36,Penguin,True
item_002442,Zales Necklaces Model-2442,jewelry,Rings,1748.67,4.9,20,Tiffany,True
item_002443,Nestle Beverages Model-2443,food,Supplements,51.12,4.2,111,Nestle,True
item_002444,Sony Headphones Model-2444,electronics,Cameras,941.97,3.1,2,Bosch,True
item_002445,IKEA Bedding Model-2445,home_garden,Lighting,641.84,4.5,12,Dyson,True
item_002446,Dyson Lighting Model-2446,home_garden,Bedding,414.14,4.4,8,IKEA,True
item_002447,Nestle Beverages Model-2447,food,Organic,77.6,2.6,163,Organic Valley,True
item_002448,Zara T-Shirts Model-2448,clothing,Jeans,135.54,3.6,0,Levis,True
item_002449,Nestle Snacks Model-2449,food,Snacks,16.0,3.4,1249,Organic Valley,True
item_002450,Nestle Organic Model-2450,food,Beverages,7.22,3.1,2,Kelloggs,True
item_002451,LOreal Fragrance Model-2451,beauty,Makeup,108.34,3.9,28,Estee Lauder,True
item_002452,Random House Tech Model-2452,books,Tech,29.32,3.9,14,Random House,True
item_002453,Maybelline Haircare Model-2453,beauty,Haircare,139.65,3.5,385,Estee Lauder,True
item_002454,Nike Jackets Model-2454,clothing,T-Shirts,188.48,4.5,2698,Nike,True
item_002455,Bosch Headphones Model-2455,electronics,Headphones,1948.97,3.3,96,Bosch,False
item_002456,Adidas Jackets Model-2456,clothing,T-Shirts,96.88,3.5,252,H&M,True
item_002457,Philips Furniture Model-2457,home_garden,Furniture,630.34,3.6,4059,IKEA,True
item_002458,Nike Gym Model-2458,sports,Gym,467.68,4.2,675,Puma,True
item_002459,Sony Cameras Model-2459,electronics,Smartphones,690.25,4.6,544,Samsung,True
item_002460,Hasbro Dolls Model-2460,toys,Dolls,148.1,3.1,1,Fisher-Price,True
item_002461,Hasbro Action Figures Model-2461,toys,Action Figures,71.12,4.1,265,Fisher-Price,True
item_002462,Bosch TVs Model-2462,electronics,Headphones,334.16,4.3,1066,LG,True
item_002463,LOreal Fragrance Model-2463,beauty,Haircare,152.16,4.5,1325,Maybelline,True
item_002464,Hasbro Dolls Model-2464,toys,Action Figures,108.65,3.5,8,Hasbro,True
item_002465,Apple Smartphones Model-2465,electronics,Cameras,1253.49,3.7,1668,Apple,True
item_002466,IKEA Kitchen Model-2466,home_garden,Kitchen,283.1,3.5,4252,IKEA,False
item_002467,Kelloggs Supplements Model-2467,food,Snacks,4.63,3.6,419,Organic Valley,True
item_002468,LOreal Makeup Model-2468,beauty,Haircare,137.31,3.4,2985,LOreal,True
item_002469,Fisher-Price Board Games Model-2469,toys,Action Figures,141.6,3.8,4583,Hasbro,True
item_002470,Penguin Fiction Model-2470,books,Fiction,56.14,2.3,2672,Penguin,True
item_002471,Tiffany Earrings Model-2471,jewelry,Bracelets,1787.76,3.2,378,Pandora,True
item_002472,Adidas T-Shirts Model-2472,clothing,Shoes,74.84,3.5,2736,Levis,True
item_002473,Philips Lighting Model-2473,home_garden,Furniture,80.0,3.9,4327,Philips,True
item_002474,Nestle Organic Model-2474,food,Supplements,64.09,4.3,8,Kelloggs,False
item_002475,HarperCollins Fiction Model-2475,books,Tech,22.5,4.7,18,Random House,True
item_002476,Cuisinart Furniture Model-2476,home_garden,Kitchen,773.86,3.6,13,Dyson,True
item_002477,Michelin Tools Model-2477,automotive,Accessories,85.98,4.5,1217,3M,True
item_002478,Bosch TVs Model-2478,electronics,Cameras,792.37,3.7,509,Samsung,True
item_002479,Cuisinart Kitchen Model-2479,home_garden,Kitchen,467.21,5.0,78,Cuisinart,True
item_002480,Philips Furniture Model-2480,home_garden,Kitchen,258.71,3.7,171,Philips,False
item_002481,LOreal Haircare Model-2481,beauty,Fragrance,105.26,4.6,29,Maybelline,False
item_002482,Bosch Headphones Model-2482,electronics,Smartphones,814.15,3.5,3990,Samsung,True
item_002483,Nestle Beverages Model-2483,food,Snacks,63.98,3.4,1468,Kelloggs,True
item_002484,Organic Valley Beverages Model-2484,food,Beverages,49.98,3.2,2181,Nestle,True
item_002485,Mattel Board Games Model-2485,toys,Action Figures,97.16,3.2,97,Mattel,False
item_002486,Bosch Car Care Model-2486,automotive,Electronics,213.74,4.6,900,Bosch,True
item_002487,H&M T-Shirts Model-2487,clothing,Jeans,192.47,4.3,499,Nike,True
item_002488,Adidas Dresses Model-2488,clothing,Jackets,294.95,2.4,171,Zara,True
item_002489,Nestle Beverages Model-2489,food,Supplements,65.35,3.0,4363,Organic Valley,True
item_002490,Adidas Cycling Model-2490,sports,Yoga,461.55,3.4,2074,Nike,True
item_002491,HarperCollins Fiction Model-2491,books,Tech,10.79,2.9,657,HarperCollins,True
item_002492,Organic Valley Snacks Model-2492,food,Beverages,38.66,4.8,978,Kelloggs,True
item_002493,Zara T-Shirts Model-2493,clothing,Dresses,227.57,3.7,2070,Nike,True
item_002494,LOreal Skincare Model-2494,beauty,Skincare,152.48,4.1,513,Maybelline,True
item_002495,Estee Lauder Makeup Model-2495,beauty,Fragrance,28.29,4.2,2170,LOreal,True
item_002496,Puma Cycling Model-2496,sports,Running,354.42,3.2,4309,Under Armour,True
item_002497,Adidas Swimming Model-2497,sports,Running,180.17,3.2,3377,Nike,True
item_002498,LEGO Puzzles Model-2498,toys,Puzzles,72.53,3.1,2112,Mattel,True
item_002499,LOreal Makeup Model-2499,beauty,Haircare,77.18,4.1,509,Estee Lauder,True
item_002500,Random House Science Model-2500,books,Science,5.17,2.8,10,HarperCollins,False
item_002501,Nike Running Model-2501,sports,Running,264.56,4.7,2,Nike,True
item_002502,Bosch Headphones Model-2502,electronics,Laptops,386.48,3.0,115,Samsung,True
item_002503,Hasbro Dolls Model-2503,toys,Board Games,60.06,2.9,2794,Mattel,True
item_002504,Maybelline Haircare Model-2504,beauty,Haircare,93.59,4.4,1175,Maybelline,True
item_002505,Michelin Accessories Model-2505,automotive,Car Care,28.72,4.8,4158,3M,True
item_002506,Bosch Cameras Model-2506,electronics,Laptops,1210.37,5.0,26,LG,True
item_002507,3M Electronics Model-2507,automotive,Electronics,40.94,4.5,1182,3M,True
item_002508,Estee Lauder Skincare Model-2508,beauty,Haircare,13.08,2.2,0,LOreal,True
item_002509,Adidas Swimming Model-2509,sports,Running,15.16,4.2,2020,Adidas,True
item_002510,Sony Laptops Model-2510,electronics,Smartphones,1497.05,3.3,581,Sony,True
item_002511,Hasbro Board Games Model-2511,toys,Dolls,81.11,4.2,4313,Fisher-Price,True
item_002512,Castrol Electronics Model-2512,automotive,Tools,386.91,3.1,34,Michelin,True
item_002513,Zara Jeans Model-2513,clothing,Jackets,298.86,3.7,927,Nike,True
item_002514,Levis T-Shirts Model-2514,clothing,Dresses,65.86,4.5,190,H&M,True
item_002515,Maybelline Skincare Model-2515,beauty,Haircare,152.98,3.5,0,Maybelline,True
item_002516,Under Armour Swimming Model-2516,sports,Cycling,378.9,4.0,2356,Under Armour,True
item_002517,Nike T-Shirts Model-2517,clothing,Shoes,138.48,3.8,858,Levis,True
item_002518,Apple Laptops Model-2518,electronics,Smartphones,497.17,3.5,0,LG,True
item_002519,Zara T-Shirts Model-2519,clothing,Jackets,143.72,4.5,1005,Nike,True
item_002520,Under Armour Cycling Model-2520,sports,Swimming,382.38,3.7,462,Puma,True
item_002521,Swarovski Necklaces Model-2521,jewelry,Earrings,211.66,3.9,2697,Pandora,False
item_002522,Puma Yoga Model-2522,sports,Running,351.25,3.9,1587,Under Armour,True
item_002523,Philips Lighting Model-2523,home_garden,Furniture,275.89,4.2,1,Philips,True
item_002524,IKEA Lighting Model-2524,home_garden,Lighting,577.02,3.1,897,Cuisinart,False
item_002525,Sony Cameras Model-2525,electronics,Headphones,1689.17,4.3,224,Samsung,True
item_002526,IKEA Furniture Model-2526,home_garden,Garden,736.69,2.8,903,Cuisinart,False
item_002527,Organic Valley Organic Model-2527,food,Snacks,62.41,2.8,6,Kelloggs,True
item_002528,Bosch Tools Model-2528,automotive,Tools,373.67,4.3,4078,3M,True
item_002529,Cuisinart Garden Model-2529,home_garden,Lighting,97.54,4.4,0,Dyson,True
item_002530,Adidas T-Shirts Model-2530,clothing,Shoes,16.68,3.1,181,Levis,True
item_002531,Under Armour Cycling Model-2531,sports,Running,274.14,5.0,2165,Adidas,True
item_002532,Samsung Headphones Model-2532,electronics,Smartphones,899.89,4.4,289,LG,True
item_002533,Michelin Tools Model-2533,automotive,Electronics,398.67,3.1,7,Bosch,True
item_002534,LG Cameras Model-2534,electronics,Headphones,786.38,2.9,122,Sony,True
item_002535,Bosch Tools Model-2535,automotive,Electronics,324.38,3.6,349,Castrol,True
item_002536,HarperCollins Tech Model-2536,books,Science,44.22,5.0,10,Random House,True
item_002537,Nike Dresses Model-2537,clothing,Jeans,155.73,4.3,0,Zara,True
item_002538,Castrol Tools Model-2538,automotive,Car Care,399.44,3.4,3156,Michelin,True
item_002539,Maybelline Fragrance Model-2539,beauty,Fragrance,142.29,3.4,1260,Estee Lauder,True
item_002540,Apple TVs Model-2540,electronics,Smartphones,1825.26,3.0,400,LG,True
item_002541,LEGO Action Figures Model-2541,toys,Puzzles,37.45,3.8,2433,LEGO,False
item_002542,LOreal Haircare Model-2542,beauty,Makeup,87.77,3.6,1000,Estee Lauder,True
item_002543,Fisher-Price Dolls Model-2543,toys,Dolls,81.32,3.1,2481,LEGO,True
item_002544,Organic Valley Beverages Model-2544,food,Snacks,33.22,3.6,760,Nestle,True
item_002545,Cuisinart Lighting Model-2545,home_garden,Bedding,227.63,3.2,44,IKEA,True
item_002546,Zales Rings Model-2546,jewelry,Necklaces,2767.06,3.6,556,Tiffany,True
item_002547,IKEA Furniture Model-2547,home_garden,Furniture,305.15,4.6,307,Cuisinart,True
item_002548,Nestle Snacks Model-2548,food,Beverages,2.96,5.0,3589,Organic Valley,True
item_002549,Michelin Car Care Model-2549,automotive,Tools,302.59,5.0,57,Michelin,True
item_002550,Tiffany Necklaces Model-2550,jewelry,Necklaces,142.3,2.5,950,Swarovski,False
item_002551,Penguin Non-Fiction Model-2551,books,Tech,47.28,4.8,4846,Penguin,True
item_002552,Nike Gym Model-2552,sports,Swimming,230.96,4.0,3288,Adidas,True
item_002553,Michelin Accessories Model-2553,automotive,Electronics,72.53,4.9,381,Castrol,True
item_002554,Penguin Tech Model-2554,books,History,55.05,4.5,18,Random House,True
item_002555,Nestle Organic Model-2555,food,Snacks,27.12,3.3,358,Kelloggs,False
item_002556,LEGO Dolls Model-2556,toys,Dolls,16.79,3.8,3293,Fisher-Price,True
item_002557,Nestle Beverages Model-2557,food,Organic,18.32,3.0,1171,Organic Valley,True
item_002558,3M Accessories Model-2558,automotive,Accessories,125.46,4.1,554,Castrol,True
item_002559,Maybelline Skincare Model-2559,beauty,Skincare,66.17,3.2,186,Estee Lauder,True
item_002560,Fisher-Price Board Games Model-2560,toys,Dolls,15.49,5.0,1778,Hasbro,False
item_002561,Sony Cameras Model-2561,electronics,Headphones,1063.59,2.9,2090,Samsung,True
item_002562,Nike Jackets Model-2562,clothing,Dresses,190.91,3.2,674,H&M,True
item_002563,Dyson Kitchen Model-2563,home_garden,Lighting,275.89,3.9,257,Cuisinart,True
item_002564,Philips Garden Model-2564,home_garden,Furniture,74.31,4.4,664,IKEA,True
item_002565,Mattel Action Figures Model-2565,toys,Puzzles,100.88,3.7,3605,Hasbro,True
item_002566,Penguin History Model-2566,books,Non-Fiction,38.81,4.8,2600,Penguin,True
item_002567,Estee Lauder Makeup Model-2567,beauty,Haircare,145.32,3.2,226,Estee Lauder,False
item_002568,LEGO Puzzles Model-2568,toys,Board Games,147.58,3.4,38,Mattel,True
item_002569,HarperCollins Non-Fiction Model-2569,books,History,50.02,3.7,126,HarperCollins,True
item_002570,Adidas Jackets Model-2570,clothing,Jackets,118.5,3.7,377,Zara,True
item_002571,Tiffany Rings Model-2571,jewelry,Earrings,4170.65,4.0,3551,Zales,True
item_002572,3M Car Care Model-2572,automotive,Electronics,218.16,3.9,36,Castrol,True
item_002573,LEGO Puzzles Model-2573,toys,Puzzles,58.77,2.8,1332,LEGO,False
item_002574,LEGO Dolls Model-2574,toys,Action Figures,11.87,3.6,0,LEGO,False
item_002575,Mattel Action Figures Model-2575,toys,Board Games,34.22,2.8,125,LEGO,True
item_002576,Maybelline Fragrance Model-2576,beauty,Skincare,51.75,2.9,1616,Maybelline,True
item_002577,Random House Science Model-2577,books,Tech,35.13,3.8,3447,HarperCollins,True
item_002578,Adidas Running Model-2578,sports,Gym,73.64,4.4,83,Under Armour,True
item_002579,Maybelline Skincare Model-2579,beauty,Haircare,52.74,4.3,4411,LOreal,True
item_002580,Tiffany Necklaces Model-2580,jewelry,Bracelets,4421.17,2.7,491,Zales,True
item_002581,Hasbro Board Games Model-2581,toys,Puzzles,135.56,4.6,1370,LEGO,True
item_002582,Nike Dresses Model-2582,clothing,Jeans,16.67,4.6,384,Nike,True
item_002583,IKEA Furniture Model-2583,home_garden,Furniture,148.98,3.7,0,IKEA,True
item_002584,Maybelline Fragrance Model-2584,beauty,Fragrance,121.46,3.8,3289,Maybelline,True
item_002585,Philips Lighting Model-2585,home_garden,Garden,67.97,4.6,464,Philips,False
item_002586,Pandora Bracelets Model-2586,jewelry,Necklaces,2552.76,5.0,168,Zales,True
item_002587,HarperCollins Fiction Model-2587,books,Tech,57.67,4.4,3986,Penguin,True
item_002588,Nike Yoga Model-2588,sports,Yoga,354.66,3.2,2186,Adidas,True
item_002589,Dyson Furniture Model-2589,home_garden,Bedding,300.74,4.0,188,Cuisinart,True
item_002590,Adidas Dresses Model-2590,clothing,Dresses,47.99,4.0,6,Adidas,True
item_002591,Penguin History Model-2591,books,Tech,28.88,4.2,1981,Random House,True
item_002592,Sony Smartphones Model-2592,electronics,Laptops,1091.12,3.0,1203,Bosch,True
item_002593,Estee Lauder Skincare Model-2593,beauty,Fragrance,40.45,3.8,123,Estee Lauder,True
item_002594,3M Tools Model-2594,automotive,Car Care,45.81,3.3,6,Castrol,True
item_002595,Maybelline Skincare Model-2595,beauty,Haircare,31.97,4.1,1538,Maybelline,True
item_002596,Nike Cycling Model-2596,sports,Running,319.84,3.0,1467,Puma,True
item_002597,Dyson Lighting Model-2597,home_garden,Furniture,53.72,3.7,106,Philips,False
item_002598,Pandora Earrings Model-2598,jewelry,Bracelets,3425.9,3.3,112,Zales,False
item_002599,LG Laptops Model-2599,electronics,Cameras,381.95,4.0,2676,Bosch,True
item_002600,Penguin Science Model-2600,books,Fiction,24.01,4.2,2011,Random House,True
item_002601,IKEA Kitchen Model-2601,home_garden,Kitchen,263.16,3.2,1306,Philips,True
item_002602,Adidas Running Model-2602,sports,Yoga,139.78,3.5,1900,Under Armour,True
item_002603,Hasbro Action Figures Model-2603,toys,Puzzles,129.71,3.5,40,Hasbro,True
item_002604,Organic Valley Supplements Model-2604,food,Beverages,36.94,4.3,175,Nestle,True
item_002605,Swarovski Rings Model-2605,jewelry,Rings,3221.72,4.4,3862,Pandora,True
item_002606,Random House Tech Model-2606,books,Non-Fiction,52.43,3.2,0,Random House,True
item_002607,Adidas Yoga Model-2607,sports,Swimming,385.33,2.9,668,Puma,True
item_002608,Pandora Necklaces Model-2608,jewelry,Necklaces,4971.07,2.8,2,Zales,True
item_002609,Zara Dresses Model-2609,clothing,Shoes,195.73,4.6,1087,H&M,True
item_002610,Cuisinart Bedding Model-2610,home_garden,Furniture,53.06,4.4,2730,Dyson,True
item_002611,Organic Valley Supplements Model-2611,food,Supplements,51.16,3.8,26,Organic Valley,True
item_002612,Nestle Beverages Model-2612,food,Organic,34.73,4.8,934,Kelloggs,True
item_002613,Apple Smartphones Model-2613,electronics,Laptops,1400.48,3.5,941,Sony,True
item_002614,LOreal Haircare Model-2614,beauty,Makeup,82.29,3.6,478,Estee Lauder,True
item_002615,LOreal Fragrance Model-2615,beauty,Skincare,129.4,4.3,32,Maybelline,True
item_002616,Estee Lauder Haircare Model-2616,beauty,Makeup,78.19,3.1,952,Maybelline,True
item_002617,Hasbro Puzzles Model-2617,toys,Puzzles,34.93,5.0,453,Hasbro,False
item_002618,3M Electronics Model-2618,automotive,Tools,332.92,3.4,4357,3M,True
item_002619,Nestle Beverages Model-2619,food,Beverages,63.03,4.0,28,Kelloggs,True
item_002620,Nike Running Model-2620,sports,Running,143.97,4.1,4604,Adidas,True
item_002621,Puma Gym Model-2621,sports,Gym,255.0,4.0,94,Adidas,True
item_002622,Nestle Supplements Model-2622,food,Beverages,23.53,3.1,1848,Nestle,True
item_002623,Kelloggs Beverages Model-2623,food,Snacks,22.72,4.5,684,Organic Valley,True
item_002624,Under Armour Gym Model-2624,sports,Cycling,497.43,4.7,1057,Adidas,True
item_002625,HarperCollins Science Model-2625,books,Tech,38.23,3.7,2717,Random House,True
item_002626,Random House History Model-2626,books,Science,36.75,3.8,2915,HarperCollins,True
item_002627,Castrol Electronics Model-2627,automotive,Accessories,382.23,4.8,201,3M,False
item_002628,Bosch Cameras Model-2628,electronics,Smartphones,153.52,2.6,2701,Samsung,True
item_002629,Pandora Bracelets Model-2629,jewelry,Necklaces,3828.39,3.8,520,Swarovski,True
item_002630,Under Armour Cycling Model-2630,sports,Swimming,294.48,3.0,7,Puma,True
item_002631,Mattel Dolls Model-2631,toys,Dolls,9.6,4.7,56,LEGO,True
item_002632,HarperCollins Science Model-2632,books,Fiction,59.75,4.3,4311,Penguin,True
item_002633,Zales Rings Model-2633,jewelry,Necklaces,2312.52,4.3,1036,Swarovski,True
item_002634,Michelin Electronics Model-2634,automotive,Accessories,396.31,4.2,2787,Michelin,True
item_002635,Michelin Accessories Model-2635,automotive,Tools,179.94,4.8,4380,Michelin,True
item_002636,LOreal Fragrance Model-2636,beauty,Skincare,76.79,3.7,20,Maybelline,True
item_002637,Nike Swimming Model-2637,sports,Yoga,236.17,4.2,596,Under Armour,True
item_002638,Estee Lauder Skincare Model-2638,beauty,Makeup,32.42,5.0,4,Estee Lauder,True
item_002639,Levis Dresses Model-2639,clothing,Jackets,183.31,4.4,4961,H&M,True
item_002640,H&M Dresses Model-2640,clothing,Dresses,11.59,3.7,4598,Levis,True
item_002641,Nike Yoga Model-2641,sports,Cycling,216.79,4.0,4855,Nike,True
item_002642,Kelloggs Snacks Model-2642,food,Snacks,25.57,3.5,363,Organic Valley,True
item_002643,LEGO Action Figures Model-2643,toys,Board Games,61.52,4.1,515,Fisher-Price,True
item_002644,Penguin Science Model-2644,books,Tech,5.86,3.9,4455,Random House,True
item_002645,Philips Kitchen Model-2645,home_garden,Bedding,226.2,4.0,2354,Cuisinart,False
item_002646,Puma Swimming Model-2646,sports,Gym,90.49,4.3,15,Nike,True
item_002647,Zara Shoes Model-2647,clothing,Jeans,252.13,4.8,1,Zara,True
item_002648,Cuisinart Kitchen Model-2648,home_garden,Lighting,487.0,4.0,3,Dyson,True
item_002649,IKEA Furniture Model-2649,home_garden,Bedding,60.07,3.4,7,Dyson,True
item_002650,Cuisinart Garden Model-2650,home_garden,Lighting,485.85,4.3,397,Cuisinart,True
item_002651,Random House Tech Model-2651,books,Science,26.48,2.4,1570,Random House,True
item_002652,Michelin Electronics Model-2652,automotive,Electronics,385.47,1.7,1414,Michelin,True
item_002653,Maybelline Haircare Model-2653,beauty,Fragrance,75.28,4.7,231,LOreal,True
item_002654,Random House Fiction Model-2654,books,Tech,34.06,3.0,3046,Random House,False
item_002655,Levis Dresses Model-2655,clothing,T-Shirts,109.76,3.2,1860,Levis,False
item_002656,Puma Swimming Model-2656,sports,Gym,294.42,3.5,165,Nike,True
item_002657,3M Accessories Model-2657,automotive,Car Care,152.47,4.4,1536,3M,True
item_002658,Hasbro Action Figures Model-2658,toys,Puzzles,43.65,2.7,0,Hasbro,True
item_002659,HarperCollins Science Model-2659,books,Non-Fiction,43.84,3.0,2545,Penguin,True
item_002660,Philips Lighting Model-2660,home_garden,Bedding,135.89,4.7,4471,Cuisinart,True
item_002661,Mattel Puzzles Model-2661,toys,Action Figures,70.87,3.7,1520,LEGO,True
item_002662,Adidas Gym Model-2662,sports,Gym,168.91,4.0,4476,Under Armour,True
item_002663,Under Armour Running Model-2663,sports,Swimming,254.92,5.0,0,Nike,False
item_002664,Hasbro Action Figures Model-2664,toys,Action Figures,29.69,3.7,50,LEGO,True
item_002665,Apple Smartphones Model-2665,electronics,Laptops,1912.76,3.7,507,Bosch,False
item_002666,Castrol Car Care Model-2666,automotive,Accessories,243.06,4.0,2880,Castrol,True
item_002667,HarperCollins Fiction Model-2667,books,Tech,14.19,4.5,3900,Random House,True
item_002668,Levis Jackets Model-2668,clothing,Jackets,104.3,3.7,496,Adidas,True
item_002669,Nestle Beverages Model-2669,food,Supplements,5.14,4.5,69,Organic Valley,True
item_002670,Adidas Dresses Model-2670,clothing,Jackets,46.87,3.9,3737,H&M,True
item_002671,LEGO Puzzles Model-2671,toys,Action Figures,33.89,2.1,122,LEGO,True
item_002672,IKEA Furniture Model-2672,home_garden,Furniture,53.97,3.1,1269,Philips,False
item_002673,LOreal Haircare Model-2673,beauty,Haircare,12.58,3.5,1979,LOreal,True
item_002674,Philips Furniture Model-2674,home_garden,Lighting,415.12,2.5,0,Dyson,True
item_002675,Maybelline Fragrance Model-2675,beauty,Haircare,115.02,4.1,6,Maybelline,True
item_002676,Zales Necklaces Model-2676,jewelry,Bracelets,3503.07,3.3,2108,Pandora,True
item_002677,H&M Dresses Model-2677,clothing,Shoes,120.77,3.3,67,Adidas,True
item_002678,Hasbro Action Figures Model-2678,toys,Board Games,92.72,3.5,845,Fisher-Price,True
item_002679,Kelloggs Beverages Model-2679,food,Organic,30.9,2.7,126,Organic Valley,True
item_002680,LOreal Fragrance Model-2680,beauty,Fragrance,178.17,4.2,3317,Maybelline,True
item_002681,Kelloggs Organic Model-2681,food,Organic,27.75,4.7,134,Kelloggs,True
item_002682,Maybelline Skincare Model-2682,beauty,Fragrance,197.44,4.0,1527,LOreal,True
item_002683,Zara Jeans Model-2683,clothing,T-Shirts,204.14,4.6,2226,Zara,True
item_002684,IKEA Kitchen Model-2684,home_garden,Kitchen,368.6,2.6,1908,Philips,True
item_002685,Nike Gym Model-2685,sports,Cycling,473.29,4.3,1880,Nike,True
item_002686,HarperCollins Non-Fiction Model-2686,books,Non-Fiction,59.67,4.2,26,Random House,True
item_002687,Swarovski Rings Model-2687,jewelry,Bracelets,3055.59,4.2,2602,Pandora,True
item_002688,HarperCollins History Model-2688,books,Fiction,42.32,4.2,412,Penguin,True
item_002689,Kelloggs Beverages Model-2689,food,Organic,50.77,4.0,1194,Organic Valley,True
item_002690,Michelin Tools Model-2690,automotive,Accessories,348.7,5.0,7,Bosch,True
item_002691,Adidas T-Shirts Model-2691,clothing,T-Shirts,75.84,2.8,2158,Adidas,True
item_002692,Zales Earrings Model-2692,jewelry,Earrings,3859.17,5.0,1803,Zales,True
item_002693,Penguin Fiction Model-2693,books,History,55.8,4.3,3391,Random House,True
item_002694,Sony Laptops Model-2694,electronics,Headphones,269.35,3.8,3192,Sony,True
item_002695,Swarovski Rings Model-2695,jewelry,Necklaces,291.61,4.1,2694,Tiffany,True
item_002696,H&M Shoes Model-2696,clothing,T-Shirts,57.85,2.7,293,Nike,True
item_002697,Random House Tech Model-2697,books,Fiction,48.81,3.5,2561,Random House,True
item_002698,Nike Running Model-2698,sports,Running,236.29,4.1,4767,Adidas,True
item_002699,Samsung Smartphones Model-2699,electronics,Smartphones,1190.78,4.6,4359,Apple,True
item_002700,LG Smartphones Model-2700,electronics,Headphones,581.22,3.8,50,Bosch,True
item_002701,Pandora Necklaces Model-2701,jewelry,Earrings,4482.17,3.3,1,Tiffany,False
item_002702,Nike Jackets Model-2702,clothing,Shoes,51.42,3.6,57,Zara,True
item_002703,Swarovski Necklaces Model-2703,jewelry,Rings,2336.25,3.5,2,Zales,True
item_002704,Cuisinart Kitchen Model-2704,home_garden,Furniture,104.47,3.5,4272,Cuisinart,True
item_002705,Estee Lauder Haircare Model-2705,beauty,Haircare,181.68,2.6,3501,Estee Lauder,True
item_002706,Organic Valley Snacks Model-2706,food,Organic,73.09,4.8,1364,Kelloggs,True
item_002707,Nike Cycling Model-2707,sports,Gym,192.79,4.4,2674,Nike,True
item_002708,Nike Gym Model-2708,sports,Gym,230.9,4.4,3236,Adidas,False
item_002709,Apple TVs Model-2709,electronics,Cameras,1936.92,4.0,623,Apple,True
item_002710,Random House Tech Model-2710,books,History,6.13,3.9,69,Random House,True
item_002711,Kelloggs Snacks Model-2711,food,Organic,22.21,4.5,3599,Kelloggs,True
item_002712,H&M T-Shirts Model-2712,clothing,Jeans,153.08,4.2,0,H&M,False
item_002713,H&M Jackets Model-2713,clothing,Jackets,199.97,3.7,48,H&M,True
item_002714,Castrol Tools Model-2714,automotive,Electronics,142.7,5.0,4090,Bosch,True
item_002715,IKEA Kitchen Model-2715,home_garden,Kitchen,307.84,4.4,3138,Philips,True
item_002716,Cuisinart Bedding Model-2716,home_garden,Kitchen,264.95,3.8,2146,Cuisinart,True
item_002717,3M Tools Model-2717,automotive,Tools,239.47,3.8,1421,3M,True
item_002718,Zara Dresses Model-2718,clothing,Jackets,111.07,2.3,4602,Adidas,True
item_002719,Swarovski Rings Model-2719,jewelry,Earrings,2995.7,3.2,2209,Pandora,False
item_002720,Estee Lauder Skincare Model-2720,beauty,Haircare,13.19,2.6,11,Maybelline,False
item_002721,Zales Necklaces Model-2721,jewelry,Necklaces,2550.41,3.4,810,Pandora,True
item_002722,Bosch Electronics Model-2722,automotive,Car Care,356.49,4.1,0,Michelin,True
item_002723,Samsung Headphones Model-2723,electronics,Headphones,1678.77,3.3,18,Bosch,True
item_002724,Dyson Furniture Model-2724,home_garden,Kitchen,328.45,3.5,40,Cuisinart,True
item_002725,Cuisinart Garden Model-2725,home_garden,Lighting,766.5,3.8,146,IKEA,False
item_002726,LEGO Dolls Model-2726,toys,Board Games,120.36,5.0,1515,LEGO,False
item_002727,Swarovski Earrings Model-2727,jewelry,Earrings,3965.23,2.9,126,Zales,True
item_002728,Pandora Rings Model-2728,jewelry,Rings,798.62,3.2,2759,Pandora,True
item_002729,Cuisinart Lighting Model-2729,home_garden,Lighting,739.61,4.7,1786,IKEA,True
item_002730,LEGO Action Figures Model-2730,toys,Dolls,147.81,3.6,4075,LEGO,True
item_002731,Adidas Gym Model-2731,sports,Swimming,313.42,3.4,384,Adidas,True
item_002732,Nestle Snacks Model-2732,food,Organic,68.56,2.5,489,Organic Valley,True
item_002733,Organic Valley Snacks Model-2733,food,Organic,27.2,4.1,1298,Nestle,True
item_002734,Adidas Running Model-2734,sports,Running,61.15,3.1,1159,Nike,True
item_002735,Fisher-Price Action Figures Model-2735,toys,Puzzles,133.63,3.9,423,Hasbro,True
item_002736,LG TVs Model-2736,electronics,Laptops,1892.77,4.4,160,Samsung,True
item_002737,Adidas Gym Model-2737,sports,Cycling,191.41,3.8,434,Adidas,False
item_002738,Kelloggs Organic Model-2738,food,Organic,49.36,4.7,0,Nestle,True
item_002739,HarperCollins Science Model-2739,books,Non-Fiction,21.79,3.6,2184,Penguin,True
item_002740,Michelin Electronics Model-2740,automotive,Car Care,207.81,3.6,541,Michelin,True
item_002741,Estee Lauder Haircare Model-2741,beauty,Haircare,147.82,2.7,739,LOreal,True
item_002742,3M Car Care Model-2742,automotive,Car Care,386.56,4.8,4997,Bosch,False
item_002743,Organic Valley Beverages Model-2743,food,Organic,16.09,4.5,468,Nestle,True
item_002744,Nike Dresses Model-2744,clothing,T-Shirts,140.27,3.8,157,H&M,True
item_002745,Penguin Non-Fiction Model-2745,books,Fiction,54.21,4.8,4912,Penguin,True
item_002746,Fisher-Price Puzzles Model-2746,toys,Board Games,145.58,3.9,367,LEGO,False
item_002747,Nestle Organic Model-2747,food,Organic,36.96,3.5,0,Nestle,True
item_002748,Adidas Running Model-2748,sports,Gym,385.5,4.7,49,Puma,True
item_002749,Pandora Necklaces Model-2749,jewelry,Earrings,3844.85,3.2,477,Tiffany,True
item_002750,Random House Tech Model-2750,books,Non-Fiction,12.07,2.9,0,Penguin,False
item_002751,Bosch TVs Model-2751,electronics,TVs,209.04,5.0,3811,Bosch,True
item_002752,Adidas Yoga Model-2752,sports,Cycling,306.72,3.1,494,Puma,True
item_002753,Adidas Cycling Model-2753,sports,Gym,363.95,4.3,2011,Adidas,False
item_002754,Dyson Garden Model-2754,home_garden,Bedding,662.56,5.0,1680,IKEA,True
item_002755,Kelloggs Snacks Model-2755,food,Organic,3.06,3.4,1,Kelloggs,True
item_002756,Hasbro Dolls Model-2756,toys,Dolls,137.79,3.7,257,Hasbro,True
item_002757,LEGO Dolls Model-2757,toys,Board Games,140.03,4.3,4760,Mattel,True
item_002758,LEGO Dolls Model-2758,toys,Puzzles,64.23,4.2,0,Fisher-Price,True
item_002759,3M Car Care Model-2759,automotive,Electronics,339.31,4.9,497,Michelin,True
item_002760,Penguin History Model-2760,books,Science,30.98,3.0,4530,HarperCollins,True
item_002761,Mattel Board Games Model-2761,toys,Dolls,19.41,4.4,3541,Mattel,True
item_002762,Samsung Cameras Model-2762,electronics,Cameras,420.99,3.5,298,Sony,True
item_002763,Nike Cycling Model-2763,sports,Cycling,133.74,4.6,2919,Nike,True
item_002764,Penguin Tech Model-2764,books,Non-Fiction,30.28,4.1,1109,HarperCollins,True
item_002765,Fisher-Price Board Games Model-2765,toys,Puzzles,102.4,3.2,20,Mattel,True
item_002766,H&M Jackets Model-2766,clothing,Dresses,299.36,3.9,260,Nike,False
item_002767,Mattel Dolls Model-2767,toys,Puzzles,112.72,2.8,437,LEGO,True
item_002768,Pandora Earrings Model-2768,jewelry,Bracelets,3651.09,4.4,501,Tiffany,True
item_002769,Zara Shoes Model-2769,clothing,Jackets,134.39,3.0,1553,Zara,True
item_002770,3M Tools Model-2770,automotive,Accessories,63.63,4.0,162,3M,True
item_002771,Organic Valley Supplements Model-2771,food,Beverages,79.51,4.4,1619,Nestle,True
item_002772,Philips Kitchen Model-2772,home_garden,Kitchen,108.64,3.7,69,Dyson,True
item_002773,Fisher-Price Dolls Model-2773,toys,Board Games,31.3,3.9,188,Fisher-Price,True
item_002774,Swarovski Earrings Model-2774,jewelry,Bracelets,1796.85,4.4,1260,Tiffany,True
item_002775,Swarovski Earrings Model-2775,jewelry,Earrings,1208.74,4.1,7,Pandora,True
item_002776,Levis Dresses Model-2776,clothing,T-Shirts,189.33,3.6,299,Zara,True
item_002777,Organic Valley Snacks Model-2777,food,Snacks,40.17,3.2,0,Kelloggs,True
item_002778,Michelin Accessories Model-2778,automotive,Car Care,155.47,4.6,3496,Castrol,True
item_002779,Cuisinart Furniture Model-2779,home_garden,Bedding,655.61,3.9,0,Dyson,True
item_002780,Cuisinart Garden Model-2780,home_garden,Furniture,314.67,3.3,35,Philips,True
item_002781,Puma Swimming Model-2781,sports,Gym,407.95,2.8,2404,Nike,True
item_002782,Nestle Organic Model-2782,food,Organic,31.71,3.9,210,Kelloggs,True
item_002783,Puma Swimming Model-2783,sports,Gym,302.76,3.7,335,Puma,True
item_002784,IKEA Bedding Model-2784,home_garden,Furniture,699.73,3.2,1721,Philips,True
item_002785,LEGO Puzzles Model-2785,toys,Board Games,26.94,4.1,7,Fisher-Price,True
item_002786,HarperCollins History Model-2786,books,Fiction,15.75,3.2,1962,Penguin,True
item_002787,LG TVs Model-2787,electronics,Smartphones,1911.41,4.8,0,Bosch,False
item_002788,Pandora Bracelets Model-2788,jewelry,Rings,2003.81,3.5,0,Swarovski,True
item_002789,Bosch Car Care Model-2789,automotive,Tools,316.82,2.8,4,Bosch,True
item_002790,Nike Yoga Model-2790,sports,Running,164.0,3.9,2,Nike,True
item_002791,Dyson Kitchen Model-2791,home_garden,Lighting,555.79,4.4,3988,Cuisinart,True
item_002792,Adidas Swimming Model-2792,sports,Cycling,426.75,3.1,145,Adidas,True
item_002793,Nestle Beverages Model-2793,food,Supplements,7.44,4.2,1007,Organic Valley,True
item_002794,Castrol Accessories Model-2794,automotive,Tools,133.62,4.3,5,Castrol,True
item_002795,Castrol Accessories Model-2795,automotive,Tools,168.26,3.9,129,3M,True
item_002796,Zales Bracelets Model-2796,jewelry,Earrings,704.71,4.9,121,Tiffany,True
item_002797,Nestle Snacks Model-2797,food,Supplements,43.01,3.3,749,Organic Valley,True
item_002798,Estee Lauder Makeup Model-2798,beauty,Fragrance,47.48,3.1,3860,Maybelline,True
item_002799,Under Armour Yoga Model-2799,sports,Running,169.63,3.4,531,Adidas,True
item_002800,Estee Lauder Haircare Model-2800,beauty,Skincare,58.73,3.6,513,Estee Lauder,True
item_002801,Nike Dresses Model-2801,clothing,T-Shirts,269.5,3.5,252,Nike,True
item_002802,Zales Necklaces Model-2802,jewelry,Bracelets,2863.87,3.2,253,Pandora,True
item_002803,Tiffany Bracelets Model-2803,jewelry,Rings,1017.9,3.5,0,Swarovski,True
item_002804,Fisher-Price Dolls Model-2804,toys,Puzzles,116.9,3.8,4520,LEGO,True
item_002805,Cuisinart Furniture Model-2805,home_garden,Kitchen,469.98,4.3,4918,Cuisinart,True
item_002806,Adidas Dresses Model-2806,clothing,Dresses,190.44,4.0,1339,H&M,True
item_002807,LOreal Haircare Model-2807,beauty,Fragrance,86.79,4.3,2831,Maybelline,True
item_002808,Random House History Model-2808,books,History,18.75,3.4,3496,Penguin,True
item_002809,LG Laptops Model-2809,electronics,Smartphones,1188.52,3.8,19,Bosch,True
item_002810,Puma Yoga Model-2810,sports,Yoga,78.85,3.5,0,Under Armour,True
item_002811,LEGO Board Games Model-2811,toys,Board Games,115.68,2.9,4,Mattel,True
item_002812,3M Electronics Model-2812,automotive,Tools,182.29,2.4,12,Michelin,True
item_002813,LG TVs Model-2813,electronics,Cameras,1629.99,3.3,396,Sony,True
item_002814,Nestle Organic Model-2814,food,Organic,46.66,4.2,298,Organic Valley,True
item_002815,LG Laptops Model-2815,electronics,Smartphones,1629.8,3.9,2,LG,True
item_002816,Estee Lauder Fragrance Model-2816,beauty,Haircare,178.34,3.8,2,LOreal,True
item_002817,LOreal Skincare Model-2817,beauty,Skincare,156.88,4.6,2059,Estee Lauder,True
item_002818,Adidas Cycling Model-2818,sports,Swimming,302.78,3.2,29,Nike,True
item_002819,Kelloggs Organic Model-2819,food,Organic,22.56,4.0,3458,Organic Valley,True
item_002820,Dyson Bedding Model-2820,home_garden,Furniture,342.02,3.5,2302,Philips,True
item_002821,Puma Gym Model-2821,sports,Yoga,341.47,4.0,33,Adidas,True
item_002822,Zara Jeans Model-2822,clothing,Jackets,213.71,4.4,800,Zara,True
item_002823,LEGO Dolls Model-2823,toys,Action Figures,141.74,2.9,952,Mattel,True
item_002824,Bosch Tools Model-2824,automotive,Electronics,114.01,4.2,3,Bosch,False
item_002825,Tiffany Rings Model-2825,jewelry,Necklaces,1867.84,4.0,11,Tiffany,True
item_002826,Puma Gym Model-2826,sports,Gym,26.42,3.4,896,Adidas,True
item_002827,Michelin Car Care Model-2827,automotive,Accessories,84.68,2.4,77,Michelin,True
item_002828,Fisher-Price Dolls Model-2828,toys,Puzzles,78.01,3.8,157,LEGO,True
item_002829,Nestle Supplements Model-2829,food,Snacks,19.54,5.0,205,Organic Valley,True
item_002830,LG Headphones Model-2830,electronics,TVs,987.62,2.7,638,Sony,True
item_002831,IKEA Lighting Model-2831,home_garden,Furniture,705.2,2.9,386,Cuisinart,True
item_002832,HarperCollins Non-Fiction Model-2832,books,Science,22.08,4.0,68,Penguin,True
item_002833,Tiffany Necklaces Model-2833,jewelry,Earrings,4517.8,2.9,2826,Pandora,True
item_002834,Nestle Snacks Model-2834,food,Beverages,13.15,4.3,9,Nestle,False
item_002835,H&M Jeans Model-2835,clothing,Jeans,118.88,3.9,337,Nike,True
item_002836,Bosch Car Care Model-2836,automotive,Car Care,307.97,3.1,4726,Michelin,True
item_002837,Nike Yoga Model-2837,sports,Cycling,133.82,3.2,1118,Under Armour,True
item_002838,Philips Bedding Model-2838,home_garden,Bedding,37.85,2.8,195,Cuisinart,True
item_002839,Cuisinart Garden Model-2839,home_garden,Furniture,772.94,4.5,1004,IKEA,False
item_002840,HarperCollins Tech Model-2840,books,Science,28.34,4.5,68,Penguin,True
item_002841,Tiffany Earrings Model-2841,jewelry,Bracelets,418.28,4.6,719,Pandora,True
item_002842,3M Tools Model-2842,automotive,Accessories,85.39,3.4,5,Castrol,True
item_002843,Nike Jackets Model-2843,clothing,Jeans,193.28,3.2,3392,Nike,True
item_002844,LOreal Fragrance Model-2844,beauty,Haircare,132.49,3.8,14,LOreal,False
item_002845,Zales Necklaces Model-2845,jewelry,Rings,1308.64,4.4,1638,Zales,True
item_002846,Bosch Tools Model-2846,automotive,Car Care,309.01,3.2,3,Bosch,True
item_002847,Swarovski Earrings Model-2847,jewelry,Rings,4823.85,3.1,22,Swarovski,True
item_002848,Under Armour Swimming Model-2848,sports,Cycling,428.01,4.3,5,Puma,True
item_002849,Zara Shoes Model-2849,clothing,Jackets,256.88,2.9,363,Nike,True
item_002850,Nike Dresses Model-2850,clothing,T-Shirts,131.55,4.0,697,H&M,True
item_002851,LOreal Makeup Model-2851,beauty,Skincare,109.38,3.6,2222,Estee Lauder,True
item_002852,HarperCollins History Model-2852,books,Science,41.13,3.3,0,Random House,True
item_002853,Organic Valley Snacks Model-2853,food,Supplements,6.17,3.7,2299,Kelloggs,True
item_002854,Bosch Headphones Model-2854,electronics,Laptops,1256.42,3.6,1810,Samsung,True
item_002855,Penguin Fiction Model-2855,books,Non-Fiction,11.46,4.0,365,HarperCollins,False
item_002856,Philips Lighting Model-2856,home_garden,Garden,702.75,4.1,17,Cuisinart,True
item_002857,Levis Jeans Model-2857,clothing,Jeans,265.57,2.2,0,Adidas,True
item_002858,H&M Shoes Model-2858,clothing,Jackets,36.92,4.7,1633,Zara,True
item_002859,Nike Yoga Model-2859,sports,Cycling,350.98,3.9,65,Adidas,True
item_002860,Cuisinart Furniture Model-2860,home_garden,Bedding,723.01,4.2,3562,IKEA,True
item_002861,Zales Rings Model-2861,jewelry,Necklaces,2273.08,4.2,784,Tiffany,True
item_002862,Maybelline Fragrance Model-2862,beauty,Fragrance,191.78,4.6,19,Maybelline,True
item_002863,Zara T-Shirts Model-2863,clothing,Jeans,205.58,4.5,4760,Levis,False
item_002864,Swarovski Necklaces Model-2864,jewelry,Necklaces,3661.64,4.4,646,Tiffany,True
item_002865,Bosch Car Care Model-2865,automotive,Car Care,147.45,3.0,4664,Castrol,True
item_002866,Maybelline Fragrance Model-2866,beauty,Makeup,79.99,4.1,15,Estee Lauder,True
item_002867,Bosch Car Care Model-2867,automotive,Car Care,235.73,2.4,13,Castrol,True
item_002868,Adidas Yoga Model-2868,sports,Running,489.16,4.4,0,Under Armour,True
item_002869,Maybelline Makeup Model-2869,beauty,Makeup,148.97,3.5,0,Estee Lauder,True
item_002870,Apple Cameras Model-2870,electronics,Laptops,1385.57,3.8,297,Bosch,True
item_002871,Penguin History Model-2871,books,Fiction,36.91,4.0,4219,Penguin,False
item_002872,Adidas Yoga Model-2872,sports,Yoga,132.91,4.3,0,Under Armour,True
item_002873,IKEA Bedding Model-2873,home_garden,Furniture,241.69,4.7,48,Cuisinart,True
item_002874,Bosch Smartphones Model-2874,electronics,Laptops,448.13,4.7,520,LG,True
item_002875,Hasbro Board Games Model-2875,toys,Dolls,57.45,2.8,10,Mattel,True
item_002876,Random House Tech Model-2876,books,Non-Fiction,50.41,3.8,25,HarperCollins,True
item_002877,Estee Lauder Skincare Model-2877,beauty,Makeup,144.75,2.9,478,Maybelline,True
item_002878,Tiffany Necklaces Model-2878,jewelry,Bracelets,791.1,3.2,14,Pandora,True
item_002879,Castrol Electronics Model-2879,automotive,Accessories,43.52,4.7,18,3M,True
item_002880,Michelin Accessories Model-2880,automotive,Car Care,373.37,5.0,126,Michelin,True
item_002881,Philips Garden Model-2881,home_garden,Kitchen,232.3,4.1,438,Dyson,True
item_002882,Michelin Tools Model-2882,automotive,Car Care,124.29,3.9,585,Bosch,True
item_002883,Nike Dresses Model-2883,clothing,Dresses,182.48,4.1,0,H&M,True
item_002884,Adidas Gym Model-2884,sports,Gym,396.5,4.7,629,Nike,True
item_002885,Adidas Cycling Model-2885,sports,Gym,259.03,4.1,250,Adidas,True
item_002886,Levis Dresses Model-2886,clothing,Shoes,103.63,3.0,111,Zara,True
item_002887,LEGO Board Games Model-2887,toys,Puzzles,65.36,3.7,161,LEGO,True
item_002888,Cuisinart Garden Model-2888,home_garden,Furniture,390.67,3.6,2996,Cuisinart,True
item_002889,Maybelline Skincare Model-2889,beauty,Fragrance,92.57,3.1,4949,Estee Lauder,True
item_002890,Adidas T-Shirts Model-2890,clothing,T-Shirts,65.17,4.3,14,Zara,True
item_002891,Fisher-Price Board Games Model-2891,toys,Dolls,12.41,4.7,2071,LEGO,True
item_002892,Zales Rings Model-2892,jewelry,Rings,4929.92,3.4,478,Swarovski,False
item_002893,Fisher-Price Dolls Model-2893,toys,Action Figures,139.51,2.8,348,Fisher-Price,True
item_002894,Penguin Non-Fiction Model-2894,books,History,38.24,3.4,3805,Penguin,True
item_002895,Samsung Cameras Model-2895,electronics,Smartphones,1347.83,3.9,251,Sony,True
item_002896,Dyson Bedding Model-2896,home_garden,Lighting,46.4,3.9,269,Cuisinart,False
item_002897,Cuisinart Kitchen Model-2897,home_garden,Bedding,309.4,4.1,1104,Dyson,True
item_002898,Adidas Running Model-2898,sports,Yoga,372.93,4.2,1620,Nike,True
item_002899,Levis T-Shirts Model-2899,clothing,Jeans,207.93,4.7,41,Nike,True
item_002900,Under Armour Cycling Model-2900,sports,Yoga,470.63,4.4,3192,Adidas,True
item_002901,Swarovski Necklaces Model-2901,jewelry,Necklaces,3172.04,4.4,4942,Zales,False
item_002902,Under Armour Yoga Model-2902,sports,Cycling,363.24,3.8,2401,Nike,True
item_002903,Samsung Smartphones Model-2903,electronics,TVs,956.01,3.0,816,Apple,True
item_002904,Bosch Electronics Model-2904,automotive,Car Care,397.42,4.1,123,Castrol,True
item_002905,Dyson Bedding Model-2905,home_garden,Bedding,505.31,4.2,1679,Cuisinart,True
item_002906,Philips Garden Model-2906,home_garden,Lighting,495.35,4.4,4952,Philips,True
item_002907,Puma Gym Model-2907,sports,Swimming,189.88,3.2,687,Puma,True
item_002908,Maybelline Fragrance Model-2908,beauty,Skincare,170.59,4.6,104,Estee Lauder,True
item_002909,Dyson Lighting Model-2909,home_garden,Lighting,592.93,4.0,662,Philips,True
item_002910,Pandora Necklaces Model-2910,jewelry,Rings,2092.79,3.0,32,Swarovski,True
item_002911,Random House Non-Fiction Model-2911,books,Tech,23.84,2.7,4562,Penguin,True
item_002912,Adidas Dresses Model-2912,clothing,Jackets,20.63,3.8,0,Nike,True
item_002913,Nestle Organic Model-2913,food,Snacks,26.89,3.9,4421,Kelloggs,True
item_002914,Castrol Tools Model-2914,automotive,Car Care,348.5,3.2,227,Bosch,True
item_002915,Organic Valley Snacks Model-2915,food,Beverages,59.54,3.9,77,Organic Valley,True
item_002916,Nike T-Shirts Model-2916,clothing,T-Shirts,235.57,4.0,1,Adidas,False
item_002917,Organic Valley Organic Model-2917,food,Snacks,30.65,4.5,3546,Organic Valley,True
item_002918,Philips Garden Model-2918,home_garden,Lighting,493.89,3.8,1439,Cuisinart,True
item_002919,Swarovski Rings Model-2919,jewelry,Earrings,2630.56,4.1,1121,Swarovski,True
item_002920,Maybelline Skincare Model-2920,beauty,Makeup,127.14,4.6,796,Maybelline,True
item_002921,LG Laptops Model-2921,electronics,Laptops,725.11,3.8,1156,Bosch,True
item_002922,Organic Valley Organic Model-2922,food,Snacks,12.32,3.4,2389,Organic Valley,True
item_002923,LOreal Fragrance Model-2923,beauty,Fragrance,130.25,4.2,1190,Estee Lauder,True
item_002924,Random House Tech Model-2924,books,Non-Fiction,41.96,5.0,23,Penguin,True
item_002925,Adidas Running Model-2925,sports,Cycling,55.02,4.4,4954,Nike,True
item_002926,Maybelline Makeup Model-2926,beauty,Makeup,118.25,4.6,0,Estee Lauder,True
item_002927,Kelloggs Supplements Model-2927,food,Supplements,52.2,3.5,2841,Kelloggs,True
item_002928,Penguin Tech Model-2928,books,Non-Fiction,15.35,3.6,1807,Random House,False
item_002929,Adidas Gym Model-2929,sports,Gym,279.19,4.3,1,Adidas,True
item_002930,Apple Headphones Model-2930,electronics,Headphones,1105.57,4.1,0,LG,True
item_002931,Nike Cycling Model-2931,sports,Gym,440.11,4.3,1512,Adidas,True
item_002932,Cuisinart Bedding Model-2932,home_garden,Furniture,594.5,4.1,136,Dyson,True
item_002933,Penguin Science Model-2933,books,Tech,28.83,3.7,0,Random House,True
item_002934,Fisher-Price Action Figures Model-2934,toys,Dolls,93.3,3.7,2126,LEGO,True
item_002935,Maybelline Haircare Model-2935,beauty,Skincare,52.27,3.8,1853,LOreal,True
item_002936,Estee Lauder Skincare Model-2936,beauty,Skincare,131.47,4.5,125,LOreal,True
item_002937,Apple Headphones Model-2937,electronics,Headphones,1473.49,4.5,620,Sony,True
item_002938,Under Armour Gym Model-2938,sports,Swimming,380.7,2.6,2159,Adidas,True
item_002939,Nike Swimming Model-2939,sports,Cycling,70.47,4.2,1784,Under Armour,True
item_002940,Fisher-Price Board Games Model-2940,toys,Action Figures,70.64,4.6,857,Fisher-Price,True
item_002941,Estee Lauder Fragrance Model-2941,beauty,Skincare,167.58,3.9,3299,Estee Lauder,True
item_002942,Adidas Jackets Model-2942,clothing,Dresses,197.93,1.9,336,Levis,True
item_002943,Sony Laptops Model-2943,electronics,Cameras,317.65,4.0,347,Apple,True
item_002944,Zales Earrings Model-2944,jewelry,Rings,775.54,3.5,3456,Zales,True
item_002945,Bosch Electronics Model-2945,automotive,Accessories,146.31,4.0,964,Michelin,True
item_002946,Kelloggs Supplements Model-2946,food,Supplements,77.74,4.7,4932,Organic Valley,True
item_002947,Dyson Furniture Model-2947,home_garden,Lighting,599.03,4.1,2083,Cuisinart,True
item_002948,Cuisinart Kitchen Model-2948,home_garden,Bedding,263.1,4.8,151,Cuisinart,True
item_002949,Cuisinart Kitchen Model-2949,home_garden,Furniture,62.79,3.2,496,Philips,True
item_002950,Mattel Puzzles Model-2950,toys,Action Figures,54.57,4.5,770,Fisher-Price,False
item_002951,3M Electronics Model-2951,automotive,Tools,95.31,4.3,64,Michelin,True
item_002952,Zara Jeans Model-2952,clothing,T-Shirts,150.47,3.8,8,Nike,True
item_002953,3M Tools Model-2953,automotive,Electronics,63.38,2.5,140,Michelin,True
item_002954,Penguin Science Model-2954,books,Science,45.61,3.8,760,Penguin,True
item_002955,LG Smartphones Model-2955,electronics,Laptops,1961.82,3.3,178,Samsung,True
item_002956,LOreal Skincare Model-2956,beauty,Skincare,161.29,2.6,620,Maybelline,False
item_002957,Dyson Garden Model-2957,home_garden,Lighting,517.13,3.4,3573,Philips,True
item_002958,Under Armour Running Model-2958,sports,Swimming,59.75,4.2,17,Puma,True
item_002959,Castrol Car Care Model-2959,automotive,Accessories,141.69,4.0,635,Bosch,True
item_002960,Organic Valley Beverages Model-2960,food,Organic,61.71,3.8,3221,Organic Valley,True
item_002961,Under Armour Yoga Model-2961,sports,Gym,35.79,3.0,367,Adidas,True
item_002962,Dyson Furniture Model-2962,home_garden,Garden,176.89,2.4,0,Dyson,True
item_002963,Penguin Non-Fiction Model-2963,books,Non-Fiction,48.0,3.2,1314,Penguin,True
item_002964,H&M Jeans Model-2964,clothing,Shoes,195.25,3.6,4044,Zara,False
item_002965,Bosch Headphones Model-2965,electronics,Smartphones,942.59,3.4,334,LG,True
item_002966,Nike Jeans Model-2966,clothing,Jackets,291.25,3.6,362,H&M,True
item_002967,Apple Smartphones Model-2967,electronics,Laptops,1652.2,4.8,0,Samsung,True
item_002968,Swarovski Rings Model-2968,jewelry,Rings,4178.12,3.8,1597,Swarovski,True
item_002969,Random House Science Model-2969,books,Science,17.45,4.5,818,Random House,True
item_002970,Estee Lauder Fragrance Model-2970,beauty,Makeup,93.91,3.3,11,LOreal,False
item_002971,Michelin Electronics Model-2971,automotive,Electronics,60.11,3.3,301,Castrol,True
item_002972,Dyson Kitchen Model-2972,home_garden,Bedding,689.67,2.8,3899,IKEA,True
item_002973,Estee Lauder Skincare Model-2973,beauty,Fragrance,90.47,3.9,60,LOreal,True
item_002974,H&M Dresses Model-2974,clothing,T-Shirts,265.06,3.1,205,Nike,True
item_002975,Philips Kitchen Model-2975,home_garden,Furniture,355.92,5.0,221,Dyson,True
item_002976,Zales Earrings Model-2976,jewelry,Necklaces,4966.28,3.7,744,Pandora,True
item_002977,Zales Earrings Model-2977,jewelry,Earrings,2384.62,3.7,0,Swarovski,False
item_002978,Nike Yoga Model-2978,sports,Running,88.03,3.6,50,Nike,True
item_002979,Fisher-Price Action Figures Model-2979,toys,Dolls,33.7,3.3,2118,Hasbro,False
item_002980,Adidas Jackets Model-2980,clothing,T-Shirts,281.31,4.5,1644,Levis,True
item_002981,Organic Valley Supplements Model-2981,food,Supplements,67.43,4.0,73,Kelloggs,True
item_002982,Bosch Smartphones Model-2982,electronics,Headphones,522.94,2.7,3328,Samsung,True
item_002983,Penguin History Model-2983,books,History,59.65,2.7,246,HarperCollins,True
item_002984,IKEA Bedding Model-2984,home_garden,Lighting,306.02,2.9,2,Dyson,True
item_002985,Pandora Bracelets Model-2985,jewelry,Rings,1805.26,3.0,0,Swarovski,True
item_002986,Pandora Rings Model-2986,jewelry,Rings,1192.52,3.5,9,Zales,True
item_002987,Estee Lauder Skincare Model-2987,beauty,Makeup,186.93,4.4,4,LOreal,True
item_002988,Organic Valley Supplements Model-2988,food,Beverages,7.5,3.8,1163,Kelloggs,True
item_002989,Swarovski Bracelets Model-2989,jewelry,Earrings,2373.02,2.9,42,Tiffany,True
item_002990,Michelin Electronics Model-2990,automotive,Tools,265.42,3.2,3958,Michelin,True
item_002991,Adidas Gym Model-2991,sports,Yoga,402.26,2.6,44,Adidas,False
item_002992,Philips Furniture Model-2992,home_garden,Garden,130.38,3.7,3400,Dyson,False
item_002993,Pandora Rings Model-2993,jewelry,Bracelets,3656.39,4.4,1229,Zales,True
item_002994,Nike Jeans Model-2994,clothing,Shoes,115.61,5.0,12,H&M,True
item_002995,Castrol Tools Model-2995,automotive,Car Care,157.09,3.1,208,Castrol,True
item_002996,Philips Kitchen Model-2996,home_garden,Lighting,619.58,4.1,162,Dyson,True
item_002997,Tiffany Earrings Model-2997,jewelry,Rings,322.12,5.0,63,Pandora,True
item_002998,IKEA Furniture Model-2998,home_garden,Kitchen,89.82,5.0,4988,Dyson,True
item_002999,Puma Gym Model-2999,sports,Gym,38.95,4.4,1398,Puma,True
item_003000,Tiffany Necklaces Model-3000,jewelry,Bracelets,3749.93,4.3,2854,Pandora,True
item_003001,Dyson Furniture Model-3001,home_garden,Kitchen,133.95,4.0,1419,Dyson,True
item_003002,LG Headphones Model-3002,electronics,TVs,1640.87,4.7,263,Sony,True
item_003003,Zara Shoes Model-3003,clothing,Jeans,175.62,3.3,1842,Zara,True
item_003004,IKEA Kitchen Model-3004,home_garden,Lighting,488.39,4.1,947,Dyson,True
item_003005,Adidas Jeans Model-3005,clothing,T-Shirts,69.35,3.7,689,Zara,True
item_003006,Michelin Car Care Model-3006,automotive,Tools,331.4,3.4,2283,3M,True
item_003007,Mattel Action Figures Model-3007,toys,Puzzles,107.77,3.0,3198,Mattel,True
item_003008,Under Armour Swimming Model-3008,sports,Cycling,300.65,1.7,0,Nike,True
item_003009,Cuisinart Garden Model-3009,home_garden,Garden,264.45,5.0,1926,IKEA,True
item_003010,Kelloggs Beverages Model-3010,food,Organic,38.54,3.2,73,Kelloggs,True
item_003011,Adidas Gym Model-3011,sports,Cycling,109.66,3.9,20,Adidas,True
item_003012,Zales Rings Model-3012,jewelry,Earrings,4293.59,4.1,4980,Swarovski,True
item_003013,LEGO Action Figures Model-3013,toys,Board Games,25.08,2.9,277,Fisher-Price,True
item_003014,Adidas Cycling Model-3014,sports,Yoga,216.26,4.2,3334,Under Armour,True
item_003015,Michelin Tools Model-3015,automotive,Tools,311.02,4.8,0,3M,True
item_003016,H&M Dresses Model-3016,clothing,Jackets,22.7,4.3,3262,H&M,True
item_003017,Kelloggs Snacks Model-3017,food,Supplements,55.6,3.7,481,Nestle,True
item_003018,Adidas Running Model-3018,sports,Cycling,133.81,3.9,1481,Adidas,False
item_003019,Estee Lauder Skincare Model-3019,beauty,Fragrance,162.45,3.7,134,Maybelline,True
item_003020,Adidas Swimming Model-3020,sports,Running,31.65,3.4,153,Nike,True
item_003021,Castrol Electronics Model-3021,automotive,Car Care,36.21,3.1,3415,Castrol,True
item_003022,Kelloggs Supplements Model-3022,food,Supplements,28.6,3.5,178,Nestle,True
item_003023,Hasbro Dolls Model-3023,toys,Dolls,14.07,4.0,866,Fisher-Price,True
item_003024,Tiffany Earrings Model-3024,jewelry,Rings,1698.74,4.9,438,Tiffany,True
item_003025,Random House Tech Model-3025,books,Non-Fiction,53.53,3.6,20,Penguin,True
item_003026,LOreal Fragrance Model-3026,beauty,Fragrance,161.28,3.6,733,Estee Lauder,True
item_003027,Samsung Headphones Model-3027,electronics,Headphones,647.95,3.4,35,Sony,True
item_003028,Maybelline Haircare Model-3028,beauty,Haircare,171.71,5.0,1664,LOreal,True
item_003029,Kelloggs Organic Model-3029,food,Organic,42.2,3.8,548,Organic Valley,True
item_003030,3M Car Care Model-3030,automotive,Accessories,181.69,4.3,1,Michelin,True
item_003031,Puma Gym Model-3031,sports,Yoga,183.89,4.2,3565,Puma,True
item_003032,IKEA Lighting Model-3032,home_garden,Garden,267.36,4.4,776,Philips,True
item_003033,Mattel Puzzles Model-3033,toys,Board Games,75.76,4.4,10,Fisher-Price,True
item_003034,Castrol Electronics Model-3034,automotive,Tools,210.27,3.7,12,Michelin,True
item_003035,H&M Jackets Model-3035,clothing,Shoes,45.02,3.5,413,Zara,True
item_003036,Hasbro Puzzles Model-3036,toys,Action Figures,64.52,5.0,4965,Hasbro,True
item_003037,Estee Lauder Skincare Model-3037,beauty,Fragrance,32.53,3.4,1475,Maybelline,True
item_003038,Kelloggs Snacks Model-3038,food,Beverages,57.45,3.9,25,Kelloggs,True
item_003039,Fisher-Price Action Figures Model-3039,toys,Dolls,72.87,3.3,1524,LEGO,True
item_003040,Samsung Laptops Model-3040,electronics,Smartphones,1254.44,4.3,4970,Bosch,True
item_003041,Sony Smartphones Model-3041,electronics,TVs,666.79,3.6,202,Sony,True
item_003042,Hasbro Puzzles Model-3042,toys,Puzzles,128.4,3.4,1447,Mattel,True
item_003043,Bosch Smartphones Model-3043,electronics,Laptops,962.37,3.9,1,Samsung,True
item_003044,HarperCollins Non-Fiction Model-3044,books,Science,17.35,4.8,0,HarperCollins,True
item_003045,Zales Rings Model-3045,jewelry,Earrings,3235.52,3.3,14,Pandora,True
item_003046,IKEA Furniture Model-3046,home_garden,Bedding,380.29,4.4,940,Dyson,True
item_003047,Puma Gym Model-3047,sports,Yoga,452.1,3.3,2360,Under Armour,True
item_003048,Adidas Gym Model-3048,sports,Cycling,10.68,2.5,2141,Nike,False
item_003049,Kelloggs Supplements Model-3049,food,Snacks,77.23,3.9,2471,Organic Valley,True
item_003050,Pandora Rings Model-3050,jewelry,Earrings,4845.49,3.2,18,Tiffany,True
item_003051,Apple Smartphones Model-3051,electronics,TVs,1064.58,3.4,1343,Bosch,True
item_003052,3M Accessories Model-3052,automotive,Car Care,356.49,3.1,1425,Bosch,True
item_003053,HarperCollins Non-Fiction Model-3053,books,Science,49.37,5.0,2,Random House,True
item_003054,Zara T-Shirts Model-3054,clothing,Shoes,159.17,2.0,3666,Zara,True
item_003055,Mattel Dolls Model-3055,toys,Board Games,131.62,4.0,855,Hasbro,True
item_003056,LOreal Haircare Model-3056,beauty,Haircare,31.98,3.6,20,Maybelline,True
item_003057,Random House History Model-3057,books,History,31.14,3.1,35,Penguin,True
item_003058,Samsung Laptops Model-3058,electronics,Laptops,1702.1,3.9,45,LG,True
item_003059,Castrol Car Care Model-3059,automotive,Electronics,19.72,4.5,443,Michelin,True
item_003060,Apple Laptops Model-3060,electronics,Headphones,224.16,4.0,1447,LG,True
item_003061,Bosch Cameras Model-3061,electronics,Laptops,1663.52,4.6,8,Samsung,True
item_003062,Mattel Board Games Model-3062,toys,Action Figures,23.44,5.0,87,Mattel,True
item_003063,Zales Rings Model-3063,jewelry,Earrings,1242.71,3.7,44,Zales,True
item_003064,Tiffany Bracelets Model-3064,jewelry,Rings,1434.46,3.4,621,Pandora,True
item_003065,Philips Bedding Model-3065,home_garden,Garden,113.63,5.0,3059,IKEA,False
item_003066,Mattel Board Games Model-3066,toys,Action Figures,95.52,4.1,3136,Fisher-Price,True
item_003067,Puma Running Model-3067,sports,Running,341.4,3.8,0,Puma,True
item_003068,Zales Rings Model-3068,jewelry,Bracelets,2694.75,4.8,0,Zales,False
item_003069,Bosch Tools Model-3069,automotive,Accessories,23.8,2.6,1067,Castrol,True
item_003070,Swarovski Bracelets Model-3070,jewelry,Necklaces,3458.81,3.8,422,Tiffany,True
item_003071,Kelloggs Snacks Model-3071,food,Supplements,6.07,3.8,2933,Organic Valley,True
item_003072,Nike Gym Model-3072,sports,Swimming,50.13,4.6,3118,Under Armour,True
item_003073,Sony Headphones Model-3073,electronics,Cameras,620.46,4.7,899,Apple,True
item_003074,3M Accessories Model-3074,automotive,Tools,360.9,5.0,24,Bosch,True
item_003075,Under Armour Running Model-3075,sports,Cycling,161.77,3.3,630,Adidas,True
item_003076,Tiffany Bracelets Model-3076,jewelry,Necklaces,4724.5,4.3,0,Pandora,True
item_003077,Michelin Electronics Model-3077,automotive,Accessories,173.89,2.8,3831,Michelin,True
item_003078,Bosch TVs Model-3078,electronics,Laptops,1866.12,1.6,2,Samsung,True
item_003079,HarperCollins Tech Model-3079,books,History,21.12,4.0,256,Penguin,True
item_003080,Hasbro Board Games Model-3080,toys,Puzzles,92.65,3.4,2747,Mattel,True
item_003081,Nike Dresses Model-3081,clothing,T-Shirts,119.1,3.7,0,Zara,True
item_003082,Sony Smartphones Model-3082,electronics,Cameras,974.14,4.9,0,Apple,True
item_003083,Levis Jackets Model-3083,clothing,T-Shirts,286.27,3.3,24,Adidas,True
item_003084,Nike T-Shirts Model-3084,clothing,Shoes,209.06,3.0,1168,Adidas,True
item_003085,Random House Fiction Model-3085,books,Science,25.42,4.4,913,HarperCollins,True
item_003086,Pandora Necklaces Model-3086,jewelry,Bracelets,67.88,2.4,1415,Zales,True
item_003087,Apple Headphones Model-3087,electronics,Laptops,388.53,3.5,1011,Sony,True
item_003088,Maybelline Skincare Model-3088,beauty,Makeup,24.58,2.5,4640,Estee Lauder,True
item_003089,Zales Earrings Model-3089,jewelry,Necklaces,1828.61,2.9,387,Tiffany,True
item_003090,LG Headphones Model-3090,electronics,Headphones,461.02,2.4,0,Bosch,True
item_003091,Tiffany Earrings Model-3091,jewelry,Bracelets,655.9,4.2,4,Tiffany,True
item_003092,Random House Fiction Model-3092,books,Non-Fiction,6.12,3.9,392,HarperCollins,True
item_003093,Estee Lauder Haircare Model-3093,beauty,Skincare,118.5,2.8,70,LOreal,True
item_003094,Levis Dresses Model-3094,clothing,Jeans,11.1,2.6,475,Levis,True
item_003095,H&M Jeans Model-3095,clothing,Dresses,84.93,3.5,1525,Zara,True
item_003096,Cuisinart Furniture Model-3096,home_garden,Kitchen,581.62,3.8,5,Philips,True
item_003097,Cuisinart Furniture Model-3097,home_garden,Furniture,767.47,5.0,397,Cuisinart,True
item_003098,3M Electronics Model-3098,automotive,Car Care,243.22,2.4,487,Bosch,True
item_003099,Samsung TVs Model-3099,electronics,Smartphones,305.71,3.0,495,LG,True
item_003100,Maybelline Fragrance Model-3100,beauty,Haircare,71.49,4.6,596,Estee Lauder,True
item_003101,Sony Cameras Model-3101,electronics,Laptops,1598.16,4.5,194,Sony,True
item_003102,Fisher-Price Action Figures Model-3102,toys,Board Games,28.17,4.2,263,Hasbro,True
item_003103,3M Accessories Model-3103,automotive,Car Care,223.59,2.2,357,Michelin,True
item_003104,Sony Cameras Model-3104,electronics,Smartphones,653.72,4.2,3385,LG,True
item_003105,Samsung Headphones Model-3105,electronics,Smartphones,782.34,4.0,1590,LG,True
item_003106,HarperCollins Fiction Model-3106,books,Non-Fiction,18.94,4.0,4532,Penguin,True
item_003107,Kelloggs Organic Model-3107,food,Supplements,41.49,3.9,10,Organic Valley,True
item_003108,3M Electronics Model-3108,automotive,Tools,382.99,4.0,0,Michelin,True
item_003109,Nestle Organic Model-3109,food,Supplements,16.23,3.8,272,Kelloggs,True
item_003110,Zales Bracelets Model-3110,jewelry,Bracelets,674.06,5.0,28,Pandora,True
item_003111,LOreal Fragrance Model-3111,beauty,Fragrance,32.3,4.0,106,LOreal,True
item_003112,Bosch Laptops Model-3112,electronics,TVs,1914.02,3.1,1632,Samsung,True
item_003113,Pandora Bracelets Model-3113,jewelry,Necklaces,4562.15,3.0,184,Zales,True
item_003114,Samsung Headphones Model-3114,electronics,Cameras,546.57,4.0,225,Bosch,True
item_003115,Swarovski Necklaces Model-3115,jewelry,Necklaces,3853.58,3.6,174,Swarovski,True
item_003116,Zales Rings Model-3116,jewelry,Necklaces,1217.19,2.1,3262,Zales,True
item_003117,LOreal Makeup Model-3117,beauty,Haircare,25.52,4.1,559,Maybelline,True
item_003118,Puma Yoga Model-3118,sports,Swimming,318.25,3.3,117,Puma,True
item_003119,Tiffany Bracelets Model-3119,jewelry,Rings,1533.19,4.0,1022,Swarovski,True
item_003120,Tiffany Rings Model-3120,jewelry,Bracelets,597.58,3.8,67,Zales,True
item_003121,Apple Laptops Model-3121,electronics,Headphones,540.96,3.6,806,LG,True
item_003122,IKEA Kitchen Model-3122,home_garden,Kitchen,758.61,3.2,292,Dyson,True
item_003123,Adidas Swimming Model-3123,sports,Swimming,220.52,4.0,533,Under Armour,True
item_003124,Fisher-Price Action Figures Model-3124,toys,Action Figures,56.33,3.9,487,Mattel,True
item_003125,IKEA Kitchen Model-3125,home_garden,Kitchen,216.54,3.4,2459,IKEA,True
item_003126,Puma Gym Model-3126,sports,Yoga,34.81,4.1,1908,Puma,True
item_003127,LOreal Skincare Model-3127,beauty,Haircare,32.2,3.6,140,Maybelline,True
item_003128,HarperCollins Non-Fiction Model-3128,books,Science,19.35,3.8,4162,HarperCollins,True
item_003129,Sony Laptops Model-3129,electronics,Cameras,534.59,3.3,896,Apple,True
item_003130,Michelin Accessories Model-3130,automotive,Electronics,43.75,4.2,47,Castrol,True
item_003131,Pandora Earrings Model-3131,jewelry,Necklaces,1721.09,4.7,0,Tiffany,True
item_003132,LEGO Dolls Model-3132,toys,Action Figures,38.62,2.8,953,Fisher-Price,True
item_003133,Puma Running Model-3133,sports,Running,276.76,3.8,4929,Puma,True
item_003134,LG Headphones Model-3134,electronics,Smartphones,845.16,4.1,3482,LG,True
item_003135,IKEA Kitchen Model-3135,home_garden,Furniture,645.86,2.5,108,Cuisinart,False
item_003136,Fisher-Price Board Games Model-3136,toys,Puzzles,22.51,3.7,2142,Fisher-Price,True
item_003137,Philips Bedding Model-3137,home_garden,Furniture,76.25,4.2,2432,Dyson,True
item_003138,Dyson Furniture Model-3138,home_garden,Lighting,45.4,4.2,490,Cuisinart,True
item_003139,Estee Lauder Makeup Model-3139,beauty,Makeup,114.48,3.7,531,LOreal,True
item_003140,Puma Gym Model-3140,sports,Swimming,457.11,3.0,396,Nike,True
item_003141,Tiffany Earrings Model-3141,jewelry,Bracelets,4654.83,4.4,117,Pandora,True
item_003142,Bosch Accessories Model-3142,automotive,Car Care,280.33,4.5,3954,3M,True
item_003143,Samsung Smartphones Model-3143,electronics,Headphones,1424.16,4.2,64,LG,True
item_003144,Hasbro Dolls Model-3144,toys,Puzzles,66.7,3.8,656,Mattel,True
item_003145,Mattel Puzzles Model-3145,toys,Board Games,12.48,2.9,212,Mattel,True
item_003146,Penguin History Model-3146,books,Science,5.41,4.8,11,Random House,True
item_003147,Mattel Dolls Model-3147,toys,Dolls,12.77,4.1,3013,Fisher-Price,True
item_003148,Tiffany Earrings Model-3148,jewelry,Rings,2039.0,3.2,1529,Tiffany,True
item_003149,Nike Swimming Model-3149,sports,Swimming,65.48,2.7,43,Puma,True
item_003150,HarperCollins History Model-3150,books,Non-Fiction,40.36,2.6,0,HarperCollins,True
item_003151,Michelin Car Care Model-3151,automotive,Tools,25.95,4.0,2337,3M,True
item_003152,HarperCollins Science Model-3152,books,Tech,45.63,4.5,0,Penguin,True
item_003153,Zara Dresses Model-3153,clothing,Jeans,57.31,4.4,3976,Levis,True
item_003154,Dyson Kitchen Model-3154,home_garden,Furniture,384.9,3.2,27,Cuisinart,True
item_003155,LOreal Haircare Model-3155,beauty,Skincare,29.03,4.7,664,Estee Lauder,False
item_003156,Nike Gym Model-3156,sports,Swimming,453.78,4.8,1213,Adidas,True
item_003157,Estee Lauder Fragrance Model-3157,beauty,Makeup,110.47,4.4,1,LOreal,True
item_003158,Fisher-Price Dolls Model-3158,toys,Puzzles,67.1,2.7,159,Mattel,True
item_003159,Dyson Garden Model-3159,home_garden,Furniture,310.58,3.5,14,Cuisinart,True
item_003160,Organic Valley Snacks Model-3160,food,Snacks,56.61,3.7,6,Organic Valley,True
item_003161,Penguin Tech Model-3161,books,Tech,55.74,2.2,0,Random House,True
item_003162,Organic Valley Snacks Model-3162,food,Supplements,35.9,4.3,4162,Kelloggs,True
item_003163,Under Armour Gym Model-3163,sports,Running,130.59,4.4,14,Puma,True
item_003164,Fisher-Price Board Games Model-3164,toys,Action Figures,43.96,4.1,930,LEGO,True
item_003165,Sony Headphones Model-3165,electronics,TVs,462.12,3.8,1896,Apple,True
item_003166,Fisher-Price Board Games Model-3166,toys,Dolls,34.6,3.7,793,Hasbro,True
item_003167,Kelloggs Snacks Model-3167,food,Beverages,61.95,3.9,0,Organic Valley,True
item_003168,Zara Jeans Model-3168,clothing,Dresses,76.91,3.2,1453,Adidas,True
item_003169,Random House History Model-3169,books,Tech,6.27,4.4,1064,Random House,True
item_003170,Kelloggs Supplements Model-3170,food,Supplements,17.53,3.1,3751,Kelloggs,True
item_003171,Under Armour Cycling Model-3171,sports,Gym,487.27,3.3,2,Adidas,True
item_003172,LOreal Haircare Model-3172,beauty,Fragrance,65.21,2.5,5,Maybelline,True
item_003173,LG Cameras Model-3173,electronics,TVs,350.37,3.3,1570,Samsung,True
item_003174,Zales Earrings Model-3174,jewelry,Earrings,790.03,3.9,3146,Pandora,True
item_003175,H&M Shoes Model-3175,clothing,Jackets,242.86,4.8,2,H&M,False
item_003176,Fisher-Price Dolls Model-3176,toys,Action Figures,53.55,3.3,1594,Hasbro,True
item_003177,Organic Valley Organic Model-3177,food,Beverages,28.64,3.6,2823,Kelloggs,False
item_003178,Kelloggs Supplements Model-3178,food,Supplements,67.97,4.1,134,Nestle,True
item_003179,Samsung Cameras Model-3179,electronics,Laptops,1553.57,3.6,3547,Sony,True
item_003180,HarperCollins Science Model-3180,books,Fiction,58.74,4.5,135,HarperCollins,True
item_003181,Maybelline Makeup Model-3181,beauty,Haircare,183.4,2.5,1779,LOreal,True
item_003182,Samsung Smartphones Model-3182,electronics,Smartphones,1223.81,4.2,0,Sony,True
item_003183,Cuisinart Lighting Model-3183,home_garden,Bedding,374.43,3.9,57,Philips,True
item_003184,Organic Valley Supplements Model-3184,food,Organic,65.47,3.2,3635,Nestle,True
item_003185,Apple Smartphones Model-3185,electronics,Laptops,250.37,4.3,1812,Samsung,True
item_003186,Cuisinart Lighting Model-3186,home_garden,Kitchen,98.17,4.4,2351,IKEA,True
item_003187,Organic Valley Supplements Model-3187,food,Snacks,63.46,3.1,2498,Organic Valley,True
item_003188,Tiffany Bracelets Model-3188,jewelry,Necklaces,4603.23,4.0,163,Pandora,True
item_003189,Dyson Bedding Model-3189,home_garden,Lighting,95.57,3.8,2611,Cuisinart,True
item_003190,Estee Lauder Makeup Model-3190,beauty,Fragrance,152.33,2.6,313,Maybelline,True
item_003191,Pandora Necklaces Model-3191,jewelry,Rings,3176.51,4.0,11,Tiffany,True
item_003192,Random House History Model-3192,books,Tech,42.12,4.9,439,Penguin,False
item_003193,Fisher-Price Action Figures Model-3193,toys,Dolls,18.66,1.9,4255,Fisher-Price,False
item_003194,Sony Headphones Model-3194,electronics,Smartphones,240.38,3.1,930,LG,True
item_003195,Maybelline Makeup Model-3195,beauty,Fragrance,105.26,4.0,4941,Maybelline,True
item_003196,HarperCollins Fiction Model-3196,books,Fiction,25.37,3.6,2118,Random House,True
item_003197,3M Accessories Model-3197,automotive,Electronics,386.58,4.5,503,Castrol,True
item_003198,Tiffany Rings Model-3198,jewelry,Earrings,4985.34,4.2,572,Zales,True
item_003199,Organic Valley Snacks Model-3199,food,Supplements,44.78,3.1,3558,Kelloggs,True
item_003200,Estee Lauder Fragrance Model-3200,beauty,Fragrance,37.26,4.0,12,LOreal,True
item_003201,LEGO Dolls Model-3201,toys,Action Figures,132.47,3.5,66,Fisher-Price,True
item_003202,Penguin Non-Fiction Model-3202,books,History,34.39,3.0,1037,HarperCollins,True
item_003203,Levis Jackets Model-3203,clothing,Dresses,141.3,4.6,2529,H&M,True
item_003204,Swarovski Bracelets Model-3204,jewelry,Earrings,2680.97,4.1,681,Zales,True
item_003205,3M Accessories Model-3205,automotive,Electronics,242.65,4.2,3126,Castrol,True
item_003206,Mattel Puzzles Model-3206,toys,Action Figures,131.3,3.6,0,Hasbro,True
item_003207,Organic Valley Supplements Model-3207,food,Beverages,8.2,3.7,329,Nestle,True
item_003208,Bosch Accessories Model-3208,automotive,Car Care,118.69,4.6,3390,3M,False
item_003209,Adidas Jackets Model-3209,clothing,T-Shirts,216.13,3.7,120,Nike,True
item_003210,Philips Garden Model-3210,home_garden,Furniture,548.09,3.7,136,Philips,True
item_003211,Pandora Necklaces Model-3211,jewelry,Rings,2519.35,4.4,2276,Pandora,True
item_003212,Pandora Rings Model-3212,jewelry,Earrings,3043.89,3.9,40,Zales,True
item_003213,Adidas Swimming Model-3213,sports,Gym,477.62,4.2,1997,Nike,True
item_003214,Fisher-Price Puzzles Model-3214,toys,Action Figures,64.12,4.5,1,Fisher-Price,True
item_003215,IKEA Kitchen Model-3215,home_garden,Lighting,506.58,3.8,3228,Cuisinart,True
item_003216,Castrol Electronics Model-3216,automotive,Tools,317.09,3.4,0,3M,True
item_003217,HarperCollins Non-Fiction Model-3217,books,History,45.81,2.5,14,HarperCollins,True
item_003218,Maybelline Makeup Model-3218,beauty,Fragrance,24.61,3.4,1751,Estee Lauder,True
item_003219,Castrol Tools Model-3219,automotive,Tools,330.85,3.1,1272,Castrol,False
item_003220,IKEA Lighting Model-3220,home_garden,Garden,125.48,4.0,439,Cuisinart,True
item_003221,LOreal Haircare Model-3221,beauty,Makeup,13.72,3.3,37,Estee Lauder,False
item_003222,Kelloggs Beverages Model-3222,food,Snacks,42.07,3.0,265,Nestle,True
item_003223,Philips Garden Model-3223,home_garden,Bedding,657.11,2.9,3513,Philips,True
item_003224,Zales Earrings Model-3224,jewelry,Rings,1093.03,3.9,1847,Swarovski,True
item_003225,Penguin Science Model-3225,books,History,39.81,4.1,43,Penguin,False
item_003226,Zales Necklaces Model-3226,jewelry,Bracelets,3903.36,3.0,121,Pandora,True
item_003227,Nestle Snacks Model-3227,food,Snacks,5.71,3.0,1335,Nestle,True
item_003228,Dyson Furniture Model-3228,home_garden,Furniture,138.17,3.1,605,Cuisinart,True
item_003229,Organic Valley Organic Model-3229,food,Organic,28.48,3.6,0,Kelloggs,True
item_003230,Fisher-Price Dolls Model-3230,toys,Board Games,100.99,3.9,31,Mattel,True
item_003231,Penguin History Model-3231,books,History,27.13,3.6,3,HarperCollins,True
item_003232,IKEA Kitchen Model-3232,home_garden,Furniture,657.16,3.3,1705,Cuisinart,True
item_003233,Adidas Jeans Model-3233,clothing,Shoes,164.22,3.7,2504,Levis,True
item_003234,Dyson Lighting Model-3234,home_garden,Kitchen,612.54,4.1,811,Cuisinart,True
item_003235,Under Armour Swimming Model-3235,sports,Yoga,84.11,3.6,0,Adidas,True
item_003236,Maybelline Skincare Model-3236,beauty,Fragrance,82.53,4.4,24,Maybelline,True
item_003237,Organic Valley Snacks Model-3237,food,Snacks,42.18,4.5,80,Nestle,True
item_003238,Hasbro Board Games Model-3238,toys,Puzzles,100.13,3.5,0,Mattel,True
item_003239,Tiffany Bracelets Model-3239,jewelry,Necklaces,556.18,4.4,21,Tiffany,True
item_003240,Maybelline Makeup Model-3240,beauty,Makeup,171.18,4.1,551,Estee Lauder,True
item_003241,Estee Lauder Haircare Model-3241,beauty,Makeup,179.0,4.8,289,LOreal,True
item_003242,Samsung Laptops Model-3242,electronics,Headphones,273.71,3.3,1866,Sony,True
item_003243,Nike Yoga Model-3243,sports,Yoga,238.07,5.0,782,Nike,True
item_003244,Adidas Dresses Model-3244,clothing,Shoes,235.18,2.6,1879,Levis,True
item_003245,Hasbro Puzzles Model-3245,toys,Board Games,67.02,3.4,1127,Mattel,True
item_003246,Under Armour Swimming Model-3246,sports,Cycling,11.06,2.7,268,Puma,True
item_003247,Michelin Tools Model-3247,automotive,Electronics,112.15,5.0,9,Michelin,True
item_003248,Nestle Supplements Model-3248,food,Organic,11.41,4.5,401,Organic Valley,True
item_003249,Mattel Action Figures Model-3249,toys,Action Figures,87.38,4.2,474,LEGO,True
item_003250,Random House Fiction Model-3250,books,Fiction,15.18,4.8,12,Random House,True
item_003251,Nike Shoes Model-3251,clothing,Jackets,130.92,3.5,262,Adidas,False
item_003252,LEGO Board Games Model-3252,toys,Action Figures,55.53,2.7,1497,LEGO,False
item_003253,Swarovski Necklaces Model-3253,jewelry,Necklaces,538.15,3.8,2338,Tiffany,True
item_003254,Maybelline Makeup Model-3254,beauty,Skincare,183.87,2.8,1,LOreal,True
item_003255,Bosch Tools Model-3255,automotive,Accessories,389.05,3.9,0,3M,True
item_003256,3M Accessories Model-3256,automotive,Accessories,273.29,5.0,505,Castrol,True
item_003257,Fisher-Price Dolls Model-3257,toys,Board Games,111.58,3.8,1872,Hasbro,False
item_003258,Estee Lauder Fragrance Model-3258,beauty,Skincare,16.13,5.0,1733,LOreal,True
item_003259,Hasbro Puzzles Model-3259,toys,Board Games,108.87,3.0,799,LEGO,True
item_003260,LG Cameras Model-3260,electronics,TVs,359.59,4.2,280,Samsung,True
item_003261,Maybelline Skincare Model-3261,beauty,Skincare,118.1,3.9,20,Maybelline,True
item_003262,Swarovski Rings Model-3262,jewelry,Bracelets,4172.64,3.7,3595,Tiffany,False
item_003263,Zara Jeans Model-3263,clothing,Shoes,298.78,3.6,79,Nike,True
item_003264,Random House History Model-3264,books,Science,5.07,4.1,1051,Penguin,True
item_003265,Zales Bracelets Model-3265,jewelry,Bracelets,1344.94,4.5,371,Tiffany,True
item_003266,Maybelline Fragrance Model-3266,beauty,Fragrance,101.13,3.8,3967,Estee Lauder,True
item_003267,HarperCollins History Model-3267,books,Tech,47.31,4.7,1536,Penguin,True
item_003268,Dyson Garden Model-3268,home_garden,Lighting,424.87,2.6,754,IKEA,True
item_003269,LEGO Board Games Model-3269,toys,Board Games,131.83,4.4,381,LEGO,True
item_003270,LOreal Fragrance Model-3270,beauty,Fragrance,25.53,4.8,1,Estee Lauder,True
item_003271,Penguin History Model-3271,books,Tech,13.39,3.1,4261,Penguin,True
item_003272,Bosch Tools Model-3272,automotive,Tools,306.94,5.0,4410,3M,True
item_003273,Estee Lauder Fragrance Model-3273,beauty,Haircare,93.65,4.6,18,Maybelline,True
item_003274,HarperCollins Fiction Model-3274,books,Science,18.55,3.7,1488,HarperCollins,True
item_003275,3M Tools Model-3275,automotive,Accessories,301.09,3.5,1305,Bosch,True
item_003276,3M Electronics Model-3276,automotive,Car Care,71.21,3.5,101,Michelin,True
item_003277,Estee Lauder Makeup Model-3277,beauty,Makeup,61.4,3.7,0,Maybelline,True
item_003278,Dyson Furniture Model-3278,home_garden,Furniture,73.81,4.2,50,Philips,True
item_003279,Nike Shoes Model-3279,clothing,Jeans,200.58,3.4,114,Adidas,True
item_003280,Hasbro Action Figures Model-3280,toys,Action Figures,136.62,3.8,2423,LEGO,True
item_003281,LG Cameras Model-3281,electronics,Laptops,507.39,2.9,1437,Bosch,True
item_003282,Fisher-Price Action Figures Model-3282,toys,Board Games,38.86,4.3,1201,LEGO,True
item_003283,Kelloggs Beverages Model-3283,food,Snacks,13.96,3.9,36,Nestle,True
item_003284,LG Cameras Model-3284,electronics,Laptops,381.91,2.9,475,LG,True
item_003285,Philips Lighting Model-3285,home_garden,Lighting,240.79,4.3,19,Dyson,False
item_003286,Castrol Accessories Model-3286,automotive,Electronics,115.57,2.8,372,3M,True
item_003287,IKEA Garden Model-3287,home_garden,Lighting,338.33,4.2,91,Dyson,True
item_003288,Random House Non-Fiction Model-3288,books,Non-Fiction,17.1,3.9,981,HarperCollins,True
item_003289,Cuisinart Garden Model-3289,home_garden,Lighting,518.69,4.1,2211,Dyson,True
item_003290,Puma Yoga Model-3290,sports,Running,241.89,3.6,176,Under Armour,True
item_003291,Maybelline Haircare Model-3291,beauty,Fragrance,131.7,2.6,2447,LOreal,True
item_003292,Castrol Electronics Model-3292,automotive,Car Care,241.88,3.6,365,Castrol,True
item_003293,Michelin Car Care Model-3293,automotive,Electronics,154.6,3.1,5,Castrol,True
item_003294,Hasbro Board Games Model-3294,toys,Board Games,83.86,4.2,3151,Mattel,True
item_003295,Sony Cameras Model-3295,electronics,Headphones,1874.46,4.0,4553,Bosch,True
item_003296,Under Armour Cycling Model-3296,sports,Cycling,35.96,3.3,486,Under Armour,True
item_003297,Penguin Tech Model-3297,books,Fiction,13.47,3.4,33,HarperCollins,True
item_003298,Bosch Electronics Model-3298,automotive,Accessories,357.64,4.9,1585,3M,True
item_003299,Tiffany Rings Model-3299,jewelry,Earrings,3307.63,4.7,1285,Zales,True
item_003300,Samsung Laptops Model-3300,electronics,Cameras,759.43,3.9,184,LG,True
item_003301,Levis T-Shirts Model-3301,clothing,Dresses,63.29,4.8,2,Zara,True
item_003302,Hasbro Puzzles Model-3302,toys,Action Figures,68.47,3.6,2347,Fisher-Price,True
item_003303,Kelloggs Organic Model-3303,food,Beverages,46.03,2.1,8,Nestle,True
item_003304,3M Car Care Model-3304,automotive,Tools,363.55,4.4,3115,Bosch,True
item_003305,Bosch Accessories Model-3305,automotive,Accessories,22.4,3.3,1322,Castrol,True
item_003306,Castrol Electronics Model-3306,automotive,Tools,108.83,3.4,901,Michelin,True
item_003307,Bosch Headphones Model-3307,electronics,Laptops,655.12,3.4,0,Bosch,True
item_003308,Random House Non-Fiction Model-3308,books,Non-Fiction,38.74,4.5,43,HarperCollins,True
item_003309,IKEA Lighting Model-3309,home_garden,Lighting,80.41,3.5,175,Dyson,True
item_003310,Swarovski Rings Model-3310,jewelry,Earrings,3948.3,4.8,1956,Tiffany,True
item_003311,HarperCollins History Model-3311,books,History,31.06,3.6,4615,HarperCollins,True
item_003312,Samsung Cameras Model-3312,electronics,Smartphones,1822.03,4.0,42,Sony,True
item_003313,Zales Necklaces Model-3313,jewelry,Earrings,4483.83,4.5,2552,Zales,True
item_003314,Estee Lauder Skincare Model-3314,beauty,Haircare,174.72,2.8,1199,LOreal,True
item_003315,Zales Earrings Model-3315,jewelry,Bracelets,1272.59,3.5,0,Tiffany,True
item_003316,Zara Jackets Model-3316,clothing,Jackets,82.92,4.5,623,Zara,True
item_003317,Maybelline Makeup Model-3317,beauty,Makeup,39.14,3.4,2083,LOreal,True
item_003318,Zara T-Shirts Model-3318,clothing,T-Shirts,250.34,3.1,73,H&M,True
item_003319,Estee Lauder Fragrance Model-3319,beauty,Skincare,84.24,3.1,2306,Maybelline,True
item_003320,Random House History Model-3320,books,Non-Fiction,32.49,4.2,4035,Penguin,True
item_003321,Random House Science Model-3321,books,Science,54.12,4.7,44,Random House,True
item_003322,Zales Necklaces Model-3322,jewelry,Bracelets,457.47,4.3,586,Swarovski,True
item_003323,3M Accessories Model-3323,automotive,Car Care,297.47,3.4,211,Michelin,True
item_003324,Penguin Fiction Model-3324,books,Tech,38.76,4.6,2726,Penguin,True
item_003325,Mattel Puzzles Model-3325,toys,Dolls,57.46,3.5,128,Mattel,True
item_003326,Cuisinart Kitchen Model-3326,home_garden,Kitchen,238.1,3.3,324,Dyson,False
item_003327,Penguin Tech Model-3327,books,Tech,13.5,3.9,4187,HarperCollins,True
item_003328,Puma Cycling Model-3328,sports,Gym,246.19,4.7,784,Puma,True
item_003329,Random House History Model-3329,books,Science,54.13,3.8,3092,Random House,True
item_003330,Estee Lauder Haircare Model-3330,beauty,Makeup,98.61,4.0,573,LOreal,True
item_003331,Pandora Rings Model-3331,jewelry,Earrings,4956.51,3.2,157,Pandora,True
item_003332,Under Armour Cycling Model-3332,sports,Cycling,318.07,3.1,387,Adidas,True
item_003333,Castrol Tools Model-3333,automotive,Accessories,224.77,2.6,2608,Castrol,True
item_003334,Swarovski Necklaces Model-3334,jewelry,Rings,4184.1,3.1,878,Zales,True
item_003335,Swarovski Necklaces Model-3335,jewelry,Bracelets,1809.82,3.2,131,Swarovski,True
item_003336,Zara Jeans Model-3336,clothing,Jeans,248.79,4.0,2832,Levis,True
item_003337,LOreal Fragrance Model-3337,beauty,Fragrance,104.86,4.3,35,Estee Lauder,True
item_003338,Bosch Smartphones Model-3338,electronics,Headphones,1687.72,3.4,31,Apple,True
item_003339,Adidas Jeans Model-3339,clothing,Jackets,103.49,2.7,2736,Zara,False
item_003340,Samsung TVs Model-3340,electronics,Headphones,1976.6,3.9,2101,Bosch,True
item_003341,IKEA Lighting Model-3341,home_garden,Kitchen,329.13,4.8,3672,Philips,True
item_003342,Swarovski Necklaces Model-3342,jewelry,Rings,2284.41,4.1,119,Tiffany,True
item_003343,Estee Lauder Fragrance Model-3343,beauty,Fragrance,47.05,3.2,638,Estee Lauder,True
item_003344,Nike Jeans Model-3344,clothing,T-Shirts,176.16,4.5,2961,Nike,True
item_003345,Random House Fiction Model-3345,books,Fiction,8.98,2.9,0,Penguin,True
item_003346,Nestle Beverages Model-3346,food,Beverages,77.01,3.2,960,Organic Valley,False
item_003347,Tiffany Earrings Model-3347,jewelry,Bracelets,3746.12,4.8,29,Tiffany,True
item_003348,Kelloggs Snacks Model-3348,food,Organic,33.48,3.5,631,Nestle,True
item_003349,HarperCollins History Model-3349,books,Fiction,20.41,4.5,50,Penguin,True
item_003350,Cuisinart Garden Model-3350,home_garden,Garden,49.38,3.7,70,Cuisinart,True
item_003351,Zara Shoes Model-3351,clothing,T-Shirts,295.64,4.1,0,H&M,True
item_003352,Fisher-Price Board Games Model-3352,toys,Action Figures,23.96,3.3,2199,Hasbro,True
item_003353,Zales Necklaces Model-3353,jewelry,Earrings,787.26,4.1,4752,Swarovski,True
item_003354,Kelloggs Snacks Model-3354,food,Beverages,5.57,2.1,952,Kelloggs,True
item_003355,Apple Cameras Model-3355,electronics,TVs,1495.29,3.8,3501,Samsung,True
item_003356,Adidas Yoga Model-3356,sports,Gym,436.26,3.3,45,Adidas,True
item_003357,LG Smartphones Model-3357,electronics,Laptops,864.74,3.5,1995,Apple,True
item_003358,Pandora Rings Model-3358,jewelry,Bracelets,542.15,2.9,888,Swarovski,True
item_003359,Maybelline Fragrance Model-3359,beauty,Haircare,59.55,4.2,1196,LOreal,True
item_003360,Swarovski Necklaces Model-3360,jewelry,Earrings,3045.91,4.6,2051,Tiffany,True
item_003361,Nestle Organic Model-3361,food,Organic,53.07,3.4,149,Kelloggs,True
item_003362,Samsung Cameras Model-3362,electronics,Headphones,1225.65,3.8,1986,Bosch,True
item_003363,Zara Shoes Model-3363,clothing,Shoes,47.63,3.4,4509,Levis,True
item_003364,3M Accessories Model-3364,automotive,Tools,227.34,3.5,4694,3M,True
item_003365,Bosch TVs Model-3365,electronics,Cameras,1895.45,2.6,0,LG,True
item_003366,HarperCollins Science Model-3366,books,Tech,37.32,2.4,3183,Random House,True
item_003367,Organic Valley Organic Model-3367,food,Beverages,44.64,4.6,3,Organic Valley,True
item_003368,Fisher-Price Dolls Model-3368,toys,Board Games,133.89,2.5,4166,LEGO,True
item_003369,LOreal Skincare Model-3369,beauty,Haircare,87.6,4.0,151,Maybelline,True
item_003370,Bosch Car Care Model-3370,automotive,Accessories,258.44,4.3,64,Bosch,True
item_003371,Dyson Lighting Model-3371,home_garden,Kitchen,495.64,3.9,2985,IKEA,True
item_003372,Hasbro Puzzles Model-3372,toys,Board Games,83.5,3.6,376,LEGO,True
item_003373,Bosch Tools Model-3373,automotive,Electronics,140.74,4.7,50,3M,True
item_003374,Fisher-Price Dolls Model-3374,toys,Puzzles,100.74,3.1,4728,Fisher-Price,True
item_003375,Michelin Tools Model-3375,automotive,Tools,215.03,3.0,4830,Bosch,True
item_003376,Sony Cameras Model-3376,electronics,Cameras,1789.52,3.7,6,Samsung,False
item_003377,Penguin Science Model-3377,books,Tech,11.03,3.8,190,HarperCollins,True
item_003378,Penguin Non-Fiction Model-3378,books,History,44.09,4.8,3,Random House,True
item_003379,Under Armour Running Model-3379,sports,Swimming,405.52,3.5,320,Under Armour,True
item_003380,Penguin Science Model-3380,books,Tech,35.3,5.0,304,Random House,True
item_003381,Organic Valley Organic Model-3381,food,Beverages,13.03,4.8,2981,Kelloggs,True
item_003382,Estee Lauder Makeup Model-3382,beauty,Fragrance,96.59,4.0,99,Maybelline,True
item_003383,Adidas T-Shirts Model-3383,clothing,Jackets,202.66,4.7,90,H&M,False
item_003384,Random House History Model-3384,books,Non-Fiction,36.11,4.7,85,Penguin,True
item_003385,Nike Gym Model-3385,sports,Gym,224.0,2.8,37,Nike,True
item_003386,Puma Gym Model-3386,sports,Swimming,171.66,4.3,3791,Nike,True
item_003387,Fisher-Price Puzzles Model-3387,toys,Puzzles,14.61,3.9,0,Fisher-Price,True
item_003388,Cuisinart Furniture Model-3388,home_garden,Garden,383.88,3.1,140,IKEA,True
item_003389,Dyson Bedding Model-3389,home_garden,Kitchen,701.07,3.7,270,Philips,True
item_003390,Hasbro Puzzles Model-3390,toys,Dolls,87.29,4.8,2783,Hasbro,True
item_003391,Mattel Puzzles Model-3391,toys,Puzzles,121.79,4.3,149,Fisher-Price,True
item_003392,Penguin Fiction Model-3392,books,Non-Fiction,15.94,3.4,4131,Penguin,True
item_003393,Cuisinart Furniture Model-3393,home_garden,Lighting,665.5,5.0,291,IKEA,True
item_003394,LG Smartphones Model-3394,electronics,Laptops,987.14,5.0,3768,LG,True
item_003395,Levis T-Shirts Model-3395,clothing,T-Shirts,38.47,4.2,270,Zara,True
item_003396,Bosch Laptops Model-3396,electronics,Headphones,321.05,4.3,33,Sony,True
item_003397,Swarovski Bracelets Model-3397,jewelry,Necklaces,4524.18,4.9,500,Tiffany,True
item_003398,Kelloggs Organic Model-3398,food,Beverages,49.57,4.2,1038,Organic Valley,True
item_003399,HarperCollins History Model-3399,books,History,18.09,3.4,4187,Random House,True
item_003400,Random House Non-Fiction Model-3400,books,Fiction,35.31,3.2,3404,Random House,True
item_003401,Nike T-Shirts Model-3401,clothing,Shoes,18.41,2.6,2460,Levis,True
item_003402,Hasbro Action Figures Model-3402,toys,Dolls,49.25,4.3,886,Mattel,True
item_003403,Samsung Cameras Model-3403,electronics,Headphones,188.16,3.9,625,Samsung,True
item_003404,HarperCollins Science Model-3404,books,Tech,53.82,3.2,547,HarperCollins,False
item_003405,H&M Jeans Model-3405,clothing,Shoes,170.36,2.1,2856,Nike,True
item_003406,Maybelline Fragrance Model-3406,beauty,Skincare,118.1,2.7,958,LOreal,False
item_003407,Adidas Dresses Model-3407,clothing,Jackets,255.11,4.4,2729,Zara,True
item_003408,Zara Dresses Model-3408,clothing,Dresses,274.42,3.2,12,Adidas,True
item_003409,LEGO Action Figures Model-3409,toys,Dolls,107.69,3.1,1319,Hasbro,True
item_003410,Penguin Science Model-3410,books,Tech,37.74,3.4,31,Penguin,True
item_003411,Organic Valley Beverages Model-3411,food,Supplements,47.99,4.0,8,Kelloggs,True
item_003412,Pandora Necklaces Model-3412,jewelry,Necklaces,4703.67,3.9,525,Pandora,True
item_003413,LOreal Fragrance Model-3413,beauty,Haircare,159.29,4.0,1354,Estee Lauder,True
item_003414,Apple Headphones Model-3414,electronics,Laptops,1525.4,3.1,1043,LG,True
item_003415,Adidas Gym Model-3415,sports,Gym,209.82,4.0,656,Adidas,True
item_003416,Pandora Earrings Model-3416,jewelry,Bracelets,911.18,4.6,209,Pandora,True
item_003417,Bosch Smartphones Model-3417,electronics,Laptops,761.04,1.9,5,Samsung,True
item_003418,3M Car Care Model-3418,automotive,Car Care,138.59,3.6,165,Castrol,True
item_003419,Dyson Lighting Model-3419,home_garden,Furniture,344.54,3.4,3406,Philips,True
item_003420,Fisher-Price Action Figures Model-3420,toys,Puzzles,114.1,3.6,441,Mattel,False
item_003421,Adidas Swimming Model-3421,sports,Gym,187.64,3.1,3,Under Armour,True
item_003422,Fisher-Price Action Figures Model-3422,toys,Puzzles,42.4,3.7,23,Mattel,True
item_003423,Maybelline Haircare Model-3423,beauty,Skincare,62.49,3.4,2442,Maybelline,True
item_003424,HarperCollins Fiction Model-3424,books,Fiction,7.46,2.9,841,Random House,True
item_003425,Organic Valley Snacks Model-3425,food,Supplements,78.8,4.1,142,Organic Valley,True
item_003426,Bosch Accessories Model-3426,automotive,Car Care,268.37,4.7,2854,Castrol,True
item_003427,Nestle Organic Model-3427,food,Supplements,67.74,3.8,109,Kelloggs,False
item_003428,Bosch Car Care Model-3428,automotive,Car Care,270.25,4.3,135,Michelin,True
item_003429,Pandora Earrings Model-3429,jewelry,Necklaces,950.58,4.3,37,Pandora,True
item_003430,Zales Necklaces Model-3430,jewelry,Bracelets,163.2,4.9,4561,Tiffany,True
item_003431,HarperCollins Science Model-3431,books,Fiction,59.83,4.3,4377,HarperCollins,True
item_003432,Tiffany Earrings Model-3432,jewelry,Earrings,674.23,3.9,245,Swarovski,True
item_003433,Zara Jeans Model-3433,clothing,Jeans,155.65,3.6,80,H&M,True
item_003434,Apple Laptops Model-3434,electronics,Headphones,294.27,3.3,306,LG,True
item_003435,Philips Lighting Model-3435,home_garden,Garden,661.81,3.8,451,Cuisinart,True
item_003436,Kelloggs Organic Model-3436,food,Beverages,33.42,4.4,291,Nestle,True
item_003437,HarperCollins Fiction Model-3437,books,Non-Fiction,12.94,4.7,18,HarperCollins,False
item_003438,Kelloggs Snacks Model-3438,food,Supplements,51.07,3.3,25,Organic Valley,True
item_003439,Penguin History Model-3439,books,Science,31.21,3.4,1234,Penguin,True
item_003440,Castrol Tools Model-3440,automotive,Accessories,301.98,4.6,4907,Castrol,False
item_003441,Organic Valley Organic Model-3441,food,Beverages,31.65,4.9,255,Organic Valley,True
item_003442,Michelin Tools Model-3442,automotive,Electronics,312.14,2.5,103,Bosch,True
item_003443,Nike T-Shirts Model-3443,clothing,Dresses,64.03,3.8,2093,Nike,True
item_003444,Bosch Tools Model-3444,automotive,Electronics,66.71,4.3,5,Castrol,True
item_003445,Philips Bedding Model-3445,home_garden,Kitchen,750.67,4.2,4,IKEA,True
item_003446,Pandora Necklaces Model-3446,jewelry,Necklaces,2032.08,2.6,4624,Zales,True
item_003447,Zales Necklaces Model-3447,jewelry,Bracelets,2904.59,3.8,823,Zales,True
item_003448,Organic Valley Supplements Model-3448,food,Snacks,3.34,3.6,277,Kelloggs,True
item_003449,LOreal Makeup Model-3449,beauty,Makeup,34.58,2.8,1276,LOreal,True
item_003450,Nike Gym Model-3450,sports,Yoga,494.28,4.3,0,Adidas,True
item_003451,Adidas Running Model-3451,sports,Gym,182.27,4.7,0,Nike,True
item_003452,Levis T-Shirts Model-3452,clothing,T-Shirts,56.14,3.8,4436,Nike,True
item_003453,LOreal Makeup Model-3453,beauty,Haircare,178.73,3.6,2150,Estee Lauder,True
item_003454,Apple TVs Model-3454,electronics,Cameras,1270.03,3.9,2258,LG,True
item_003455,Tiffany Earrings Model-3455,jewelry,Necklaces,3468.98,4.4,439,Zales,True
item_003456,Maybelline Makeup Model-3456,beauty,Skincare,168.29,2.4,0,Estee Lauder,True
item_003457,Bosch TVs Model-3457,electronics,Headphones,711.64,4.8,2117,Apple,True
item_003458,Philips Lighting Model-3458,home_garden,Bedding,64.49,3.3,243,Dyson,True
item_003459,LOreal Fragrance Model-3459,beauty,Skincare,185.16,4.0,5,Estee Lauder,True
item_003460,Bosch Headphones Model-3460,electronics,Headphones,656.87,3.8,7,Apple,True
item_003461,Kelloggs Snacks Model-3461,food,Snacks,15.55,3.4,2317,Nestle,True
item_003462,Adidas Swimming Model-3462,sports,Running,373.15,5.0,964,Under Armour,True
item_003463,Adidas Swimming Model-3463,sports,Running,398.58,4.3,136,Nike,True
item_003464,Under Armour Gym Model-3464,sports,Yoga,344.99,4.6,168,Adidas,True
item_003465,Estee Lauder Makeup Model-3465,beauty,Haircare,125.39,3.1,11,LOreal,True
item_003466,Cuisinart Kitchen Model-3466,home_garden,Garden,627.32,4.2,0,Cuisinart,True
item_003467,LG Laptops Model-3467,electronics,Headphones,778.6,3.9,959,LG,True
item_003468,Pandora Rings Model-3468,jewelry,Bracelets,1187.69,3.8,2211,Tiffany,True
item_003469,Estee Lauder Fragrance Model-3469,beauty,Fragrance,90.58,5.0,1660,Maybelline,True
item_003470,Kelloggs Beverages Model-3470,food,Beverages,46.26,3.3,2623,Kelloggs,True
item_003471,Nike Yoga Model-3471,sports,Gym,448.38,3.0,33,Under Armour,False
item_003472,LOreal Fragrance Model-3472,beauty,Makeup,59.8,3.6,354,LOreal,True
item_003473,Bosch Laptops Model-3473,electronics,Headphones,1218.14,4.4,189,LG,True
item_003474,Tiffany Necklaces Model-3474,jewelry,Rings,2508.38,5.0,3028,Pandora,True
item_003475,Nestle Snacks Model-3475,food,Organic,43.33,4.7,3033,Organic Valley,True
item_003476,Penguin History Model-3476,books,Tech,43.45,3.4,465,HarperCollins,True
item_003477,Maybelline Skincare Model-3477,beauty,Fragrance,69.63,4.0,16,Maybelline,True
item_003478,Zales Bracelets Model-3478,jewelry,Rings,3071.34,4.2,244,Zales,True
item_003479,Swarovski Rings Model-3479,jewelry,Rings,3822.57,3.8,4527,Swarovski,True
item_003480,Nike T-Shirts Model-3480,clothing,T-Shirts,172.49,3.8,2922,Nike,True
item_003481,IKEA Garden Model-3481,home_garden,Kitchen,27.26,3.8,1446,Dyson,True
item_003482,Random House Science Model-3482,books,Non-Fiction,21.15,4.0,222,Penguin,True
item_003483,Bosch Tools Model-3483,automotive,Car Care,185.57,3.6,1162,Castrol,True
item_003484,Kelloggs Organic Model-3484,food,Supplements,12.18,4.4,172,Organic Valley,True
item_003485,HarperCollins History Model-3485,books,Science,18.63,3.8,1080,Penguin,True
item_003486,Penguin Tech Model-3486,books,Non-Fiction,47.17,3.5,232,HarperCollins,True
item_003487,Swarovski Bracelets Model-3487,jewelry,Rings,3866.13,3.3,4648,Tiffany,True
item_003488,Tiffany Necklaces Model-3488,jewelry,Bracelets,2766.61,3.7,317,Zales,True
item_003489,LEGO Dolls Model-3489,toys,Dolls,113.29,1.4,3316,LEGO,True
item_003490,Castrol Electronics Model-3490,automotive,Accessories,113.34,3.2,930,Bosch,True
item_003491,Puma Cycling Model-3491,sports,Gym,300.34,4.9,0,Under Armour,True
item_003492,Puma Yoga Model-3492,sports,Running,209.06,4.4,3939,Nike,True
item_003493,Nike Jeans Model-3493,clothing,Shoes,134.63,4.1,913,Adidas,True
item_003494,Bosch Smartphones Model-3494,electronics,Smartphones,1537.04,4.0,6,Apple,True
item_003495,Apple TVs Model-3495,electronics,Laptops,416.15,3.7,152,Sony,True
item_003496,Philips Kitchen Model-3496,home_garden,Bedding,261.15,3.6,3117,Cuisinart,True
item_003497,Kelloggs Supplements Model-3497,food,Organic,74.74,3.3,152,Kelloggs,True
item_003498,Zales Bracelets Model-3498,jewelry,Bracelets,4027.49,3.7,0,Tiffany,False
item_003499,LG Smartphones Model-3499,electronics,Cameras,433.25,3.6,2772,Bosch,False
item_003500,Under Armour Gym Model-3500,sports,Running,22.75,4.4,0,Nike,True
item_003501,Sony Cameras Model-3501,electronics,Cameras,610.86,4.9,1159,Apple,True
item_003502,Levis Jeans Model-3502,clothing,Dresses,67.59,4.3,189,Zara,True
item_003503,HarperCollins Fiction Model-3503,books,History,33.62,3.2,2488,Random House,False
item_003504,Swarovski Rings Model-3504,jewelry,Necklaces,1684.14,2.6,6,Swarovski,True
item_003505,Puma Gym Model-3505,sports,Swimming,225.34,3.7,13,Nike,True
item_003506,Kelloggs Snacks Model-3506,food,Beverages,27.84,2.8,1786,Nestle,True
item_003507,Cuisinart Lighting Model-3507,home_garden,Bedding,622.76,3.9,100,IKEA,True
item_003508,Bosch Headphones Model-3508,electronics,Laptops,1340.19,5.0,4465,Samsung,True
item_003509,Bosch Headphones Model-3509,electronics,Cameras,1165.97,3.3,193,Bosch,True
item_003510,Random House Science Model-3510,books,Fiction,30.95,4.9,1,HarperCollins,True
item_003511,Under Armour Swimming Model-3511,sports,Yoga,396.35,2.6,78,Adidas,True
item_003512,Puma Running Model-3512,sports,Swimming,275.21,3.5,2885,Nike,True
item_003513,Tiffany Necklaces Model-3513,jewelry,Necklaces,3624.54,3.1,4,Pandora,True
item_003514,Kelloggs Beverages Model-3514,food,Organic,16.28,3.4,245,Kelloggs,True
item_003515,Adidas Dresses Model-3515,clothing,Jeans,216.8,2.1,655,Levis,True
item_003516,Mattel Board Games Model-3516,toys,Board Games,24.25,4.7,67,Mattel,True
item_003517,Swarovski Necklaces Model-3517,jewelry,Rings,3839.79,5.0,107,Zales,True
item_003518,3M Accessories Model-3518,automotive,Accessories,12.34,2.4,2688,3M,True
item_003519,LEGO Puzzles Model-3519,toys,Action Figures,98.4,4.2,4174,Mattel,False
item_003520,Adidas Running Model-3520,sports,Gym,274.58,2.8,2853,Nike,True
item_003521,Estee Lauder Haircare Model-3521,beauty,Skincare,32.72,3.2,1272,LOreal,True
item_003522,Michelin Car Care Model-3522,automotive,Electronics,161.44,4.4,4687,Castrol,True
item_003523,Pandora Earrings Model-3523,jewelry,Rings,2249.51,4.0,123,Swarovski,True
item_003524,Cuisinart Furniture Model-3524,home_garden,Bedding,16.45,3.9,249,Cuisinart,True
item_003525,IKEA Kitchen Model-3525,home_garden,Garden,448.43,4.0,4696,Dyson,True
item_003526,Hasbro Puzzles Model-3526,toys,Action Figures,62.8,4.9,2135,Hasbro,True
item_003527,Philips Bedding Model-3527,home_garden,Bedding,67.02,2.1,3525,Cuisinart,True
item_003528,Tiffany Necklaces Model-3528,jewelry,Bracelets,2031.24,3.5,688,Zales,True
item_003529,Under Armour Gym Model-3529,sports,Gym,53.24,2.7,552,Adidas,True
item_003530,Organic Valley Organic Model-3530,food,Supplements,3.39,3.5,2,Nestle,True
item_003531,Swarovski Bracelets Model-3531,jewelry,Bracelets,862.06,4.0,245,Tiffany,True
item_003532,Levis Jackets Model-3532,clothing,T-Shirts,222.12,4.7,2422,Adidas,True
item_003533,Organic Valley Organic Model-3533,food,Beverages,36.26,3.7,139,Organic Valley,False
item_003534,Philips Furniture Model-3534,home_garden,Kitchen,617.92,4.1,4328,Cuisinart,True
item_003535,Penguin Tech Model-3535,books,Non-Fiction,55.48,4.2,38,Random House,True
item_003536,Fisher-Price Dolls Model-3536,toys,Dolls,74.65,4.2,4750,Mattel,True
item_003537,Cuisinart Garden Model-3537,home_garden,Lighting,443.96,3.8,512,Cuisinart,True
item_003538,Castrol Tools Model-3538,automotive,Car Care,339.24,2.4,409,Michelin,True
item_003539,Kelloggs Snacks Model-3539,food,Beverages,23.31,3.4,616,Nestle,False
item_003540,Puma Yoga Model-3540,sports,Running,90.16,4.1,355,Puma,True
item_003541,H&M Shoes Model-3541,clothing,Dresses,284.14,3.6,905,Nike,True
item_003542,Bosch Car Care Model-3542,automotive,Car Care,287.1,3.9,2035,Bosch,True
item_003543,Castrol Tools Model-3543,automotive,Tools,72.77,4.1,4716,Bosch,True
item_003544,Organic Valley Snacks Model-3544,food,Organic,35.29,3.5,102,Organic Valley,True
item_003545,Samsung Smartphones Model-3545,electronics,Laptops,1046.53,2.9,405,Bosch,True
item_003546,Dyson Furniture Model-3546,home_garden,Garden,743.58,2.6,3459,Philips,True
item_003547,LOreal Haircare Model-3547,beauty,Makeup,144.67,4.2,1854,Maybelline,True
item_003548,Penguin Non-Fiction Model-3548,books,Fiction,58.2,4.0,515,Penguin,True
item_003549,LG TVs Model-3549,electronics,Cameras,1474.79,3.0,3669,Sony,True
item_003550,Tiffany Rings Model-3550,jewelry,Necklaces,3885.75,2.5,2825,Tiffany,True
item_003551,Castrol Electronics Model-3551,automotive,Car Care,153.27,4.7,1,3M,True
item_003552,Castrol Electronics Model-3552,automotive,Electronics,242.88,3.3,402,Bosch,True
item_003553,LEGO Action Figures Model-3553,toys,Puzzles,74.46,4.7,40,Fisher-Price,True
item_003554,Penguin Fiction Model-3554,books,Science,47.01,4.1,3945,HarperCollins,True
item_003555,Levis Dresses Model-3555,clothing,Jeans,128.62,4.6,6,H&M,True
item_003556,IKEA Bedding Model-3556,home_garden,Bedding,693.47,4.0,7,Dyson,True
item_003557,Maybelline Haircare Model-3557,beauty,Fragrance,150.2,3.2,3,Maybelline,False
item_003558,3M Accessories Model-3558,automotive,Accessories,71.36,5.0,2825,Castrol,True
item_003559,Levis Dresses Model-3559,clothing,Dresses,32.58,3.5,4027,Levis,True
item_003560,Nestle Snacks Model-3560,food,Snacks,64.96,4.4,3442,Kelloggs,True
item_003561,Maybelline Haircare Model-3561,beauty,Skincare,48.63,4.6,6,Maybelline,True
item_003562,LEGO Action Figures Model-3562,toys,Puzzles,67.15,3.3,502,LEGO,True
item_003563,Nestle Organic Model-3563,food,Beverages,14.66,4.3,3158,Nestle,True
item_003564,Cuisinart Furniture Model-3564,home_garden,Lighting,112.23,4.2,0,Cuisinart,True
item_003565,Zara Jeans Model-3565,clothing,T-Shirts,189.79,4.7,106,Nike,True
item_003566,LG Headphones Model-3566,electronics,Smartphones,1129.31,4.8,1679,LG,True
item_003567,HarperCollins Tech Model-3567,books,Tech,42.12,3.1,924,Penguin,True
item_003568,Nestle Supplements Model-3568,food,Beverages,21.52,4.0,584,Nestle,True
item_003569,Samsung TVs Model-3569,electronics,Laptops,351.84,2.6,15,Sony,True
item_003570,Apple Headphones Model-3570,electronics,Smartphones,243.81,3.6,3622,Bosch,True
item_003571,Bosch Car Care Model-3571,automotive,Tools,393.27,5.0,2525,Castrol,True
item_003572,HarperCollins Fiction Model-3572,books,History,19.0,3.1,351,Penguin,True
item_003573,Mattel Puzzles Model-3573,toys,Puzzles,24.05,3.6,1449,LEGO,True
item_003574,Penguin Fiction Model-3574,books,Non-Fiction,41.76,3.6,430,HarperCollins,False
item_003575,Organic Valley Snacks Model-3575,food,Organic,75.47,2.5,27,Kelloggs,True
item_003576,Hasbro Board Games Model-3576,toys,Dolls,52.59,5.0,3856,Hasbro,True
item_003577,Puma Swimming Model-3577,sports,Swimming,343.77,4.0,93,Under Armour,True
item_003578,Zales Bracelets Model-3578,jewelry,Bracelets,1230.91,4.3,4466,Swarovski,True
item_003579,Fisher-Price Puzzles Model-3579,toys,Board Games,89.1,2.7,4891,Fisher-Price,True
item_003580,Adidas Gym Model-3580,sports,Swimming,162.3,4.0,3278,Puma,False
item_003581,Cuisinart Bedding Model-3581,home_garden,Bedding,299.19,3.8,1532,Cuisinart,False
item_003582,Penguin Fiction Model-3582,books,Non-Fiction,59.46,2.6,26,HarperCollins,True
item_003583,Estee Lauder Skincare Model-3583,beauty,Skincare,90.96,3.1,142,Estee Lauder,True
item_003584,HarperCollins History Model-3584,books,Science,27.5,3.5,2007,Random House,True
item_003585,Organic Valley Supplements Model-3585,food,Snacks,16.43,3.9,3233,Nestle,True
item_003586,Under Armour Swimming Model-3586,sports,Running,453.82,3.9,87,Under Armour,True
item_003587,Penguin Science Model-3587,books,History,47.04,2.7,34,Random House,True
item_003588,Michelin Accessories Model-3588,automotive,Electronics,136.46,3.5,55,3M,True
item_003589,LG Cameras Model-3589,electronics,Headphones,434.39,3.9,4508,LG,True
item_003590,LEGO Dolls Model-3590,toys,Dolls,81.83,4.0,3768,Fisher-Price,True
item_003591,Random House History Model-3591,books,Non-Fiction,44.21,2.1,392,Random House,True
item_003592,IKEA Furniture Model-3592,home_garden,Garden,223.66,3.0,3292,IKEA,True
item_003593,Organic Valley Snacks Model-3593,food,Organic,5.91,4.5,341,Organic Valley,True
item_003594,HarperCollins Fiction Model-3594,books,History,51.47,5.0,297,HarperCollins,True
item_003595,LG TVs Model-3595,electronics,Smartphones,1906.23,3.9,738,Apple,True
item_003596,Organic Valley Supplements Model-3596,food,Supplements,17.7,3.7,0,Nestle,True
item_003597,IKEA Kitchen Model-3597,home_garden,Bedding,303.28,3.8,117,Cuisinart,True
item_003598,Kelloggs Supplements Model-3598,food,Supplements,36.35,4.0,3958,Kelloggs,True
item_003599,Adidas T-Shirts Model-3599,clothing,Jeans,180.62,3.7,49,Levis,True
item_003600,LOreal Fragrance Model-3600,beauty,Haircare,107.4,4.7,105,Estee Lauder,True
item_003601,Zales Rings Model-3601,jewelry,Rings,4773.18,4.3,500,Tiffany,True
item_003602,Philips Furniture Model-3602,home_garden,Garden,225.17,4.0,3291,IKEA,True
item_003603,HarperCollins Science Model-3603,books,Tech,8.09,3.7,237,Random House,True
item_003604,H&M Jackets Model-3604,clothing,Shoes,183.2,3.1,2716,H&M,True
item_003605,Random House Tech Model-3605,books,History,47.17,4.2,3759,HarperCollins,True
item_003606,Nike T-Shirts Model-3606,clothing,Jeans,112.59,4.3,46,Adidas,True
item_003607,Philips Kitchen Model-3607,home_garden,Garden,408.84,3.4,2,IKEA,True
item_003608,Zales Necklaces Model-3608,jewelry,Rings,2640.66,4.7,33,Pandora,True
item_003609,Hasbro Board Games Model-3609,toys,Action Figures,139.07,3.8,8,Fisher-Price,True
item_003610,Estee Lauder Makeup Model-3610,beauty,Fragrance,47.53,4.3,671,Maybelline,True
item_003611,Samsung Headphones Model-3611,electronics,Smartphones,71.78,4.1,4004,Sony,True
item_003612,Estee Lauder Fragrance Model-3612,beauty,Makeup,6.42,3.2,2227,Estee Lauder,True
item_003613,Under Armour Running Model-3613,sports,Yoga,312.69,5.0,3,Adidas,True
item_003614,Penguin Non-Fiction Model-3614,books,Science,30.39,3.8,1594,HarperCollins,True
item_003615,Estee Lauder Skincare Model-3615,beauty,Haircare,23.22,3.5,987,Estee Lauder,True
item_003616,Michelin Accessories Model-3616,automotive,Accessories,250.67,4.1,1449,Castrol,True
item_003617,Levis Shoes Model-3617,clothing,Jackets,244.7,5.0,33,Nike,True
item_003618,Cuisinart Lighting Model-3618,home_garden,Bedding,646.75,3.1,4099,IKEA,True
item_003619,Levis Jeans Model-3619,clothing,Jackets,98.79,4.3,114,Levis,True
item_003620,LOreal Fragrance Model-3620,beauty,Skincare,33.13,3.6,3813,Estee Lauder,False
item_003621,Apple Laptops Model-3621,electronics,TVs,82.88,4.4,0,Samsung,True
item_003622,LEGO Action Figures Model-3622,toys,Dolls,124.72,4.4,0,Mattel,True
item_003623,Nestle Snacks Model-3623,food,Snacks,4.6,2.8,833,Nestle,True
item_003624,Pandora Necklaces Model-3624,jewelry,Rings,1311.5,3.6,1093,Pandora,True
item_003625,Nike Cycling Model-3625,sports,Gym,116.25,3.2,9,Under Armour,True
item_003626,Fisher-Price Board Games Model-3626,toys,Action Figures,15.01,4.6,0,LEGO,True
item_003627,LEGO Action Figures Model-3627,toys,Puzzles,87.74,4.1,1938,Mattel,True
item_003628,Bosch Headphones Model-3628,electronics,Cameras,1751.43,4.7,2549,LG,True
item_003629,IKEA Lighting Model-3629,home_garden,Garden,284.56,4.4,65,Dyson,True
item_003630,Cuisinart Kitchen Model-3630,home_garden,Furniture,491.97,3.4,4884,Dyson,False
item_003631,H&M Dresses Model-3631,clothing,Dresses,75.07,3.4,79,Zara,True
item_003632,HarperCollins Non-Fiction Model-3632,books,Non-Fiction,40.45,4.0,4600,Random House,True
item_003633,Cuisinart Bedding Model-3633,home_garden,Kitchen,226.45,5.0,4526,Cuisinart,True
item_003634,Hasbro Puzzles Model-3634,toys,Board Games,55.24,3.7,1491,Hasbro,True
item_003635,HarperCollins History Model-3635,books,Science,53.0,4.1,128,Penguin,True
item_003636,Fisher-Price Action Figures Model-3636,toys,Dolls,148.95,4.4,2962,Mattel,True
item_003637,Swarovski Earrings Model-3637,jewelry,Earrings,1434.99,3.8,132,Tiffany,True
item_003638,H&M Shoes Model-3638,clothing,Dresses,58.25,5.0,1641,Zara,True
item_003639,Dyson Bedding Model-3639,home_garden,Kitchen,449.27,3.6,510,Cuisinart,True
item_003640,Sony TVs Model-3640,electronics,Headphones,537.89,3.0,4472,Bosch,True
item_003641,Nestle Supplements Model-3641,food,Snacks,70.52,4.4,3646,Kelloggs,True
item_003642,IKEA Lighting Model-3642,home_garden,Bedding,137.49,3.2,84,Philips,True
item_003643,Samsung Smartphones Model-3643,electronics,Headphones,359.06,3.6,3518,LG,True
item_003644,Samsung Headphones Model-3644,electronics,Headphones,1376.76,4.0,77,Samsung,True
item_003645,Maybelline Fragrance Model-3645,beauty,Skincare,146.33,3.7,2431,Maybelline,True
item_003646,Bosch Accessories Model-3646,automotive,Tools,252.18,3.9,7,Bosch,True
item_003647,Castrol Electronics Model-3647,automotive,Electronics,140.24,3.9,1,Bosch,True
item_003648,Mattel Board Games Model-3648,toys,Action Figures,78.1,5.0,2635,Hasbro,False
item_003649,Organic Valley Snacks Model-3649,food,Beverages,44.52,4.2,472,Nestle,True
item_003650,IKEA Lighting Model-3650,home_garden,Lighting,724.31,3.8,1506,Philips,True
item_003651,Kelloggs Supplements Model-3651,food,Supplements,50.68,3.4,9,Nestle,True
item_003652,LOreal Skincare Model-3652,beauty,Haircare,109.52,3.5,2618,Estee Lauder,True
item_003653,Michelin Electronics Model-3653,automotive,Car Care,33.72,2.5,297,Michelin,True
item_003654,Adidas Swimming Model-3654,sports,Running,269.95,4.8,2114,Puma,True
item_003655,Pandora Earrings Model-3655,jewelry,Earrings,107.53,3.7,0,Zales,True
item_003656,Adidas Yoga Model-3656,sports,Yoga,495.77,4.3,20,Under Armour,True
item_003657,Bosch Smartphones Model-3657,electronics,Headphones,205.43,3.9,0,Bosch,True
item_003658,3M Accessories Model-3658,automotive,Car Care,337.15,4.1,0,3M,True
item_003659,LOreal Fragrance Model-3659,beauty,Skincare,175.92,3.1,233,Estee Lauder,True
item_003660,LG Cameras Model-3660,electronics,Cameras,1931.58,4.4,2639,Sony,True
item_003661,Bosch Tools Model-3661,automotive,Car Care,154.86,2.8,1417,Michelin,False
item_003662,Nike Running Model-3662,sports,Running,108.8,3.7,4,Puma,False
item_003663,Zales Necklaces Model-3663,jewelry,Rings,4622.14,4.1,1620,Swarovski,True
item_003664,IKEA Bedding Model-3664,home_garden,Garden,81.38,4.2,580,Dyson,True
item_003665,Dyson Lighting Model-3665,home_garden,Garden,768.84,3.5,2561,Dyson,True
item_003666,Random House Science Model-3666,books,Fiction,28.41,2.7,228,HarperCollins,True
item_003667,Michelin Accessories Model-3667,automotive,Tools,385.44,4.2,1450,Castrol,True
item_003668,Tiffany Rings Model-3668,jewelry,Bracelets,1027.0,3.5,99,Zales,True
item_003669,3M Accessories Model-3669,automotive,Tools,101.43,4.2,0,3M,True
item_003670,Levis Dresses Model-3670,clothing,T-Shirts,55.78,3.8,62,Zara,True
item_003671,Castrol Electronics Model-3671,automotive,Car Care,214.56,2.8,24,Michelin,True
item_003672,Fisher-Price Puzzles Model-3672,toys,Action Figures,127.93,4.4,2031,LEGO,True
item_003673,Zara Jeans Model-3673,clothing,Dresses,254.44,3.1,806,H&M,True
item_003674,IKEA Furniture Model-3674,home_garden,Lighting,135.25,3.4,4774,Dyson,True
item_003675,Nike T-Shirts Model-3675,clothing,Dresses,14.45,4.8,1944,Adidas,True
item_003676,Puma Running Model-3676,sports,Running,155.51,3.8,4313,Puma,True
item_003677,Maybelline Fragrance Model-3677,beauty,Haircare,187.87,3.5,31,Maybelline,True
item_003678,Kelloggs Supplements Model-3678,food,Beverages,28.83,5.0,714,Organic Valley,True
item_003679,Michelin Electronics Model-3679,automotive,Electronics,196.92,3.0,685,Bosch,True
item_003680,Philips Garden Model-3680,home_garden,Bedding,375.54,4.6,4365,Cuisinart,True
item_003681,Nike Jackets Model-3681,clothing,Shoes,265.95,3.9,111,H&M,True
item_003682,LOreal Skincare Model-3682,beauty,Haircare,166.9,2.6,319,LOreal,True
item_003683,LG TVs Model-3683,electronics,Cameras,1753.5,3.6,198,Samsung,True
item_003684,Cuisinart Lighting Model-3684,home_garden,Kitchen,676.82,5.0,903,IKEA,True
item_003685,Random House Non-Fiction Model-3685,books,History,39.87,4.6,153,Random House,False
item_003686,LG TVs Model-3686,electronics,Smartphones,559.64,3.1,107,Apple,True
item_003687,Bosch Cameras Model-3687,electronics,TVs,1383.68,4.0,51,Sony,True
item_003688,H&M Dresses Model-3688,clothing,Dresses,18.97,3.8,0,Nike,True
item_003689,Estee Lauder Haircare Model-3689,beauty,Makeup,19.02,3.7,0,Estee Lauder,True
item_003690,Levis Shoes Model-3690,clothing,Dresses,246.62,3.4,46,H&M,True
item_003691,Organic Valley Organic Model-3691,food,Organic,58.73,3.9,316,Nestle,True
item_003692,Hasbro Action Figures Model-3692,toys,Action Figures,81.03,3.3,3692,Fisher-Price,True
item_003693,Michelin Accessories Model-3693,automotive,Tools,27.25,4.5,3853,Michelin,False
item_003694,Bosch Tools Model-3694,automotive,Accessories,52.33,3.7,123,Bosch,True
item_003695,Nestle Supplements Model-3695,food,Supplements,19.68,4.6,1292,Organic Valley,True
item_003696,Hasbro Dolls Model-3696,toys,Board Games,40.02,3.4,1323,Hasbro,True
item_003697,LOreal Makeup Model-3697,beauty,Haircare,135.79,3.4,402,LOreal,True
item_003698,Zales Rings Model-3698,jewelry,Necklaces,3196.24,3.8,3672,Zales,True
item_003699,HarperCollins Science Model-3699,books,Fiction,33.58,3.3,1117,HarperCollins,True
item_003700,H&M Dresses Model-3700,clothing,Jackets,149.21,3.7,1428,H&M,True
item_003701,Zales Bracelets Model-3701,jewelry,Earrings,527.86,3.3,831,Swarovski,False
item_003702,Estee Lauder Makeup Model-3702,beauty,Haircare,33.08,4.1,0,Maybelline,True
item_003703,Nestle Organic Model-3703,food,Supplements,27.66,3.2,571,Nestle,True
item_003704,Cuisinart Bedding Model-3704,home_garden,Furniture,297.81,4.4,11,Cuisinart,True
item_003705,Nestle Beverages Model-3705,food,Snacks,32.5,3.9,0,Organic Valley,True
item_003706,Pandora Necklaces Model-3706,jewelry,Rings,2994.49,3.6,1145,Swarovski,True
item_003707,Zales Necklaces Model-3707,jewelry,Earrings,1577.2,3.0,2399,Swarovski,True
item_003708,Estee Lauder Fragrance Model-3708,beauty,Fragrance,7.9,2.9,73,Estee Lauder,True
item_003709,Adidas Dresses Model-3709,clothing,Dresses,242.67,5.0,39,Zara,True
item_003710,LEGO Dolls Model-3710,toys,Dolls,96.01,4.2,544,Mattel,True
item_003711,Adidas Running Model-3711,sports,Cycling,144.56,4.1,2869,Adidas,True
item_003712,Zara Dresses Model-3712,clothing,Dresses,211.65,3.4,135,Adidas,True
item_003713,Castrol Accessories Model-3713,automotive,Tools,298.64,4.2,1819,Castrol,True
item_003714,Random House History Model-3714,books,Fiction,8.95,3.8,4190,Random House,True
item_003715,Cuisinart Furniture Model-3715,home_garden,Lighting,167.42,3.6,1175,Dyson,True
item_003716,Hasbro Board Games Model-3716,toys,Puzzles,18.3,3.0,1535,Fisher-Price,True
item_003717,Nestle Supplements Model-3717,food,Snacks,27.47,4.1,0,Nestle,True
item_003718,Hasbro Action Figures Model-3718,toys,Dolls,105.3,5.0,2214,Mattel,True
item_003719,Hasbro Board Games Model-3719,toys,Board Games,118.3,4.8,1429,Hasbro,True
item_003720,IKEA Kitchen Model-3720,home_garden,Garden,685.69,4.5,223,Cuisinart,False
item_003721,Kelloggs Beverages Model-3721,food,Supplements,46.9,3.1,3904,Organic Valley,True
item_003722,Pandora Rings Model-3722,jewelry,Earrings,3552.53,3.0,1425,Swarovski,True
item_003723,Under Armour Running Model-3723,sports,Swimming,347.54,4.3,622,Puma,True
item_003724,Bosch Tools Model-3724,automotive,Tools,75.05,3.9,734,Bosch,True
item_003725,Tiffany Earrings Model-3725,jewelry,Necklaces,4644.03,3.6,6,Swarovski,True
item_003726,Samsung Laptops Model-3726,electronics,TVs,466.81,3.5,1029,Sony,True
item_003727,IKEA Garden Model-3727,home_garden,Furniture,724.99,2.4,30,Philips,True
item_003728,HarperCollins History Model-3728,books,Tech,48.06,4.2,3096,Penguin,True
item_003729,Apple Cameras Model-3729,electronics,Cameras,735.81,3.9,788,Apple,True
item_003730,Dyson Lighting Model-3730,home_garden,Kitchen,195.22,3.3,4,Cuisinart,True
item_003731,Bosch Cameras Model-3731,electronics,Cameras,442.46,5.0,97,Sony,True
item_003732,Nestle Supplements Model-3732,food,Supplements,34.17,3.1,9,Kelloggs,True
item_003733,Hasbro Action Figures Model-3733,toys,Board Games,55.77,3.0,11,Fisher-Price,True
item_003734,Under Armour Cycling Model-3734,sports,Yoga,250.97,3.7,523,Under Armour,True
item_003735,Sony TVs Model-3735,electronics,Cameras,1263.83,4.1,166,Samsung,True
item_003736,Maybelline Fragrance Model-3736,beauty,Fragrance,28.59,4.7,412,Maybelline,True
item_003737,Random House History Model-3737,books,Tech,38.69,4.0,19,Random House,True
item_003738,Levis Jeans Model-3738,clothing,Jackets,29.37,4.4,3164,Levis,True
item_003739,H&M Shoes Model-3739,clothing,Jackets,54.62,4.5,1,Nike,False
item_003740,Mattel Dolls Model-3740,toys,Action Figures,30.27,4.5,0,Fisher-Price,True
item_003741,Nestle Organic Model-3741,food,Snacks,58.29,4.0,834,Organic Valley,True
item_003742,IKEA Bedding Model-3742,home_garden,Bedding,354.6,4.0,28,Cuisinart,True
item_003743,3M Accessories Model-3743,automotive,Electronics,386.06,3.4,1686,Michelin,False
item_003744,Nestle Supplements Model-3744,food,Snacks,7.38,3.7,14,Kelloggs,True
item_003745,Mattel Action Figures Model-3745,toys,Puzzles,64.06,3.5,826,Mattel,True
item_003746,Kelloggs Organic Model-3746,food,Organic,73.4,4.1,1566,Kelloggs,True
item_003747,Fisher-Price Puzzles Model-3747,toys,Action Figures,54.55,4.7,3,Mattel,True
item_003748,Pandora Rings Model-3748,jewelry,Bracelets,4128.95,3.5,1400,Tiffany,True
item_003749,H&M Dresses Model-3749,clothing,Jeans,277.64,4.3,1923,Levis,True
item_003750,Bosch Accessories Model-3750,automotive,Car Care,316.43,3.0,2921,Michelin,True
item_003751,Philips Garden Model-3751,home_garden,Garden,189.07,4.4,4271,Dyson,True
item_003752,Organic Valley Organic Model-3752,food,Snacks,28.58,3.2,351,Organic Valley,False
item_003753,LEGO Dolls Model-3753,toys,Puzzles,88.87,5.0,1,Hasbro,False
item_003754,Adidas Shoes Model-3754,clothing,Dresses,68.22,4.3,1835,Levis,True
item_003755,Penguin Tech Model-3755,books,History,25.88,4.4,24,Penguin,True
item_003756,Dyson Bedding Model-3756,home_garden,Kitchen,361.46,4.6,1449,Philips,True
item_003757,Adidas Running Model-3757,sports,Swimming,171.19,3.6,217,Puma,True
item_003758,Fisher-Price Puzzles Model-3758,toys,Puzzles,28.91,3.8,0,Fisher-Price,True
item_003759,Kelloggs Supplements Model-3759,food,Organic,12.48,2.3,4199,Nestle,True
item_003760,Sony Smartphones Model-3760,electronics,Headphones,1586.3,3.5,4083,Bosch,True
item_003761,Organic Valley Organic Model-3761,food,Supplements,73.88,3.5,11,Kelloggs,True
item_003762,Bosch Car Care Model-3762,automotive,Electronics,103.05,2.7,2268,Castrol,True
item_003763,Bosch Cameras Model-3763,electronics,Laptops,1800.57,4.0,1,LG,True
item_003764,LEGO Puzzles Model-3764,toys,Puzzles,8.53,3.9,165,Fisher-Price,True
item_003765,Nestle Supplements Model-3765,food,Snacks,79.11,2.6,4662,Organic Valley,True
item_003766,Fisher-Price Board Games Model-3766,toys,Action Figures,51.73,4.2,4,Fisher-Price,True
item_003767,Zara Jackets Model-3767,clothing,T-Shirts,95.63,3.7,3226,Nike,True
item_003768,3M Electronics Model-3768,automotive,Accessories,65.39,3.4,224,Michelin,True
item_003769,LEGO Dolls Model-3769,toys,Board Games,36.16,4.0,1615,Mattel,True
item_003770,Bosch Accessories Model-3770,automotive,Electronics,92.59,3.7,4561,Bosch,True
item_003771,Nestle Supplements Model-3771,food,Organic,37.49,5.0,18,Organic Valley,True
item_003772,Tiffany Bracelets Model-3772,jewelry,Necklaces,1449.11,5.0,1093,Pandora,True
item_003773,Bosch Laptops Model-3773,electronics,TVs,1735.34,4.5,0,Bosch,True
item_003774,Random House Tech Model-3774,books,Non-Fiction,23.21,2.9,676,HarperCollins,False
item_003775,Random House Fiction Model-3775,books,History,30.04,4.1,26,Random House,True
item_003776,Organic Valley Supplements Model-3776,food,Supplements,62.76,4.3,68,Kelloggs,True
item_003777,Sony Smartphones Model-3777,electronics,Laptops,1038.16,4.9,2860,Apple,True
item_003778,Swarovski Rings Model-3778,jewelry,Bracelets,3151.68,3.9,86,Pandora,False
item_003779,3M Electronics Model-3779,automotive,Car Care,380.17,4.1,226,Bosch,True
item_003780,Cuisinart Bedding Model-3780,home_garden,Lighting,765.95,3.0,1,Philips,False
item_003781,Zales Earrings Model-3781,jewelry,Necklaces,2709.09,2.9,19,Tiffany,True
item_003782,LG TVs Model-3782,electronics,Headphones,1002.79,3.2,2445,LG,True
item_003783,Zales Rings Model-3783,jewelry,Necklaces,754.68,3.0,265,Swarovski,False
item_003784,Michelin Car Care Model-3784,automotive,Accessories,349.77,3.9,308,Bosch,True
item_003785,Estee Lauder Fragrance Model-3785,beauty,Makeup,136.97,2.0,2523,Maybelline,True
item_003786,3M Tools Model-3786,automotive,Car Care,356.01,3.7,2572,3M,True
item_003787,Estee Lauder Haircare Model-3787,beauty,Haircare,37.82,3.9,2373,Maybelline,True
item_003788,Mattel Board Games Model-3788,toys,Dolls,130.07,3.9,4,Fisher-Price,True
item_003789,Zara Shoes Model-3789,clothing,Jackets,180.73,4.7,3203,Adidas,True
item_003790,Samsung Headphones Model-3790,electronics,Cameras,323.53,4.9,4824,LG,True
item_003791,H&M Jackets Model-3791,clothing,Jackets,279.7,4.9,1954,Levis,False
item_003792,Zara Dresses Model-3792,clothing,Jackets,278.74,4.2,38,Levis,True
item_003793,Hasbro Board Games Model-3793,toys,Puzzles,112.95,3.3,143,Hasbro,True
item_003794,Under Armour Yoga Model-3794,sports,Running,316.05,3.1,6,Under Armour,True
item_003795,Random House Fiction Model-3795,books,Non-Fiction,37.21,2.8,4443,Penguin,True
item_003796,Bosch Tools Model-3796,automotive,Accessories,261.72,4.1,1508,Michelin,True
item_003797,Under Armour Cycling Model-3797,sports,Running,81.81,3.8,3560,Under Armour,True
item_003798,Kelloggs Supplements Model-3798,food,Beverages,35.74,3.7,536,Kelloggs,True
item_003799,Estee Lauder Skincare Model-3799,beauty,Haircare,139.26,4.4,37,Estee Lauder,True
item_003800,Apple TVs Model-3800,electronics,Laptops,1322.37,3.8,38,Apple,True
item_003801,Mattel Puzzles Model-3801,toys,Board Games,30.41,5.0,1244,Hasbro,True
item_003802,Bosch Accessories Model-3802,automotive,Tools,315.54,2.8,1424,3M,True
item_003803,Michelin Accessories Model-3803,automotive,Tools,317.97,3.9,1086,3M,True
item_003804,Hasbro Puzzles Model-3804,toys,Puzzles,119.48,2.6,690,Hasbro,True
item_003805,LOreal Skincare Model-3805,beauty,Haircare,122.74,4.3,1128,Maybelline,True
item_003806,Tiffany Bracelets Model-3806,jewelry,Bracelets,2476.96,2.9,2681,Pandora,False
item_003807,Under Armour Running Model-3807,sports,Running,62.52,4.0,1392,Under Armour,True
item_003808,Apple TVs Model-3808,electronics,Headphones,1051.87,3.3,4034,Samsung,True
item_003809,Penguin History Model-3809,books,Tech,33.67,3.2,8,HarperCollins,True
item_003810,Nike Swimming Model-3810,sports,Running,189.38,3.3,1805,Adidas,True
item_003811,LEGO Dolls Model-3811,toys,Puzzles,83.83,3.7,3203,Hasbro,True
item_003812,Fisher-Price Puzzles Model-3812,toys,Puzzles,48.53,3.0,713,Hasbro,True
item_003813,Dyson Garden Model-3813,home_garden,Bedding,602.83,2.9,80,IKEA,True
item_003814,H&M Jeans Model-3814,clothing,Shoes,256.15,4.2,363,Zara,True
item_003815,Estee Lauder Makeup Model-3815,beauty,Haircare,38.64,2.4,2124,Estee Lauder,True
item_003816,Cuisinart Garden Model-3816,home_garden,Furniture,720.93,4.0,1345,IKEA,True
item_003817,Penguin Non-Fiction Model-3817,books,Tech,22.5,2.5,2797,Penguin,True
item_003818,Nestle Supplements Model-3818,food,Organic,73.06,3.9,0,Organic Valley,True
item_003819,Random House Non-Fiction Model-3819,books,Fiction,14.63,3.2,1124,HarperCollins,True
item_003820,Adidas Gym Model-3820,sports,Yoga,309.58,4.3,28,Adidas,False
item_003821,Puma Swimming Model-3821,sports,Yoga,142.85,4.7,3832,Adidas,True
item_003822,Samsung Cameras Model-3822,electronics,Headphones,1981.04,3.6,13,Sony,True
item_003823,Random House Fiction Model-3823,books,Tech,48.68,3.9,746,Penguin,True
item_003824,Zara Jackets Model-3824,clothing,Jackets,107.96,4.6,689,Zara,True
item_003825,IKEA Garden Model-3825,home_garden,Garden,545.36,3.6,0,IKEA,True
item_003826,HarperCollins History Model-3826,books,Tech,28.97,4.3,565,HarperCollins,True
item_003827,Zales Earrings Model-3827,jewelry,Rings,855.21,3.2,0,Tiffany,True
item_003828,Bosch Car Care Model-3828,automotive,Car Care,51.62,4.0,2703,3M,True
item_003829,Zales Earrings Model-3829,jewelry,Necklaces,2152.58,4.0,9,Tiffany,True
item_003830,Nike Shoes Model-3830,clothing,Jeans,70.27,4.0,1074,Zara,True
item_003831,LEGO Board Games Model-3831,toys,Action Figures,88.66,5.0,1756,LEGO,True
item_003832,H&M T-Shirts Model-3832,clothing,Jackets,292.86,2.5,1,Nike,True
item_003833,Cuisinart Kitchen Model-3833,home_garden,Furniture,191.41,4.0,4558,Philips,True
item_003834,Penguin Tech Model-3834,books,Fiction,17.15,4.0,2990,Penguin,True
item_003835,Organic Valley Snacks Model-3835,food,Supplements,68.19,3.9,146,Nestle,True
item_003836,LEGO Dolls Model-3836,toys,Dolls,24.34,4.6,3530,LEGO,True
item_003837,Dyson Furniture Model-3837,home_garden,Furniture,38.15,3.2,1803,Cuisinart,True
item_003838,Maybelline Makeup Model-3838,beauty,Skincare,180.06,4.8,0,LOreal,True
item_003839,Adidas Jackets Model-3839,clothing,Jackets,182.73,3.9,23,Nike,True
item_003840,Tiffany Rings Model-3840,jewelry,Earrings,2862.4,3.0,448,Zales,True
item_003841,Mattel Action Figures Model-3841,toys,Board Games,96.12,4.0,2170,Hasbro,True
item_003842,Levis Shoes Model-3842,clothing,T-Shirts,267.93,4.0,89,Levis,True
item_003843,H&M Shoes Model-3843,clothing,Shoes,135.72,2.8,256,Nike,True
item_003844,Maybelline Makeup Model-3844,beauty,Haircare,68.86,3.8,3790,Maybelline,True
item_003845,Bosch Car Care Model-3845,automotive,Car Care,114.19,4.5,164,Michelin,True
item_003846,Michelin Car Care Model-3846,automotive,Tools,354.92,4.0,118,Castrol,True
item_003847,Kelloggs Organic Model-3847,food,Organic,42.91,2.6,2426,Nestle,True
item_003848,Samsung Laptops Model-3848,electronics,TVs,730.64,3.7,101,Bosch,True
item_003849,HarperCollins Science Model-3849,books,History,41.59,2.8,0,Random House,True
item_003850,H&M Shoes Model-3850,clothing,Jackets,101.95,3.3,1532,Zara,True
item_003851,Kelloggs Snacks Model-3851,food,Organic,41.35,5.0,90,Organic Valley,True
item_003852,H&M Shoes Model-3852,clothing,Jeans,261.31,4.4,3580,Nike,True
item_003853,Mattel Action Figures Model-3853,toys,Board Games,21.44,3.6,1741,Mattel,False
item_003854,Estee Lauder Skincare Model-3854,beauty,Fragrance,57.62,4.2,2,Maybelline,True
item_003855,Zales Necklaces Model-3855,jewelry,Rings,4766.73,4.4,0,Zales,True
item_003856,Castrol Tools Model-3856,automotive,Tools,356.68,4.8,6,Bosch,True
item_003857,Bosch TVs Model-3857,electronics,Headphones,807.37,4.6,1888,Sony,True
item_003858,Apple TVs Model-3858,electronics,Headphones,235.0,4.6,1674,LG,True
item_003859,Adidas Jeans Model-3859,clothing,Dresses,43.28,4.3,790,H&M,True
item_003860,Bosch Car Care Model-3860,automotive,Accessories,220.45,4.8,56,Michelin,True
item_003861,Random House Tech Model-3861,books,Fiction,46.14,3.2,293,HarperCollins,True
item_003862,Nike Jackets Model-3862,clothing,Shoes,186.65,3.9,0,Adidas,True
item_003863,Hasbro Puzzles Model-3863,toys,Puzzles,135.06,3.4,4438,LEGO,True
item_003864,Bosch Laptops Model-3864,electronics,Laptops,1713.46,2.4,689,Samsung,False
item_003865,HarperCollins Fiction Model-3865,books,Tech,50.19,3.9,53,Penguin,True
item_003866,Castrol Tools Model-3866,automotive,Tools,219.05,3.5,0,Michelin,True
item_003867,Maybelline Fragrance Model-3867,beauty,Haircare,62.83,2.6,22,Estee Lauder,True
item_003868,Penguin Non-Fiction Model-3868,books,History,16.95,4.2,1,HarperCollins,True
item_003869,Estee Lauder Skincare Model-3869,beauty,Skincare,7.34,4.0,4021,Maybelline,True
item_003870,Pandora Bracelets Model-3870,jewelry,Earrings,2766.67,4.0,1005,Tiffany,True
item_003871,Mattel Action Figures Model-3871,toys,Action Figures,69.56,3.3,2178,Hasbro,True
item_003872,Swarovski Rings Model-3872,jewelry,Bracelets,1241.92,3.0,1718,Swarovski,True
item_003873,Castrol Tools Model-3873,automotive,Electronics,202.32,4.4,3852,Bosch,True
item_003874,HarperCollins Fiction Model-3874,books,Tech,37.34,3.6,16,Penguin,True
item_003875,IKEA Bedding Model-3875,home_garden,Lighting,726.13,4.2,5,Cuisinart,True
item_003876,Estee Lauder Fragrance Model-3876,beauty,Haircare,164.69,4.2,2651,LOreal,True
item_003877,Levis Shoes Model-3877,clothing,Jeans,124.62,3.6,1461,Nike,True
item_003878,Michelin Accessories Model-3878,automotive,Tools,123.79,3.4,1291,3M,True
item_003879,Adidas Dresses Model-3879,clothing,Jackets,54.1,3.7,2687,Adidas,True
item_003880,Dyson Lighting Model-3880,home_garden,Kitchen,156.9,4.7,13,IKEA,True
item_003881,Organic Valley Beverages Model-3881,food,Organic,20.1,2.6,439,Organic Valley,True
item_003882,H&M Jeans Model-3882,clothing,Shoes,252.24,3.9,22,H&M,True
item_003883,Estee Lauder Fragrance Model-3883,beauty,Haircare,112.33,3.1,1,Estee Lauder,True
item_003884,Michelin Electronics Model-3884,automotive,Accessories,86.03,3.5,923,Bosch,True
item_003885,Mattel Dolls Model-3885,toys,Dolls,143.02,4.7,11,LEGO,True
item_003886,LEGO Dolls Model-3886,toys,Puzzles,108.43,3.9,15,Hasbro,True
item_003887,Pandora Rings Model-3887,jewelry,Bracelets,1739.1,4.6,0,Tiffany,True
item_003888,IKEA Garden Model-3888,home_garden,Lighting,760.41,4.2,388,Cuisinart,True
item_003889,Hasbro Action Figures Model-3889,toys,Puzzles,93.69,4.4,459,Hasbro,True
item_003890,Hasbro Action Figures Model-3890,toys,Action Figures,103.19,4.1,3024,LEGO,False
item_003891,LEGO Dolls Model-3891,toys,Puzzles,19.85,4.4,2558,Fisher-Price,True
item_003892,Adidas Dresses Model-3892,clothing,Shoes,205.48,4.3,656,Adidas,True
item_003893,Levis Shoes Model-3893,clothing,Jackets,59.34,5.0,159,Nike,True
item_003894,H&M T-Shirts Model-3894,clothing,Jackets,165.65,3.5,762,Zara,True
item_003895,Philips Furniture Model-3895,home_garden,Lighting,786.69,2.7,72,Cuisinart,True
item_003896,Hasbro Puzzles Model-3896,toys,Puzzles,116.07,4.4,4,Fisher-Price,True
item_003897,Fisher-Price Puzzles Model-3897,toys,Action Figures,38.83,3.5,200,Mattel,False
item_003898,Bosch Accessories Model-3898,automotive,Tools,86.06,3.6,1899,Michelin,True
item_003899,Estee Lauder Fragrance Model-3899,beauty,Haircare,153.3,2.9,3,Estee Lauder,True
item_003900,Kelloggs Supplements Model-3900,food,Snacks,25.86,4.8,6,Nestle,True
item_003901,HarperCollins Science Model-3901,books,Science,41.47,4.9,29,Random House,True
item_003902,Cuisinart Furniture Model-3902,home_garden,Kitchen,761.01,3.7,416,Philips,True
item_003903,Nike Yoga Model-3903,sports,Cycling,290.9,4.0,0,Puma,True
item_003904,Swarovski Bracelets Model-3904,jewelry,Bracelets,2477.32,3.4,1201,Pandora,True
item_003905,Pandora Bracelets Model-3905,jewelry,Bracelets,2793.44,5.0,300,Pandora,True
item_003906,Tiffany Rings Model-3906,jewelry,Rings,4835.81,3.0,781,Pandora,True
item_003907,Adidas Swimming Model-3907,sports,Gym,217.77,4.1,734,Nike,True
item_003908,H&M Jackets Model-3908,clothing,Dresses,160.25,3.8,6,Adidas,True
item_003909,H&M Dresses Model-3909,clothing,Jackets,113.87,3.8,1180,Nike,True
item_003910,Hasbro Action Figures Model-3910,toys,Dolls,126.84,4.1,830,LEGO,True
item_003911,Kelloggs Supplements Model-3911,food,Supplements,26.25,3.0,0,Organic Valley,True
item_003912,Nestle Snacks Model-3912,food,Beverages,76.86,5.0,958,Organic Valley,True
item_003913,Estee Lauder Haircare Model-3913,beauty,Fragrance,179.63,4.3,3460,LOreal,True
item_003914,Random House Science Model-3914,books,Tech,31.72,4.1,2912,Penguin,True
item_003915,Organic Valley Organic Model-3915,food,Organic,5.96,4.3,0,Kelloggs,True
item_003916,Bosch Accessories Model-3916,automotive,Electronics,328.5,3.8,0,Michelin,True
item_003917,Adidas Running Model-3917,sports,Cycling,349.25,4.7,2524,Adidas,True
item_003918,Kelloggs Supplements Model-3918,food,Supplements,40.27,4.9,104,Kelloggs,True
item_003919,IKEA Furniture Model-3919,home_garden,Bedding,109.29,3.2,3722,Cuisinart,True
item_003920,Tiffany Earrings Model-3920,jewelry,Earrings,1856.52,4.0,1,Pandora,True
item_003921,Nestle Beverages Model-3921,food,Snacks,17.8,4.1,106,Organic Valley,True
item_003922,Nestle Beverages Model-3922,food,Snacks,10.33,3.2,158,Organic Valley,True
item_003923,IKEA Furniture Model-3923,home_garden,Kitchen,727.6,3.8,21,Dyson,True
item_003924,Castrol Accessories Model-3924,automotive,Tools,398.78,5.0,2871,Castrol,True
item_003925,Swarovski Earrings Model-3925,jewelry,Necklaces,1518.09,4.5,18,Pandora,True
item_003926,Tiffany Rings Model-3926,jewelry,Rings,142.12,3.8,2672,Pandora,True
item_003927,Nike Running Model-3927,sports,Yoga,97.87,4.6,3685,Puma,True
item_003928,Organic Valley Supplements Model-3928,food,Beverages,71.42,4.4,2850,Organic Valley,False
item_003929,LOreal Haircare Model-3929,beauty,Makeup,57.9,4.4,2,Estee Lauder,False
item_003930,Under Armour Gym Model-3930,sports,Yoga,443.45,2.8,64,Nike,True
item_003931,Sony TVs Model-3931,electronics,Smartphones,844.9,4.2,486,Bosch,True
item_003932,Mattel Dolls Model-3932,toys,Puzzles,89.69,3.5,31,LEGO,True
item_003933,Maybelline Skincare Model-3933,beauty,Haircare,9.22,4.0,1320,LOreal,True
item_003934,Under Armour Running Model-3934,sports,Cycling,434.25,4.3,1170,Nike,True
item_003935,Dyson Garden Model-3935,home_garden,Lighting,614.35,3.3,1,Cuisinart,True
item_003936,Castrol Electronics Model-3936,automotive,Car Care,73.18,3.3,462,Bosch,True
item_003937,3M Accessories Model-3937,automotive,Electronics,186.59,4.1,139,Castrol,True
item_003938,Philips Furniture Model-3938,home_garden,Kitchen,684.26,3.1,11,Cuisinart,True
item_003939,Philips Garden Model-3939,home_garden,Bedding,681.84,4.3,166,IKEA,True
item_003940,Nike Jeans Model-3940,clothing,Dresses,222.87,4.9,424,Adidas,True
item_003941,Mattel Dolls Model-3941,toys,Board Games,87.72,4.5,699,Hasbro,False
item_003942,Philips Furniture Model-3942,home_garden,Bedding,600.36,4.9,152,Dyson,True
item_003943,Apple Smartphones Model-3943,electronics,TVs,1459.62,3.7,0,LG,True
item_003944,Michelin Electronics Model-3944,automotive,Electronics,329.54,4.2,1561,Castrol,True
item_003945,Nestle Beverages Model-3945,food,Snacks,12.58,4.5,0,Kelloggs,True
item_003946,Dyson Bedding Model-3946,home_garden,Garden,207.53,3.0,16,Dyson,False
item_003947,Cuisinart Lighting Model-3947,home_garden,Garden,54.88,3.3,4404,Cuisinart,True
item_003948,Penguin Non-Fiction Model-3948,books,Science,25.43,4.1,1199,Random House,True
item_003949,Swarovski Rings Model-3949,jewelry,Bracelets,2329.27,3.7,1837,Tiffany,True
item_003950,Swarovski Necklaces Model-3950,jewelry,Earrings,1534.11,2.9,75,Zales,True
item_003951,Pandora Earrings Model-3951,jewelry,Necklaces,799.84,3.5,4533,Zales,True
item_003952,Philips Bedding Model-3952,home_garden,Lighting,290.57,3.6,555,IKEA,True
item_003953,Penguin History Model-3953,books,Fiction,20.17,4.3,3034,Random House,True
item_003954,Adidas T-Shirts Model-3954,clothing,Jeans,264.8,4.7,0,Zara,False
item_003955,Fisher-Price Action Figures Model-3955,toys,Action Figures,35.6,3.4,1935,Mattel,True
item_003956,Organic Valley Organic Model-3956,food,Snacks,76.26,3.6,3535,Organic Valley,True
item_003957,Estee Lauder Skincare Model-3957,beauty,Skincare,20.01,2.5,3083,LOreal,True
item_003958,Tiffany Rings Model-3958,jewelry,Earrings,871.96,4.6,2170,Tiffany,False
item_003959,Swarovski Rings Model-3959,jewelry,Necklaces,523.87,3.6,0,Zales,True
item_003960,Bosch Cameras Model-3960,electronics,Cameras,1195.98,3.3,2203,Bosch,False
item_003961,Castrol Accessories Model-3961,automotive,Accessories,168.88,3.2,473,Michelin,True
item_003962,Cuisinart Kitchen Model-3962,home_garden,Lighting,203.06,5.0,348,IKEA,True
item_003963,LG Laptops Model-3963,electronics,Laptops,1137.8,4.7,126,Sony,True
item_003964,Penguin Non-Fiction Model-3964,books,History,47.92,3.4,15,Random House,True
item_003965,H&M Jackets Model-3965,clothing,Jeans,211.84,4.8,515,H&M,False
item_003966,Apple Smartphones Model-3966,electronics,Smartphones,1423.25,4.0,1157,Bosch,True
item_003967,HarperCollins Science Model-3967,books,Fiction,13.38,4.2,0,Penguin,True
item_003968,3M Car Care Model-3968,automotive,Tools,97.71,3.8,2780,3M,True
item_003969,Puma Gym Model-3969,sports,Gym,210.36,4.0,4510,Under Armour,True
item_003970,Sony Smartphones Model-3970,electronics,Cameras,594.18,2.4,670,Samsung,True
item_003971,Zara Dresses Model-3971,clothing,Shoes,79.26,3.5,1236,Adidas,True
item_003972,Cuisinart Bedding Model-3972,home_garden,Furniture,364.9,3.3,37,Dyson,True
item_003973,Bosch Accessories Model-3973,automotive,Electronics,17.42,2.7,690,3M,True
item_003974,Under Armour Running Model-3974,sports,Yoga,319.68,3.1,83,Puma,True
item_003975,Organic Valley Snacks Model-3975,food,Snacks,4.88,3.7,56,Kelloggs,True
item_003976,Organic Valley Supplements Model-3976,food,Supplements,54.71,4.9,0,Organic Valley,True
item_003977,H&M Dresses Model-3977,clothing,Jackets,24.38,4.1,21,Zara,True
item_003978,3M Electronics Model-3978,automotive,Electronics,139.61,4.1,178,Castrol,True
item_003979,Kelloggs Beverages Model-3979,food,Snacks,36.82,3.7,220,Organic Valley,True
item_003980,HarperCollins Science Model-3980,books,History,39.92,4.6,588,Penguin,True
item_003981,3M Car Care Model-3981,automotive,Tools,38.95,2.6,4645,3M,True
item_003982,LEGO Dolls Model-3982,toys,Board Games,123.89,3.5,4958,Fisher-Price,True
item_003983,Hasbro Board Games Model-3983,toys,Board Games,27.22,4.8,477,Mattel,True
item_003984,Cuisinart Kitchen Model-3984,home_garden,Lighting,561.24,3.6,160,Cuisinart,True
item_003985,Levis Shoes Model-3985,clothing,Shoes,262.16,3.8,567,H&M,True
item_003986,IKEA Kitchen Model-3986,home_garden,Garden,791.2,2.9,4737,Philips,True
item_003987,Tiffany Earrings Model-3987,jewelry,Bracelets,2302.46,3.9,0,Tiffany,True
item_003988,Puma Running Model-3988,sports,Cycling,253.63,5.0,157,Puma,True
item_003989,Under Armour Cycling Model-3989,sports,Swimming,328.35,4.7,637,Adidas,True
item_003990,Bosch Headphones Model-3990,electronics,Headphones,1220.0,5.0,1574,Sony,True
item_003991,Maybelline Skincare Model-3991,beauty,Fragrance,150.18,3.2,4,LOreal,True
item_003992,Philips Bedding Model-3992,home_garden,Kitchen,350.68,3.5,60,Philips,True
item_003993,Bosch TVs Model-3993,electronics,Headphones,712.91,3.8,3883,Apple,True
item_003994,Tiffany Bracelets Model-3994,jewelry,Necklaces,4931.14,5.0,1537,Swarovski,True
item_003995,LEGO Puzzles Model-3995,toys,Dolls,14.5,2.7,299,Hasbro,True
item_003996,H&M Jackets Model-3996,clothing,Shoes,142.87,3.2,390,Nike,True
item_003997,Fisher-Price Board Games Model-3997,toys,Action Figures,51.26,3.5,32,LEGO,True
item_003998,Organic Valley Organic Model-3998,food,Supplements,5.15,3.3,0,Organic Valley,True
item_003999,Penguin History Model-3999,books,Science,8.47,3.0,0,HarperCollins,True
item_004000,Samsung TVs Model-4000,electronics,Smartphones,1715.27,3.2,951,Bosch,True
item_004001,LOreal Fragrance Model-4001,beauty,Makeup,89.32,3.9,885,Estee Lauder,True
item_004002,Philips Bedding Model-4002,home_garden,Lighting,49.16,3.4,4977,Dyson,True
item_004003,Maybelline Fragrance Model-4003,beauty,Haircare,59.88,4.6,0,LOreal,True
item_004004,Sony Smartphones Model-4004,electronics,Cameras,145.89,4.0,86,LG,True
item_004005,Random House Fiction Model-4005,books,Fiction,58.35,2.4,1258,HarperCollins,True
item_004006,Zales Rings Model-4006,jewelry,Bracelets,2352.11,3.2,1908,Swarovski,True
item_004007,LOreal Fragrance Model-4007,beauty,Skincare,39.04,3.0,99,Maybelline,True
item_004008,HarperCollins Tech Model-4008,books,Tech,31.19,2.6,170,Penguin,True
item_004009,Random House History Model-4009,books,Science,18.76,2.8,459,Penguin,True
item_004010,Pandora Rings Model-4010,jewelry,Earrings,1988.65,3.7,270,Tiffany,True
item_004011,3M Accessories Model-4011,automotive,Tools,25.28,4.7,86,Bosch,True
item_004012,3M Car Care Model-4012,automotive,Electronics,354.53,3.6,2136,Bosch,True
item_004013,Mattel Dolls Model-4013,toys,Dolls,89.98,4.6,1301,LEGO,True
item_004014,Maybelline Haircare Model-4014,beauty,Makeup,126.66,3.4,0,Maybelline,False
item_004015,Penguin Science Model-4015,books,Tech,28.16,3.8,0,Random House,True
item_004016,Swarovski Bracelets Model-4016,jewelry,Necklaces,274.91,4.5,977,Zales,True
item_004017,Swarovski Bracelets Model-4017,jewelry,Rings,4931.48,3.2,3468,Swarovski,True
item_004018,Maybelline Fragrance Model-4018,beauty,Haircare,109.44,3.9,7,Estee Lauder,True
item_004019,Sony Headphones Model-4019,electronics,Cameras,550.64,5.0,3,Bosch,True
item_004020,Maybelline Makeup Model-4020,beauty,Fragrance,177.16,4.0,1199,Estee Lauder,True
item_004021,LOreal Skincare Model-4021,beauty,Fragrance,81.84,5.0,3876,Maybelline,True
item_004022,Philips Garden Model-4022,home_garden,Lighting,243.22,3.8,569,Cuisinart,True
item_004023,Nike Shoes Model-4023,clothing,Shoes,35.85,4.0,3,Adidas,True
item_004024,HarperCollins Tech Model-4024,books,Non-Fiction,54.77,4.1,404,Random House,True
item_004025,Adidas Jeans Model-4025,clothing,T-Shirts,47.24,2.9,1473,H&M,True
item_004026,Maybelline Haircare Model-4026,beauty,Makeup,40.37,3.7,399,LOreal,True
item_004027,Adidas Running Model-4027,sports,Swimming,443.96,3.2,1,Adidas,True
item_004028,Swarovski Rings Model-4028,jewelry,Rings,497.29,3.9,1396,Zales,True
item_004029,LOreal Haircare Model-4029,beauty,Haircare,166.6,3.0,756,Estee Lauder,True
item_004030,Maybelline Skincare Model-4030,beauty,Makeup,186.12,3.1,3820,Maybelline,True
item_004031,Fisher-Price Action Figures Model-4031,toys,Action Figures,23.51,4.1,315,Fisher-Price,True
item_004032,Adidas Cycling Model-4032,sports,Cycling,18.98,4.3,1218,Nike,True
item_004033,3M Car Care Model-4033,automotive,Accessories,326.71,4.1,16,Castrol,True
item_004034,Michelin Tools Model-4034,automotive,Car Care,316.02,4.1,4237,Bosch,True
item_004035,H&M Jackets Model-4035,clothing,Jackets,258.83,4.4,1791,Nike,True
item_004036,Apple Cameras Model-4036,electronics,Cameras,1811.18,3.9,0,Samsung,False
item_004037,Kelloggs Beverages Model-4037,food,Beverages,18.77,3.2,29,Organic Valley,True
item_004038,Maybelline Makeup Model-4038,beauty,Makeup,119.65,5.0,3026,Maybelline,True
item_004039,Random House Tech Model-4039,books,Tech,42.82,3.4,1207,HarperCollins,True
item_004040,Zales Necklaces Model-4040,jewelry,Necklaces,2512.6,3.3,111,Tiffany,True
item_004041,HarperCollins Tech Model-4041,books,History,7.72,3.0,2343,Random House,True
item_004042,Organic Valley Snacks Model-4042,food,Supplements,20.82,4.3,843,Organic Valley,False
item_004043,IKEA Bedding Model-4043,home_garden,Lighting,389.38,3.4,0,Philips,True
item_004044,3M Electronics Model-4044,automotive,Accessories,366.11,5.0,1516,Bosch,True
item_004045,Maybelline Fragrance Model-4045,beauty,Fragrance,130.58,3.5,3890,LOreal,True
item_004046,Zales Earrings Model-4046,jewelry,Necklaces,3598.05,3.0,1916,Zales,True
item_004047,LEGO Action Figures Model-4047,toys,Action Figures,145.97,3.7,2439,Mattel,True
item_004048,Swarovski Bracelets Model-4048,jewelry,Bracelets,3750.98,3.9,377,Zales,True
item_004049,Puma Yoga Model-4049,sports,Yoga,272.1,3.5,82,Puma,True
item_004050,Dyson Bedding Model-4050,home_garden,Bedding,279.67,3.8,0,Philips,False
item_004051,Maybelline Haircare Model-4051,beauty,Skincare,198.46,4.4,72,Estee Lauder,True
item_004052,Under Armour Running Model-4052,sports,Gym,204.06,4.5,1644,Adidas,True
item_004053,Tiffany Earrings Model-4053,jewelry,Earrings,1567.44,4.3,27,Tiffany,True
item_004054,Random House Tech Model-4054,books,History,5.35,3.9,462,Penguin,False
item_004055,LEGO Board Games Model-4055,toys,Action Figures,22.24,3.6,2879,Mattel,True
item_004056,Michelin Tools Model-4056,automotive,Tools,244.78,4.2,3,3M,True
item_004057,Maybelline Fragrance Model-4057,beauty,Haircare,166.24,4.3,146,Estee Lauder,True
item_004058,HarperCollins History Model-4058,books,Non-Fiction,8.31,5.0,1453,Random House,True
item_004059,Sony Laptops Model-4059,electronics,Headphones,1962.04,4.4,1281,Sony,True
item_004060,Kelloggs Snacks Model-4060,food,Beverages,35.81,4.0,729,Organic Valley,True
item_004061,Pandora Rings Model-4061,jewelry,Necklaces,387.0,4.5,3621,Pandora,True
item_004062,Random House Tech Model-4062,books,Science,49.42,4.6,824,Random House,True
item_004063,Kelloggs Supplements Model-4063,food,Beverages,78.41,4.5,4762,Kelloggs,False
item_004064,Zales Earrings Model-4064,jewelry,Rings,2502.09,2.7,0,Swarovski,True
item_004065,Hasbro Action Figures Model-4065,toys,Dolls,131.17,3.5,1074,Mattel,True
item_004066,Maybelline Haircare Model-4066,beauty,Fragrance,7.37,3.8,2444,LOreal,True
item_004067,Bosch Accessories Model-4067,automotive,Accessories,11.8,4.2,2242,Bosch,False
item_004068,Zales Rings Model-4068,jewelry,Rings,421.78,3.0,3746,Zales,True
item_004069,Estee Lauder Fragrance Model-4069,beauty,Makeup,21.23,4.4,951,Maybelline,True
item_004070,Dyson Furniture Model-4070,home_garden,Garden,120.75,3.7,4516,Philips,True
item_004071,LOreal Makeup Model-4071,beauty,Makeup,11.73,4.0,46,Estee Lauder,True
item_004072,Random House History Model-4072,books,Science,38.35,3.6,4257,Penguin,True
item_004073,Pandora Rings Model-4073,jewelry,Rings,4724.92,3.6,278,Swarovski,True
item_004074,Sony Cameras Model-4074,electronics,Laptops,1720.18,2.7,859,Apple,False
item_004075,Puma Cycling Model-4075,sports,Cycling,319.2,4.3,3795,Under Armour,True
item_004076,LEGO Board Games Model-4076,toys,Dolls,125.55,2.9,3719,LEGO,True
item_004077,Maybelline Makeup Model-4077,beauty,Makeup,110.83,2.4,1540,Estee Lauder,True
item_004078,LEGO Puzzles Model-4078,toys,Action Figures,92.6,2.9,1270,LEGO,True
item_004079,Sony Smartphones Model-4079,electronics,TVs,1229.93,2.5,148,Bosch,True
item_004080,Nestle Supplements Model-4080,food,Organic,60.41,5.0,40,Nestle,False
item_004081,Puma Yoga Model-4081,sports,Gym,52.37,3.5,1848,Puma,True
item_004082,IKEA Garden Model-4082,home_garden,Garden,302.32,4.7,2173,Philips,True
item_004083,Adidas Running Model-4083,sports,Gym,147.07,3.4,0,Puma,True
item_004084,Random House Science Model-4084,books,Tech,50.36,4.2,424,Penguin,True
item_004085,Random House Tech Model-4085,books,Non-Fiction,57.33,4.7,415,HarperCollins,False
item_004086,Bosch Smartphones Model-4086,electronics,TVs,348.78,3.9,1157,Apple,True
item_004087,Adidas Gym Model-4087,sports,Yoga,289.53,4.4,2374,Adidas,True
item_004088,Organic Valley Snacks Model-4088,food,Supplements,40.54,4.2,4686,Nestle,True
item_004089,Zara Shoes Model-4089,clothing,Jeans,64.55,5.0,0,H&M,True
item_004090,Under Armour Yoga Model-4090,sports,Gym,22.31,4.8,189,Nike,True
item_004091,Zales Earrings Model-4091,jewelry,Earrings,769.43,4.0,319,Tiffany,True
item_004092,HarperCollins Tech Model-4092,books,Non-Fiction,47.5,4.4,4364,Random House,False
item_004093,Kelloggs Organic Model-4093,food,Snacks,61.29,3.2,275,Nestle,True
item_004094,Fisher-Price Puzzles Model-4094,toys,Dolls,95.17,3.4,451,LEGO,True
item_004095,Mattel Puzzles Model-4095,toys,Board Games,110.15,4.5,2,Fisher-Price,True
item_004096,Nike Swimming Model-4096,sports,Swimming,42.28,4.8,566,Nike,True
item_004097,H&M Shoes Model-4097,clothing,Dresses,146.26,3.9,4491,Levis,True
item_004098,Adidas Jeans Model-4098,clothing,Dresses,251.01,5.0,0,Levis,False
item_004099,Kelloggs Supplements Model-4099,food,Beverages,32.71,4.4,4767,Nestle,True
item_004100,Nike Jackets Model-4100,clothing,Shoes,79.74,3.9,4105,Adidas,True
item_004101,HarperCollins Non-Fiction Model-4101,books,History,33.84,5.0,11,Penguin,True
item_004102,Nestle Snacks Model-4102,food,Beverages,62.88,4.9,206,Organic Valley,True
item_004103,Fisher-Price Action Figures Model-4103,toys,Board Games,43.31,4.2,1102,Hasbro,True
item_004104,Mattel Puzzles Model-4104,toys,Dolls,44.26,5.0,1627,LEGO,True
item_004105,Nestle Organic Model-4105,food,Snacks,18.78,3.4,7,Nestle,True
item_004106,Zara Shoes Model-4106,clothing,T-Shirts,42.57,3.7,11,Levis,True
item_004107,Castrol Tools Model-4107,automotive,Accessories,125.73,2.7,3731,Bosch,True
item_004108,Cuisinart Kitchen Model-4108,home_garden,Furniture,731.02,3.3,841,Dyson,True
item_004109,Nike Dresses Model-4109,clothing,T-Shirts,237.9,3.2,3792,H&M,True
item_004110,Zara Shoes Model-4110,clothing,Jackets,291.59,3.0,293,Nike,True
item_004111,Mattel Board Games Model-4111,toys,Board Games,65.07,5.0,196,Hasbro,True
item_004112,HarperCollins Non-Fiction Model-4112,books,Tech,12.85,4.6,33,Penguin,True
item_004113,Adidas Yoga Model-4113,sports,Swimming,61.53,4.5,67,Under Armour,True
item_004114,Nike Running Model-4114,sports,Gym,162.76,3.5,2269,Puma,True
item_004115,LEGO Dolls Model-4115,toys,Dolls,145.65,3.2,3028,Mattel,True
item_004116,IKEA Furniture Model-4116,home_garden,Kitchen,516.97,3.2,22,IKEA,True
item_004117,Cuisinart Bedding Model-4117,home_garden,Garden,64.04,2.6,339,IKEA,True
item_004118,Adidas Gym Model-4118,sports,Yoga,185.49,4.3,2889,Adidas,True
item_004119,Dyson Furniture Model-4119,home_garden,Furniture,319.54,3.6,999,Dyson,True
item_004120,LOreal Haircare Model-4120,beauty,Fragrance,110.77,3.0,592,Maybelline,True
item_004121,Under Armour Cycling Model-4121,sports,Gym,369.54,3.3,1038,Under Armour,True
item_004122,LOreal Fragrance Model-4122,beauty,Fragrance,149.55,3.8,341,Estee Lauder,True
item_004123,Swarovski Earrings Model-4123,jewelry,Rings,3117.08,4.4,536,Pandora,True
item_004124,Cuisinart Bedding Model-4124,home_garden,Bedding,25.95,3.5,270,Dyson,True
item_004125,Cuisinart Bedding Model-4125,home_garden,Kitchen,239.62,4.8,63,Cuisinart,True
item_004126,Nike Swimming Model-4126,sports,Gym,310.8,4.9,3048,Puma,True
item_004127,Castrol Car Care Model-4127,automotive,Accessories,209.11,5.0,966,Michelin,True
item_004128,Levis Dresses Model-4128,clothing,T-Shirts,261.41,3.6,1663,Zara,True
item_004129,Fisher-Price Board Games Model-4129,toys,Dolls,85.1,4.0,1686,Mattel,True
item_004130,Levis Jackets Model-4130,clothing,T-Shirts,226.1,3.4,1,Adidas,True
item_004131,IKEA Bedding Model-4131,home_garden,Bedding,304.44,3.7,573,IKEA,True
item_004132,Nike Jackets Model-4132,clothing,Jeans,163.52,3.5,1208,Levis,True
item_004133,Tiffany Bracelets Model-4133,jewelry,Necklaces,2286.86,3.0,3929,Zales,True
item_004134,Fisher-Price Action Figures Model-4134,toys,Action Figures,91.18,3.9,329,Fisher-Price,True
item_004135,Penguin Fiction Model-4135,books,Science,12.14,3.8,2501,Penguin,True
item_004136,HarperCollins Non-Fiction Model-4136,books,Science,53.59,4.3,2764,HarperCollins,True
item_004137,Under Armour Running Model-4137,sports,Cycling,444.21,4.3,1,Nike,True
item_004138,Adidas Dresses Model-4138,clothing,Jackets,119.71,3.8,38,H&M,True
item_004139,Organic Valley Organic Model-4139,food,Supplements,9.64,4.2,231,Nestle,True
item_004140,LOreal Skincare Model-4140,beauty,Skincare,118.51,3.7,2795,Maybelline,True
item_004141,Dyson Lighting Model-4141,home_garden,Garden,479.23,3.2,191,Philips,True
item_004142,Castrol Electronics Model-4142,automotive,Electronics,49.69,3.1,150,Castrol,True
item_004143,Mattel Action Figures Model-4143,toys,Puzzles,106.34,3.3,14,Hasbro,True
item_004144,Nike T-Shirts Model-4144,clothing,Jackets,128.82,3.8,1131,Nike,True
item_004145,Nike Yoga Model-4145,sports,Running,401.17,4.4,88,Adidas,True
item_004146,Penguin History Model-4146,books,History,50.55,2.9,10,Penguin,True
item_004147,Penguin Fiction Model-4147,books,Fiction,43.55,3.1,918,HarperCollins,True
item_004148,3M Accessories Model-4148,automotive,Electronics,188.8,5.0,2140,Bosch,True
item_004149,Nike Shoes Model-4149,clothing,T-Shirts,10.82,3.3,1646,Nike,True
item_004150,Michelin Electronics Model-4150,automotive,Tools,198.2,4.9,4372,Castrol,True
item_004151,Under Armour Swimming Model-4151,sports,Swimming,66.94,3.3,778,Under Armour,True
item_004152,Dyson Kitchen Model-4152,home_garden,Kitchen,345.84,3.2,453,Philips,True
item_004153,Bosch Car Care Model-4153,automotive,Electronics,257.47,4.9,5,Bosch,True
item_004154,Maybelline Haircare Model-4154,beauty,Skincare,59.79,2.8,460,Maybelline,True
item_004155,Michelin Electronics Model-4155,automotive,Car Care,110.71,3.9,4005,3M,True
item_004156,Penguin Fiction Model-4156,books,Science,52.28,3.0,35,HarperCollins,True
item_004157,Zara Jackets Model-4157,clothing,Jeans,225.37,3.6,624,Zara,True
item_004158,Mattel Dolls Model-4158,toys,Puzzles,110.39,2.7,98,Fisher-Price,True
item_004159,Under Armour Gym Model-4159,sports,Running,83.52,3.8,0,Nike,True
item_004160,Under Armour Cycling Model-4160,sports,Running,316.92,2.8,2176,Under Armour,True
item_004161,Apple TVs Model-4161,electronics,Smartphones,572.92,4.7,0,Samsung,True
item_004162,Estee Lauder Fragrance Model-4162,beauty,Fragrance,186.69,2.3,3090,Estee Lauder,True
item_004163,Maybelline Skincare Model-4163,beauty,Makeup,155.61,3.6,1847,Estee Lauder,True
item_004164,Zara Shoes Model-4164,clothing,T-Shirts,284.41,2.9,3226,H&M,True
item_004165,Levis Dresses Model-4165,clothing,Jeans,286.8,2.6,307,Adidas,True
item_004166,Estee Lauder Fragrance Model-4166,beauty,Haircare,91.26,3.0,3818,Maybelline,True
item_004167,Puma Cycling Model-4167,sports,Cycling,139.46,4.4,18,Under Armour,True
item_004168,IKEA Kitchen Model-4168,home_garden,Lighting,628.92,3.2,37,Cuisinart,True
item_004169,Cuisinart Kitchen Model-4169,home_garden,Bedding,791.18,3.3,1242,Philips,True
item_004170,Random House Non-Fiction Model-4170,books,History,41.41,4.9,3,Penguin,True
item_004171,H&M T-Shirts Model-4171,clothing,Shoes,115.02,2.8,81,Adidas,True
item_004172,3M Electronics Model-4172,automotive,Car Care,87.0,4.1,0,Bosch,True
item_004173,Sony Laptops Model-4173,electronics,Headphones,991.53,4.5,0,Samsung,True
item_004174,Samsung Cameras Model-4174,electronics,Laptops,992.91,4.2,218,Apple,True
item_004175,Tiffany Necklaces Model-4175,jewelry,Necklaces,3653.76,2.7,575,Tiffany,True
item_004176,Dyson Bedding Model-4176,home_garden,Bedding,217.56,3.2,436,Philips,True
item_004177,Bosch Laptops Model-4177,electronics,Cameras,1371.05,3.5,1852,Sony,True
item_004178,Pandora Bracelets Model-4178,jewelry,Necklaces,395.07,4.4,3263,Pandora,True
item_004179,Adidas Dresses Model-4179,clothing,T-Shirts,230.56,4.5,4171,H&M,True
item_004180,LEGO Board Games Model-4180,toys,Dolls,81.47,2.8,51,Mattel,True
item_004181,Organic Valley Organic Model-4181,food,Organic,47.54,4.7,2082,Kelloggs,True
item_004182,Estee Lauder Makeup Model-4182,beauty,Skincare,161.08,4.1,3063,Estee Lauder,True
item_004183,Swarovski Rings Model-4183,jewelry,Necklaces,2571.03,2.2,3,Zales,True
item_004184,LOreal Makeup Model-4184,beauty,Skincare,49.41,3.0,270,Maybelline,True
item_004185,Hasbro Dolls Model-4185,toys,Puzzles,10.69,3.5,3447,Mattel,True
item_004186,Apple TVs Model-4186,electronics,Headphones,793.15,4.4,8,Sony,True
item_004187,H&M Jeans Model-4187,clothing,Jeans,190.63,4.0,3677,Nike,True
item_004188,Penguin Tech Model-4188,books,Tech,40.99,4.1,2310,Random House,False
item_004189,Swarovski Bracelets Model-4189,jewelry,Rings,2461.82,3.5,68,Swarovski,True
item_004190,Maybelline Fragrance Model-4190,beauty,Skincare,191.57,4.5,3819,LOreal,True
item_004191,Penguin Science Model-4191,books,Fiction,13.49,4.3,1,Random House,True
item_004192,3M Accessories Model-4192,automotive,Tools,51.25,4.0,826,Castrol,True
item_004193,Nike Dresses Model-4193,clothing,Jeans,53.89,4.0,0,Nike,True
item_004194,Nike Swimming Model-4194,sports,Gym,235.25,3.9,4056,Puma,True
item_004195,Estee Lauder Makeup Model-4195,beauty,Haircare,53.46,3.5,1475,LOreal,True
item_004196,Adidas Swimming Model-4196,sports,Swimming,350.48,3.2,2,Puma,True
item_004197,Maybelline Fragrance Model-4197,beauty,Makeup,63.53,3.6,2026,Estee Lauder,True
item_004198,Castrol Car Care Model-4198,automotive,Electronics,137.89,3.0,2899,3M,True
item_004199,Nestle Beverages Model-4199,food,Supplements,12.31,4.0,0,Kelloggs,True
item_004200,Penguin Science Model-4200,books,Non-Fiction,9.43,5.0,1528,HarperCollins,True
item_004201,3M Accessories Model-4201,automotive,Electronics,44.31,4.3,2509,Bosch,True
item_004202,Penguin History Model-4202,books,Science,38.49,5.0,310,Random House,True
item_004203,Fisher-Price Puzzles Model-4203,toys,Board Games,54.37,4.4,3973,LEGO,True
item_004204,Maybelline Makeup Model-4204,beauty,Fragrance,193.24,2.6,3947,Maybelline,True
item_004205,Philips Furniture Model-4205,home_garden,Lighting,559.82,4.2,4952,Dyson,True
item_004206,Tiffany Rings Model-4206,jewelry,Earrings,1877.56,4.7,1388,Swarovski,True
item_004207,Michelin Electronics Model-4207,automotive,Electronics,146.13,2.4,268,3M,True
item_004208,Nestle Supplements Model-4208,food,Organic,46.41,4.7,3369,Nestle,True
item_004209,Fisher-Price Action Figures Model-4209,toys,Action Figures,138.2,3.8,2798,Hasbro,True
item_004210,Kelloggs Snacks Model-4210,food,Organic,59.87,4.3,2626,Organic Valley,True
item_004211,Mattel Action Figures Model-4211,toys,Puzzles,108.5,4.1,211,Fisher-Price,True
item_004212,Castrol Tools Model-4212,automotive,Accessories,26.62,3.8,3,Bosch,True
item_004213,Fisher-Price Dolls Model-4213,toys,Puzzles,130.92,4.7,5,Mattel,True
item_004214,Apple Cameras Model-4214,electronics,Smartphones,1869.41,4.1,3,Samsung,True
item_004215,Levis Shoes Model-4215,clothing,Jeans,54.35,3.3,1602,Levis,True
item_004216,Mattel Action Figures Model-4216,toys,Action Figures,57.72,3.5,24,Hasbro,True
item_004217,Estee Lauder Makeup Model-4217,beauty,Haircare,86.85,4.3,2307,LOreal,False
item_004218,Dyson Garden Model-4218,home_garden,Furniture,684.14,3.3,460,Dyson,True
item_004219,Samsung Smartphones Model-4219,electronics,Headphones,1026.11,4.8,147,Apple,True
item_004220,Penguin Science Model-4220,books,Tech,37.98,3.2,2811,Penguin,True
item_004221,Hasbro Puzzles Model-4221,toys,Dolls,15.11,5.0,1060,Fisher-Price,True
item_004222,Cuisinart Garden Model-4222,home_garden,Garden,747.63,4.0,4,Cuisinart,True
item_004223,Sony Smartphones Model-4223,electronics,Smartphones,1140.98,3.8,40,Samsung,True
item_004224,Pandora Rings Model-4224,jewelry,Bracelets,3835.05,5.0,1690,Swarovski,True
item_004225,Kelloggs Snacks Model-4225,food,Organic,32.78,3.2,25,Nestle,False
item_004226,LOreal Skincare Model-4226,beauty,Skincare,126.2,4.5,404,Maybelline,True
item_004227,Michelin Car Care Model-4227,automotive,Tools,262.32,5.0,745,Michelin,True
item_004228,Pandora Earrings Model-4228,jewelry,Earrings,36.06,3.5,989,Zales,True
item_004229,Tiffany Rings Model-4229,jewelry,Necklaces,4740.88,3.8,3520,Tiffany,True
item_004230,HarperCollins Non-Fiction Model-4230,books,Fiction,22.43,3.6,2654,Random House,True
item_004231,Adidas Dresses Model-4231,clothing,Dresses,42.08,3.0,2097,Adidas,True
item_004232,Mattel Action Figures Model-4232,toys,Action Figures,87.61,3.6,4675,Hasbro,True
item_004233,Kelloggs Organic Model-4233,food,Supplements,75.07,4.4,225,Nestle,True
item_004234,Fisher-Price Puzzles Model-4234,toys,Board Games,12.28,2.9,375,Fisher-Price,True
item_004235,Kelloggs Snacks Model-4235,food,Beverages,39.17,4.4,0,Organic Valley,True
item_004236,Cuisinart Kitchen Model-4236,home_garden,Furniture,446.58,2.6,7,IKEA,True
item_004237,Under Armour Swimming Model-4237,sports,Yoga,152.53,3.5,2042,Nike,True
item_004238,LEGO Dolls Model-4238,toys,Board Games,100.28,4.0,2,Fisher-Price,True
item_004239,Penguin Tech Model-4239,books,Tech,8.87,4.1,2,Penguin,True
item_004240,Bosch Cameras Model-4240,electronics,Smartphones,1897.72,4.4,319,LG,True
item_004241,Samsung Smartphones Model-4241,electronics,Laptops,1305.23,2.6,2178,Samsung,True
item_004242,HarperCollins Fiction Model-4242,books,Tech,58.12,4.3,3795,HarperCollins,True
item_004243,IKEA Kitchen Model-4243,home_garden,Lighting,752.88,4.6,392,Dyson,True
item_004244,Bosch Tools Model-4244,automotive,Tools,222.3,3.4,938,Michelin,True
item_004245,LG Headphones Model-4245,electronics,Laptops,858.26,3.8,3785,Bosch,True
item_004246,Adidas Jeans Model-4246,clothing,Dresses,237.45,4.2,461,Levis,True
item_004247,Sony Laptops Model-4247,electronics,Laptops,1715.6,3.6,3506,Bosch,True
item_004248,Hasbro Board Games Model-4248,toys,Puzzles,55.74,2.9,370,Mattel,True
item_004249,Nike Dresses Model-4249,clothing,Dresses,167.08,3.6,4492,Levis,True
item_004250,Levis Jackets Model-4250,clothing,Jeans,45.48,4.2,28,Adidas,True
item_004251,LOreal Fragrance Model-4251,beauty,Skincare,44.47,3.1,44,Maybelline,True
item_004252,Michelin Accessories Model-4252,automotive,Car Care,286.13,1.3,4050,3M,True
item_004253,LG TVs Model-4253,electronics,TVs,1805.26,4.8,11,Sony,True
item_004254,Estee Lauder Haircare Model-4254,beauty,Fragrance,167.55,4.4,478,Maybelline,True
item_004255,Mattel Dolls Model-4255,toys,Puzzles,11.45,3.7,0,Hasbro,True
item_004256,IKEA Kitchen Model-4256,home_garden,Garden,99.66,3.1,4615,IKEA,True
item_004257,Random House Tech Model-4257,books,Science,20.07,4.1,0,Penguin,True
item_004258,Kelloggs Beverages Model-4258,food,Snacks,79.67,3.3,633,Organic Valley,True
item_004259,Bosch Smartphones Model-4259,electronics,Smartphones,1931.81,3.1,46,LG,True
item_004260,Dyson Kitchen Model-4260,home_garden,Lighting,676.62,3.2,1190,IKEA,True
item_004261,IKEA Furniture Model-4261,home_garden,Kitchen,48.45,3.9,589,IKEA,True
item_004262,Puma Gym Model-4262,sports,Yoga,369.8,4.2,2290,Nike,True
item_004263,Bosch Electronics Model-4263,automotive,Accessories,129.01,3.9,8,Bosch,True
item_004264,Nestle Beverages Model-4264,food,Snacks,79.52,4.4,4893,Organic Valley,False
item_004265,Tiffany Bracelets Model-4265,jewelry,Bracelets,2195.71,5.0,548,Pandora,True
item_004266,Zales Necklaces Model-4266,jewelry,Earrings,2559.65,3.9,0,Tiffany,True
item_004267,H&M Shoes Model-4267,clothing,Dresses,28.03,4.2,1,H&M,True
item_004268,Pandora Necklaces Model-4268,jewelry,Rings,1755.14,3.9,0,Pandora,True
item_004269,Levis Jackets Model-4269,clothing,T-Shirts,27.36,3.4,983,Levis,True
item_004270,Michelin Accessories Model-4270,automotive,Electronics,133.74,4.0,494,3M,True
item_004271,3M Electronics Model-4271,automotive,Accessories,62.47,2.5,552,Michelin,True
item_004272,Nike Cycling Model-4272,sports,Gym,72.4,3.7,0,Adidas,True
item_004273,LEGO Action Figures Model-4273,toys,Board Games,60.36,3.8,3521,Mattel,True
item_004274,Zara Dresses Model-4274,clothing,Dresses,141.54,4.0,1713,Levis,True
item_004275,Bosch Accessories Model-4275,automotive,Car Care,54.77,4.5,357,Bosch,True
item_004276,3M Car Care Model-4276,automotive,Car Care,170.08,4.1,33,3M,True
item_004277,Sony Cameras Model-4277,electronics,TVs,539.83,4.0,40,Bosch,True
item_004278,Michelin Tools Model-4278,automotive,Tools,254.56,3.2,15,3M,False
item_004279,Organic Valley Supplements Model-4279,food,Snacks,46.31,4.5,277,Nestle,True
item_004280,Nike Running Model-4280,sports,Running,455.77,4.1,206,Under Armour,True
item_004281,Pandora Earrings Model-4281,jewelry,Bracelets,2374.97,4.2,856,Tiffany,True
item_004282,Mattel Action Figures Model-4282,toys,Dolls,95.92,3.9,67,LEGO,True
item_004283,Apple Laptops Model-4283,electronics,Smartphones,1640.66,4.2,4524,LG,True
item_004284,Philips Furniture Model-4284,home_garden,Furniture,353.43,4.1,814,Dyson,True
item_004285,Adidas Jackets Model-4285,clothing,Jeans,73.88,4.1,133,H&M,True
item_004286,H&M Jackets Model-4286,clothing,Jackets,94.92,3.7,4425,Levis,True
item_004287,3M Accessories Model-4287,automotive,Electronics,130.19,4.0,1177,Michelin,True
item_004288,IKEA Kitchen Model-4288,home_garden,Garden,615.0,4.2,733,Cuisinart,True
item_004289,Estee Lauder Skincare Model-4289,beauty,Fragrance,61.93,4.1,926,Estee Lauder,True
item_004290,Zales Rings Model-4290,jewelry,Earrings,2173.32,3.1,2537,Tiffany,True
item_004291,Sony TVs Model-4291,electronics,Headphones,203.2,3.3,301,Samsung,True
item_004292,Tiffany Bracelets Model-4292,jewelry,Necklaces,4915.72,4.2,1367,Swarovski,True
item_004293,Hasbro Action Figures Model-4293,toys,Puzzles,74.53,3.1,224,Fisher-Price,True
item_004294,Kelloggs Beverages Model-4294,food,Organic,27.53,3.9,2332,Nestle,False
item_004295,Mattel Board Games Model-4295,toys,Action Figures,142.91,3.6,1188,Fisher-Price,True
item_004296,Under Armour Gym Model-4296,sports,Yoga,369.95,4.4,4081,Puma,True
item_004297,HarperCollins Non-Fiction Model-4297,books,Science,41.05,4.3,3579,Penguin,True
item_004298,Swarovski Bracelets Model-4298,jewelry,Rings,4785.59,4.3,1349,Swarovski,True
item_004299,Zales Earrings Model-4299,jewelry,Necklaces,2545.93,3.5,1895,Pandora,True
item_004300,Pandora Earrings Model-4300,jewelry,Bracelets,1214.97,4.3,287,Zales,True
item_004301,Apple TVs Model-4301,electronics,Headphones,1883.15,4.1,4605,Bosch,True
item_004302,Zales Bracelets Model-4302,jewelry,Rings,4413.13,3.2,4249,Tiffany,True
item_004303,LG Cameras Model-4303,electronics,Smartphones,84.38,2.5,3,Sony,True
item_004304,Bosch Car Care Model-4304,automotive,Tools,126.86,3.6,47,Bosch,False
item_004305,Bosch Car Care Model-4305,automotive,Car Care,248.96,4.4,1019,3M,True
item_004306,Estee Lauder Makeup Model-4306,beauty,Makeup,65.93,3.4,1289,Maybelline,True
item_004307,Tiffany Bracelets Model-4307,jewelry,Rings,909.2,4.2,95,Pandora,True
item_004308,Random House Non-Fiction Model-4308,books,History,23.24,3.7,344,Random House,True
item_004309,Fisher-Price Dolls Model-4309,toys,Action Figures,47.56,4.7,3256,Fisher-Price,True
item_004310,Maybelline Haircare Model-4310,beauty,Haircare,70.72,3.3,147,Estee Lauder,True
item_004311,HarperCollins Fiction Model-4311,books,Tech,47.87,4.3,2113,Penguin,True
item_004312,Fisher-Price Action Figures Model-4312,toys,Board Games,31.47,3.6,366,Fisher-Price,True
item_004313,Maybelline Fragrance Model-4313,beauty,Fragrance,92.13,3.4,240,Estee Lauder,True
item_004314,Zales Necklaces Model-4314,jewelry,Earrings,2070.1,3.9,1910,Swarovski,True
item_004315,Kelloggs Supplements Model-4315,food,Supplements,21.14,3.4,1642,Organic Valley,True
item_004316,Apple TVs Model-4316,electronics,Laptops,998.39,3.3,1213,Bosch,True
item_004317,Dyson Furniture Model-4317,home_garden,Kitchen,254.5,4.2,847,IKEA,True
item_004318,LEGO Dolls Model-4318,toys,Board Games,99.41,4.9,4084,Fisher-Price,True
item_004319,LG Smartphones Model-4319,electronics,Laptops,1314.43,4.9,1803,Sony,True
item_004320,Nike Running Model-4320,sports,Gym,476.19,4.2,128,Nike,True
item_004321,Dyson Furniture Model-4321,home_garden,Garden,53.02,4.0,0,Cuisinart,True
item_004322,H&M T-Shirts Model-4322,clothing,Jeans,75.82,3.6,3144,Zara,True
item_004323,Swarovski Necklaces Model-4323,jewelry,Necklaces,4265.65,2.8,2935,Tiffany,True
item_004324,Kelloggs Organic Model-4324,food,Organic,66.86,5.0,2621,Nestle,True
item_004325,Kelloggs Beverages Model-4325,food,Beverages,40.66,3.3,217,Kelloggs,True
item_004326,Adidas Yoga Model-4326,sports,Gym,147.21,4.9,152,Under Armour,True
item_004327,Philips Furniture Model-4327,home_garden,Lighting,233.42,3.5,500,Cuisinart,True
item_004328,Organic Valley Snacks Model-4328,food,Beverages,50.08,3.1,2518,Nestle,True
item_004329,Michelin Accessories Model-4329,automotive,Tools,86.42,5.0,366,Castrol,True
item_004330,Bosch Tools Model-4330,automotive,Tools,299.98,4.5,2563,Bosch,True
item_004331,Fisher-Price Board Games Model-4331,toys,Action Figures,68.33,3.9,1617,Mattel,True
item_004332,Michelin Electronics Model-4332,automotive,Accessories,92.2,2.7,693,Castrol,True
item_004333,LOreal Skincare Model-4333,beauty,Fragrance,17.47,3.5,4742,Maybelline,True
item_004334,HarperCollins Science Model-4334,books,Non-Fiction,32.71,2.9,650,Random House,True
item_004335,Puma Running Model-4335,sports,Swimming,295.6,4.4,114,Under Armour,True
item_004336,Pandora Rings Model-4336,jewelry,Earrings,429.04,3.6,131,Zales,True
item_004337,Castrol Electronics Model-4337,automotive,Tools,213.52,5.0,556,3M,True
item_004338,Maybelline Makeup Model-4338,beauty,Makeup,165.61,3.6,871,LOreal,True
item_004339,Swarovski Rings Model-4339,jewelry,Earrings,907.98,3.9,2155,Pandora,True
item_004340,LOreal Fragrance Model-4340,beauty,Fragrance,128.47,2.9,737,LOreal,True
item_004341,Adidas Running Model-4341,sports,Yoga,144.92,4.6,254,Under Armour,True
item_004342,Kelloggs Snacks Model-4342,food,Supplements,65.88,3.8,37,Organic Valley,True
item_004343,Hasbro Puzzles Model-4343,toys,Board Games,107.71,4.1,4934,LEGO,True
item_004344,Philips Bedding Model-4344,home_garden,Furniture,203.51,3.8,463,IKEA,True
item_004345,Puma Gym Model-4345,sports,Swimming,438.19,2.7,0,Under Armour,True
item_004346,Adidas Jackets Model-4346,clothing,T-Shirts,205.67,4.2,3581,Levis,True
item_004347,Swarovski Rings Model-4347,jewelry,Earrings,3386.38,4.4,961,Tiffany,True
item_004348,Sony Headphones Model-4348,electronics,TVs,853.56,4.1,812,Apple,True
item_004349,Nike Running Model-4349,sports,Swimming,166.05,4.8,4609,Under Armour,True
item_004350,Philips Furniture Model-4350,home_garden,Garden,518.12,3.8,2663,Philips,True
item_004351,LG Cameras Model-4351,electronics,Headphones,100.35,2.8,1604,Bosch,True
item_004352,HarperCollins History Model-4352,books,Science,15.88,3.8,2131,Penguin,True
item_004353,Random House Non-Fiction Model-4353,books,Tech,46.42,3.8,40,HarperCollins,True
item_004354,Penguin Science Model-4354,books,History,57.37,4.1,3202,Random House,True
item_004355,Puma Swimming Model-4355,sports,Swimming,473.6,3.2,60,Under Armour,True
item_004356,Michelin Car Care Model-4356,automotive,Tools,226.08,5.0,160,3M,False
item_004357,Castrol Accessories Model-4357,automotive,Electronics,361.63,3.9,120,Bosch,True
item_004358,Estee Lauder Fragrance Model-4358,beauty,Makeup,14.87,3.7,1453,LOreal,True
item_004359,Philips Kitchen Model-4359,home_garden,Lighting,368.63,4.2,234,Cuisinart,True
item_004360,Fisher-Price Dolls Model-4360,toys,Board Games,100.04,3.5,1882,Mattel,True
item_004361,Michelin Car Care Model-4361,automotive,Electronics,48.88,3.2,4,Michelin,True
item_004362,Zales Earrings Model-4362,jewelry,Rings,2997.27,2.8,361,Pandora,True
item_004363,LOreal Haircare Model-4363,beauty,Makeup,9.99,4.0,0,LOreal,True
item_004364,3M Electronics Model-4364,automotive,Electronics,21.19,4.3,1667,Castrol,False
item_004365,Michelin Accessories Model-4365,automotive,Electronics,112.02,3.0,311,Bosch,True
item_004366,Estee Lauder Makeup Model-4366,beauty,Fragrance,138.87,5.0,0,LOreal,True
item_004367,Swarovski Rings Model-4367,jewelry,Necklaces,3043.39,1.8,2962,Swarovski,False
item_004368,Under Armour Running Model-4368,sports,Cycling,197.04,3.3,1770,Under Armour,True
item_004369,Under Armour Yoga Model-4369,sports,Yoga,493.07,3.6,367,Nike,True
item_004370,Tiffany Rings Model-4370,jewelry,Bracelets,2419.45,5.0,4743,Swarovski,True
item_004371,Penguin Tech Model-4371,books,History,49.21,3.9,1402,Penguin,True
item_004372,Philips Lighting Model-4372,home_garden,Kitchen,147.64,4.3,2907,Philips,True
item_004373,Castrol Tools Model-4373,automotive,Accessories,375.36,3.3,3282,Michelin,True
item_004374,Penguin Non-Fiction Model-4374,books,Tech,45.45,3.9,14,HarperCollins,True
item_004375,H&M T-Shirts Model-4375,clothing,Dresses,98.02,3.8,2191,Zara,True
item_004376,LG Smartphones Model-4376,electronics,Laptops,1994.74,2.4,74,Apple,True
item_004377,Mattel Puzzles Model-4377,toys,Dolls,20.59,4.7,463,Hasbro,False
item_004378,Michelin Tools Model-4378,automotive,Tools,293.99,4.5,158,Bosch,True
item_004379,Under Armour Yoga Model-4379,sports,Yoga,43.14,3.0,2170,Under Armour,True
item_004380,Adidas Jeans Model-4380,clothing,Jackets,206.78,4.0,3191,H&M,True
item_004381,Zales Bracelets Model-4381,jewelry,Rings,152.16,3.6,52,Zales,True
item_004382,Organic Valley Snacks Model-4382,food,Organic,46.71,3.7,293,Nestle,True
item_004383,Random House History Model-4383,books,Non-Fiction,10.64,4.4,22,Random House,True
item_004384,H&M Shoes Model-4384,clothing,Shoes,183.13,4.9,11,Adidas,True
item_004385,Organic Valley Snacks Model-4385,food,Beverages,46.97,3.7,4953,Organic Valley,True
item_004386,Bosch TVs Model-4386,electronics,TVs,348.87,4.0,2254,Sony,True
item_004387,Random House Non-Fiction Model-4387,books,History,15.57,4.2,3460,HarperCollins,True
item_004388,Adidas Dresses Model-4388,clothing,Jackets,164.16,3.7,0,Nike,True
item_004389,Nestle Beverages Model-4389,food,Organic,22.8,4.3,3808,Kelloggs,True
item_004390,Pandora Earrings Model-4390,jewelry,Rings,2770.54,4.5,0,Tiffany,True
item_004391,Apple Smartphones Model-4391,electronics,Smartphones,1809.57,4.4,4948,Bosch,False
item_004392,LOreal Fragrance Model-4392,beauty,Haircare,7.98,4.5,2081,LOreal,True
item_004393,Swarovski Earrings Model-4393,jewelry,Earrings,641.4,2.3,176,Zales,True
item_004394,Cuisinart Kitchen Model-4394,home_garden,Furniture,429.77,3.2,21,Dyson,True
item_004395,Kelloggs Supplements Model-4395,food,Organic,51.99,3.3,676,Kelloggs,True
item_004396,Bosch Electronics Model-4396,automotive,Tools,348.91,3.7,3600,Michelin,True
item_004397,LEGO Board Games Model-4397,toys,Board Games,49.3,3.6,52,Fisher-Price,True
item_004398,Fisher-Price Board Games Model-4398,toys,Dolls,13.88,4.8,1,LEGO,True
item_004399,Bosch Accessories Model-4399,automotive,Accessories,251.64,2.6,805,Castrol,True
item_004400,3M Accessories Model-4400,automotive,Car Care,125.42,4.7,654,Michelin,True
item_004401,Nike Shoes Model-4401,clothing,Dresses,173.9,3.1,2649,H&M,True
item_004402,Tiffany Bracelets Model-4402,jewelry,Rings,3005.98,3.6,145,Tiffany,True
item_004403,Maybelline Haircare Model-4403,beauty,Skincare,15.73,3.4,6,LOreal,True
item_004404,Bosch Electronics Model-4404,automotive,Tools,153.48,3.7,396,Bosch,True
item_004405,Philips Lighting Model-4405,home_garden,Garden,124.68,3.0,32,IKEA,False
item_004406,Castrol Tools Model-4406,automotive,Car Care,249.37,3.8,1822,Bosch,True
item_004407,Nestle Beverages Model-4407,food,Snacks,15.82,3.5,13,Organic Valley,True
item_004408,Adidas Jeans Model-4408,clothing,Jeans,148.34,4.1,0,Nike,True
item_004409,Levis T-Shirts Model-4409,clothing,Dresses,158.33,4.4,2,Adidas,True
item_004410,Philips Bedding Model-4410,home_garden,Bedding,70.52,3.4,1277,Philips,True
item_004411,Maybelline Fragrance Model-4411,beauty,Makeup,20.55,5.0,275,Estee Lauder,True
item_004412,Pandora Earrings Model-4412,jewelry,Rings,1008.77,3.4,3353,Zales,False
item_004413,Philips Lighting Model-4413,home_garden,Bedding,311.09,2.8,123,Dyson,True
item_004414,Puma Cycling Model-4414,sports,Yoga,184.65,4.5,2103,Adidas,True
item_004415,Cuisinart Bedding Model-4415,home_garden,Lighting,117.24,4.4,4719,Philips,True
item_004416,Apple Cameras Model-4416,electronics,Headphones,422.04,4.7,0,LG,True
item_004417,Samsung Headphones Model-4417,electronics,Headphones,778.83,4.3,3756,Samsung,True
item_004418,Bosch Car Care Model-4418,automotive,Tools,356.59,3.7,3313,Michelin,True
item_004419,Zara T-Shirts Model-4419,clothing,Jeans,47.08,3.8,0,Zara,False
item_004420,Apple Headphones Model-4420,electronics,TVs,1682.15,2.7,659,Apple,True
item_004421,Nike Dresses Model-4421,clothing,Dresses,179.03,2.3,236,H&M,False
item_004422,Random House Tech Model-4422,books,History,34.43,4.5,3755,Penguin,True
item_004423,Maybelline Fragrance Model-4423,beauty,Fragrance,146.07,3.5,3556,LOreal,True
item_004424,Hasbro Board Games Model-4424,toys,Board Games,67.71,4.9,494,Fisher-Price,True
item_004425,Under Armour Swimming Model-4425,sports,Gym,259.16,3.6,1581,Puma,True
item_004426,Under Armour Gym Model-4426,sports,Running,154.11,3.6,122,Under Armour,True
item_004427,Apple Cameras Model-4427,electronics,Headphones,554.68,3.5,5,LG,True
item_004428,Mattel Puzzles Model-4428,toys,Action Figures,57.09,4.3,85,LEGO,True
item_004429,Organic Valley Organic Model-4429,food,Organic,17.29,2.9,4281,Kelloggs,False
item_004430,Hasbro Puzzles Model-4430,toys,Board Games,120.79,3.4,1421,Fisher-Price,True
item_004431,Mattel Puzzles Model-4431,toys,Puzzles,31.52,4.9,117,Mattel,True
item_004432,Organic Valley Supplements Model-4432,food,Beverages,27.85,3.7,2866,Organic Valley,True
item_004433,Nike Jeans Model-4433,clothing,Jackets,85.4,4.4,0,Nike,True
item_004434,IKEA Kitchen Model-4434,home_garden,Lighting,540.89,3.9,2303,IKEA,True
item_004435,Cuisinart Kitchen Model-4435,home_garden,Furniture,761.71,4.8,1418,Philips,True
item_004436,HarperCollins Fiction Model-4436,books,Science,32.38,4.0,3714,HarperCollins,True
item_004437,Zara Jackets Model-4437,clothing,Shoes,297.71,5.0,81,Adidas,False
item_004438,Nike Shoes Model-4438,clothing,Shoes,90.93,3.6,95,H&M,True
item_004439,Kelloggs Snacks Model-4439,food,Supplements,32.39,4.8,11,Nestle,True
item_004440,Tiffany Necklaces Model-4440,jewelry,Rings,3468.04,2.1,1,Swarovski,True
item_004441,Random House Science Model-4441,books,Tech,33.92,2.5,1210,Penguin,True
item_004442,Michelin Car Care Model-4442,automotive,Electronics,287.13,3.8,406,Castrol,True
item_004443,Puma Swimming Model-4443,sports,Running,66.05,3.0,3608,Nike,True
item_004444,Bosch Tools Model-4444,automotive,Car Care,280.27,4.4,10,Bosch,False
item_004445,Samsung TVs Model-4445,electronics,Cameras,1372.87,5.0,1904,Apple,True
item_004446,Adidas Gym Model-4446,sports,Cycling,67.62,3.9,9,Puma,True
item_004447,Puma Cycling Model-4447,sports,Gym,44.48,4.2,2875,Adidas,True
item_004448,Nike Shoes Model-4448,clothing,T-Shirts,52.46,4.4,47,H&M,True
item_004449,Philips Garden Model-4449,home_garden,Lighting,386.26,4.3,230,Dyson,True
item_004450,Castrol Electronics Model-4450,automotive,Car Care,194.29,3.3,205,Castrol,True
item_004451,Samsung TVs Model-4451,electronics,Headphones,427.79,4.0,1796,Bosch,True
item_004452,LG Smartphones Model-4452,electronics,TVs,711.81,4.2,0,Bosch,True
item_004453,Random House Non-Fiction Model-4453,books,History,45.33,3.1,2,HarperCollins,True
item_004454,Random House Non-Fiction Model-4454,books,Non-Fiction,52.52,4.0,4545,HarperCollins,True
item_004455,LOreal Haircare Model-4455,beauty,Skincare,115.24,4.5,2570,Maybelline,True
item_004456,Nike Running Model-4456,sports,Cycling,247.45,4.3,3359,Under Armour,True
item_004457,3M Accessories Model-4457,automotive,Electronics,67.89,3.5,21,Michelin,True
item_004458,Apple Smartphones Model-4458,electronics,Headphones,1544.43,5.0,263,Sony,True
item_004459,LEGO Board Games Model-4459,toys,Action Figures,32.97,4.1,0,Mattel,True
item_004460,LOreal Haircare Model-4460,beauty,Makeup,63.56,2.7,81,LOreal,True
item_004461,Penguin Science Model-4461,books,History,9.99,4.7,2138,HarperCollins,True
item_004462,Pandora Rings Model-4462,jewelry,Earrings,4242.84,3.4,1199,Tiffany,True
item_004463,Tiffany Necklaces Model-4463,jewelry,Earrings,1186.84,3.5,1066,Swarovski,True
item_004464,Fisher-Price Dolls Model-4464,toys,Action Figures,47.33,3.4,350,Hasbro,True
item_004465,Cuisinart Lighting Model-4465,home_garden,Kitchen,186.46,3.1,93,Dyson,True
item_004466,Apple Smartphones Model-4466,electronics,Laptops,737.57,4.9,3,Bosch,True
item_004467,Michelin Electronics Model-4467,automotive,Tools,360.07,4.0,792,Michelin,True
item_004468,Michelin Car Care Model-4468,automotive,Electronics,174.55,3.7,2646,Bosch,True
item_004469,Mattel Dolls Model-4469,toys,Puzzles,102.24,3.1,959,Fisher-Price,True
item_004470,Philips Kitchen Model-4470,home_garden,Kitchen,425.11,4.6,1355,Cuisinart,True
item_004471,Penguin Non-Fiction Model-4471,books,Non-Fiction,41.68,4.4,1198,Penguin,True
item_004472,Levis Jeans Model-4472,clothing,Jeans,228.32,4.6,1,H&M,True
item_004473,Dyson Kitchen Model-4473,home_garden,Garden,614.17,4.5,4892,IKEA,True
item_004474,Swarovski Necklaces Model-4474,jewelry,Bracelets,3303.33,3.9,1475,Pandora,False
item_004475,Fisher-Price Action Figures Model-4475,toys,Board Games,25.03,5.0,3118,Mattel,True
item_004476,Nestle Snacks Model-4476,food,Beverages,3.62,4.2,4947,Kelloggs,False
item_004477,Dyson Bedding Model-4477,home_garden,Bedding,278.59,4.7,1,IKEA,True
item_004478,Puma Yoga Model-4478,sports,Swimming,130.34,4.5,1725,Nike,True
item_004479,Penguin History Model-4479,books,History,19.15,4.3,4,HarperCollins,True
item_004480,Estee Lauder Skincare Model-4480,beauty,Fragrance,136.34,4.5,1212,LOreal,True
item_004481,Organic Valley Supplements Model-4481,food,Beverages,4.14,3.2,43,Kelloggs,True
item_004482,LOreal Haircare Model-4482,beauty,Fragrance,76.7,3.2,1409,Estee Lauder,True
item_004483,Mattel Board Games Model-4483,toys,Dolls,124.31,4.0,1247,LEGO,True
item_004484,Hasbro Action Figures Model-4484,toys,Action Figures,138.88,3.4,3864,Hasbro,True
item_004485,HarperCollins Science Model-4485,books,Non-Fiction,44.77,4.6,3525,HarperCollins,True
item_004486,Dyson Furniture Model-4486,home_garden,Lighting,99.87,3.7,2254,Cuisinart,True
item_004487,Adidas Yoga Model-4487,sports,Swimming,336.45,3.3,133,Adidas,True
item_004488,Puma Swimming Model-4488,sports,Yoga,121.71,5.0,2232,Under Armour,True
item_004489,Nike Running Model-4489,sports,Yoga,252.9,3.2,923,Under Armour,True
item_004490,Organic Valley Supplements Model-4490,food,Supplements,53.15,3.7,4605,Organic Valley,False
item_004491,Zales Rings Model-4491,jewelry,Bracelets,4470.09,4.3,1700,Swarovski,True
item_004492,HarperCollins History Model-4492,books,Non-Fiction,38.11,3.1,2680,Penguin,True
item_004493,Nestle Supplements Model-4493,food,Supplements,76.59,3.0,310,Nestle,True
item_004494,Zales Bracelets Model-4494,jewelry,Earrings,554.83,5.0,13,Swarovski,True
item_004495,Zara Jackets Model-4495,clothing,T-Shirts,105.45,3.8,487,H&M,True
item_004496,Adidas Running Model-4496,sports,Swimming,307.27,3.9,1288,Nike,True
item_004497,LOreal Haircare Model-4497,beauty,Skincare,53.17,4.2,3282,LOreal,True
item_004498,Cuisinart Furniture Model-4498,home_garden,Garden,540.52,3.6,5,IKEA,True
item_004499,Levis Jackets Model-4499,clothing,Jeans,57.65,4.0,251,Adidas,True
item_004500,Dyson Lighting Model-4500,home_garden,Furniture,23.63,2.6,116,Philips,True
item_004501,Adidas Swimming Model-4501,sports,Swimming,386.9,4.3,1113,Nike,True
item_004502,Penguin Tech Model-4502,books,History,10.61,4.0,177,Penguin,True
item_004503,Random House Non-Fiction Model-4503,books,History,10.57,4.5,29,HarperCollins,True
item_004504,Fisher-Price Action Figures Model-4504,toys,Puzzles,35.63,3.6,132,Mattel,True
item_004505,HarperCollins Tech Model-4505,books,Fiction,40.16,4.5,624,HarperCollins,True
item_004506,Adidas Jeans Model-4506,clothing,Jeans,140.41,2.9,1183,Zara,True
item_004507,Organic Valley Organic Model-4507,food,Beverages,49.38,3.1,418,Kelloggs,True
item_004508,Estee Lauder Haircare Model-4508,beauty,Makeup,111.65,3.6,29,LOreal,True
item_004509,Zara Dresses Model-4509,clothing,Shoes,245.35,3.7,94,Adidas,True
item_004510,LOreal Skincare Model-4510,beauty,Makeup,43.24,3.9,112,Maybelline,True
item_004511,Samsung TVs Model-4511,electronics,TVs,841.7,4.1,2253,Samsung,True
item_004512,Estee Lauder Haircare Model-4512,beauty,Makeup,117.18,3.0,0,LOreal,False
item_004513,Dyson Kitchen Model-4513,home_garden,Garden,508.14,4.1,245,Cuisinart,True
item_004514,Sony Smartphones Model-4514,electronics,Smartphones,269.74,4.9,635,Apple,True
item_004515,3M Electronics Model-4515,automotive,Accessories,346.07,4.3,4640,Castrol,True
item_004516,Random House History Model-4516,books,Non-Fiction,16.9,4.5,2448,Random House,True
item_004517,LEGO Action Figures Model-4517,toys,Dolls,36.03,3.1,2031,LEGO,True
item_004518,Puma Running Model-4518,sports,Swimming,368.03,3.3,1749,Nike,True
item_004519,Nike Gym Model-4519,sports,Running,149.87,4.3,0,Nike,True
item_004520,Swarovski Rings Model-4520,jewelry,Earrings,479.18,3.7,238,Zales,True
item_004521,Levis T-Shirts Model-4521,clothing,Dresses,92.42,3.9,1327,Adidas,True
item_004522,Nike Cycling Model-4522,sports,Swimming,95.09,3.6,0,Under Armour,True
item_004523,Castrol Tools Model-4523,automotive,Tools,270.46,3.2,1,Bosch,True
item_004524,HarperCollins Tech Model-4524,books,Non-Fiction,37.25,4.1,2862,Penguin,True
item_004525,Philips Lighting Model-4525,home_garden,Garden,165.59,4.2,44,IKEA,True
item_004526,Cuisinart Furniture Model-4526,home_garden,Furniture,665.01,3.4,577,Philips,True
item_004527,Mattel Dolls Model-4527,toys,Puzzles,61.99,3.2,550,Fisher-Price,True
item_004528,Zales Rings Model-4528,jewelry,Rings,287.12,3.6,1791,Zales,True
item_004529,Puma Gym Model-4529,sports,Swimming,25.78,3.4,3878,Adidas,True
item_004530,Michelin Car Care Model-4530,automotive,Electronics,46.89,2.5,298,Michelin,False
item_004531,Puma Running Model-4531,sports,Running,261.52,4.0,2286,Nike,True
item_004532,Mattel Action Figures Model-4532,toys,Board Games,139.7,4.4,10,LEGO,True
item_004533,Kelloggs Beverages Model-4533,food,Supplements,64.32,3.3,308,Nestle,True
item_004534,Michelin Tools Model-4534,automotive,Tools,53.25,4.7,23,Michelin,True
item_004535,Mattel Dolls Model-4535,toys,Board Games,142.47,4.4,4,Hasbro,True
item_004536,Hasbro Action Figures Model-4536,toys,Action Figures,82.45,3.4,69,Mattel,True
item_004537,Samsung TVs Model-4537,electronics,Laptops,1145.96,2.9,2033,Samsung,True
item_004538,Tiffany Earrings Model-4538,jewelry,Necklaces,621.22,3.5,1624,Pandora,False
item_004539,LOreal Haircare Model-4539,beauty,Fragrance,38.56,3.4,65,LOreal,True
item_004540,LG Cameras Model-4540,electronics,Laptops,1049.72,3.3,8,Samsung,False
item_004541,HarperCollins Science Model-4541,books,Non-Fiction,53.17,3.7,1916,Penguin,True
item_004542,Nike Jeans Model-4542,clothing,Jeans,141.32,3.2,2257,H&M,True
item_004543,Penguin History Model-4543,books,History,44.84,3.9,3391,Random House,True
item_004544,Zales Rings Model-4544,jewelry,Earrings,1836.39,4.3,4449,Swarovski,True
item_004545,Zales Earrings Model-4545,jewelry,Earrings,1577.16,3.1,2817,Swarovski,True
item_004546,IKEA Garden Model-4546,home_garden,Lighting,101.57,3.6,640,Dyson,True
item_004547,Bosch Smartphones Model-4547,electronics,Headphones,1622.91,2.4,537,Samsung,True
item_004548,Zara Jackets Model-4548,clothing,Dresses,142.96,3.9,237,H&M,True
item_004549,Fisher-Price Dolls Model-4549,toys,Dolls,143.43,3.9,43,Mattel,True
item_004550,Random House History Model-4550,books,Tech,49.62,3.2,839,Penguin,True
item_004551,HarperCollins History Model-4551,books,Non-Fiction,24.08,4.1,163,Random House,True
item_004552,Swarovski Necklaces Model-4552,jewelry,Rings,313.1,2.8,3592,Tiffany,False
item_004553,Mattel Dolls Model-4553,toys,Dolls,85.52,4.0,4,LEGO,True
item_004554,Random House Non-Fiction Model-4554,books,History,32.87,2.4,558,Random House,True
item_004555,Tiffany Rings Model-4555,jewelry,Earrings,1741.45,4.2,1074,Pandora,True
item_004556,Maybelline Skincare Model-4556,beauty,Fragrance,130.96,3.9,0,LOreal,True
item_004557,Penguin Fiction Model-4557,books,Science,43.52,3.0,0,HarperCollins,True
item_004558,Philips Garden Model-4558,home_garden,Lighting,93.32,4.1,3276,Cuisinart,True
item_004559,Hasbro Action Figures Model-4559,toys,Action Figures,147.2,3.2,218,Mattel,True
item_004560,Bosch Laptops Model-4560,electronics,TVs,928.61,3.8,235,Apple,True
item_004561,Bosch Accessories Model-4561,automotive,Electronics,351.94,4.9,1716,Michelin,True
item_004562,LG Smartphones Model-4562,electronics,TVs,187.53,4.8,513,Apple,True
item_004563,Apple Cameras Model-4563,electronics,TVs,937.76,4.2,948,Sony,True
item_004564,Nestle Organic Model-4564,food,Beverages,66.26,4.6,992,Organic Valley,True
item_004565,Samsung TVs Model-4565,electronics,Cameras,722.22,2.5,1,Sony,True
item_004566,Zales Rings Model-4566,jewelry,Bracelets,4052.65,4.6,164,Tiffany,True
item_004567,Samsung Smartphones Model-4567,electronics,Smartphones,779.29,3.6,541,Bosch,True
item_004568,Dyson Garden Model-4568,home_garden,Furniture,413.03,3.8,1759,Philips,True
item_004569,Adidas Cycling Model-4569,sports,Cycling,79.12,3.5,3536,Puma,True
item_004570,Random House Science Model-4570,books,Tech,49.8,3.8,34,HarperCollins,True
item_004571,Swarovski Earrings Model-4571,jewelry,Bracelets,2093.53,3.5,1555,Swarovski,True
item_004572,Estee Lauder Haircare Model-4572,beauty,Skincare,45.88,5.0,360,Maybelline,True
item_004573,Penguin Non-Fiction Model-4573,books,Fiction,20.88,3.5,52,HarperCollins,True
item_004574,Adidas Cycling Model-4574,sports,Running,33.04,3.6,1932,Adidas,True
item_004575,LOreal Skincare Model-4575,beauty,Makeup,16.21,3.0,1226,Maybelline,True
item_004576,Bosch Electronics Model-4576,automotive,Tools,315.74,4.3,2669,Castrol,True
item_004577,Estee Lauder Fragrance Model-4577,beauty,Skincare,199.74,4.4,164,Maybelline,True
item_004578,Random House Non-Fiction Model-4578,books,Fiction,53.26,4.1,4,Penguin,True
item_004579,Levis Jeans Model-4579,clothing,Dresses,170.01,3.6,2993,Adidas,True
item_004580,Hasbro Dolls Model-4580,toys,Action Figures,132.77,3.8,4237,LEGO,True
item_004581,Fisher-Price Dolls Model-4581,toys,Action Figures,70.57,3.2,1181,Mattel,True
item_004582,Random House Non-Fiction Model-4582,books,Science,34.42,4.7,1601,Penguin,True
item_004583,Puma Yoga Model-4583,sports,Gym,499.67,4.3,165,Nike,True
item_004584,Sony Headphones Model-4584,electronics,Smartphones,1334.45,3.3,16,Bosch,True
item_004585,Pandora Rings Model-4585,jewelry,Bracelets,1765.46,3.6,113,Tiffany,True
item_004586,Puma Yoga Model-4586,sports,Swimming,348.59,3.4,1061,Puma,True
item_004587,Adidas Jackets Model-4587,clothing,Shoes,24.83,3.5,20,Adidas,True
item_004588,Penguin Fiction Model-4588,books,History,39.63,2.9,4532,Random House,True
item_004589,HarperCollins History Model-4589,books,Non-Fiction,53.56,3.9,2804,Random House,True
item_004590,Random House Non-Fiction Model-4590,books,Science,27.13,3.6,226,Penguin,True
item_004591,Tiffany Earrings Model-4591,jewelry,Rings,2807.69,4.1,222,Zales,False
item_004592,Philips Furniture Model-4592,home_garden,Kitchen,433.79,2.8,512,Philips,True
item_004593,Puma Yoga Model-4593,sports,Yoga,233.7,4.1,242,Adidas,True
item_004594,Fisher-Price Dolls Model-4594,toys,Dolls,122.66,4.7,4605,Fisher-Price,True
item_004595,Samsung Cameras Model-4595,electronics,Cameras,1553.44,4.2,348,Apple,True
item_004596,Nike T-Shirts Model-4596,clothing,Shoes,209.51,5.0,610,Zara,True
item_004597,Philips Furniture Model-4597,home_garden,Bedding,390.38,3.4,2925,IKEA,True
item_004598,Cuisinart Bedding Model-4598,home_garden,Garden,743.18,2.3,520,Philips,True
item_004599,Mattel Puzzles Model-4599,toys,Dolls,76.11,3.6,15,Hasbro,False
item_004600,LOreal Makeup Model-4600,beauty,Skincare,117.98,4.5,4057,Maybelline,True
item_004601,Under Armour Yoga Model-4601,sports,Running,239.07,3.4,1636,Nike,True
item_004602,Maybelline Skincare Model-4602,beauty,Skincare,183.59,3.9,2287,Maybelline,True
item_004603,Tiffany Bracelets Model-4603,jewelry,Bracelets,2541.37,4.2,3492,Pandora,True
item_004604,Levis Dresses Model-4604,clothing,Shoes,53.44,4.7,13,Levis,True
item_004605,Castrol Electronics Model-4605,automotive,Electronics,56.39,4.2,64,3M,True
item_004606,Michelin Tools Model-4606,automotive,Car Care,120.33,4.2,1838,Bosch,True
item_004607,Sony Laptops Model-4607,electronics,Laptops,1618.3,4.1,103,LG,True
item_004608,LEGO Puzzles Model-4608,toys,Action Figures,71.13,4.6,1393,Hasbro,True
item_004609,Under Armour Swimming Model-4609,sports,Yoga,488.9,3.2,383,Adidas,True
item_004610,Puma Yoga Model-4610,sports,Yoga,186.49,3.0,898,Adidas,True
item_004611,Adidas Dresses Model-4611,clothing,Dresses,184.68,3.6,15,H&M,False
item_004612,Penguin Fiction Model-4612,books,Tech,49.14,4.5,0,Penguin,True
item_004613,Adidas Swimming Model-4613,sports,Cycling,28.22,4.0,0,Under Armour,True
item_004614,3M Electronics Model-4614,automotive,Tools,104.78,5.0,0,Bosch,True
item_004615,Puma Running Model-4615,sports,Cycling,43.38,3.6,10,Under Armour,True
item_004616,Under Armour Swimming Model-4616,sports,Yoga,244.88,3.4,64,Adidas,True
item_004617,Samsung Smartphones Model-4617,electronics,Headphones,1646.69,2.8,34,Bosch,True
item_004618,Bosch Cameras Model-4618,electronics,TVs,835.89,4.3,154,Apple,True
item_004619,Tiffany Rings Model-4619,jewelry,Necklaces,4270.49,4.8,1,Zales,True
item_004620,Adidas Running Model-4620,sports,Cycling,471.6,4.3,1116,Nike,True
item_004621,H&M Dresses Model-4621,clothing,Shoes,193.86,3.8,80,Zara,True
item_004622,Zales Earrings Model-4622,jewelry,Bracelets,840.36,3.2,1720,Swarovski,False
item_004623,Fisher-Price Action Figures Model-4623,toys,Action Figures,73.31,4.3,3561,LEGO,True
item_004624,Samsung Cameras Model-4624,electronics,Headphones,1377.46,3.2,467,Apple,True
item_004625,Apple Headphones Model-4625,electronics,Headphones,1344.13,4.1,54,LG,True
item_004626,H&M Jeans Model-4626,clothing,Dresses,240.47,3.8,842,Levis,False
item_004627,Pandora Earrings Model-4627,jewelry,Bracelets,1765.29,2.4,188,Tiffany,True
item_004628,Levis Jeans Model-4628,clothing,Dresses,254.8,3.7,1132,Nike,True
item_004629,Penguin Non-Fiction Model-4629,books,Tech,32.65,3.8,1187,Random House,True
item_004630,Nike Cycling Model-4630,sports,Gym,208.53,3.3,282,Adidas,True
item_004631,Random House Non-Fiction Model-4631,books,Science,7.36,3.6,32,HarperCollins,True
item_004632,H&M Dresses Model-4632,clothing,Dresses,193.73,3.7,34,H&M,True
item_004633,Random House History Model-4633,books,History,51.55,4.3,0,HarperCollins,True
item_004634,Penguin Tech Model-4634,books,History,39.56,3.9,6,Penguin,False
item_004635,Castrol Accessories Model-4635,automotive,Electronics,47.7,3.3,18,Michelin,True
item_004636,Fisher-Price Action Figures Model-4636,toys,Action Figures,143.86,4.6,491,Fisher-Price,True
item_004637,Sony Smartphones Model-4637,electronics,Smartphones,1576.64,3.4,112,Samsung,True
item_004638,Philips Lighting Model-4638,home_garden,Furniture,154.84,3.4,370,Cuisinart,True
item_004639,Nike Jackets Model-4639,clothing,T-Shirts,179.67,5.0,2309,Adidas,False
item_004640,Pandora Rings Model-4640,jewelry,Earrings,1546.03,3.9,1262,Pandora,True
item_004641,Hasbro Dolls Model-4641,toys,Puzzles,91.89,2.0,4474,LEGO,True
item_004642,LOreal Haircare Model-4642,beauty,Haircare,183.15,4.4,1261,Maybelline,True
item_004643,Bosch TVs Model-4643,electronics,Smartphones,707.21,3.8,115,LG,False
item_004644,Levis Dresses Model-4644,clothing,Jackets,24.28,3.3,4481,Zara,True
item_004645,Pandora Bracelets Model-4645,jewelry,Necklaces,3320.97,3.7,3259,Tiffany,True
item_004646,Adidas Jackets Model-4646,clothing,Jeans,179.92,3.7,50,Zara,True
item_004647,Castrol Tools Model-4647,automotive,Electronics,172.87,3.1,16,Bosch,False
item_004648,Zara T-Shirts Model-4648,clothing,Jeans,253.64,3.6,1874,Nike,True
item_004649,Organic Valley Beverages Model-4649,food,Snacks,51.23,3.5,22,Kelloggs,True
item_004650,HarperCollins History Model-4650,books,History,27.23,3.8,692,HarperCollins,False
item_004651,Pandora Bracelets Model-4651,jewelry,Rings,162.09,4.6,0,Swarovski,True
item_004652,Nike Shoes Model-4652,clothing,Jeans,156.46,3.5,738,Zara,True
item_004653,Swarovski Necklaces Model-4653,jewelry,Rings,2403.1,4.0,0,Zales,True
item_004654,Zara Shoes Model-4654,clothing,Jackets,159.22,4.2,18,Zara,True
item_004655,Bosch Accessories Model-4655,automotive,Electronics,118.68,4.9,643,Castrol,True
item_004656,Cuisinart Lighting Model-4656,home_garden,Garden,745.71,3.9,48,IKEA,True
item_004657,H&M T-Shirts Model-4657,clothing,Jeans,39.49,3.8,43,Zara,True
item_004658,Zales Rings Model-4658,jewelry,Earrings,1681.6,3.1,3540,Pandora,True
item_004659,Penguin Fiction Model-4659,books,Fiction,47.57,3.9,395,Random House,False
item_004660,Nestle Beverages Model-4660,food,Beverages,68.45,4.5,4192,Kelloggs,True
item_004661,Random House History Model-4661,books,Tech,24.77,3.6,53,Penguin,True
item_004662,Under Armour Running Model-4662,sports,Running,348.76,5.0,771,Adidas,True
item_004663,Under Armour Cycling Model-4663,sports,Yoga,15.93,3.6,0,Under Armour,True
item_004664,Fisher-Price Puzzles Model-4664,toys,Puzzles,14.6,3.5,51,Fisher-Price,True
item_004665,3M Tools Model-4665,automotive,Car Care,244.43,3.6,71,Castrol,True
item_004666,Penguin Science Model-4666,books,Non-Fiction,55.44,3.8,113,HarperCollins,True
item_004667,LG Smartphones Model-4667,electronics,Headphones,1369.55,3.9,290,LG,True
item_004668,Adidas Yoga Model-4668,sports,Running,269.7,3.7,4803,Nike,True
item_004669,Hasbro Action Figures Model-4669,toys,Board Games,50.88,3.0,1171,LEGO,True
item_004670,Zara Jackets Model-4670,clothing,Shoes,197.4,3.4,0,Adidas,True
item_004671,3M Car Care Model-4671,automotive,Car Care,135.24,4.0,7,Michelin,False
item_004672,Zales Earrings Model-4672,jewelry,Earrings,2486.82,3.9,11,Swarovski,True
item_004673,Castrol Tools Model-4673,automotive,Electronics,16.49,4.1,1222,Bosch,True
item_004674,Bosch Cameras Model-4674,electronics,TVs,313.95,4.4,704,Bosch,False
item_004675,Adidas Jeans Model-4675,clothing,Jackets,15.07,2.8,256,H&M,True
item_004676,Organic Valley Beverages Model-4676,food,Organic,49.11,3.3,8,Kelloggs,False
item_004677,Philips Kitchen Model-4677,home_garden,Garden,768.38,4.1,19,Philips,True
item_004678,Random House History Model-4678,books,History,36.77,4.6,2556,Penguin,True
item_004679,Bosch TVs Model-4679,electronics,Headphones,528.9,4.8,273,LG,True
item_004680,Kelloggs Organic Model-4680,food,Organic,33.89,4.6,228,Kelloggs,True
item_004681,Tiffany Bracelets Model-4681,jewelry,Earrings,2219.58,4.4,530,Zales,True
item_004682,Castrol Tools Model-4682,automotive,Accessories,23.61,3.7,4505,3M,True
item_004683,Pandora Bracelets Model-4683,jewelry,Rings,3700.96,4.2,2586,Tiffany,True
item_004684,3M Tools Model-4684,automotive,Tools,190.49,3.3,654,Michelin,True
item_004685,Puma Running Model-4685,sports,Swimming,334.73,3.8,785,Under Armour,True
item_004686,Nike Running Model-4686,sports,Running,291.72,4.3,3526,Puma,True
item_004687,Puma Yoga Model-4687,sports,Yoga,491.64,4.3,11,Nike,False
item_004688,Organic Valley Beverages Model-4688,food,Supplements,3.46,3.3,163,Kelloggs,True
item_004689,Adidas Swimming Model-4689,sports,Yoga,227.02,3.0,811,Nike,True
item_004690,Random House Tech Model-4690,books,Fiction,59.83,2.5,173,Random House,True
item_004691,Estee Lauder Skincare Model-4691,beauty,Haircare,39.45,5.0,77,LOreal,True
item_004692,Michelin Car Care Model-4692,automotive,Electronics,86.85,2.7,1,Castrol,True
item_004693,Bosch Headphones Model-4693,electronics,Cameras,1748.47,4.1,0,Sony,True
item_004694,3M Electronics Model-4694,automotive,Car Care,178.69,3.6,0,Michelin,True
item_004695,Swarovski Necklaces Model-4695,jewelry,Rings,1986.66,3.8,4894,Pandora,True
item_004696,Tiffany Necklaces Model-4696,jewelry,Earrings,692.54,3.2,17,Zales,True
item_004697,Bosch Car Care Model-4697,automotive,Tools,31.51,4.1,641,Bosch,True
item_004698,LOreal Fragrance Model-4698,beauty,Skincare,192.08,4.1,1,Maybelline,True
item_004699,Kelloggs Snacks Model-4699,food,Beverages,36.08,4.8,1,Kelloggs,True
item_004700,Under Armour Gym Model-4700,sports,Gym,409.18,4.4,2892,Adidas,False
item_004701,Organic Valley Organic Model-4701,food,Organic,39.76,3.9,3740,Organic Valley,True
item_004702,HarperCollins Non-Fiction Model-4702,books,History,56.63,3.8,3793,Random House,True
item_004703,Samsung Laptops Model-4703,electronics,Cameras,137.87,4.0,41,Sony,True
item_004704,Bosch Cameras Model-4704,electronics,TVs,723.13,4.4,2089,Sony,True
item_004705,Swarovski Rings Model-4705,jewelry,Earrings,4203.25,3.1,2766,Pandora,True
item_004706,Nestle Supplements Model-4706,food,Organic,48.37,3.3,2224,Kelloggs,True
item_004707,Penguin Fiction Model-4707,books,Tech,58.16,2.7,262,Penguin,True
item_004708,Nestle Snacks Model-4708,food,Snacks,56.88,3.7,467,Organic Valley,True
item_004709,Kelloggs Supplements Model-4709,food,Beverages,15.69,2.9,532,Kelloggs,True
item_004710,Estee Lauder Fragrance Model-4710,beauty,Fragrance,175.01,3.9,608,LOreal,True
item_004711,Castrol Accessories Model-4711,automotive,Accessories,190.52,4.7,37,3M,True
item_004712,Samsung Smartphones Model-4712,electronics,Headphones,694.76,3.4,1271,Bosch,True
item_004713,Castrol Car Care Model-4713,automotive,Accessories,377.07,4.5,1161,Castrol,True
item_004714,Samsung Smartphones Model-4714,electronics,Laptops,552.47,4.3,8,Samsung,True
item_004715,Dyson Furniture Model-4715,home_garden,Kitchen,142.97,3.6,3668,IKEA,True
item_004716,Nike Jackets Model-4716,clothing,Jackets,156.5,4.3,791,H&M,True
item_004717,Samsung TVs Model-4717,electronics,TVs,656.43,4.1,4342,Sony,True
item_004718,Kelloggs Beverages Model-4718,food,Beverages,66.87,2.4,463,Kelloggs,True
item_004719,LOreal Haircare Model-4719,beauty,Fragrance,112.56,4.8,0,Maybelline,True
item_004720,3M Car Care Model-4720,automotive,Accessories,27.12,4.2,283,3M,True
item_004721,Castrol Electronics Model-4721,automotive,Electronics,158.62,4.2,3420,Castrol,True
item_004722,LEGO Action Figures Model-4722,toys,Board Games,11.95,3.1,0,Fisher-Price,True
item_004723,Sony Cameras Model-4723,electronics,Laptops,1246.51,3.8,23,Apple,True
item_004724,Michelin Car Care Model-4724,automotive,Tools,382.02,4.9,3522,3M,True
item_004725,3M Electronics Model-4725,automotive,Electronics,115.9,3.8,0,Michelin,True
item_004726,Michelin Car Care Model-4726,automotive,Electronics,254.58,3.2,270,Michelin,True
item_004727,Mattel Puzzles Model-4727,toys,Dolls,91.45,4.1,119,LEGO,True
item_004728,Mattel Puzzles Model-4728,toys,Dolls,41.42,3.9,0,LEGO,True
item_004729,Under Armour Cycling Model-4729,sports,Yoga,441.15,3.8,2655,Nike,True
item_004730,Mattel Puzzles Model-4730,toys,Board Games,116.88,3.9,4589,Fisher-Price,True
item_004731,Mattel Puzzles Model-4731,toys,Board Games,27.77,3.9,800,Hasbro,True
item_004732,Fisher-Price Puzzles Model-4732,toys,Board Games,68.45,4.7,559,Mattel,True
item_004733,Zales Bracelets Model-4733,jewelry,Necklaces,490.33,3.5,17,Swarovski,False
item_004734,Hasbro Puzzles Model-4734,toys,Action Figures,53.36,4.7,0,Fisher-Price,True
item_004735,Pandora Bracelets Model-4735,jewelry,Bracelets,2054.78,3.1,2558,Swarovski,True
item_004736,3M Tools Model-4736,automotive,Tools,91.03,4.3,46,3M,True
item_004737,HarperCollins Non-Fiction Model-4737,books,History,10.16,4.2,48,Random House,True
item_004738,3M Car Care Model-4738,automotive,Electronics,11.07,3.4,0,Michelin,True
item_004739,Bosch Cameras Model-4739,electronics,Headphones,393.06,3.4,0,Samsung,True
item_004740,Sony Smartphones Model-4740,electronics,Laptops,603.13,4.4,1719,Samsung,True
item_004741,LOreal Makeup Model-4741,beauty,Fragrance,112.93,3.6,50,LOreal,True
item_004742,Bosch Accessories Model-4742,automotive,Electronics,49.05,4.4,357,Castrol,True
item_004743,Nestle Snacks Model-4743,food,Beverages,27.84,4.0,582,Organic Valley,True
item_004744,Random House Tech Model-4744,books,History,55.67,3.5,187,Random House,True
item_004745,Sony Cameras Model-4745,electronics,Cameras,343.4,4.3,1,Samsung,True
item_004746,Dyson Lighting Model-4746,home_garden,Bedding,524.09,5.0,336,IKEA,False
item_004747,IKEA Lighting Model-4747,home_garden,Lighting,208.52,4.9,3905,Cuisinart,True
item_004748,Michelin Tools Model-4748,automotive,Electronics,208.61,3.5,77,3M,True
item_004749,H&M Dresses Model-4749,clothing,Dresses,75.82,2.6,161,H&M,True
item_004750,Nike Yoga Model-4750,sports,Running,53.5,4.7,1802,Adidas,True
item_004751,HarperCollins Tech Model-4751,books,History,9.37,4.3,2580,HarperCollins,True
item_004752,Zara Jeans Model-4752,clothing,Jeans,219.94,4.0,3827,Zara,True
item_004753,Bosch TVs Model-4753,electronics,Headphones,930.74,3.8,30,LG,True
item_004754,Adidas Running Model-4754,sports,Cycling,194.26,4.7,1629,Nike,True
item_004755,Tiffany Earrings Model-4755,jewelry,Necklaces,1534.7,3.9,423,Tiffany,True
item_004756,Penguin Tech Model-4756,books,Tech,39.59,3.9,2221,HarperCollins,True
item_004757,Zales Earrings Model-4757,jewelry,Necklaces,2633.15,4.0,2147,Swarovski,True
item_004758,Adidas Yoga Model-4758,sports,Running,52.66,4.2,0,Adidas,True
item_004759,Random House Non-Fiction Model-4759,books,Tech,50.12,5.0,176,Penguin,True
item_004760,Kelloggs Supplements Model-4760,food,Supplements,17.75,3.8,0,Nestle,True
item_004761,Samsung TVs Model-4761,electronics,Cameras,553.03,2.2,28,Samsung,False
item_004762,LOreal Makeup Model-4762,beauty,Fragrance,108.18,5.0,14,Estee Lauder,False
item_004763,IKEA Garden Model-4763,home_garden,Furniture,378.06,4.0,42,IKEA,True
item_004764,Castrol Electronics Model-4764,automotive,Tools,49.37,3.8,848,3M,True
item_004765,Puma Gym Model-4765,sports,Gym,338.74,4.5,2993,Nike,True
item_004766,Tiffany Bracelets Model-4766,jewelry,Bracelets,3856.99,5.0,3887,Pandora,False
item_004767,Kelloggs Snacks Model-4767,food,Supplements,38.59,3.3,290,Kelloggs,True
item_004768,Dyson Garden Model-4768,home_garden,Kitchen,619.46,3.3,119,IKEA,True
item_004769,Samsung TVs Model-4769,electronics,TVs,786.99,3.3,4936,Sony,True
item_004770,Penguin Tech Model-4770,books,Fiction,28.86,4.4,0,Penguin,True
item_004771,Levis Jackets Model-4771,clothing,Jackets,15.59,4.0,1330,Adidas,True
item_004772,Nike T-Shirts Model-4772,clothing,Jeans,296.23,5.0,170,Levis,True
item_004773,Castrol Tools Model-4773,automotive,Electronics,257.8,2.6,4478,3M,True
item_004774,IKEA Lighting Model-4774,home_garden,Furniture,516.65,4.6,4715,Dyson,True
item_004775,Kelloggs Organic Model-4775,food,Organic,19.3,3.7,92,Organic Valley,True
item_004776,Philips Bedding Model-4776,home_garden,Lighting,610.19,3.5,184,Cuisinart,True
item_004777,Philips Bedding Model-4777,home_garden,Lighting,571.21,3.4,1231,Dyson,True
item_004778,Michelin Tools Model-4778,automotive,Car Care,398.22,3.4,532,Michelin,True
item_004779,Tiffany Necklaces Model-4779,jewelry,Bracelets,2951.19,2.8,187,Swarovski,True
item_004780,Samsung Headphones Model-4780,electronics,TVs,1490.92,3.6,4792,Apple,True
item_004781,Random House Tech Model-4781,books,Science,38.82,4.5,3703,HarperCollins,True
item_004782,Nike Dresses Model-4782,clothing,Dresses,227.71,3.9,140,Levis,True
item_004783,Levis Shoes Model-4783,clothing,Jackets,17.7,3.8,217,Zara,True
item_004784,Bosch Car Care Model-4784,automotive,Tools,240.09,3.1,1381,Bosch,True
item_004785,Levis T-Shirts Model-4785,clothing,Dresses,20.36,3.2,786,Adidas,True
item_004786,3M Car Care Model-4786,automotive,Car Care,11.64,4.3,4662,Castrol,True
item_004787,Estee Lauder Fragrance Model-4787,beauty,Makeup,101.61,3.7,3709,LOreal,True
item_004788,Zales Rings Model-4788,jewelry,Earrings,4333.79,5.0,51,Zales,True
item_004789,Michelin Tools Model-4789,automotive,Tools,78.34,3.0,558,Bosch,True
item_004790,Maybelline Haircare Model-4790,beauty,Skincare,110.81,5.0,2,LOreal,True
item_004791,Random House History Model-4791,books,History,29.04,3.0,1,Penguin,True
item_004792,Zara T-Shirts Model-4792,clothing,Jeans,128.13,4.1,480,H&M,True
item_004793,IKEA Bedding Model-4793,home_garden,Bedding,485.07,2.4,1503,IKEA,True
item_004794,Philips Kitchen Model-4794,home_garden,Garden,585.58,3.8,137,Dyson,True
item_004795,Michelin Electronics Model-4795,automotive,Electronics,53.18,3.3,919,3M,True
item_004796,Hasbro Board Games Model-4796,toys,Dolls,79.79,3.8,0,Mattel,True
item_004797,Nike Swimming Model-4797,sports,Cycling,332.58,3.8,148,Puma,False
item_004798,Organic Valley Beverages Model-4798,food,Beverages,70.87,3.1,645,Nestle,True
item_004799,Random House Science Model-4799,books,Fiction,33.6,3.1,3135,Random House,False
item_004800,Puma Yoga Model-4800,sports,Swimming,278.19,4.2,8,Under Armour,True
item_004801,Cuisinart Lighting Model-4801,home_garden,Bedding,217.05,3.8,1043,Dyson,True
item_004802,Adidas Jackets Model-4802,clothing,T-Shirts,224.71,3.6,1651,H&M,True
item_004803,Nike Dresses Model-4803,clothing,Jeans,207.67,3.8,1166,Nike,True
item_004804,HarperCollins Tech Model-4804,books,Non-Fiction,8.89,3.7,1082,Penguin,True
item_004805,Adidas Yoga Model-4805,sports,Yoga,90.75,3.1,3723,Under Armour,True
item_004806,Fisher-Price Puzzles Model-4806,toys,Action Figures,144.43,2.3,25,LEGO,True
item_004807,Michelin Car Care Model-4807,automotive,Electronics,258.55,2.3,2484,3M,True
item_004808,Maybelline Fragrance Model-4808,beauty,Fragrance,127.39,3.3,2628,Maybelline,True
item_004809,LEGO Dolls Model-4809,toys,Action Figures,53.6,4.7,0,LEGO,True
item_004810,Apple Cameras Model-4810,electronics,TVs,625.03,4.6,150,LG,True
item_004811,Nike Gym Model-4811,sports,Yoga,247.96,4.5,4440,Under Armour,True
item_004812,Hasbro Puzzles Model-4812,toys,Dolls,118.38,4.3,358,LEGO,True
item_004813,Kelloggs Beverages Model-4813,food,Snacks,37.39,5.0,9,Nestle,True
item_004814,Castrol Tools Model-4814,automotive,Car Care,268.26,4.2,378,Bosch,True
item_004815,Dyson Lighting Model-4815,home_garden,Furniture,163.05,3.8,176,IKEA,True
item_004816,LEGO Dolls Model-4816,toys,Dolls,28.82,2.7,4675,Mattel,True
item_004817,Nike Gym Model-4817,sports,Cycling,274.99,4.0,20,Nike,True
item_004818,Zales Necklaces Model-4818,jewelry,Necklaces,1793.77,3.5,7,Zales,True
item_004819,Adidas T-Shirts Model-4819,clothing,T-Shirts,140.66,3.8,336,H&M,True
item_004820,Adidas Cycling Model-4820,sports,Gym,168.22,4.6,4809,Puma,True
item_004821,Zales Earrings Model-4821,jewelry,Bracelets,2452.34,4.3,4,Pandora,True
item_004822,LOreal Haircare Model-4822,beauty,Haircare,51.68,4.2,412,Maybelline,True
item_004823,Tiffany Rings Model-4823,jewelry,Earrings,4599.16,3.6,16,Pandora,True
item_004824,Levis Shoes Model-4824,clothing,Jackets,278.36,4.1,372,H&M,True
item_004825,Bosch Cameras Model-4825,electronics,Cameras,425.45,5.0,2689,Bosch,False
item_004826,Penguin History Model-4826,books,Non-Fiction,12.33,4.7,38,Penguin,True
item_004827,Adidas Gym Model-4827,sports,Swimming,397.17,3.4,595,Under Armour,True
item_004828,Dyson Garden Model-4828,home_garden,Furniture,424.5,3.9,239,Cuisinart,True
item_004829,3M Car Care Model-4829,automotive,Electronics,223.33,4.0,2983,3M,False
item_004830,Hasbro Dolls Model-4830,toys,Action Figures,147.47,3.7,554,Fisher-Price,True
item_004831,LOreal Makeup Model-4831,beauty,Skincare,147.74,5.0,2203,LOreal,True
item_004832,Bosch Electronics Model-4832,automotive,Car Care,229.0,3.8,1484,3M,True
item_004833,H&M Dresses Model-4833,clothing,Jeans,242.54,4.0,293,Zara,True
item_004834,Pandora Bracelets Model-4834,jewelry,Necklaces,3265.77,4.6,77,Tiffany,True
item_004835,Hasbro Puzzles Model-4835,toys,Action Figures,49.54,3.8,0,LEGO,True
item_004836,Maybelline Fragrance Model-4836,beauty,Haircare,98.15,3.0,4641,LOreal,False
item_004837,3M Tools Model-4837,automotive,Accessories,177.13,3.3,68,Bosch,True
item_004838,Mattel Puzzles Model-4838,toys,Puzzles,58.56,3.3,0,Fisher-Price,True
item_004839,Dyson Garden Model-4839,home_garden,Kitchen,270.82,3.8,1660,Dyson,True
item_004840,Estee Lauder Makeup Model-4840,beauty,Fragrance,105.21,3.9,185,LOreal,True
item_004841,Estee Lauder Fragrance Model-4841,beauty,Makeup,71.46,2.8,4575,Maybelline,True
item_004842,Samsung Cameras Model-4842,electronics,Smartphones,378.22,4.9,1487,Apple,True
item_004843,Hasbro Puzzles Model-4843,toys,Board Games,76.04,3.8,1811,Hasbro,True
item_004844,Adidas Yoga Model-4844,sports,Running,471.82,4.1,3412,Nike,False
item_004845,Puma Cycling Model-4845,sports,Cycling,481.59,3.6,91,Under Armour,False
item_004846,Swarovski Bracelets Model-4846,jewelry,Rings,2726.06,4.1,4082,Zales,True
item_004847,IKEA Lighting Model-4847,home_garden,Furniture,465.06,3.7,4421,Philips,True
item_004848,Cuisinart Kitchen Model-4848,home_garden,Furniture,215.04,3.6,8,Philips,True
item_004849,Zara Jeans Model-4849,clothing,Jeans,215.26,2.8,4894,Zara,True
item_004850,Levis Shoes Model-4850,clothing,Shoes,101.21,5.0,459,H&M,True
item_004851,Mattel Action Figures Model-4851,toys,Puzzles,31.16,4.1,4490,LEGO,True
item_004852,Sony Cameras Model-4852,electronics,Laptops,291.16,3.3,2215,Bosch,True
item_004853,Estee Lauder Fragrance Model-4853,beauty,Makeup,82.16,3.1,2,Estee Lauder,False
item_004854,Organic Valley Beverages Model-4854,food,Snacks,52.21,3.4,1155,Organic Valley,True
item_004855,Pandora Earrings Model-4855,jewelry,Earrings,2840.97,3.3,3366,Tiffany,False
item_004856,Fisher-Price Dolls Model-4856,toys,Puzzles,60.1,2.4,120,LEGO,True
item_004857,Random House History Model-4857,books,Tech,11.56,4.7,0,HarperCollins,True
item_004858,Bosch Accessories Model-4858,automotive,Car Care,155.05,4.4,170,Bosch,True
item_004859,Dyson Garden Model-4859,home_garden,Garden,52.02,3.7,117,Philips,True
item_004860,Philips Kitchen Model-4860,home_garden,Lighting,247.01,4.3,197,Cuisinart,True
item_004861,Hasbro Board Games Model-4861,toys,Dolls,28.06,4.3,2359,Hasbro,True
item_004862,Zales Rings Model-4862,jewelry,Bracelets,630.52,3.5,4270,Tiffany,True
item_004863,Zales Bracelets Model-4863,jewelry,Earrings,1245.33,4.7,2596,Zales,True
item_004864,Estee Lauder Skincare Model-4864,beauty,Makeup,119.09,3.1,525,Maybelline,False
item_004865,Tiffany Necklaces Model-4865,jewelry,Earrings,3065.96,3.0,34,Zales,True
item_004866,Castrol Tools Model-4866,automotive,Electronics,36.21,4.6,8,Michelin,True
item_004867,Nestle Beverages Model-4867,food,Snacks,52.83,4.0,17,Nestle,True
item_004868,Hasbro Dolls Model-4868,toys,Dolls,28.24,3.3,3541,Fisher-Price,True
item_004869,Philips Bedding Model-4869,home_garden,Lighting,637.34,3.8,7,Cuisinart,True
item_004870,Adidas Shoes Model-4870,clothing,Shoes,74.91,3.7,99,Zara,True
item_004871,Dyson Furniture Model-4871,home_garden,Garden,707.01,3.7,0,Cuisinart,True
item_004872,Sony Cameras Model-4872,electronics,Headphones,536.8,3.3,40,Samsung,True
item_004873,Samsung Smartphones Model-4873,electronics,Laptops,481.03,3.3,1429,Bosch,True
item_004874,Castrol Car Care Model-4874,automotive,Tools,16.47,4.5,3016,Michelin,True
item_004875,LG TVs Model-4875,electronics,Cameras,1358.24,3.6,137,Samsung,True
item_004876,LOreal Fragrance Model-4876,beauty,Haircare,142.05,4.5,22,LOreal,True
item_004877,Random House Science Model-4877,books,Fiction,43.47,2.7,177,Random House,True
item_004878,Maybelline Makeup Model-4878,beauty,Makeup,89.16,4.3,1334,LOreal,True
item_004879,Fisher-Price Puzzles Model-4879,toys,Action Figures,95.91,3.1,147,LEGO,False
item_004880,Zales Earrings Model-4880,jewelry,Earrings,1601.24,5.0,364,Tiffany,True
item_004881,Pandora Earrings Model-4881,jewelry,Bracelets,1930.89,4.2,42,Zales,True
item_004882,Apple Cameras Model-4882,electronics,TVs,323.01,3.1,2751,Apple,True
item_004883,HarperCollins Non-Fiction Model-4883,books,Science,37.7,4.3,4594,HarperCollins,True
item_004884,Adidas Running Model-4884,sports,Cycling,181.03,3.0,1282,Puma,True
item_004885,LEGO Board Games Model-4885,toys,Action Figures,39.97,3.7,614,Fisher-Price,True
item_004886,Levis Dresses Model-4886,clothing,Shoes,137.49,2.5,12,Adidas,True
item_004887,Michelin Tools Model-4887,automotive,Tools,113.84,2.8,1672,3M,True
item_004888,Swarovski Rings Model-4888,jewelry,Earrings,4480.34,3.4,20,Tiffany,True
item_004889,IKEA Kitchen Model-4889,home_garden,Lighting,588.42,4.5,333,Dyson,True
item_004890,IKEA Furniture Model-4890,home_garden,Kitchen,694.77,2.8,2113,IKEA,True
item_004891,LEGO Board Games Model-4891,toys,Puzzles,135.02,4.5,209,Mattel,True
item_004892,Michelin Accessories Model-4892,automotive,Car Care,331.8,2.6,96,Bosch,True
item_004893,Mattel Puzzles Model-4893,toys,Dolls,38.62,4.5,1717,Mattel,True
item_004894,Zales Earrings Model-4894,jewelry,Bracelets,3156.43,3.5,812,Tiffany,True
item_004895,Adidas Jackets Model-4895,clothing,Dresses,118.4,3.2,32,Adidas,True
item_004896,Swarovski Bracelets Model-4896,jewelry,Bracelets,920.75,4.8,217,Tiffany,True
item_004897,Sony Smartphones Model-4897,electronics,Laptops,1499.49,5.0,1955,LG,True
item_004898,Castrol Car Care Model-4898,automotive,Accessories,46.53,3.7,19,Castrol,True
item_004899,Organic Valley Supplements Model-4899,food,Beverages,63.52,4.1,90,Kelloggs,True
item_004900,Bosch Electronics Model-4900,automotive,Accessories,380.92,3.5,1417,Castrol,True
item_004901,Bosch Accessories Model-4901,automotive,Tools,133.55,4.6,1889,Castrol,True
item_004902,Philips Furniture Model-4902,home_garden,Furniture,283.54,4.2,3311,Philips,True
item_004903,Nike Swimming Model-4903,sports,Cycling,228.23,4.2,1311,Adidas,True
item_004904,Michelin Tools Model-4904,automotive,Car Care,365.86,3.8,2003,3M,True
item_004905,Mattel Board Games Model-4905,toys,Board Games,135.5,4.0,0,LEGO,True
item_004906,Under Armour Yoga Model-4906,sports,Gym,100.34,3.8,378,Under Armour,True
item_004907,Pandora Rings Model-4907,jewelry,Earrings,961.69,3.7,846,Swarovski,True
item_004908,Michelin Car Care Model-4908,automotive,Tools,69.59,4.5,100,Michelin,True
item_004909,Philips Bedding Model-4909,home_garden,Garden,339.19,4.2,278,IKEA,True
item_004910,LEGO Puzzles Model-4910,toys,Action Figures,120.87,3.4,3521,LEGO,True
item_004911,Castrol Electronics Model-4911,automotive,Accessories,180.74,4.5,89,Michelin,True
item_004912,Michelin Electronics Model-4912,automotive,Tools,206.52,4.1,95,Castrol,True
item_004913,Bosch Tools Model-4913,automotive,Car Care,239.74,4.1,123,Castrol,True
item_004914,Cuisinart Furniture Model-4914,home_garden,Kitchen,648.68,3.7,873,Cuisinart,True
item_004915,Nestle Supplements Model-4915,food,Beverages,2.9,3.0,4979,Organic Valley,True
item_004916,Bosch TVs Model-4916,electronics,Smartphones,1313.79,4.4,10,Sony,True
item_004917,H&M Shoes Model-4917,clothing,Shoes,108.6,4.7,15,Nike,True
item_004918,LEGO Action Figures Model-4918,toys,Board Games,76.8,3.3,2289,Fisher-Price,True
item_004919,Michelin Tools Model-4919,automotive,Tools,253.75,3.5,283,Castrol,True
item_004920,IKEA Furniture Model-4920,home_garden,Bedding,446.36,3.3,1,Dyson,True
item_004921,Cuisinart Bedding Model-4921,home_garden,Lighting,342.76,2.8,2930,IKEA,True
item_004922,LG Headphones Model-4922,electronics,TVs,1159.84,5.0,2303,Sony,True
item_004923,Dyson Furniture Model-4923,home_garden,Garden,103.68,3.5,761,IKEA,True
item_004924,Adidas Yoga Model-4924,sports,Cycling,347.95,4.4,138,Nike,True
item_004925,Nike Gym Model-4925,sports,Yoga,434.01,4.6,1011,Adidas,False
item_004926,Penguin Science Model-4926,books,Non-Fiction,41.53,3.1,1004,Penguin,False
item_004927,Maybelline Makeup Model-4927,beauty,Skincare,8.57,4.9,3132,Maybelline,True
item_004928,Swarovski Necklaces Model-4928,jewelry,Bracelets,1761.41,3.6,11,Zales,True
item_004929,Bosch Accessories Model-4929,automotive,Electronics,228.36,4.4,4,Castrol,True
item_004930,Swarovski Necklaces Model-4930,jewelry,Bracelets,4184.11,4.6,911,Tiffany,True
item_004931,Nestle Organic Model-4931,food,Organic,59.45,3.5,301,Nestle,True
item_004932,Castrol Car Care Model-4932,automotive,Tools,181.43,3.1,1306,3M,True
item_004933,Pandora Earrings Model-4933,jewelry,Necklaces,2076.75,3.3,213,Zales,True
item_004934,Nestle Beverages Model-4934,food,Organic,18.07,4.4,945,Organic Valley,True
item_004935,Pandora Bracelets Model-4935,jewelry,Earrings,2875.45,5.0,4803,Zales,True
item_004936,Random House Non-Fiction Model-4936,books,Science,5.44,3.7,1459,Random House,True
item_004937,LG Laptops Model-4937,electronics,Cameras,1839.6,3.5,6,Apple,True
item_004938,Levis Shoes Model-4938,clothing,Dresses,24.7,5.0,586,H&M,True
item_004939,Pandora Rings Model-4939,jewelry,Earrings,4154.74,4.3,1876,Swarovski,True
item_004940,Zara Jackets Model-4940,clothing,Jackets,259.45,2.9,4537,H&M,True
item_004941,Adidas Swimming Model-4941,sports,Running,326.66,3.2,15,Nike,True
item_004942,Swarovski Earrings Model-4942,jewelry,Rings,3206.36,2.7,660,Pandora,True
item_004943,Fisher-Price Action Figures Model-4943,toys,Action Figures,134.25,4.0,1610,LEGO,True
item_004944,Mattel Action Figures Model-4944,toys,Puzzles,97.64,3.8,1774,Hasbro,True
item_004945,Bosch Accessories Model-4945,automotive,Car Care,127.93,3.6,3392,Michelin,True
item_004946,Michelin Car Care Model-4946,automotive,Tools,31.27,2.9,566,Castrol,True
item_004947,Mattel Board Games Model-4947,toys,Board Games,61.48,3.3,44,Fisher-Price,True
item_004948,Mattel Board Games Model-4948,toys,Action Figures,149.67,3.8,2,Mattel,False
item_004949,HarperCollins Science Model-4949,books,Non-Fiction,18.45,3.8,2197,Random House,True
item_004950,Dyson Garden Model-4950,home_garden,Furniture,269.65,4.3,0,Cuisinart,True
item_004951,LG Laptops Model-4951,electronics,Headphones,700.33,2.6,255,Sony,True
item_004952,Philips Furniture Model-4952,home_garden,Furniture,710.23,4.4,73,IKEA,False
item_004953,LOreal Skincare Model-4953,beauty,Haircare,27.8,3.3,4579,Estee Lauder,True
item_004954,IKEA Garden Model-4954,home_garden,Garden,26.58,4.0,148,IKEA,True
item_004955,Estee Lauder Makeup Model-4955,beauty,Makeup,107.77,4.9,2217,Maybelline,True
item_004956,Organic Valley Supplements Model-4956,food,Snacks,15.09,3.7,1504,Organic Valley,True
item_004957,Organic Valley Snacks Model-4957,food,Organic,34.83,4.8,98,Kelloggs,False
item_004958,Random House Science Model-4958,books,History,13.09,5.0,519,HarperCollins,True
item_004959,Adidas Shoes Model-4959,clothing,Shoes,128.49,3.8,18,Nike,True
item_004960,Bosch Car Care Model-4960,automotive,Electronics,70.54,5.0,1224,Michelin,True
item_004961,Tiffany Earrings Model-4961,jewelry,Necklaces,489.52,3.2,42,Swarovski,True
item_004962,Penguin Science Model-4962,books,Science,27.29,4.1,310,Penguin,True
item_004963,Under Armour Running Model-4963,sports,Swimming,168.59,3.6,457,Puma,True
item_004964,Puma Cycling Model-4964,sports,Swimming,417.73,3.9,34,Adidas,True
item_004965,Zara Jeans Model-4965,clothing,Jeans,197.18,3.6,29,Levis,True
item_004966,Nike Shoes Model-4966,clothing,Jackets,288.11,2.5,4828,H&M,True
item_004967,Estee Lauder Haircare Model-4967,beauty,Makeup,163.59,4.0,1236,LOreal,True
item_004968,Adidas Jeans Model-4968,clothing,Dresses,277.1,3.4,67,Levis,True
item_004969,Penguin History Model-4969,books,Science,40.09,4.4,4806,Penguin,True
item_004970,Levis Shoes Model-4970,clothing,Dresses,187.66,4.7,937,Nike,True
item_004971,LEGO Action Figures Model-4971,toys,Dolls,93.37,3.2,1220,Fisher-Price,True
item_004972,Adidas T-Shirts Model-4972,clothing,Jeans,16.8,2.9,21,Adidas,True
item_004973,Hasbro Board Games Model-4973,toys,Action Figures,34.93,3.2,980,Mattel,True
item_004974,Mattel Dolls Model-4974,toys,Board Games,103.71,3.1,143,Mattel,True
item_004975,LEGO Action Figures Model-4975,toys,Board Games,113.5,3.3,253,LEGO,True
item_004976,IKEA Garden Model-4976,home_garden,Bedding,536.51,3.7,21,Philips,True
item_004977,Estee Lauder Makeup Model-4977,beauty,Makeup,98.46,4.4,195,LOreal,True
item_004978,Dyson Lighting Model-4978,home_garden,Bedding,781.37,4.8,37,Dyson,True
item_004979,Kelloggs Organic Model-4979,food,Supplements,44.63,4.5,396,Organic Valley,True
item_004980,Maybelline Makeup Model-4980,beauty,Skincare,30.18,5.0,0,Maybelline,True
item_004981,Nike Swimming Model-4981,sports,Gym,132.16,3.0,349,Nike,True
item_004982,HarperCollins Science Model-4982,books,Tech,13.29,3.7,114,HarperCollins,True
item_004983,Swarovski Bracelets Model-4983,jewelry,Necklaces,4760.53,3.2,2563,Pandora,True
item_004984,Hasbro Action Figures Model-4984,toys,Dolls,77.44,4.5,0,Hasbro,True
item_004985,Nike Jeans Model-4985,clothing,Jeans,159.5,3.9,30,Adidas,True
item_004986,Nike Jeans Model-4986,clothing,Jackets,257.85,3.3,17,Zara,True
item_004987,Tiffany Bracelets Model-4987,jewelry,Earrings,4673.04,4.4,20,Tiffany,True
item_004988,Adidas T-Shirts Model-4988,clothing,Shoes,241.3,4.5,195,Adidas,True
item_004989,LEGO Action Figures Model-4989,toys,Board Games,79.66,3.6,1007,Hasbro,True
item_004990,LEGO Dolls Model-4990,toys,Action Figures,63.13,4.2,247,Mattel,False
item_004991,3M Car Care Model-4991,automotive,Tools,88.46,3.8,3,Castrol,True
item_004992,HarperCollins Tech Model-4992,books,History,34.0,3.6,26,Penguin,True
item_004993,Nike Jeans Model-4993,clothing,Dresses,61.32,3.6,279,Nike,True
item_004994,Adidas Jeans Model-4994,clothing,Shoes,251.83,3.4,0,H&M,True
item_004995,Adidas Swimming Model-4995,sports,Swimming,279.72,4.0,0,Under Armour,True
item_004996,Estee Lauder Makeup Model-4996,beauty,Makeup,17.21,3.7,448,Estee Lauder,True
item_004997,Adidas Yoga Model-4997,sports,Cycling,415.33,4.2,160,Adidas,True
item_004998,LG Cameras Model-4998,electronics,Laptops,959.42,2.2,4966,Apple,True
item_004999,Kelloggs Supplements Model-4999,food,Organic,64.36,4.2,209,Kelloggs,True
