item_id,price,avg_rating,category,item_view_count_7d,item_purchase_count_30d,item_avg_rating_events,item_cart_rate,item_conversion_rate,event_timestamp,created_timestamp
item_000000,126.09,3.9,electronics,1.0,4.0,3.05,0.7667,0.3667,2026-05-24 20:49:02.254366,2026-08-23 21:02:22.309587
item_000001,59.15,3.2,books,3.0,6.0,2.533333333333333,0.4688,0.4062,2026-05-24 20:49:02.254366,2026-08-23 21:02:22.309587
item_000002,473.4,3.2,electronics,2.0,3.0,3.4428571428571426,0.7143,0.4286,2026-05-24 20:49:02.254366,2026-08-23 21:02:22.309587
item_000003,656.23,4.5,home_garden,1.0,3.0,2.9555555555555557,0.9355,0.2581,2026-05-24 20:49:02.254366,2026-08-23 21:02:22.309587
item_000004,101.9,4.4,beauty,2.0,3.0,1.6428571428571428,0.5806,0.3871,2026-05-24 20:49:02.254366,2026-08-23 21:02:22.309587
item_000005,27.59,3.2,clothing,3.0,4.0,3.033333333333333,0.7576,0.3939,2026-05-24 20:49:02.254366,2026-08-23 21:02:22.309587
item_000006,70.74,3.9,food,0.0,4.0,2.425,0.7692,0.2692,2026-05-24 20:49:02.254366,2026-08-23 21:02:22.309587
item_000007,74.69,2.8,sports,7.0,8.0,2.8,0.459,0.3443,2026-05-24 20:49:02.254366,2026-08-23 21:02:22.309587
item_000008,2982.67,4.2,jewelry,1.0,9.0,3.533333333333333,0.6957,0.7391,2026-05-24 20:49:02.254366,2026-08-23 21:02:22.309587
item_000009,110.73,3.1,automotive,2.0,2.0,3.2125,0.4828,0.1379,2026-05-24 20:49:02.254366,2026-08-23 21:02:22.309587
item_000010,14.08,3.9,books,1.0,7.0,3.1,0.7917,0.75,2026-05-24 20:49:02.254366,2026-08-23 21:02:22.309587
item_000011,140.3,5.0,toys,2.0,4.0,2.783333333333333,0.4762,0.3095,2026-05-24 20:49:02.254366,2026-08-23 21:02:22.309587
item_000012,145.41,3.1,toys,0.0,6.0,3.05,0.7,0.325,2026-05-24 20:49:02.254366,2026-08-23 21:02:22.309587
item_000013,17.39,4.0,clothing,4.0,5.0,3.033333333333333,0.4524,0.2619,2026-05-24 20:49:02.254366,2026-08-23 21:02:22.309587
item_000014,1422.52,3.8,electronics,4.0,4.0,3.1399999999999997,0.5122,0.3902,2026-05-24 20:49:02.254366,2026-08-23 21:02:22.309587
item_000015,142.33,3.0,clothing,1.0,7.0,2.742857142857143,0.6667,0.4583,2026-05-24 20:49:02.254366,2026-08-23 21:02:22.309587
item_000016,1316.16,3.3,electronics,6.0,4.0,3.0,0.25,0.2917,2026-05-24 20:49:02.254366,2026-08-23 21:02:22.309587
item_000017,19.92,4.1,books,2.0,7.0,2.2399999999999998,0.6047,0.3721,2026-05-24 20:49:02.254366,2026-08-23 21:02:22.309587
item_000018,8.82,3.7,books,2.0,1.0,3.442857142857143,0.52,0.32,2026-05-24 20:49:02.254366,2026-08-23 21:02:22.309587
item_000019,550.89,4.8,electronics,0.0,3.0,2.6399999999999997,0.55,0.5,2026-05-24 20:49:02.254366,2026-08-23 21:02:22.309587
item_000020,430.67,4.1,sports,2.0,6.0,3.28,0.3571,0.3929,2026-05-24 20:49:02.254366,2026-08-23 21:02:22.309587
item_000021,880.97,3.1,jewelry,3.0,4.0,3.7,0.5455,0.2727,2026-05-24 20:49:02.254366,2026-08-23 21:02:22.309587
item_000022,7.33,4.4,food,1.0,2.0,3.3333333333333335,0.4688,0.4688,2026-05-24 20:49:02.254366,2026-08-23 21:02:22.309587
item_000023,571.07,4.5,electronics,2.0,4.0,3.7,0.9167,0.5,2026-05-24 20:49:02.254366,2026-08-23 21:02:22.309587
item_000024,39.09,4.0,food,3.0,3.0,3.04,0.5714,0.3571,2026-05-24 20:49:02.254366,2026-08-23 21:02:22.309587
item_000025,107.16,4.2,toys,7.0,6.0,2.5833333333333335,0.4561,0.3333,2026-05-24 20:49:02.254366,2026-08-23 21:02:22.309587
item_000026,144.43,4.0,clothing,4.0,3.0,3.78,0.48,0.26,2026-05-24 20:49:02.254366,2026-08-23 21:02:22.309587
item_000027,484.06,4.7,home_garden,1.0,0.0,3.25,0.4583,0.2917,2026-05-24 20:49:02.254366,2026-08-23 21:02:22.309587
item_000028,150.76,4.6,home_garden,1.0,4.0,2.6999999999999997,0.8261,0.2609,2026-05-24 20:49:02.254366,2026-08-23 21:02:22.309587
item_000029,399.23,2.8,home_garden,3.0,1.0,2.8,0.3824,0.0588,2026-05-24 20:49:02.254366,2026-08-23 21:02:22.309587
item_000030,164.14,2.7,sports,3.0,3.0,2.1,0.5185,0.5185,2026-05-24 20:49:02.254366,2026-08-23 21:02:22.309587
item_000031,240.17,3.7,clothing,1.0,2.0,2.9749999999999996,0.4118,0.3529,2026-05-24 20:49:02.254366,2026-08-23 21:02:22.309587
item_000032,603.66,4.4,jewelry,3.0,7.0,3.2444444444444445,0.4167,0.3125,2026-05-24 20:49:02.254366,2026-08-23 21:02:22.309587
item_000033,183.72,4.6,beauty,4.0,5.0,3.211111111111111,0.5833,0.3056,2026-05-24 20:49:02.254366,2026-08-23 21:02:22.309587
item_000034,50.44,3.6,clothing,4.0,9.0,3.02,0.5185,0.8519,2026-05-24 20:49:02.254366,2026-08-23 21:02:22.309587
item_000035,514.78,3.7,home_garden,5.0,4.0,3.0545454545454547,0.4103,0.4359,2026-05-24 20:49:02.254366,2026-08-23 21:02:22.309587
item_000036,2313.7,3.6,jewelry,1.0,1.0,2.375,0.8,0.45,2026-05-24 20:49:02.254366,2026-08-23 21:02:22.309587
item_000037,140.84,3.7,toys,1.0,5.0,2.4875,0.7826,0.6087,2026-05-24 20:49:02.254366,2026-08-23 21:02:22.309587
item_000038,39.92,3.9,clothing,5.0,3.0,2.1333333333333333,0.8889,0.4074,2026-05-24 20:49:02.254366,2026-08-23 21:02:22.309587
item_000039,157.86,3.5,sports,3.0,6.0,2.622222222222222,0.4314,0.451,2026-05-24 20:49:02.254366,2026-08-23 21:02:22.309587
item_000040,107.65,3.6,toys,1.0,4.0,2.8333333333333335,0.5,0.6538,2026-05-24 20:49:02.254366,2026-08-23 21:02:22.309587
item_000041,205.56,4.1,sports,2.0,6.0,2.45,0.4839,0.3548,2026-05-24 20:49:02.254366,2026-08-23 21:02:22.309587
item_000042,4186.47,2.9,jewelry,4.0,3.0,3.025,0.3929,0.25,2026-05-24 20:49:02.254366,2026-08-23 21:02:22.309587
item_000043,132.52,5.0,clothing,3.0,3.0,2.6,0.5294,0.4412,2026-05-24 20:49:02.254366,2026-08-23 21:02:22.309587
item_000044,84.24,5.0,toys,3.0,4.0,3.5799999999999996,0.625,0.25,2026-05-24 20:49:02.254366,2026-08-23 21:02:22.309587
item_000045,12.09,4.3,beauty,2.0,7.0,2.75,0.4783,0.4348,2026-05-24 20:49:02.254366,2026-08-23 21:02:22.309587
item_000046,441.2,4.8,home_garden,3.0,3.0,2.033333333333333,0.7273,0.2273,2026-05-24 20:49:02.254366,2026-08-23 21:02:22.309587
item_000047,4994.77,3.2,jewelry,3.0,5.0,3.56,0.3226,0.3871,2026-05-24 20:49:02.254366,2026-08-23 21:02:22.309587
item_000048,195.54,3.4,beauty,0.0,3.0,3.0,0.64,0.4,2026-05-24 20:49:02.254366,2026-08-23 21:02:22.309587
item_000049,3448.36,2.2,jewelry,0.0,6.0,2.5,0.3824,0.2647,2026-05-24 20:49:02.254366,2026-08-23 21:02:22.309587
item_000050,377.79,3.8,automotive,1.0,2.0,4.0,1.0588,0.3529,2026-05-24 20:49:02.254366,2026-08-23 21:02:22.309587
item_000051,113.47,3.9,clothing,2.0,5.0,3.1999999999999997,0.6364,0.5455,2026-05-24 20:49:02.254366,2026-08-23 21:02:22.309587
item_000052,18.67,4.0,beauty,2.0,2.0,2.8125,0.6471,0.2941,2026-05-24 20:49:02.254366,2026-08-23 21:02:22.309587
item_000053,137.12,2.7,toys,4.0,7.0,2.1500000000000004,0.4681,0.2553,2026-05-24 20:49:02.254366,2026-08-23 21:02:22.309587
item_000054,262.89,3.8,electronics,2.0,1.0,2.2125,1.0526,0.4211,2026-05-24 20:49:02.254366,2026-08-23 21:02:22.309587
item_000055,541.4,4.0,home_garden,2.0,4.0,2.0,0.7917,0.375,2026-05-24 20:49:02.254366,2026-08-23 21:02:22.309587
item_000056,702.99,4.1,home_garden,6.0,5.0,2.96,0.5517,0.4828,2026-05-24 20:49:02.254366,2026-08-23 21:02:22.309587
item_000057,4119.62,3.4,jewelry,4.0,6.0,2.463636363636364,0.3636,0.2727,2026-05-24 20:49:02.254366,2026-08-23 21:02:22.309587
item_000058,433.55,5.0,sports,4.0,2.0,2.8499999999999996,0.5714,0.2286,2026-05-24 20:49:02.254366,2026-08-23 21:02:22.309587
item_000059,24.4,3.6,toys,7.0,2.0,2.5666666666666664,0.4688,0.4375,2026-05-24 20:49:02.254366,2026-08-23 21:02:22.309587
item_000060,457.51,3.9,electronics,2.0,4.0,2.4499999999999997,0.625,0.3125,2026-05-24 20:49:02.254366,2026-08-23 21:02:22.309587
item_000061,485.09,3.6,home_garden,2.0,2.0,3.025,0.8,0.45,2026-05-24 20:49:02.254366,2026-08-23 21:02:22.309587
item_000062,174.28,3.4,home_garden,0.0,2.0,3.0,0.4286,0.1224,2026-05-24 20:49:02.254366,2026-08-23 21:02:22.309587
item_000063,43.96,4.3,books,1.0,6.0,4.12,0.5667,0.3667,2026-05-24 20:49:02.254366,2026-08-23 21:02:22.309587
item_000064,138.94,2.7,toys,5.0,2.0,3.442857142857143,0.5,0.2778,2026-05-24 20:49:02.254366,2026-08-23 21:02:22.309587
item_000065,90.04,4.3,clothing,1.0,8.0,3.5500000000000003,1.1739,0.8696,2026-05-24 20:49:02.254366,2026-08-23 21:02:22.309587
item_000066,67.51,3.9,toys,1.0,5.0,3.0,0.4231,0.4615,2026-05-24 20:49:02.254366,2026-08-23 21:02:22.309587
item_000067,1212.14,3.7,electronics,2.0,4.0,3.56,0.5682,0.3182,2026-05-24 20:49:02.254366,2026-08-23 21:02:22.309587
item_000068,35.2,3.0,food,2.0,1.0,2.4857142857142853,1.04,0.32,2026-05-24 20:49:02.254366,2026-08-23 21:02:22.309587
item_000069,191.04,3.8,sports,2.0,8.0,3.0,0.4848,0.5152,2026-05-24 20:49:02.254366,2026-08-23 21:02:22.309587
item_000070,64.46,4.3,home_garden,2.0,5.0,2.575,0.8,0.65,2026-05-24 20:49:02.254366,2026-08-23 21:02:22.309587
item_000071,268.64,3.9,automotive,3.0,1.0,2.566666666666667,0.7368,0.7368,2026-05-24 20:49:02.254366,2026-08-23 21:02:22.309587
item_000072,33.09,3.8,books,3.0,5.0,3.533333333333333,0.4783,0.2609,2026-05-24 20:49:02.254366,2026-08-23 21:02:22.309587
item_000073,87.5,3.6,automotive,1.0,3.0,2.325,0.72,0.24,2026-05-24 20:49:02.254366,2026-08-23 21:02:22.309587
item_000074,2.35,3.5,food,2.0,0.0,2.966666666666667,0.6562,0.1562,2026-05-24 20:49:02.254366,2026-08-23 21:02:22.309587
item_000075,2836.8,3.0,jewelry,2.0,5.0,1.9500000000000002,0.5517,0.3448,2026-05-24 20:49:02.254366,2026-08-23 21:02:22.309587
item_000076,361.95,4.2,home_garden,0.0,3.0,3.1,0.6364,0.3182,2026-05-24 20:49:02.254366,2026-08-23 21:02:22.309587
item_000077,326.27,4.0,home_garden,1.0,2.0,3.5500000000000003,0.85,0.35,2026-05-24 20:49:02.254366,2026-08-23 21:02:22.309587
item_000078,3.8,4.3,food,2.0,3.0,2.4166666666666665,0.4,0.3667,2026-05-24 20:49:02.254366,2026-08-23 21:02:22.309587
item_000079,186.29,3.5,clothing,1.0,4.0,2.8,0.5,0.6,2026-05-24 20:49:02.254366,2026-08-23 21:02:22.309587
item_000080,788.73,3.7,home_garden,0.0,1.0,3.8200000000000003,0.6538,0.2692,2026-05-24 20:49:02.254366,2026-08-23 21:02:22.309587
item_000081,153.5,3.0,automotive,1.0,4.0,3.45,0.68,0.4,2026-05-24 20:49:02.254366,2026-08-23 21:02:22.309587
item_000082,599.11,2.7,electronics,7.0,2.0,3.6571428571428575,0.4615,0.2308,2026-05-24 20:49:02.254366,2026-08-23 21:02:22.309587
item_000083,203.39,3.9,electronics,0.0,5.0,3.44,0.5,0.8182,2026-05-24 20:49:02.254366,2026-08-23 21:02:22.309587
item_000084,347.37,2.4,automotive,2.0,1.0,2.522222222222222,0.4783,0.3478,2026-05-24 20:49:02.254366,2026-08-23 21:02:22.309587
item_000085,443.85,4.0,home_garden,2.0,2.0,1.8333333333333333,0.6452,0.2581,2026-05-24 20:49:02.254366,2026-08-23 21:02:22.309587
item_000086,152.02,3.4,jewelry,2.0,4.0,2.685714285714286,0.6667,0.2727,2026-05-24 20:49:02.254366,2026-08-23 21:02:22.309587
item_000087,101.07,5.0,home_garden,2.0,6.0,3.1833333333333336,1.1176,0.8824,2026-05-24 20:49:02.254366,2026-08-23 21:02:22.309587
item_000088,29.68,3.8,food,3.0,4.0,1.7,0.48,0.4,2026-05-24 20:49:02.254366,2026-08-23 21:02:22.309587
item_000089,100.16,4.2,toys,0.0,5.0,2.8000000000000003,0.3636,0.5455,2026-05-24 20:49:02.254366,2026-08-23 21:02:22.309587
item_000090,92.84,3.3,toys,3.0,2.0,3.28,0.6071,0.5,2026-05-24 20:49:02.254366,2026-08-23 21:02:22.309587
item_000091,95.5,4.6,clothing,2.0,4.0,2.4714285714285715,0.5,0.375,2026-05-24 20:49:02.254366,2026-08-23 21:02:22.309587
item_000092,36.13,4.7,books,3.0,1.0,2.533333333333333,0.4595,0.2162,2026-05-24 20:49:02.254366,2026-08-23 21:02:22.309587
item_000093,86.36,4.5,clothing,1.0,7.0,2.85,0.5,0.34,2026-05-24 20:49:02.254366,2026-08-23 21:02:22.309587
item_000094,293.44,5.0,sports,2.0,5.0,3.7,0.5417,0.5417,2026-05-24 20:49:02.254366,2026-08-23 21:02:22.309587
item_000095,400.7,3.1,sports,1.0,7.0,2.35,0.6176,0.3235,2026-05-24 20:49:02.254366,2026-08-23 21:02:22.309587
item_000096,221.65,4.3,electronics,0.0,5.0,2.225,0.8571,0.4286,2026-05-24 20:49:02.254366,2026-08-23 21:02:22.309587
item_000097,158.48,3.3,clothing,4.0,3.0,3.275,0.6098,0.3171,2026-05-24 20:49:02.254366,2026-08-23 21:02:22.309587
item_000098,381.58,3.1,automotive,3.0,4.0,2.3333333333333335,0.7407,0.4074,2026-05-24 20:49:02.254366,2026-08-23 21:02:22.309587
item_000099,137.13,3.8,automotive,4.0,4.0,2.725,0.5357,0.5,2026-05-24 20:49:02.254366,2026-08-23 21:02:22.309587
item_000100,52.59,4.0,automotive,2.0,3.0,2.909090909090909,0.4,0.6,2026-05-24 20:49:02.254366,2026-08-23 21:02:22.309587
item_000101,377.73,3.7,sports,1.0,11.0,2.275,0.7143,0.5143,2026-05-24 20:49:02.254366,2026-08-23 21:02:22.309587
item_000102,16.84,2.9,clothing,4.0,5.0,3.18,0.3421,0.4474,2026-05-24 20:49:02.254366,2026-08-23 21:02:22.309587
item_000103,41.08,3.8,books,4.0,10.0,2.25,0.5926,0.4259,2026-05-24 20:49:02.254366,2026-08-23 21:02:22.309587
item_000104,9.05,3.8,toys,4.0,3.0,2.45,0.5,0.2667,2026-05-24 20:49:02.254366,2026-08-23 21:02:22.309587
item_000105,194.8,3.1,beauty,4.0,5.0,2.075,0.5,0.1207,2026-05-24 20:49:02.254366,2026-08-23 21:02:22.309587
item_000106,50.55,4.8,food,3.0,7.0,2.4555555555555557,0.38,0.48,2026-05-24 20:49:02.254366,2026-08-23 21:02:22.309587
item_000107,13.24,5.0,books,1.0,4.0,3.011111111111111,0.5854,0.3902,2026-05-24 20:49:02.254366,2026-08-23 21:02:22.309587
item_000108,330.02,3.9,automotive,5.0,3.0,2.425,0.4146,0.2439,2026-05-24 20:49:02.254366,2026-08-23 21:02:22.309587
item_000109,4248.23,4.5,jewelry,5.0,8.0,3.0545454545454547,0.5254,0.339,2026-05-24 20:49:02.254366,2026-08-23 21:02:22.309587
item_000110,51.19,2.1,food,8.0,2.0,3.0833333333333335,0.2969,0.1406,2026-05-24 20:49:02.254366,2026-08-23 21:02:22.309587
item_000111,63.06,3.8,automotive,2.0,7.0,2.914285714285714,0.6,0.4,2026-05-24 20:49:02.254366,2026-08-23 21:02:22.309587
item_000112,82.47,4.6,automotive,0.0,5.0,3.1,1.5294,0.4706,2026-05-24 20:49:02.254366,2026-08-23 21:02:22.309587
item_000113,37.45,3.8,home_garden,2.0,6.0,2.9,0.4615,0.5,2026-05-24 20:49:02.254366,2026-08-23 21:02:22.309587
item_000114,39.45,3.7,books,4.0,3.0,3.16,0.6296,0.2963,2026-05-24 20:49:02.254366,2026-08-23 21:02:22.309587
item_000115,41.84,4.3,beauty,3.0,2.0,3.033333333333333,0.4333,0.2,2026-05-24 20:49:02.254366,2026-08-23 21:02:22.309587
item_000116,30.46,5.0,clothing,1.0,8.0,3.575,0.9524,0.5714,2026-05-24 20:49:02.254366,2026-08-23 21:02:22.309587
item_000117,40.75,4.0,food,3.0,3.0,2.8857142857142857,0.5122,0.3415,2026-05-24 20:49:02.254366,2026-08-23 21:02:22.309587
item_000118,524.52,3.9,electronics,2.0,3.0,3.175,0.7059,0.3235,2026-05-24 20:49:02.254366,2026-08-23 21:02:22.309587
item_000119,937.24,4.7,electronics,1.0,4.0,4.05,0.6111,0.3056,2026-05-24 20:49:02.254366,2026-08-23 21:02:22.309587
item_000120,70.07,4.1,beauty,4.0,6.0,3.29,0.65,0.4,2026-05-24 20:49:02.254366,2026-08-23 21:02:22.309587
item_000121,81.17,5.0,automotive,0.0,4.0,3.6,0.875,0.9375,2026-05-24 20:49:02.254366,2026-08-23 21:02:22.309587
item_000122,89.07,3.1,clothing,0.0,2.0,3.3499999999999996,0.52,0.28,2026-05-24 20:49:02.254366,2026-08-23 21:02:22.309587
item_000123,613.61,3.1,home_garden,4.0,2.0,2.6333333333333333,0.4884,0.3721,2026-05-24 20:49:02.254366,2026-08-23 21:02:22.309587
item_000124,8.92,3.2,food,2.0,4.0,2.733333333333333,0.5385,0.3846,2026-05-24 20:49:02.254366,2026-08-23 21:02:22.309587
item_000125,17.4,4.4,sports,0.0,2.0,3.6571428571428575,0.9524,0.3333,2026-05-24 20:49:02.254366,2026-08-23 21:02:22.309587
item_000126,148.2,4.0,electronics,1.0,5.0,2.175,0.3947,0.3684,2026-05-24 20:49:02.254366,2026-08-23 21:02:22.309587
item_000127,241.95,3.6,clothing,3.0,1.0,2.9,0.4839,0.3226,2026-05-24 20:49:02.254366,2026-08-23 21:02:22.309587
item_000128,167.73,4.0,beauty,2.0,7.0,3.016666666666667,0.8696,0.6957,2026-05-24 20:49:02.254366,2026-08-23 21:02:22.309587
item_000129,7.96,4.5,books,3.0,5.0,3.725,0.5769,0.4231,2026-05-24 20:49:02.254366,2026-08-23 21:02:22.309587
item_000130,292.57,3.6,clothing,5.0,3.0,2.6666666666666665,0.7667,0.2667,2026-05-24 20:49:02.254366,2026-08-23 21:02:22.309587
item_000131,515.54,4.3,home_garden,6.0,5.0,2.84,0.4844,0.1875,2026-05-24 20:49:02.254366,2026-08-23 21:02:22.309587
item_000132,266.64,3.5,clothing,6.0,2.0,2.96,0.5556,0.2222,2026-05-24 20:49:02.254366,2026-08-23 21:02:22.309587
item_000133,106.85,2.8,electronics,0.0,3.0,2.675,0.4828,0.4138,2026-05-24 20:49:02.254366,2026-08-23 21:02:22.309587
item_000134,649.11,3.8,home_garden,4.0,3.0,3.1,0.4286,0.3429,2026-05-24 20:49:02.254366,2026-08-23 21:02:22.309587
item_000135,176.92,2.7,automotive,3.0,9.0,2.7454545454545456,0.5319,0.3617,2026-05-24 20:49:02.254366,2026-08-23 21:02:22.309587
item_000136,741.86,3.6,electronics,2.0,5.0,1.9714285714285715,0.4419,0.4186,2026-05-24 20:49:02.254366,2026-08-23 21:02:22.309587
item_000137,50.52,3.9,books,3.0,4.0,3.5,0.3871,0.3226,2026-05-24 20:49:02.254366,2026-08-23 21:02:22.309587
item_000138,313.95,3.2,sports,2.0,2.0,3.9333333333333336,0.5357,0.4286,2026-05-24 20:49:02.254366,2026-08-23 21:02:22.309587
item_000139,49.49,4.2,automotive,1.0,3.0,3.0,0.6818,0.4091,2026-05-24 20:49:02.254366,2026-08-23 21:02:22.309587
item_000140,452.1,3.6,sports,0.0,3.0,3.175,0.7143,0.3333,2026-05-24 20:49:02.254366,2026-08-23 21:02:22.309587
item_000141,466.46,4.2,sports,6.0,5.0,3.5,0.3833,0.2667,2026-05-24 20:49:02.254366,2026-08-23 21:02:22.309587
item_000142,295.48,3.8,automotive,7.0,6.0,2.9333333333333336,0.5652,0.3696,2026-05-24 20:49:02.254366,2026-08-23 21:02:22.309587
item_000143,142.36,3.7,toys,1.0,4.0,2.3375,0.875,0.8125,2026-05-24 20:49:02.254366,2026-08-23 21:02:22.309587
item_000144,169.07,3.2,automotive,3.0,5.0,2.814285714285714,0.6341,0.3659,2026-05-24 20:49:02.254366,2026-08-23 21:02:22.309587
item_000145,2563.42,3.8,jewelry,2.0,4.0,2.533333333333333,0.7273,0.4091,2026-05-24 20:49:02.254366,2026-08-23 21:02:22.309587
item_000146,2468.4,3.9,jewelry,0.0,2.0,1.9999999999999998,0.48,0.28,2026-05-24 20:49:02.254366,2026-08-23 21:02:22.309587
item_000147,226.75,4.1,clothing,7.0,4.0,3.05,0.4259,0.2593,2026-05-24 20:49:02.254366,2026-08-23 21:02:22.309587
item_000148,2325.22,4.0,jewelry,0.0,0.0,2.6666666666666665,0.8,0.12,2026-05-24 20:49:02.254366,2026-08-23 21:02:22.309587
item_000149,296.71,2.9,automotive,3.0,3.0,3.3600000000000003,0.7742,0.2258,2026-05-24 20:49:02.254366,2026-08-23 21:02:22.309587
item_000150,104.9,4.5,home_garden,4.0,6.0,2.9333333333333336,0.3659,0.439,2026-05-24 20:49:02.254366,2026-08-23 21:02:22.309587
item_000151,113.45,4.1,beauty,4.0,8.0,2.8857142857142857,0.8,0.52,2026-05-24 20:49:02.254366,2026-08-23 21:02:22.309587
item_000152,128.49,3.8,clothing,4.0,1.0,1.8333333333333333,0.4118,0.2353,2026-05-24 20:49:02.254366,2026-08-23 21:02:22.309587
item_000153,1438.1,4.0,electronics,3.0,8.0,3.436363636363636,0.5476,0.5,2026-05-24 20:49:02.254366,2026-08-23 21:02:22.309587
item_000154,103.34,4.2,home_garden,4.0,5.0,3.1538461538461537,0.4561,0.2632,2026-05-24 20:49:02.254366,2026-08-23 21:02:22.309587
item_000155,1411.05,5.0,electronics,3.0,3.0,2.275,0.6071,0.3214,2026-05-24 20:49:02.254366,2026-08-23 21:02:22.309587
item_000156,383.89,3.4,home_garden,0.0,3.0,3.183333333333333,0.5926,0.2222,2026-05-24 20:49:02.254366,2026-08-23 21:02:22.309587
item_000157,287.87,3.4,clothing,1.0,2.0,3.0500000000000003,0.64,0.48,2026-05-24 20:49:02.254366,2026-08-23 21:02:22.309587
item_000158,183.26,3.1,sports,1.0,2.0,3.525,0.7222,0.4444,2026-05-24 20:49:02.254366,2026-08-23 21:02:22.309587
item_000159,162.08,2.5,beauty,4.0,7.0,3.275,0.2424,0.3939,2026-05-24 20:49:02.254366,2026-08-23 21:02:22.309587
item_000160,1999.66,4.1,electronics,1.0,2.0,2.766666666666667,0.3793,0.4138,2026-05-24 20:49:02.254366,2026-08-23 21:02:22.309587
item_000161,60.09,5.0,food,6.0,4.0,2.4499999999999997,0.5556,0.4815,2026-05-24 20:49:02.254366,2026-08-23 21:02:22.309587
item_000162,15.94,3.6,food,3.0,2.0,2.85,0.5938,0.375,2026-05-24 20:49:02.254366,2026-08-23 21:02:22.309587
item_000163,88.04,4.7,toys,4.0,4.0,3.2375,0.8095,0.6667,2026-05-24 20:49:02.254366,2026-08-23 21:02:22.309587
item_000164,88.32,3.6,automotive,1.0,5.0,2.914285714285714,0.3182,0.3864,2026-05-24 20:49:02.254366,2026-08-23 21:02:22.309587
item_000165,78.68,4.6,clothing,5.0,5.0,3.1166666666666667,0.4688,0.4375,2026-05-24 20:49:02.254366,2026-08-23 21:02:22.309587
item_000166,247.25,4.0,clothing,7.0,1.0,2.325,0.7273,0.4545,2026-05-24 20:49:02.254366,2026-08-23 21:02:22.309587
item_000167,187.14,3.8,home_garden,2.0,3.0,2.58,0.2973,0.2162,2026-05-24 20:49:02.254366,2026-08-23 21:02:22.309587
item_000168,127.02,3.4,beauty,2.0,11.0,2.76,0.5536,0.4286,2026-05-24 20:49:02.254366,2026-08-23 21:02:22.309587
item_000169,1748.38,3.9,electronics,1.0,2.0,2.925,0.8846,0.4231,2026-05-24 20:49:02.254366,2026-08-23 21:02:22.309587
item_000170,2633.43,4.4,jewelry,2.0,3.0,3.6,0.4,0.44,2026-05-24 20:49:02.254366,2026-08-23 21:02:22.309587
item_000171,682.12,3.3,electronics,2.0,6.0,2.35,0.9565,0.5652,2026-05-24 20:49:02.254366,2026-08-23 21:02:22.309587
item_000172,54.09,3.8,beauty,4.0,1.0,2.9,0.9,0.25,2026-05-24 20:49:02.254366,2026-08-23 21:02:22.309587
item_000173,39.32,4.0,food,3.0,4.0,3.3000000000000003,0.8077,0.4231,2026-05-24 20:49:02.254366,2026-08-23 21:02:22.309587
item_000174,10.87,4.4,beauty,2.0,5.0,3.2777777777777777,0.5152,0.3636,2026-05-24 20:49:02.254366,2026-08-23 21:02:22.309587
item_000175,57.41,3.9,books,3.0,4.0,3.11,0.6486,0.2973,2026-05-24 20:49:02.254366,2026-08-23 21:02:22.309587
item_000176,106.67,3.6,home_garden,2.0,5.0,2.8,0.7778,0.3704,2026-05-24 20:49:02.254366,2026-08-23 21:02:22.309587
item_000177,82.19,4.0,toys,0.0,3.0,2.725,0.5667,0.2667,2026-05-24 20:49:02.254366,2026-08-23 21:02:22.309587
item_000178,435.89,4.6,sports,4.0,6.0,3.28,0.3448,0.2931,2026-05-24 20:49:02.254366,2026-08-23 21:02:22.309587
item_000179,163.71,4.1,automotive,4.0,7.0,3.65,0.5152,0.4848,2026-05-24 20:49:02.254366,2026-08-23 21:02:22.309587
item_000180,17.98,3.8,toys,4.0,5.0,2.975,0.5714,0.2679,2026-05-24 20:49:02.254366,2026-08-23 21:02:22.309587
item_000181,248.41,3.9,home_garden,4.0,7.0,1.9333333333333333,0.72,0.36,2026-05-24 20:49:02.254366,2026-08-23 21:02:22.309587
item_000182,86.18,3.1,beauty,6.0,5.0,2.9499999999999997,0.6333,0.5,2026-05-24 20:49:02.254366,2026-08-23 21:02:22.309587
item_000183,136.52,4.3,sports,2.0,1.0,2.8666666666666667,0.6897,0.4138,2026-05-24 20:49:02.254366,2026-08-23 21:02:22.309587
item_000184,54.95,2.9,sports,3.0,3.0,3.425,0.7143,0.4286,2026-05-24 20:49:02.254366,2026-08-23 21:02:22.309587
item_000185,36.04,3.5,sports,1.0,2.0,3.0571428571428574,0.7931,0.2414,2026-05-24 20:49:02.254366,2026-08-23 21:02:22.309587
item_000186,1343.49,3.7,jewelry,0.0,2.0,3.72,0.7391,0.2609,2026-05-24 20:49:02.254366,2026-08-23 21:02:22.309587
item_000187,781.07,3.5,electronics,2.0,3.0,2.66,0.8947,0.5263,2026-05-24 20:49:02.254366,2026-08-23 21:02:22.309587
item_000188,303.53,3.1,automotive,3.0,3.0,3.457142857142857,0.3939,0.2727,2026-05-24 20:49:02.254366,2026-08-23 21:02:22.309587
item_000189,72.76,3.4,electronics,2.0,5.0,3.65,0.4167,0.25,2026-05-24 20:49:02.254366,2026-08-23 21:02:22.309587
item_000190,84.76,2.9,electronics,3.0,2.0,2.66,0.3421,0.2368,2026-05-24 20:49:02.254366,2026-08-23 21:02:22.309587
item_000191,31.58,4.9,food,1.0,7.0,3.16,0.431,0.3103,2026-05-24 20:49:02.254366,2026-08-23 21:02:22.309587
item_000192,95.94,3.4,toys,7.0,3.0,2.936363636363636,0.5821,0.2687,2026-05-24 20:49:02.254366,2026-08-23 21:02:22.309587
item_000193,163.47,3.4,clothing,1.0,6.0,3.45,1.0435,0.6522,2026-05-24 20:49:02.254366,2026-08-23 21:02:22.309587
item_000194,181.57,5.0,sports,6.0,4.0,2.94,0.5172,0.2759,2026-05-24 20:49:02.254366,2026-08-23 21:02:22.309587
item_000195,2216.89,2.7,jewelry,5.0,1.0,2.8333333333333335,0.3684,0.1053,2026-05-24 20:49:02.254366,2026-08-23 21:02:22.309587
item_000196,131.5,4.2,clothing,3.0,4.0,2.6999999999999997,0.9474,0.9474,2026-05-24 20:49:02.254366,2026-08-23 21:02:22.309587
item_000197,133.25,3.8,toys,2.0,3.0,2.68,1.0,0.4091,2026-05-24 20:49:02.254366,2026-08-23 21:02:22.309587
item_000198,48.33,3.1,sports,5.0,4.0,2.9444444444444446,0.5714,0.2857,2026-05-24 20:49:02.254366,2026-08-23 21:02:22.309587
item_000199,45.71,3.9,beauty,1.0,4.0,4.0,0.68,0.4,2026-05-24 20:49:02.254366,2026-08-23 21:02:22.309587
item_000200,549.0,5.0,home_garden,2.0,5.0,2.82,0.8636,0.5,2026-05-24 20:49:02.254366,2026-08-23 21:02:22.309587
item_000201,11.33,4.2,books,4.0,4.0,2.7199999999999998,0.619,0.4286,2026-05-24 20:49:02.254366,2026-08-23 21:02:22.309587
item_000202,2791.91,4.1,jewelry,0.0,9.0,3.15,0.6538,0.7308,2026-05-24 20:49:02.254366,2026-08-23 21:02:22.309587
item_000203,73.62,3.0,food,1.0,4.0,2.7399999999999998,0.7727,0.3182,2026-05-24 20:49:02.254366,2026-08-23 21:02:22.309587
item_000204,127.18,3.2,toys,1.0,5.0,3.5285714285714285,0.6061,0.2727,2026-05-24 20:49:02.254366,2026-08-23 21:02:22.309587
item_000205,258.57,2.8,clothing,2.0,6.0,3.4333333333333336,0.4722,0.3333,2026-05-24 20:49:02.254366,2026-08-23 21:02:22.309587
item_000206,1634.66,3.9,jewelry,1.0,2.0,3.2399999999999998,0.9474,0.2105,2026-05-24 20:49:02.254366,2026-08-23 21:02:22.309587
item_000207,204.33,3.8,clothing,2.0,2.0,3.5799999999999996,0.45,0.225,2026-05-24 20:49:02.254366,2026-08-23 21:02:22.309587
item_000208,76.93,3.2,food,5.0,2.0,3.4,0.4222,0.2222,2026-05-24 20:49:02.254366,2026-08-23 21:02:22.309587
item_000209,281.4,4.4,home_garden,2.0,2.0,2.725,1.0,0.7692,2026-05-24 20:49:02.254366,2026-08-23 21:02:22.309587
item_000210,52.24,2.9,toys,1.0,2.0,1.1,0.6207,0.2069,2026-05-24 20:49:02.254366,2026-08-23 21:02:22.309587
item_000211,48.69,3.3,books,2.0,3.0,3.2,0.5517,0.2069,2026-05-24 20:49:02.254366,2026-08-23 21:02:22.309587
item_000212,50.42,3.9,home_garden,1.0,1.0,2.775,0.625,0.25,2026-05-24 20:49:02.254366,2026-08-23 21:02:22.309587
item_000213,363.45,3.0,home_garden,4.0,3.0,2.28,0.5862,0.3103,2026-05-24 20:49:02.254366,2026-08-23 21:02:22.309587
item_000214,357.0,3.6,home_garden,2.0,2.0,2.0833333333333335,0.8,0.5,2026-05-24 20:49:02.254366,2026-08-23 21:02:22.309587
item_000215,771.38,3.3,electronics,1.0,6.0,2.3499999999999996,0.4737,0.3158,2026-05-24 20:49:02.254366,2026-08-23 21:02:22.309587
item_000216,42.64,4.0,beauty,4.0,8.0,2.84,0.6286,0.4286,2026-05-24 20:49:02.254366,2026-08-23 21:02:22.309587
item_000217,471.01,2.9,sports,4.0,2.0,3.988888888888889,0.5926,0.2963,2026-05-24 20:49:02.254366,2026-08-23 21:02:22.309587
item_000218,68.13,2.4,beauty,1.0,6.0,2.85,0.5429,0.2286,2026-05-24 20:49:02.254366,2026-08-23 21:02:22.309587
item_000219,59.89,3.0,books,2.0,9.0,2.733333333333334,0.449,0.3469,2026-05-24 20:49:02.254366,2026-08-23 21:02:22.309587
item_000220,290.63,4.4,home_garden,3.0,6.0,3.0,0.48,0.6,2026-05-24 20:49:02.254366,2026-08-23 21:02:22.309587
item_000221,112.3,4.4,toys,4.0,2.0,3.5,1.0,0.3462,2026-05-24 20:49:02.254366,2026-08-23 21:02:22.309587
item_000222,19.06,3.2,toys,2.0,4.0,2.95,0.4643,0.5,2026-05-24 20:49:02.254366,2026-08-23 21:02:22.309587
item_000223,57.48,3.8,home_garden,1.0,1.0,2.88,0.3846,0.2308,2026-05-24 20:49:02.254366,2026-08-23 21:02:22.309587
item_000224,224.61,3.8,clothing,7.0,3.0,3.0666666666666664,0.3929,0.3571,2026-05-24 20:49:02.254366,2026-08-23 21:02:22.309587
item_000225,179.89,2.8,clothing,2.0,7.0,2.4375,0.4783,0.4348,2026-05-24 20:49:02.254366,2026-08-23 21:02:22.309587
item_000226,1161.46,3.4,electronics,4.0,10.0,2.73,0.68,0.64,2026-05-24 20:49:02.254366,2026-08-23 21:02:22.309587
item_000227,3158.77,3.7,jewelry,3.0,4.0,3.1222222222222222,0.5161,0.4516,2026-05-24 20:49:02.254366,2026-08-23 21:02:22.309587
item_000228,348.84,2.3,electronics,3.0,6.0,2.4,0.5806,0.3871,2026-05-24 20:49:02.254366,2026-08-23 21:02:22.309587
item_000229,102.13,3.9,automotive,2.0,0.0,3.5714285714285716,0.7619,0.3333,2026-05-24 20:49:02.254366,2026-08-23 21:02:22.309587
item_000230,354.41,5.0,automotive,0.0,2.0,2.275,1.4,0.4667,2026-05-24 20:49:02.254366,2026-08-23 21:02:22.309587
item_000231,199.53,4.1,automotive,7.0,6.0,3.8499999999999996,0.4872,0.3333,2026-05-24 20:49:02.254366,2026-08-23 21:02:22.309587
item_000232,15.91,4.0,food,1.0,4.0,3.15,0.8571,0.3571,2026-05-24 20:49:02.254366,2026-08-23 21:02:22.309587
item_000233,468.16,4.3,sports,6.0,4.0,3.2285714285714286,0.6087,0.3043,2026-05-24 20:49:02.254366,2026-08-23 21:02:22.309587
item_000234,346.33,4.1,sports,2.0,3.0,4.3,0.8846,0.3462,2026-05-24 20:49:02.254366,2026-08-23 21:02:22.309587
item_000235,54.9,4.4,books,1.0,0.0,2.914285714285714,0.6667,0.1852,2026-05-24 20:49:02.254366,2026-08-23 21:02:22.309587
item_000236,37.06,2.5,books,0.0,2.0,3.75,0.6,0.44,2026-05-24 20:49:02.254366,2026-08-23 21:02:22.309587
item_000237,16.84,3.5,food,5.0,3.0,2.4499999999999997,0.5526,0.1053,2026-05-24 20:49:02.254366,2026-08-23 21:02:22.309587
item_000238,113.55,3.1,clothing,0.0,3.0,3.522222222222222,0.3793,0.2241,2026-05-24 20:49:02.254366,2026-08-23 21:02:22.309587
item_000239,314.29,2.5,automotive,8.0,2.0,3.1,0.3175,0.2063,2026-05-24 20:49:02.254366,2026-08-23 21:02:22.309587
item_000240,128.42,3.7,sports,0.0,5.0,3.65,0.7857,0.4643,2026-05-24 20:49:02.254366,2026-08-23 21:02:22.309587
item_000241,186.0,4.4,home_garden,0.0,5.0,3.216666666666667,1.7,1.0,2026-05-24 20:49:02.254366,2026-08-23 21:02:22.309587
item_000242,1846.82,3.4,electronics,3.0,4.0,2.62,0.5357,0.3929,2026-05-24 20:49:02.254366,2026-08-23 21:02:22.309587
item_000243,4762.57,4.0,jewelry,1.0,2.0,2.9899999999999998,0.2917,0.4167,2026-05-24 20:49:02.254366,2026-08-23 21:02:22.309587
item_000244,140.68,4.7,toys,1.0,2.0,2.9285714285714284,0.6071,0.25,2026-05-24 20:49:02.254366,2026-08-23 21:02:22.309587
item_000245,264.7,3.6,jewelry,2.0,1.0,3.3000000000000003,0.4231,0.2692,2026-05-24 20:49:02.254366,2026-08-23 21:02:22.309587
item_000246,58.36,4.5,clothing,3.0,5.0,3.283333333333333,0.6667,0.5833,2026-05-24 20:49:02.254366,2026-08-23 21:02:22.309587
item_000247,78.52,4.5,beauty,2.0,6.0,2.85,0.9615,0.5385,2026-05-24 20:49:02.254366,2026-08-23 21:02:22.309587
item_000248,9.46,4.0,beauty,2.0,5.0,3.1666666666666665,0.375,0.5833,2026-05-24 20:49:02.254366,2026-08-23 21:02:22.309587
item_000249,434.25,3.0,home_garden,1.0,2.0,2.975,0.4516,0.2903,2026-05-24 20:49:02.254366,2026-08-23 21:02:22.309587
item_000250,48.36,2.4,toys,1.0,4.0,2.96,0.5263,0.3684,2026-05-24 20:49:02.254366,2026-08-23 21:02:22.309587
item_000251,52.81,3.3,food,6.0,3.0,2.966666666666667,0.7222,0.1667,2026-05-24 20:49:02.254366,2026-08-23 21:02:22.309587
item_000252,1334.36,3.5,electronics,3.0,4.0,3.8,1.05,0.75,2026-05-24 20:49:02.254366,2026-08-23 21:02:22.309587
item_000253,1934.0,3.6,electronics,1.0,4.0,3.4799999999999995,0.84,0.48,2026-05-24 20:49:02.254366,2026-08-23 21:02:22.309587
item_000254,115.37,4.2,sports,1.0,4.0,3.633333333333333,1.3158,0.5789,2026-05-24 20:49:02.254366,2026-08-23 21:02:22.309587
item_000255,1703.06,3.3,jewelry,0.0,5.0,2.8125,0.6087,0.5652,2026-05-24 20:49:02.254366,2026-08-23 21:02:22.309587
item_000256,693.43,4.2,home_garden,3.0,7.0,2.1333333333333333,0.4211,0.4737,2026-05-24 20:49:02.254366,2026-08-23 21:02:22.309587
item_000257,56.57,5.0,food,5.0,10.0,3.0833333333333335,0.6393,0.4098,2026-05-24 20:49:02.254366,2026-08-23 21:02:22.309587
item_000258,294.6,3.7,home_garden,0.0,2.0,2.44,0.7273,0.2727,2026-05-24 20:49:02.254366,2026-08-23 21:02:22.309587
item_000259,11.73,3.9,books,2.0,4.0,2.914285714285714,1.0,0.875,2026-05-24 20:49:02.254366,2026-08-23 21:02:22.309587
item_000260,181.05,4.9,beauty,0.0,4.0,4.5,1.0909,0.6364,2026-05-24 20:49:02.254366,2026-08-23 21:02:22.309587
item_000261,965.89,4.3,electronics,4.0,0.0,3.125,0.5455,0.2121,2026-05-24 20:49:02.254366,2026-08-23 21:02:22.309587
item_000262,192.17,3.3,sports,6.0,2.0,3.223076923076923,0.4348,0.3913,2026-05-24 20:49:02.254366,2026-08-23 21:02:22.309587
item_000263,123.84,5.0,clothing,8.0,4.0,3.585714285714286,0.5686,0.1961,2026-05-24 20:49:02.254366,2026-08-23 21:02:22.309587
item_000264,7.54,3.9,books,6.0,3.0,3.2857142857142856,0.7027,0.2432,2026-05-24 20:49:02.254366,2026-08-23 21:02:22.309587
item_000265,62.96,3.4,sports,2.0,1.0,3.283333333333333,0.4839,0.1935,2026-05-24 20:49:02.254366,2026-08-23 21:02:22.309587
item_000266,57.49,2.7,books,1.0,3.0,3.7,0.6154,0.1923,2026-05-24 20:49:02.254366,2026-08-23 21:02:22.309587
item_000267,427.68,3.3,home_garden,0.0,1.0,3.72,0.6522,0.2609,2026-05-24 20:49:02.254366,2026-08-23 21:02:22.309587
item_000268,221.57,3.9,home_garden,4.0,2.0,4.066666666666666,0.6129,0.1935,2026-05-24 20:49:02.254366,2026-08-23 21:02:22.309587
item_000269,194.67,3.1,clothing,1.0,4.0,3.7,1.2381,0.1905,2026-05-24 20:49:02.254366,2026-08-23 21:02:22.309587
item_000270,149.92,3.2,sports,0.0,4.0,3.1,0.5,0.65,2026-05-24 20:49:02.254366,2026-08-23 21:02:22.309587
item_000271,75.33,4.7,food,2.0,2.0,3.266666666666667,0.5185,0.2222,2026-05-24 20:49:02.254366,2026-08-23 21:02:22.309587
item_000272,35.3,3.9,home_garden,0.0,1.0,2.75,0.7273,0.2273,2026-05-24 20:49:02.254366,2026-08-23 21:02:22.309587
item_000273,95.96,2.8,home_garden,5.0,4.0,3.16,0.3654,0.2308,2026-05-24 20:49:02.254366,2026-08-23 21:02:22.309587
item_000274,167.0,4.3,beauty,2.0,7.0,3.0444444444444443,0.7,0.5333,2026-05-24 20:49:02.254366,2026-08-23 21:02:22.309587
item_000275,1370.07,5.0,jewelry,3.0,6.0,3.3625000000000003,0.5814,0.4186,2026-05-24 20:49:02.254366,2026-08-23 21:02:22.309587
item_000276,47.23,2.4,beauty,3.0,5.0,2.775,0.5745,0.3191,2026-05-24 20:49:02.254366,2026-08-23 21:02:22.309587
item_000277,327.81,3.9,home_garden,0.0,6.0,2.7,0.4,0.6,2026-05-24 20:49:02.254366,2026-08-23 21:02:22.309587
item_000278,75.51,3.8,food,5.0,4.0,3.1454545454545455,0.3333,0.2667,2026-05-24 20:49:02.254366,2026-08-23 21:02:22.309587
item_000279,83.48,5.0,sports,2.0,3.0,2.8833333333333333,0.7368,0.3684,2026-05-24 20:49:02.254366,2026-08-23 21:02:22.309587
item_000280,2048.87,4.5,jewelry,2.0,1.0,2.283333333333333,0.8125,0.5,2026-05-24 20:49:02.254366,2026-08-23 21:02:22.309587
item_000281,3441.99,3.8,jewelry,3.0,2.0,2.5,0.3793,0.2069,2026-05-24 20:49:02.254366,2026-08-23 21:02:22.309587
item_000282,1955.29,4.4,jewelry,3.0,1.0,3.0625,0.875,0.4167,2026-05-24 20:49:02.254366,2026-08-23 21:02:22.309587
item_000283,59.41,2.5,food,2.0,5.0,2.35,0.75,0.5,2026-05-24 20:49:02.254366,2026-08-23 21:02:22.309587
item_000284,33.14,3.8,books,3.0,7.0,3.15,0.5833,0.5556,2026-05-24 20:49:02.254366,2026-08-23 21:02:22.309587
item_000285,725.53,3.3,home_garden,2.0,1.0,2.6,0.375,0.375,2026-05-24 20:49:02.254366,2026-08-23 21:02:22.309587
item_000286,45.88,3.9,books,2.0,5.0,3.0833333333333335,0.325,0.4,2026-05-24 20:49:02.254366,2026-08-23 21:02:22.309587
item_000287,47.65,2.4,books,2.0,1.0,2.475,0.4259,0.1296,2026-05-24 20:49:02.254366,2026-08-23 21:02:22.309587
item_000288,366.41,4.2,sports,1.0,8.0,3.5,0.8148,0.5926,2026-05-24 20:49:02.254366,2026-08-23 21:02:22.309587
item_000289,131.49,4.1,beauty,0.0,4.0,2.95,0.7273,0.5,2026-05-24 20:49:02.254366,2026-08-23 21:02:22.309587
item_000290,235.47,4.5,automotive,1.0,3.0,3.175,0.4333,0.2333,2026-05-24 20:49:02.254366,2026-08-23 21:02:22.309587
item_000291,34.32,3.5,books,1.0,3.0,3.1666666666666665,0.5862,0.4138,2026-05-24 20:49:02.254366,2026-08-23 21:02:22.309587
item_000292,694.49,4.3,home_garden,2.0,2.0,2.9250000000000003,0.85,0.6,2026-05-24 20:49:02.254366,2026-08-23 21:02:22.309587
item_000293,42.19,5.0,books,3.0,7.0,3.4200000000000004,0.913,0.6957,2026-05-24 20:49:02.254366,2026-08-23 21:02:22.309587
item_000294,201.4,3.6,clothing,4.0,7.0,2.7142857142857144,0.7297,0.4054,2026-05-24 20:49:02.254366,2026-08-23 21:02:22.309587
item_000295,246.7,2.9,automotive,4.0,3.0,2.7750000000000004,0.8571,0.1429,2026-05-24 20:49:02.254366,2026-08-23 21:02:22.309587
item_000296,262.15,4.2,home_garden,3.0,2.0,3.6571428571428575,0.5926,0.2037,2026-05-24 20:49:02.254366,2026-08-23 21:02:22.309587
item_000297,9.72,3.5,books,1.0,4.0,2.3,0.8065,0.3548,2026-05-24 20:49:02.254366,2026-08-23 21:02:22.309587
item_000298,12.14,3.1,automotive,3.0,2.0,3.1555555555555554,0.3889,0.2778,2026-05-24 20:49:02.254366,2026-08-23 21:02:22.309587
item_000299,15.16,3.2,food,1.0,3.0,2.44,0.6538,0.3846,2026-05-24 20:49:02.254366,2026-08-23 21:02:22.309587
item_000300,61.76,2.8,home_garden,3.0,8.0,2.6666666666666665,0.8333,0.5556,2026-05-24 20:49:02.254366,2026-08-23 21:02:22.309587
item_000301,87.57,3.1,toys,0.0,4.0,3.65,0.6667,0.5556,2026-05-24 20:49:02.254366,2026-08-23 21:02:22.309587
item_000302,391.76,4.0,electronics,3.0,7.0,3.2600000000000002,0.36,0.56,2026-05-24 20:49:02.254366,2026-08-23 21:02:22.309587
item_000303,114.27,4.1,automotive,3.0,2.0,2.7600000000000002,0.6842,0.5263,2026-05-24 20:49:02.254366,2026-08-23 21:02:22.309587
item_000304,53.12,3.3,toys,2.0,8.0,3.3600000000000003,0.5385,0.4615,2026-05-24 20:49:02.254366,2026-08-23 21:02:22.309587
item_000305,83.85,5.0,clothing,4.0,4.0,2.6750000000000003,0.3871,0.3226,2026-05-24 20:49:02.254366,2026-08-23 21:02:22.309587
item_000306,157.69,3.9,clothing,5.0,13.0,3.05,0.6087,0.413,2026-05-24 20:49:02.254366,2026-08-23 21:02:22.309587
item_000307,118.08,4.0,clothing,4.0,4.0,3.9,0.5,0.45,2026-05-24 20:49:02.254366,2026-08-23 21:02:22.309587
item_000308,581.16,4.1,home_garden,1.0,3.0,2.6999999999999997,1.125,0.4375,2026-05-24 20:49:02.254366,2026-08-23 21:02:22.309587
item_000309,1429.95,3.3,jewelry,2.0,2.0,2.725,0.8421,0.4211,2026-05-24 20:49:02.254366,2026-08-23 21:02:22.309587
item_000310,24.48,4.4,beauty,1.0,3.0,3.0555555555555554,0.4839,0.2903,2026-05-24 20:49:02.254366,2026-08-23 21:02:22.309587
item_000311,280.99,2.7,jewelry,4.0,2.0,2.7,0.375,0.375,2026-05-24 20:49:02.254366,2026-08-23 21:02:22.309587
item_000312,4820.29,3.0,jewelry,4.0,4.0,3.9166666666666665,0.3824,0.3235,2026-05-24 20:49:02.254366,2026-08-23 21:02:22.309587
item_000313,65.42,3.3,food,7.0,3.0,3.44,0.5094,0.1887,2026-05-24 20:49:02.254366,2026-08-23 21:02:22.309587
item_000314,358.73,3.9,sports,3.0,4.0,2.8249999999999997,0.3235,0.3529,2026-05-24 20:49:02.254366,2026-08-23 21:02:22.309587
item_000315,283.73,2.9,clothing,2.0,2.0,3.78,0.7083,0.4583,2026-05-24 20:49:02.254366,2026-08-23 21:02:22.309587
item_000316,53.84,3.0,food,2.0,2.0,2.9499999999999997,0.7241,0.2414,2026-05-24 20:49:02.254366,2026-08-23 21:02:22.309587
item_000317,242.54,4.8,clothing,1.0,5.0,2.925,0.75,0.4643,2026-05-24 20:49:02.254366,2026-08-23 21:02:22.309587
item_000318,102.81,4.7,toys,1.0,2.0,2.8,0.9167,0.4583,2026-05-24 20:49:02.254366,2026-08-23 21:02:22.309587
item_000319,317.49,2.9,electronics,7.0,3.0,2.8166666666666664,0.3585,0.2642,2026-05-24 20:49:02.254366,2026-08-23 21:02:22.309587
item_000320,127.81,3.2,beauty,1.0,6.0,3.1,0.3429,0.2857,2026-05-24 20:49:02.254366,2026-08-23 21:02:22.309587
item_000321,28.84,3.7,books,9.0,2.0,3.3181818181818183,0.5577,0.2115,2026-05-24 20:49:02.254366,2026-08-23 21:02:22.309587
item_000322,1878.79,4.2,jewelry,3.0,7.0,3.685714285714286,0.2222,0.3889,2026-05-24 20:49:02.254366,2026-08-23 21:02:22.309587
item_000323,139.09,3.5,beauty,3.0,5.0,2.4222222222222225,0.6667,0.2778,2026-05-24 20:49:02.254366,2026-08-23 21:02:22.309587
item_000324,269.13,3.4,clothing,6.0,6.0,3.1,0.5789,0.4474,2026-05-24 20:49:02.254366,2026-08-23 21:02:22.309587
item_000325,502.66,4.6,jewelry,1.0,2.0,3.0999999999999996,0.4872,0.3846,2026-05-24 20:49:02.254366,2026-08-23 21:02:22.309587
item_000326,3993.17,3.3,jewelry,2.0,2.0,2.6333333333333333,0.4828,0.2414,2026-05-24 20:49:02.254366,2026-08-23 21:02:22.309587
item_000327,49.32,3.6,books,6.0,5.0,3.16,0.6042,0.3333,2026-05-24 20:49:02.254366,2026-08-23 21:02:22.309587
item_000328,1739.93,2.1,electronics,3.0,7.0,3.033333333333333,0.4,0.2333,2026-05-24 20:49:02.254366,2026-08-23 21:02:22.309587
item_000329,377.35,4.1,automotive,6.0,2.0,3.1266666666666665,0.5111,0.2444,2026-05-24 20:49:02.254366,2026-08-23 21:02:22.309587
item_000330,43.59,4.2,books,5.0,2.0,2.75,0.8,0.2333,2026-05-24 20:49:02.254366,2026-08-23 21:02:22.309587
item_000331,885.7,4.1,electronics,2.0,1.0,2.69,0.5357,0.3571,2026-05-24 20:49:02.254366,2026-08-23 21:02:22.309587
item_000332,49.11,4.0,automotive,1.0,3.0,2.825,0.5909,0.3182,2026-05-24 20:49:02.254366,2026-08-23 21:02:22.309587
item_000333,19.4,3.9,books,2.0,3.0,2.85,0.6562,0.3125,2026-05-24 20:49:02.254366,2026-08-23 21:02:22.309587
item_000334,698.04,3.6,electronics,3.0,6.0,3.4,0.5357,0.5714,2026-05-24 20:49:02.254366,2026-08-23 21:02:22.309587
item_000335,72.22,4.4,food,0.0,6.0,3.527272727272727,0.6429,0.3929,2026-05-24 20:49:02.254366,2026-08-23 21:02:22.309587
item_000336,127.77,4.2,toys,1.0,6.0,2.71,0.3333,0.2917,2026-05-24 20:49:02.254366,2026-08-23 21:02:22.309587
item_000337,10.24,3.4,books,1.0,3.0,2.966666666666667,0.4783,0.4348,2026-05-24 20:49:02.254366,2026-08-23 21:02:22.309587
item_000338,164.54,3.6,beauty,9.0,5.0,3.357142857142857,0.3939,0.197,2026-05-24 20:49:02.254366,2026-08-23 21:02:22.309587
item_000339,32.78,2.9,books,5.0,5.0,2.7285714285714286,0.3636,0.3273,2026-05-24 20:49:02.254366,2026-08-23 21:02:22.309587
item_000340,155.98,3.5,clothing,2.0,4.0,2.775,0.5417,0.5417,2026-05-24 20:49:02.254366,2026-08-23 21:02:22.309587
item_000341,124.8,3.0,beauty,6.0,3.0,3.414285714285714,0.45,0.35,2026-05-24 20:49:02.254366,2026-08-23 21:02:22.309587
item_000342,273.19,4.4,sports,4.0,7.0,3.0200000000000005,0.6538,0.7308,2026-05-24 20:49:02.254366,2026-08-23 21:02:22.309587
item_000343,3739.51,5.0,jewelry,3.0,5.0,2.25,0.6757,0.4595,2026-05-24 20:49:02.254366,2026-08-23 21:02:22.309587
item_000344,151.71,3.0,beauty,0.0,4.0,2.6399999999999997,1.2105,0.6316,2026-05-24 20:49:02.254366,2026-08-23 21:02:22.309587
item_000345,192.29,3.7,sports,2.0,3.0,2.4,0.5161,0.3548,2026-05-24 20:49:02.254366,2026-08-23 21:02:22.309587
item_000346,380.34,3.6,jewelry,3.0,4.0,3.6666666666666665,0.5714,0.25,2026-05-24 20:49:02.254366,2026-08-23 21:02:22.309587
item_000347,4548.18,2.4,jewelry,2.0,3.0,3.033333333333333,0.5909,0.5,2026-05-24 20:49:02.254366,2026-08-23 21:02:22.309587
item_000348,278.02,3.3,home_garden,1.0,0.0,2.0666666666666664,0.5333,0.2,2026-05-24 20:49:02.254366,2026-08-23 21:02:22.309587
item_000349,414.63,5.0,sports,5.0,7.0,3.2583333333333333,0.3878,0.2857,2026-05-24 20:49:02.254366,2026-08-23 21:02:22.309587
item_000350,1655.98,3.9,electronics,2.0,2.0,3.4500000000000006,0.475,0.35,2026-05-24 20:49:02.254366,2026-08-23 21:02:22.309587
item_000351,357.98,3.7,sports,7.0,5.0,2.06,0.7647,0.2353,2026-05-24 20:49:02.254366,2026-08-23 21:02:22.309587
item_000352,25.52,3.0,home_garden,1.0,2.0,3.528571428571429,0.3429,0.2286,2026-05-24 20:49:02.254366,2026-08-23 21:02:22.309587
item_000353,837.48,4.3,jewelry,2.0,3.0,1.4,1.0833,0.5833,2026-05-24 20:49:02.254366,2026-08-23 21:02:22.309587
item_000354,105.41,3.4,automotive,3.0,6.0,2.177777777777778,0.6053,0.5,2026-05-24 20:49:02.254366,2026-08-23 21:02:22.309587
item_000355,63.41,3.3,toys,1.0,7.0,2.7285714285714286,0.6667,0.75,2026-05-24 20:49:02.254366,2026-08-23 21:02:22.309587
item_000356,444.89,4.3,electronics,3.0,3.0,3.0999999999999996,0.4333,0.2333,2026-05-24 20:49:02.254366,2026-08-23 21:02:22.309587
item_000357,1652.88,3.7,electronics,6.0,2.0,3.5875,0.68,0.44,2026-05-24 20:49:02.254366,2026-08-23 21:02:22.309587
item_000358,170.62,3.1,beauty,1.0,3.0,3.225,0.5625,0.3125,2026-05-24 20:49:02.254366,2026-08-23 21:02:22.309587
item_000359,55.83,4.3,food,1.0,3.0,1.85,0.7143,0.4643,2026-05-24 20:49:02.254366,2026-08-23 21:02:22.309587
item_000360,3778.13,3.9,jewelry,1.0,5.0,3.9333333333333336,0.6087,0.4783,2026-05-24 20:49:02.254366,2026-08-23 21:02:22.309587
item_000361,276.9,4.3,clothing,2.0,3.0,2.58,0.5556,0.3056,2026-05-24 20:49:02.254366,2026-08-23 21:02:22.309587
item_000362,52.01,3.7,toys,2.0,2.0,3.575,0.5938,0.3438,2026-05-24 20:49:02.254366,2026-08-23 21:02:22.309587
item_000363,24.27,5.0,toys,7.0,5.0,2.7,0.4808,0.2885,2026-05-24 20:49:02.254366,2026-08-23 21:02:22.309587
item_000364,93.08,2.7,toys,3.0,5.0,2.733333333333333,0.35,0.325,2026-05-24 20:49:02.254366,2026-08-23 21:02:22.309587
item_000365,1569.76,5.0,jewelry,0.0,4.0,1.9,0.561,0.3171,2026-05-24 20:49:02.254366,2026-08-23 21:02:22.309587
item_000366,23.96,3.4,books,8.0,4.0,2.2199999999999998,0.5758,0.303,2026-05-24 20:49:02.254366,2026-08-23 21:02:22.309587
item_000367,363.52,2.7,home_garden,1.0,4.0,4.2,0.4848,0.4242,2026-05-24 20:49:02.254366,2026-08-23 21:02:22.309587
item_000368,595.46,3.9,home_garden,2.0,3.0,1.9333333333333333,0.5556,0.2222,2026-05-24 20:49:02.254366,2026-08-23 21:02:22.309587
item_000369,31.88,4.6,food,7.0,9.0,3.2700000000000005,0.4462,0.2615,2026-05-24 20:49:02.254366,2026-08-23 21:02:22.309587
item_000370,175.85,4.1,home_garden,0.0,8.0,2.3,0.6061,0.3636,2026-05-24 20:49:02.254366,2026-08-23 21:02:22.309587
item_000371,26.27,2.6,beauty,3.0,2.0,2.56,0.8333,0.3333,2026-05-24 20:49:02.254366,2026-08-23 21:02:22.309587
item_000372,386.56,2.6,automotive,6.0,5.0,2.2363636363636363,0.5,0.3043,2026-05-24 20:49:02.254366,2026-08-23 21:02:22.309587
item_000373,36.93,2.8,toys,2.0,6.0,3.66,0.6774,0.3871,2026-05-24 20:49:02.254366,2026-08-23 21:02:22.309587
item_000374,436.82,3.3,home_garden,2.0,10.0,2.8333333333333335,0.4138,0.4828,2026-05-24 20:49:02.254366,2026-08-23 21:02:22.309587
item_000375,58.24,2.8,books,1.0,6.0,3.766666666666667,0.3,0.4,2026-05-24 20:49:02.254366,2026-08-23 21:02:22.309587
item_000376,784.21,3.6,home_garden,2.0,2.0,2.55,0.2857,0.1429,2026-05-24 20:49:02.254366,2026-08-23 21:02:22.309587
item_000377,4658.83,2.5,jewelry,2.0,7.0,3.1142857142857143,0.5476,0.4286,2026-05-24 20:49:02.254366,2026-08-23 21:02:22.309587
item_000378,31.13,3.6,food,2.0,3.0,1.9,0.6774,0.4194,2026-05-24 20:49:02.254366,2026-08-23 21:02:22.309587
item_000379,182.79,4.0,sports,0.0,2.0,1.616666666666667,0.8378,0.3243,2026-05-24 20:49:02.254366,2026-08-23 21:02:22.309587
item_000380,30.41,4.6,toys,0.0,2.0,2.3375,0.68,0.36,2026-05-24 20:49:02.254366,2026-08-23 21:02:22.309587
item_000381,43.8,3.9,books,7.0,1.0,2.34,0.6154,0.1923,2026-05-24 20:49:02.254366,2026-08-23 21:02:22.309587
item_000382,59.17,4.7,books,1.0,1.0,2.96,0.3889,0.1667,2026-05-24 20:49:02.254366,2026-08-23 21:02:22.309587
item_000383,127.49,3.9,automotive,1.0,2.0,3.05,0.9444,0.5556,2026-05-24 20:49:02.254366,2026-08-23 21:02:22.309587
item_000384,4819.51,2.9,jewelry,5.0,6.0,2.96,0.6471,0.4118,2026-05-24 20:49:02.254366,2026-08-23 21:02:22.309587
item_000385,1282.41,3.5,electronics,4.0,3.0,3.016666666666667,0.5,0.2174,2026-05-24 20:49:02.254366,2026-08-23 21:02:22.309587
item_000386,35.44,3.3,toys,1.0,4.0,2.75,0.5333,0.2667,2026-05-24 20:49:02.254366,2026-08-23 21:02:22.309587
item_000387,1218.79,3.8,electronics,3.0,5.0,3.1,0.5312,0.25,2026-05-24 20:49:02.254366,2026-08-23 21:02:22.309587
item_000388,105.94,2.3,toys,2.0,3.0,3.34,0.5676,0.2432,2026-05-24 20:49:02.254366,2026-08-23 21:02:22.309587
item_000389,34.77,4.7,automotive,2.0,8.0,3.25,0.375,0.625,2026-05-24 20:49:02.254366,2026-08-23 21:02:22.309587
item_000390,93.03,4.2,automotive,0.0,4.0,2.75,0.32,0.44,2026-05-24 20:49:02.254366,2026-08-23 21:02:22.309587
item_000391,1866.92,3.8,electronics,2.0,3.0,3.242857142857143,0.5435,0.2391,2026-05-24 20:49:02.254366,2026-08-23 21:02:22.309587
item_000392,68.28,5.0,clothing,3.0,3.0,2.183333333333333,1.2222,0.5,2026-05-24 20:49:02.254366,2026-08-23 21:02:22.309587
item_000393,243.23,5.0,home_garden,2.0,6.0,3.325,0.4146,0.3902,2026-05-24 20:49:02.254366,2026-08-23 21:02:22.309587
item_000394,1991.18,4.2,electronics,0.0,1.0,2.9000000000000004,0.6786,0.25,2026-05-24 20:49:02.254366,2026-08-23 21:02:22.309587
item_000395,15.2,3.8,food,1.0,5.0,2.677777777777778,0.6875,0.375,2026-05-24 20:49:02.254366,2026-08-23 21:02:22.309587
item_000396,37.76,3.6,food,3.0,1.0,3.2600000000000002,0.4,0.1333,2026-05-24 20:49:02.254366,2026-08-23 21:02:22.309587
item_000397,395.85,3.5,sports,2.0,3.0,2.257142857142857,0.5526,0.3684,2026-05-24 20:49:02.254366,2026-08-23 21:02:22.309587
item_000398,48.13,3.3,food,3.0,1.0,2.68,0.72,0.32,2026-05-24 20:49:02.254366,2026-08-23 21:02:22.309587
item_000399,120.64,3.3,toys,2.0,6.0,3.177777777777778,0.6071,0.3929,2026-05-24 20:49:02.254366,2026-08-23 21:02:22.309587
item_000400,28.35,3.7,books,1.0,4.0,2.033333333333333,0.5306,0.3878,2026-05-24 20:49:02.254366,2026-08-23 21:02:22.309587
item_000401,85.19,4.5,beauty,2.0,4.0,3.0125,0.5938,0.2812,2026-05-24 20:49:02.254366,2026-08-23 21:02:22.309587
item_000402,42.41,3.7,toys,4.0,4.0,3.1999999999999997,0.5862,0.3793,2026-05-24 20:49:02.254366,2026-08-23 21:02:22.309587
item_000403,163.84,2.8,automotive,2.0,1.0,2.914285714285714,0.9091,0.3182,2026-05-24 20:49:02.254366,2026-08-23 21:02:22.309587
item_000404,1690.89,3.6,electronics,1.0,7.0,2.56,0.7619,0.7619,2026-05-24 20:49:02.254366,2026-08-23 21:02:22.309587
item_000405,61.39,3.1,clothing,1.0,4.0,2.9,0.4857,0.2286,2026-05-24 20:49:02.254366,2026-08-23 21:02:22.309587
item_000406,79.4,4.9,clothing,2.0,1.0,3.3199999999999994,0.8182,0.4545,2026-05-24 20:49:02.254366,2026-08-23 21:02:22.309587
item_000407,22.06,2.4,books,4.0,7.0,3.7285714285714286,0.4906,0.3208,2026-05-24 20:49:02.254366,2026-08-23 21:02:22.309587
item_000408,410.81,3.8,home_garden,2.0,3.0,3.0,0.5833,0.4583,2026-05-24 20:49:02.254366,2026-08-23 21:02:22.309587
item_000409,393.37,3.0,automotive,3.0,5.0,3.0125,0.3902,0.2195,2026-05-24 20:49:02.254366,2026-08-23 21:02:22.309587
item_000410,96.73,3.6,beauty,2.0,3.0,2.6399999999999997,0.48,0.4,2026-05-24 20:49:02.254366,2026-08-23 21:02:22.309587
item_000411,1543.03,3.8,electronics,2.0,5.0,4.2,0.5,0.3077,2026-05-24 20:49:02.254366,2026-08-23 21:02:22.309587
item_000412,112.92,4.4,automotive,2.0,1.0,2.5999999999999996,0.6923,0.4615,2026-05-24 20:49:02.254366,2026-08-23 21:02:22.309587
item_000413,4766.32,3.5,jewelry,2.0,5.0,3.142857142857143,0.68,0.6,2026-05-24 20:49:02.254366,2026-08-23 21:02:22.309587
item_000414,37.35,3.7,toys,2.0,4.0,3.5500000000000003,0.6471,0.3235,2026-05-24 20:49:02.254366,2026-08-23 21:02:22.309587
item_000415,208.7,2.0,clothing,0.0,0.0,2.225,0.3846,0.1154,2026-05-24 20:49:02.254366,2026-08-23 21:02:22.309587
item_000416,405.15,4.7,home_garden,1.0,7.0,2.8333333333333335,0.3878,0.4082,2026-05-24 20:49:02.254366,2026-08-23 21:02:22.309587
item_000417,34.06,4.7,food,4.0,4.0,2.4,0.549,0.3137,2026-05-24 20:49:02.254366,2026-08-23 21:02:22.309587
item_000418,135.56,5.0,electronics,3.0,4.0,3.0625,0.963,0.4815,2026-05-24 20:49:02.254366,2026-08-23 21:02:22.309587
item_000419,700.45,3.1,jewelry,2.0,4.0,2.388888888888889,0.4286,0.2857,2026-05-24 20:49:02.254366,2026-08-23 21:02:22.309587
item_000420,218.67,5.0,clothing,2.0,5.0,2.78,0.8,0.55,2026-05-24 20:49:02.254366,2026-08-23 21:02:22.309587
item_000421,193.61,3.5,clothing,5.0,1.0,3.55,0.8333,0.3333,2026-05-24 20:49:02.254366,2026-08-23 21:02:22.309587
item_000422,389.39,4.8,automotive,4.0,2.0,2.7800000000000002,0.4286,0.2857,2026-05-24 20:49:02.254366,2026-08-23 21:02:22.309587
item_000423,50.03,4.3,food,3.0,6.0,3.5181818181818185,0.6786,0.3214,2026-05-24 20:49:02.254366,2026-08-23 21:02:22.309587
item_000424,20.72,3.4,food,4.0,4.0,2.8375,0.5556,0.3333,2026-05-24 20:49:02.254366,2026-08-23 21:02:22.309587
item_000425,20.11,5.0,food,1.0,6.0,2.45,0.7,0.6,2026-05-24 20:49:02.254366,2026-08-23 21:02:22.309587
item_000426,21.94,5.0,automotive,1.0,1.0,2.05,0.6667,0.4286,2026-05-24 20:49:02.254366,2026-08-23 21:02:22.309587
item_000427,113.81,4.8,beauty,5.0,11.0,2.7357142857142853,0.4898,0.5306,2026-05-24 20:49:02.254366,2026-08-23 21:02:22.309587
item_000428,48.02,2.9,automotive,2.0,2.0,2.9166666666666665,0.6296,0.3704,2026-05-24 20:49:02.254366,2026-08-23 21:02:22.309587
item_000429,277.56,3.5,automotive,1.0,3.0,3.4,0.5417,0.5833,2026-05-24 20:49:02.254366,2026-08-23 21:02:22.309587
item_000430,4388.3,4.2,jewelry,0.0,6.0,2.988888888888889,0.7143,0.4571,2026-05-24 20:49:02.254366,2026-08-23 21:02:22.309587
item_000431,318.35,2.8,automotive,3.0,4.0,2.625,0.8,0.48,2026-05-24 20:49:02.254366,2026-08-23 21:02:22.309587
item_000432,613.66,3.7,home_garden,0.0,3.0,3.125,0.8077,0.2308,2026-05-24 20:49:02.254366,2026-08-23 21:02:22.309587
item_000433,127.66,4.5,electronics,2.0,3.0,3.185714285714286,1.2778,0.3889,2026-05-24 20:49:02.254366,2026-08-23 21:02:22.309587
item_000434,97.73,3.7,toys,1.0,3.0,3.4875,0.413,0.3478,2026-05-24 20:49:02.254366,2026-08-23 21:02:22.309587
item_000435,372.63,3.9,automotive,1.0,1.0,3.875,0.4783,0.2174,2026-05-24 20:49:02.254366,2026-08-23 21:02:22.309587
item_000436,40.64,2.4,food,3.0,4.0,3.225,0.6957,0.6522,2026-05-24 20:49:02.254366,2026-08-23 21:02:22.309587
item_000437,51.15,4.5,food,4.0,3.0,2.6833333333333336,0.8158,0.3158,2026-05-24 20:49:02.254366,2026-08-23 21:02:22.309587
item_000438,105.36,4.1,beauty,2.0,6.0,1.6,1.0,0.48,2026-05-24 20:49:02.254366,2026-08-23 21:02:22.309587
item_000439,136.86,3.7,sports,3.0,2.0,3.0555555555555554,0.4746,0.2542,2026-05-24 20:49:02.254366,2026-08-23 21:02:22.309587
item_000440,145.16,4.8,automotive,3.0,4.0,3.1999999999999997,0.5238,0.2857,2026-05-24 20:49:02.254366,2026-08-23 21:02:22.309587
item_000441,35.55,3.8,automotive,4.0,4.0,3.5666666666666664,0.6538,0.3846,2026-05-24 20:49:02.254366,2026-08-23 21:02:22.309587
item_000442,44.93,3.8,toys,2.0,7.0,3.075,0.7812,0.4688,2026-05-24 20:49:02.254366,2026-08-23 21:02:22.309587
item_000443,27.5,4.8,food,2.0,3.0,3.08,0.6667,0.3333,2026-05-24 20:49:02.254366,2026-08-23 21:02:22.309587
item_000444,28.26,4.1,books,3.0,3.0,3.233333333333333,0.4545,0.3182,2026-05-24 20:49:02.254366,2026-08-23 21:02:22.309587
item_000445,70.72,3.0,beauty,2.0,0.0,2.25,1.0,0.4444,2026-05-24 20:49:02.254366,2026-08-23 21:02:22.309587
item_000446,189.49,3.1,automotive,3.0,5.0,2.7375,0.4194,0.2097,2026-05-24 20:49:02.254366,2026-08-23 21:02:22.309587
item_000447,266.86,3.3,electronics,1.0,7.0,2.7199999999999998,0.6087,0.5217,2026-05-24 20:49:02.254366,2026-08-23 21:02:22.309587
item_000448,353.15,4.5,automotive,5.0,3.0,2.566666666666667,0.64,0.3,2026-05-24 20:49:02.254366,2026-08-23 21:02:22.309587
item_000449,222.48,4.4,automotive,3.0,6.0,3.542857142857143,0.6667,0.5,2026-05-24 20:49:02.254366,2026-08-23 21:02:22.309587
item_000450,2414.67,3.9,jewelry,0.0,3.0,3.0666666666666664,0.8261,0.4348,2026-05-24 20:49:02.254366,2026-08-23 21:02:22.309587
item_000451,199.14,3.1,automotive,1.0,4.0,2.15,0.6957,0.4348,2026-05-24 20:49:02.254366,2026-08-23 21:02:22.309587
item_000452,40.07,3.5,toys,8.0,4.0,3.2714285714285714,0.3571,0.2679,2026-05-24 20:49:02.254366,2026-08-23 21:02:22.309587
item_000453,116.18,4.7,home_garden,0.0,4.0,2.6999999999999997,1.2222,0.5556,2026-05-24 20:49:02.254366,2026-08-23 21:02:22.309587
item_000454,35.23,3.7,food,1.0,5.0,2.85,0.6552,0.4828,2026-05-24 20:49:02.254366,2026-08-23 21:02:22.309587
item_000455,371.13,3.6,jewelry,2.0,4.0,3.233333333333333,0.5,0.5,2026-05-24 20:49:02.254366,2026-08-23 21:02:22.309587
item_000456,31.94,3.3,food,4.0,1.0,3.3333333333333335,0.4,0.2571,2026-05-24 20:49:02.254366,2026-08-23 21:02:22.309587
item_000457,728.79,4.5,jewelry,1.0,3.0,3.755555555555555,0.5238,0.3333,2026-05-24 20:49:02.254366,2026-08-23 21:02:22.309587
item_000458,88.37,3.2,toys,3.0,4.0,2.8600000000000003,0.6667,0.5,2026-05-24 20:49:02.254366,2026-08-23 21:02:22.309587
item_000459,222.51,4.3,sports,0.0,5.0,3.466666666666667,1.0455,0.3636,2026-05-24 20:49:02.254366,2026-08-23 21:02:22.309587
item_000460,601.0,3.4,home_garden,1.0,1.0,3.1142857142857143,0.4783,0.2174,2026-05-24 20:49:02.254366,2026-08-23 21:02:22.309587
item_000461,683.24,4.2,home_garden,1.0,1.0,2.3333333333333335,0.8636,0.3636,2026-05-24 20:49:02.254366,2026-08-23 21:02:22.309587
item_000462,126.82,4.0,automotive,1.0,1.0,2.733333333333333,0.75,0.2083,2026-05-24 20:49:02.254366,2026-08-23 21:02:22.309587
item_000463,4631.76,3.7,jewelry,3.0,3.0,2.7800000000000002,0.3261,0.3478,2026-05-24 20:49:02.254366,2026-08-23 21:02:22.309587
item_000464,114.31,3.5,beauty,3.0,5.0,3.1444444444444444,0.55,0.35,2026-05-24 20:49:02.254366,2026-08-23 21:02:22.309587
item_000465,136.13,4.0,beauty,0.0,1.0,2.216666666666667,0.3393,0.125,2026-05-24 20:49:02.254366,2026-08-23 21:02:22.309587
item_000466,162.66,4.0,home_garden,3.0,2.0,3.6400000000000006,1.1579,0.3158,2026-05-24 20:49:02.254366,2026-08-23 21:02:22.309587
item_000467,304.35,3.4,sports,4.0,3.0,2.8857142857142857,0.4545,0.2727,2026-05-24 20:49:02.254366,2026-08-23 21:02:22.309587
item_000468,213.16,4.6,automotive,5.0,6.0,2.642857142857143,0.5714,0.4762,2026-05-24 20:49:02.254366,2026-08-23 21:02:22.309587
item_000469,100.68,4.4,home_garden,2.0,0.0,2.52,0.65,0.45,2026-05-24 20:49:02.254366,2026-08-23 21:02:22.309587
item_000470,56.97,3.1,food,3.0,6.0,2.95,0.5152,0.4848,2026-05-24 20:49:02.254366,2026-08-23 21:02:22.309587
item_000471,49.31,3.2,books,0.0,6.0,2.4666666666666663,0.5,0.6,2026-05-24 20:49:02.254366,2026-08-23 21:02:22.309587
item_000472,11.94,2.5,beauty,3.0,2.0,2.725,0.4667,0.3667,2026-05-24 20:49:02.254366,2026-08-23 21:02:22.309587
item_000473,13.37,4.4,books,2.0,3.0,3.1799999999999997,0.6977,0.2558,2026-05-24 20:49:02.254366,2026-08-23 21:02:22.309587
item_000474,13.45,3.6,books,2.0,3.0,1.65,0.85,0.5,2026-05-24 20:49:02.254366,2026-08-23 21:02:22.309587
item_000475,68.19,3.8,toys,3.0,6.0,3.3000000000000003,0.5862,0.2414,2026-05-24 20:49:02.254366,2026-08-23 21:02:22.309587
item_000476,138.97,3.2,toys,0.0,2.0,2.98,0.4348,0.3043,2026-05-24 20:49:02.254366,2026-08-23 21:02:22.309587
item_000477,46.15,3.8,food,1.0,2.0,2.6714285714285713,0.7037,0.1852,2026-05-24 20:49:02.254366,2026-08-23 21:02:22.309587
item_000478,182.16,4.0,beauty,2.0,6.0,2.75,0.4878,0.3659,2026-05-24 20:49:02.254366,2026-08-23 21:02:22.309587
item_000479,19.02,2.9,books,3.0,0.0,2.2375,0.6383,0.0851,2026-05-24 20:49:02.254366,2026-08-23 21:02:22.309587
item_000480,111.63,4.0,clothing,5.0,3.0,2.6142857142857143,0.5208,0.2292,2026-05-24 20:49:02.254366,2026-08-23 21:02:22.309587
item_000481,155.36,3.9,clothing,5.0,3.0,3.127272727272727,0.7073,0.4146,2026-05-24 20:49:02.254366,2026-08-23 21:02:22.309587
item_000482,216.11,4.8,automotive,2.0,5.0,2.2,0.8636,0.5909,2026-05-24 20:49:02.254366,2026-08-23 21:02:22.309587
item_000483,304.01,4.0,jewelry,2.0,4.0,3.257142857142857,0.6,0.2333,2026-05-24 20:49:02.254366,2026-08-23 21:02:22.309587
item_000484,172.32,3.1,beauty,3.0,8.0,3.0,0.2785,0.3165,2026-05-24 20:49:02.254366,2026-08-23 21:02:22.309587
item_000485,1812.34,3.2,electronics,2.0,4.0,2.4,0.5789,0.6316,2026-05-24 20:49:02.254366,2026-08-23 21:02:22.309587
item_000486,448.92,3.9,sports,3.0,3.0,2.52,0.4038,0.1923,2026-05-24 20:49:02.254366,2026-08-23 21:02:22.309587
item_000487,1846.81,3.6,electronics,3.0,3.0,2.7,0.4318,0.2955,2026-05-24 20:49:02.254366,2026-08-23 21:02:22.309587
item_000488,180.83,4.3,clothing,3.0,4.0,2.766666666666667,0.9091,0.5455,2026-05-24 20:49:02.254366,2026-08-23 21:02:22.309587
item_000489,18.94,2.9,food,6.0,5.0,2.716666666666667,0.32,0.2,2026-05-24 20:49:02.254366,2026-08-23 21:02:22.309587
item_000490,110.76,4.4,toys,1.0,4.0,4.142857142857143,0.575,0.3,2026-05-24 20:49:02.254366,2026-08-23 21:02:22.309587
item_000491,226.8,3.9,clothing,3.0,8.0,2.4333333333333336,0.451,0.3922,2026-05-24 20:49:02.254366,2026-08-23 21:02:22.309587
item_000492,26.32,4.8,books,5.0,9.0,3.0500000000000003,0.5091,0.2727,2026-05-24 20:49:02.254366,2026-08-23 21:02:22.309587
item_000493,148.83,3.7,toys,1.0,2.0,3.02,0.4286,0.2857,2026-05-24 20:49:02.254366,2026-08-23 21:02:22.309587
item_000494,136.77,3.1,clothing,2.0,2.0,2.2,0.7241,0.3448,2026-05-24 20:49:02.254366,2026-08-23 21:02:22.309587
item_000495,423.7,3.1,jewelry,2.0,4.0,3.05,0.4,0.3,2026-05-24 20:49:02.254366,2026-08-23 21:02:22.309587
item_000496,1836.29,4.0,jewelry,4.0,5.0,2.7222222222222223,0.6471,0.3529,2026-05-24 20:49:02.254366,2026-08-23 21:02:22.309587
item_000497,53.68,3.0,beauty,3.0,2.0,3.0625,0.7188,0.3125,2026-05-24 20:49:02.254366,2026-08-23 21:02:22.309587
item_000498,277.36,5.0,automotive,2.0,4.0,0.0,0.6154,0.4615,2026-05-24 20:49:02.254366,2026-08-23 21:02:22.309587
item_000499,18.64,3.7,food,4.0,3.0,4.025,0.6552,0.2414,2026-05-24 20:49:02.254366,2026-08-23 21:02:22.309587
item_000500,33.53,4.9,books,2.0,3.0,2.8600000000000003,0.9,0.55,2026-05-24 20:49:02.254366,2026-08-23 21:02:22.309587
item_000501,1544.82,2.7,jewelry,3.0,2.0,2.783333333333333,0.4643,0.4286,2026-05-24 20:49:02.254366,2026-08-23 21:02:22.309587
item_000502,24.28,2.1,food,3.0,1.0,3.6833333333333336,0.6364,0.1818,2026-05-24 20:49:02.254366,2026-08-23 21:02:22.309587
item_000503,67.98,3.3,beauty,0.0,5.0,3.3166666666666664,0.4688,0.4375,2026-05-24 20:49:02.254366,2026-08-23 21:02:22.309587
item_000504,21.76,4.1,clothing,3.0,4.0,2.25,0.7742,0.4516,2026-05-24 20:49:02.254366,2026-08-23 21:02:22.309587
item_000505,38.77,3.9,books,3.0,0.0,3.6714285714285713,0.5135,0.2162,2026-05-24 20:49:02.254366,2026-08-23 21:02:22.309587
item_000506,146.87,3.4,clothing,0.0,4.0,3.233333333333333,0.6538,0.3846,2026-05-24 20:49:02.254366,2026-08-23 21:02:22.309587
item_000507,3703.43,4.1,jewelry,0.0,5.0,3.08,0.6667,0.5238,2026-05-24 20:49:02.254366,2026-08-23 21:02:22.309587
item_000508,716.58,3.6,electronics,1.0,3.0,2.7428571428571433,0.4643,0.4286,2026-05-24 20:49:02.254366,2026-08-23 21:02:22.309587
item_000509,18.74,3.0,food,3.0,2.0,2.977777777777778,0.4375,0.25,2026-05-24 20:49:02.254366,2026-08-23 21:02:22.309587
item_000510,28.91,5.0,toys,1.0,8.0,3.325,0.7586,0.5517,2026-05-24 20:49:02.254366,2026-08-23 21:02:22.309587
item_000511,73.56,2.1,food,2.0,4.0,3.6399999999999997,0.5556,0.2222,2026-05-24 20:49:02.254366,2026-08-23 21:02:22.309587
item_000512,86.19,4.0,beauty,2.0,2.0,3.6,0.9565,0.4348,2026-05-24 20:49:02.254366,2026-08-23 21:02:22.309587
item_000513,1564.21,3.8,electronics,0.0,2.0,3.766666666666667,0.8462,0.2692,2026-05-24 20:49:02.254366,2026-08-23 21:02:22.309587
item_000514,300.34,3.8,automotive,2.0,1.0,2.6125,0.6667,0.4286,2026-05-24 20:49:02.254366,2026-08-23 21:02:22.309587
item_000515,41.59,4.5,food,3.0,4.0,2.875,0.8696,0.3043,2026-05-24 20:49:02.254366,2026-08-23 21:02:22.309587
item_000516,199.38,3.1,electronics,3.0,3.0,2.5833333333333335,0.8889,0.2963,2026-05-24 20:49:02.254366,2026-08-23 21:02:22.309587
item_000517,2153.74,3.0,jewelry,2.0,3.0,2.675,0.3265,0.1429,2026-05-24 20:49:02.254366,2026-08-23 21:02:22.309587
item_000518,17.83,4.5,toys,4.0,3.0,2.8499999999999996,0.8387,0.4839,2026-05-24 20:49:02.254366,2026-08-23 21:02:22.309587
item_000519,1486.75,4.2,jewelry,0.0,2.0,3.3200000000000003,0.5909,0.4091,2026-05-24 20:49:02.254366,2026-08-23 21:02:22.309587
item_000520,209.61,4.8,jewelry,3.0,4.0,2.766666666666667,0.5,0.4615,2026-05-24 20:49:02.254366,2026-08-23 21:02:22.309587
item_000521,84.78,3.7,beauty,5.0,2.0,2.25,0.84,0.4,2026-05-24 20:49:02.254366,2026-08-23 21:02:22.309587
item_000522,195.67,3.6,beauty,3.0,3.0,2.8333333333333335,0.5667,0.4333,2026-05-24 20:49:02.254366,2026-08-23 21:02:22.309587
item_000523,99.66,4.5,beauty,1.0,5.0,3.125,0.9583,0.4167,2026-05-24 20:49:02.254366,2026-08-23 21:02:22.309587
item_000524,763.47,4.7,jewelry,3.0,1.0,2.2399999999999998,0.7391,0.3913,2026-05-24 20:49:02.254366,2026-08-23 21:02:22.309587
item_000525,283.31,3.0,sports,5.0,3.0,2.9857142857142853,0.5862,0.2759,2026-05-24 20:49:02.254366,2026-08-23 21:02:22.309587
item_000526,63.12,5.0,food,1.0,3.0,4.0,0.5667,0.2667,2026-05-24 20:49:02.254366,2026-08-23 21:02:22.309587
item_000527,156.49,3.5,sports,2.0,5.0,3.3111111111111113,0.52,0.4,2026-05-24 20:49:02.254366,2026-08-23 21:02:22.309587
item_000528,4224.42,4.0,jewelry,0.0,2.0,2.766666666666667,0.8636,0.3636,2026-05-24 20:49:02.254366,2026-08-23 21:02:22.309587
item_000529,1704.48,4.2,electronics,2.0,0.0,2.175,0.6667,0.2333,2026-05-24 20:49:02.254366,2026-08-23 21:02:22.309587
item_000530,200.92,4.6,automotive,5.0,2.0,2.8,0.6296,0.3333,2026-05-24 20:49:02.254366,2026-08-23 21:02:22.309587
item_000531,30.27,4.3,automotive,2.0,4.0,2.8666666666666667,0.6571,0.4286,2026-05-24 20:49:02.254366,2026-08-23 21:02:22.309587
item_000532,79.01,3.9,beauty,2.0,5.0,3.9000000000000004,0.7895,0.4211,2026-05-24 20:49:02.254366,2026-08-23 21:02:22.309587
item_000533,175.4,4.3,home_garden,4.0,5.0,3.46,0.5556,0.3333,2026-05-24 20:49:02.254366,2026-08-23 21:02:22.309587
item_000534,11.06,3.6,toys,5.0,5.0,3.3600000000000003,0.7097,0.3871,2026-05-24 20:49:02.254366,2026-08-23 21:02:22.309587
item_000535,2969.18,3.4,jewelry,2.0,5.0,3.7125,0.5278,0.2778,2026-05-24 20:49:02.254366,2026-08-23 21:02:22.309587
item_000536,1213.59,3.8,electronics,5.0,7.0,3.233333333333333,0.4872,0.359,2026-05-24 20:49:02.254366,2026-08-23 21:02:22.309587
item_000537,131.69,4.7,automotive,1.0,0.0,2.6,0.5,0.3889,2026-05-24 20:49:02.254366,2026-08-23 21:02:22.309587
item_000538,145.13,4.2,automotive,4.0,12.0,3.0,0.4186,0.4419,2026-05-24 20:49:02.254366,2026-08-23 21:02:22.309587
item_000539,73.71,3.5,toys,5.0,3.0,3.3,0.52,0.4,2026-05-24 20:49:02.254366,2026-08-23 21:02:22.309587
item_000540,391.84,3.8,automotive,2.0,2.0,2.425,0.75,0.375,2026-05-24 20:49:02.254366,2026-08-23 21:02:22.309587
item_000541,1691.81,4.5,electronics,2.0,7.0,4.0,0.5429,0.4286,2026-05-24 20:49:02.254366,2026-08-23 21:02:22.309587
item_000542,1295.44,4.0,electronics,3.0,6.0,3.1666666666666665,0.625,0.425,2026-05-24 20:49:02.254366,2026-08-23 21:02:22.309587
item_000543,427.06,3.9,home_garden,2.0,5.0,1.7750000000000001,0.6818,0.3182,2026-05-24 20:49:02.254366,2026-08-23 21:02:22.309587
item_000544,49.5,3.9,clothing,0.0,4.0,3.9799999999999995,0.7368,0.4737,2026-05-24 20:49:02.254366,2026-08-23 21:02:22.309587
item_000545,16.55,3.0,toys,1.0,5.0,2.7875,0.7727,0.4545,2026-05-24 20:49:02.254366,2026-08-23 21:02:22.309587
item_000546,365.45,2.6,sports,3.0,2.0,1.2,0.4062,0.25,2026-05-24 20:49:02.254366,2026-08-23 21:02:22.309587
item_000547,601.41,4.6,jewelry,6.0,5.0,3.216666666666667,0.4909,0.2182,2026-05-24 20:49:02.254366,2026-08-23 21:02:22.309587
item_000548,194.47,3.8,beauty,4.0,4.0,4.25,0.6154,0.3077,2026-05-24 20:49:02.254366,2026-08-23 21:02:22.309587
item_000549,37.28,3.9,beauty,3.0,2.0,2.0833333333333335,0.5172,0.2759,2026-05-24 20:49:02.254366,2026-08-23 21:02:22.309587
item_000550,195.38,3.5,beauty,3.0,2.0,3.025,0.5333,0.4333,2026-05-24 20:49:02.254366,2026-08-23 21:02:22.309587
item_000551,96.17,4.9,beauty,4.0,3.0,3.1,0.587,0.4565,2026-05-24 20:49:02.254366,2026-08-23 21:02:22.309587
item_000552,1137.55,3.5,electronics,1.0,3.0,2.5166666666666666,0.7,0.3,2026-05-24 20:49:02.254366,2026-08-23 21:02:22.309587
item_000553,152.93,3.6,clothing,2.0,2.0,3.3444444444444446,0.5172,0.2759,2026-05-24 20:49:02.254366,2026-08-23 21:02:22.309587
item_000554,640.83,4.6,electronics,0.0,4.0,2.6333333333333333,0.6,0.4,2026-05-24 20:49:02.254366,2026-08-23 21:02:22.309587
item_000555,303.22,2.1,automotive,5.0,3.0,3.4,0.3077,0.2308,2026-05-24 20:49:02.254366,2026-08-23 21:02:22.309587
item_000556,110.19,3.5,beauty,2.0,4.0,3.1,0.7347,0.1837,2026-05-24 20:49:02.254366,2026-08-23 21:02:22.309587
item_000557,1691.72,4.0,jewelry,4.0,4.0,3.7600000000000002,0.7917,0.4167,2026-05-24 20:49:02.254366,2026-08-23 21:02:22.309587
item_000558,58.93,2.9,books,2.0,11.0,2.175,0.5263,0.3684,2026-05-24 20:49:02.254366,2026-08-23 21:02:22.309587
item_000559,31.21,3.2,books,1.0,3.0,2.3666666666666667,0.5676,0.3784,2026-05-24 20:49:02.254366,2026-08-23 21:02:22.309587
item_000560,1793.13,2.8,jewelry,6.0,5.0,3.6,0.2692,0.3077,2026-05-24 20:49:02.254366,2026-08-23 21:02:22.309587
item_000561,82.9,3.9,toys,1.0,1.0,3.733333333333334,1.0435,0.2609,2026-05-24 20:49:02.254366,2026-08-23 21:02:22.309587
item_000562,111.57,3.9,clothing,2.0,7.0,3.75,0.5185,0.7407,2026-05-24 20:49:02.254366,2026-08-23 21:02:22.309587
item_000563,971.1,4.0,electronics,1.0,4.0,3.0799999999999996,0.3704,0.5926,2026-05-24 20:49:02.254366,2026-08-23 21:02:22.309587
item_000564,10.07,3.6,food,2.0,6.0,1.25,1.05,0.5,2026-05-24 20:49:02.254366,2026-08-23 21:02:22.309587
item_000565,453.17,3.7,electronics,3.0,1.0,3.0,0.3696,0.2174,2026-05-24 20:49:02.254366,2026-08-23 21:02:22.309587
item_000566,96.41,3.4,toys,1.0,6.0,3.2,0.5758,0.3636,2026-05-24 20:49:02.254366,2026-08-23 21:02:22.309587
item_000567,1785.42,3.5,electronics,0.0,1.0,3.125,0.5769,0.4231,2026-05-24 20:49:02.254366,2026-08-23 21:02:22.309587
item_000568,558.2,2.9,electronics,1.0,7.0,3.7,0.5333,0.4667,2026-05-24 20:49:02.254366,2026-08-23 21:02:22.309587
item_000569,243.94,4.1,electronics,2.0,3.0,3.44,0.8214,0.1786,2026-05-24 20:49:02.254366,2026-08-23 21:02:22.309587
item_000570,600.06,4.4,home_garden,7.0,3.0,3.12,0.5909,0.2273,2026-05-24 20:49:02.254366,2026-08-23 21:02:22.309587
item_000571,54.16,3.7,books,4.0,1.0,2.7600000000000002,0.5667,0.2667,2026-05-24 20:49:02.254366,2026-08-23 21:02:22.309587
item_000572,83.56,3.7,automotive,1.0,2.0,3.8000000000000003,0.9474,0.5789,2026-05-24 20:49:02.254366,2026-08-23 21:02:22.309587
item_000573,95.12,3.9,beauty,3.0,5.0,2.96,0.3929,0.6429,2026-05-24 20:49:02.254366,2026-08-23 21:02:22.309587
item_000574,43.6,4.8,food,9.0,1.0,3.211111111111111,0.45,0.175,2026-05-24 20:49:02.254366,2026-08-23 21:02:22.309587
item_000575,16.3,3.8,toys,3.0,7.0,3.257142857142857,0.283,0.3396,2026-05-24 20:49:02.254366,2026-08-23 21:02:22.309587
item_000576,67.99,3.8,home_garden,0.0,2.0,2.7600000000000002,0.8148,0.3333,2026-05-24 20:49:02.254366,2026-08-23 21:02:22.309587
item_000577,6.56,5.0,food,7.0,12.0,3.5375,0.7231,0.3385,2026-05-24 20:49:02.254366,2026-08-23 21:02:22.309587
item_000578,45.23,3.7,food,1.0,2.0,2.876923076923077,0.9333,0.3,2026-05-24 20:49:02.254366,2026-08-23 21:02:22.309587
item_000579,1891.21,4.0,electronics,4.0,7.0,3.1,0.8056,0.3333,2026-05-24 20:49:02.254366,2026-08-23 21:02:22.309587
item_000580,11.83,4.0,sports,1.0,7.0,3.6,0.72,0.56,2026-05-24 20:49:02.254366,2026-08-23 21:02:22.309587
item_000581,3709.99,3.6,jewelry,3.0,4.0,0.0,0.625,0.4167,2026-05-24 20:49:02.254366,2026-08-23 21:02:22.309587
item_000582,258.9,4.1,automotive,1.0,1.0,2.942857142857143,0.8,0.2,2026-05-24 20:49:02.254366,2026-08-23 21:02:22.309587
item_000583,102.3,2.8,electronics,1.0,4.0,3.0142857142857147,0.4737,0.2368,2026-05-24 20:49:02.254366,2026-08-23 21:02:22.309587
item_000584,149.82,3.7,toys,3.0,4.0,2.06,0.5417,0.5,2026-05-24 20:49:02.254366,2026-08-23 21:02:22.309587
item_000585,2849.71,3.2,jewelry,6.0,2.0,3.4749999999999996,0.6905,0.2143,2026-05-24 20:49:02.254366,2026-08-23 21:02:22.309587
item_000586,545.04,4.1,home_garden,3.0,6.0,2.6,0.4074,0.3519,2026-05-24 20:49:02.254366,2026-08-23 21:02:22.309587
item_000587,17.63,2.7,automotive,3.0,2.0,2.66,0.5682,0.1818,2026-05-24 20:49:02.254366,2026-08-23 21:02:22.309587
item_000588,21.06,4.3,beauty,1.0,3.0,2.4,0.7273,0.2727,2026-05-24 20:49:02.254366,2026-08-23 21:02:22.309587
item_000589,428.98,2.1,sports,1.0,1.0,2.88,0.5517,0.3448,2026-05-24 20:49:02.254366,2026-08-23 21:02:22.309587
item_000590,773.45,4.1,home_garden,3.0,2.0,3.3833333333333333,0.625,0.5,2026-05-24 20:49:02.254366,2026-08-23 21:02:22.309587
item_000591,223.73,3.1,sports,2.0,3.0,3.5,0.6429,0.3571,2026-05-24 20:49:02.254366,2026-08-23 21:02:22.309587
item_000592,218.07,3.4,clothing,3.0,4.0,2.733333333333333,0.6538,0.3077,2026-05-24 20:49:02.254366,2026-08-23 21:02:22.309587
item_000593,31.61,3.6,books,3.0,6.0,2.783333333333333,0.7143,0.4286,2026-05-24 20:49:02.254366,2026-08-23 21:02:22.309587
item_000594,26.42,4.9,food,3.0,5.0,3.125,0.5122,0.5366,2026-05-24 20:49:02.254366,2026-08-23 21:02:22.309587
item_000595,153.28,3.1,automotive,1.0,5.0,3.675,0.4194,0.5484,2026-05-24 20:49:02.254366,2026-08-23 21:02:22.309587
item_000596,1726.77,3.8,jewelry,3.0,2.0,2.8,0.4348,0.5217,2026-05-24 20:49:02.254366,2026-08-23 21:02:22.309587
item_000597,614.83,4.6,jewelry,6.0,4.0,2.033333333333333,0.6341,0.2439,2026-05-24 20:49:02.254366,2026-08-23 21:02:22.309587
item_000598,1049.5,3.8,electronics,2.0,2.0,2.575,0.5769,0.3846,2026-05-24 20:49:02.254366,2026-08-23 21:02:22.309587
item_000599,120.25,4.2,beauty,2.0,3.0,3.5250000000000004,0.7778,0.5556,2026-05-24 20:49:02.254366,2026-08-23 21:02:22.309587
item_000600,147.86,4.5,toys,2.0,4.0,3.7,0.4889,0.3333,2026-05-24 20:49:02.254366,2026-08-23 21:02:22.309587
item_000601,335.28,3.4,automotive,2.0,3.0,2.1,0.5217,0.4783,2026-05-24 20:49:02.254366,2026-08-23 21:02:22.309587
item_000602,28.62,3.4,food,1.0,10.0,3.766666666666666,0.8621,0.6552,2026-05-24 20:49:02.254366,2026-08-23 21:02:22.309587
item_000603,123.84,3.1,beauty,5.0,6.0,2.6888888888888887,0.5,0.2679,2026-05-24 20:49:02.254366,2026-08-23 21:02:22.309587
item_000604,380.63,4.7,automotive,1.0,3.0,2.8600000000000003,0.4444,0.5,2026-05-24 20:49:02.254366,2026-08-23 21:02:22.309587
item_000605,40.1,5.0,sports,0.0,4.0,2.8166666666666664,0.5909,0.6364,2026-05-24 20:49:02.254366,2026-08-23 21:02:22.309587
item_000606,104.69,2.9,beauty,4.0,3.0,2.6,0.7308,0.2308,2026-05-24 20:49:02.254366,2026-08-23 21:02:22.309587
item_000607,66.12,4.0,beauty,5.0,3.0,3.3230769230769233,0.5652,0.2826,2026-05-24 20:49:02.254366,2026-08-23 21:02:22.309587
item_000608,612.18,3.4,home_garden,4.0,7.0,3.3285714285714287,0.2979,0.383,2026-05-24 20:49:02.254366,2026-08-23 21:02:22.309587
item_000609,1481.27,3.4,electronics,3.0,2.0,2.5,0.4348,0.2609,2026-05-24 20:49:02.254366,2026-08-23 21:02:22.309587
item_000610,61.72,4.2,sports,5.0,7.0,3.1222222222222222,0.4211,0.3684,2026-05-24 20:49:02.254366,2026-08-23 21:02:22.309587
item_000611,684.42,3.8,jewelry,3.0,2.0,2.533333333333333,0.6,0.24,2026-05-24 20:49:02.254366,2026-08-23 21:02:22.309587
item_000612,2381.8,4.1,jewelry,0.0,2.0,3.1285714285714286,0.7333,0.6,2026-05-24 20:49:02.254366,2026-08-23 21:02:22.309587
item_000613,433.59,5.0,home_garden,2.0,8.0,3.4777777777777774,0.381,0.3175,2026-05-24 20:49:02.254366,2026-08-23 21:02:22.309587
item_000614,183.23,4.0,beauty,2.0,10.0,2.34,0.5278,0.5556,2026-05-24 20:49:02.254366,2026-08-23 21:02:22.309587
item_000615,14.92,4.2,books,4.0,3.0,2.936363636363636,0.7222,0.3611,2026-05-24 20:49:02.254366,2026-08-23 21:02:22.309587
item_000616,847.94,4.5,electronics,4.0,5.0,3.1333333333333333,0.5,0.3929,2026-05-24 20:49:02.254366,2026-08-23 21:02:22.309587
item_000617,48.25,3.3,toys,4.0,5.0,3.5142857142857147,0.5417,0.7083,2026-05-24 20:49:02.254366,2026-08-23 21:02:22.309587
item_000618,753.97,4.3,home_garden,1.0,3.0,3.733333333333333,0.5417,0.375,2026-05-24 20:49:02.254366,2026-08-23 21:02:22.309587
item_000619,36.12,3.4,beauty,5.0,1.0,3.88,0.3929,0.3214,2026-05-24 20:49:02.254366,2026-08-23 21:02:22.309587
item_000620,46.64,2.9,sports,2.0,7.0,3.4909090909090907,0.3061,0.3265,2026-05-24 20:49:02.254366,2026-08-23 21:02:22.309587
item_000621,43.25,4.1,books,3.0,5.0,2.6333333333333333,0.6765,0.3529,2026-05-24 20:49:02.254366,2026-08-23 21:02:22.309587
item_000622,860.73,3.0,jewelry,2.0,1.0,3.3800000000000003,0.8,0.4,2026-05-24 20:49:02.254366,2026-08-23 21:02:22.309587
item_000623,117.95,2.9,toys,1.0,4.0,3.65,0.6667,0.375,2026-05-24 20:49:02.254366,2026-08-23 21:02:22.309587
item_000624,18.04,3.8,clothing,6.0,3.0,2.5833333333333335,0.3846,0.2308,2026-05-24 20:49:02.254366,2026-08-23 21:02:22.309587
item_000625,78.23,3.7,toys,3.0,5.0,3.3000000000000003,0.68,0.4,2026-05-24 20:49:02.254366,2026-08-23 21:02:22.309587
item_000626,16.63,4.8,food,1.0,1.0,3.9,0.6389,0.3056,2026-05-24 20:49:02.254366,2026-08-23 21:02:22.309587
item_000627,88.67,3.0,clothing,4.0,8.0,2.7399999999999998,0.3864,0.4318,2026-05-24 20:49:02.254366,2026-08-23 21:02:22.309587
item_000628,5.31,4.0,food,6.0,6.0,3.4,0.5319,0.4468,2026-05-24 20:49:02.254366,2026-08-23 21:02:22.309587
item_000629,32.5,3.2,books,2.0,5.0,2.12,0.5556,0.4815,2026-05-24 20:49:02.254366,2026-08-23 21:02:22.309587
item_000630,942.7,2.7,jewelry,2.0,2.0,3.675,0.3448,0.3103,2026-05-24 20:49:02.254366,2026-08-23 21:02:22.309587
item_000631,46.49,2.4,home_garden,1.0,4.0,3.9000000000000004,0.76,0.4,2026-05-24 20:49:02.254366,2026-08-23 21:02:22.309587
item_000632,4956.36,3.0,jewelry,4.0,3.0,3.6399999999999997,0.5,0.3684,2026-05-24 20:49:02.254366,2026-08-23 21:02:22.309587
item_000633,17.76,3.0,books,1.0,2.0,2.8166666666666664,0.7097,0.2903,2026-05-24 20:49:02.254366,2026-08-23 21:02:22.309587
item_000634,1594.13,2.5,electronics,1.0,2.0,3.2399999999999998,0.6667,0.2821,2026-05-24 20:49:02.254366,2026-08-23 21:02:22.309587
item_000635,559.38,4.4,home_garden,1.0,1.0,1.1,1.1667,0.125,2026-05-24 20:49:02.254366,2026-08-23 21:02:22.309587
item_000636,3512.26,4.6,jewelry,3.0,5.0,3.65,0.6,0.44,2026-05-24 20:49:02.254366,2026-08-23 21:02:22.309587
item_000637,636.21,1.6,electronics,1.0,2.0,2.125,0.5128,0.2308,2026-05-24 20:49:02.254366,2026-08-23 21:02:22.309587
item_000638,414.73,3.3,sports,0.0,3.0,3.4714285714285715,1.0345,0.3448,2026-05-24 20:49:02.254366,2026-08-23 21:02:22.309587
item_000639,166.53,3.5,automotive,7.0,0.0,2.6,0.375,0.1562,2026-05-24 20:49:02.254366,2026-08-23 21:02:22.309587
item_000640,84.66,3.6,toys,3.0,6.0,2.3714285714285714,0.5111,0.2889,2026-05-24 20:49:02.254366,2026-08-23 21:02:22.309587
item_000641,105.69,4.5,automotive,2.0,3.0,1.95,0.6667,0.5,2026-05-24 20:49:02.254366,2026-08-23 21:02:22.309587
item_000642,4.86,4.5,food,4.0,6.0,2.466666666666667,0.7273,0.2424,2026-05-24 20:49:02.254366,2026-08-23 21:02:22.309587
item_000643,23.35,4.0,clothing,1.0,5.0,2.8600000000000003,0.6667,0.2121,2026-05-24 20:49:02.254366,2026-08-23 21:02:22.309587
item_000644,2390.68,4.0,jewelry,0.0,3.0,2.966666666666667,0.6316,0.3158,2026-05-24 20:49:02.254366,2026-08-23 21:02:22.309587
item_000645,763.9,3.4,electronics,2.0,3.0,3.45,0.7826,0.4783,2026-05-24 20:49:02.254366,2026-08-23 21:02:22.309587
item_000646,105.37,2.4,home_garden,2.0,4.0,2.25,1.4667,1.1333,2026-05-24 20:49:02.254366,2026-08-23 21:02:22.309587
item_000647,67.47,3.6,food,2.0,1.0,4.225,0.6042,0.2917,2026-05-24 20:49:02.254366,2026-08-23 21:02:22.309587
item_000648,534.58,4.6,home_garden,4.0,0.0,3.1,0.5926,0.1852,2026-05-24 20:49:02.254366,2026-08-23 21:02:22.309587
item_000649,50.3,3.3,books,3.0,2.0,3.1285714285714286,0.4595,0.1081,2026-05-24 20:49:02.254366,2026-08-23 21:02:22.309587
item_000650,268.36,3.5,clothing,0.0,4.0,2.3,0.6071,0.4286,2026-05-24 20:49:02.254366,2026-08-23 21:02:22.309587
item_000651,32.16,4.3,food,3.0,4.0,3.9,0.6176,0.3824,2026-05-24 20:49:02.254366,2026-08-23 21:02:22.309587
item_000652,333.65,3.5,sports,3.0,3.0,4.6,0.2381,0.3095,2026-05-24 20:49:02.254366,2026-08-23 21:02:22.309587
item_000653,773.44,3.6,home_garden,4.0,4.0,2.9,0.5312,0.4062,2026-05-24 20:49:02.254366,2026-08-23 21:02:22.309587
item_000654,52.18,4.4,books,2.0,4.0,2.79,0.75,0.275,2026-05-24 20:49:02.254366,2026-08-23 21:02:22.309587
item_000655,433.51,2.4,sports,5.0,2.0,3.542857142857143,0.3611,0.1944,2026-05-24 20:49:02.254366,2026-08-23 21:02:22.309587
item_000656,621.99,3.0,home_garden,0.0,5.0,3.8,1.05,0.55,2026-05-24 20:49:02.254366,2026-08-23 21:02:22.309587
item_000657,25.65,5.0,books,1.0,2.0,2.65,0.8333,0.4444,2026-05-24 20:49:02.254366,2026-08-23 21:02:22.309587
item_000658,137.95,4.3,beauty,2.0,3.0,3.1666666666666665,0.6,0.3667,2026-05-24 20:49:02.254366,2026-08-23 21:02:22.309587
item_000659,59.01,4.4,food,3.0,3.0,3.0625,0.5806,0.3871,2026-05-24 20:49:02.254366,2026-08-23 21:02:22.309587
item_000660,1414.25,4.0,jewelry,1.0,4.0,2.433333333333333,0.625,0.375,2026-05-24 20:49:02.254366,2026-08-23 21:02:22.309587
item_000661,305.84,4.1,home_garden,3.0,4.0,2.316666666666667,0.7143,0.3429,2026-05-24 20:49:02.254366,2026-08-23 21:02:22.309587
item_000662,306.71,3.4,automotive,4.0,1.0,2.316666666666667,0.6667,0.2333,2026-05-24 20:49:02.254366,2026-08-23 21:02:22.309587
item_000663,96.34,5.0,sports,8.0,3.0,2.966666666666667,0.6667,0.2917,2026-05-24 20:49:02.254366,2026-08-23 21:02:22.309587
item_000664,23.5,3.6,food,3.0,6.0,2.5,0.4194,0.2419,2026-05-24 20:49:02.254366,2026-08-23 21:02:22.309587
item_000665,3671.2,4.5,jewelry,1.0,3.0,3.5875000000000004,0.5185,0.4444,2026-05-24 20:49:02.254366,2026-08-23 21:02:22.309587
item_000666,751.2,3.5,jewelry,2.0,4.0,3.25,0.3077,0.1795,2026-05-24 20:49:02.254366,2026-08-23 21:02:22.309587
item_000667,182.36,3.3,home_garden,2.0,4.0,4.266666666666667,0.525,0.275,2026-05-24 20:49:02.254366,2026-08-23 21:02:22.309587
item_000668,101.05,3.8,beauty,3.0,1.0,2.966666666666667,0.7,0.3667,2026-05-24 20:49:02.254366,2026-08-23 21:02:22.309587
item_000669,4327.65,4.0,jewelry,0.0,2.0,3.275,0.6129,0.1613,2026-05-24 20:49:02.254366,2026-08-23 21:02:22.309587
item_000670,110.44,4.7,clothing,4.0,3.0,0.0,1.0357,0.4286,2026-05-24 20:49:02.254366,2026-08-23 21:02:22.309587
item_000671,4199.53,5.0,jewelry,1.0,5.0,3.1,0.5,0.3846,2026-05-24 20:49:02.254366,2026-08-23 21:02:22.309587
item_000672,190.4,3.1,clothing,2.0,0.0,2.5,0.7391,0.2609,2026-05-24 20:49:02.254366,2026-08-23 21:02:22.309587
item_000673,302.35,4.3,home_garden,3.0,9.0,2.9625,0.6098,0.3659,2026-05-24 20:49:02.254366,2026-08-23 21:02:22.309587
item_000674,45.13,3.9,beauty,2.0,7.0,2.914285714285714,0.5962,0.3462,2026-05-24 20:49:02.254366,2026-08-23 21:02:22.309587
item_000675,202.18,2.6,electronics,2.0,3.0,3.0300000000000002,0.9545,0.1818,2026-05-24 20:49:02.254366,2026-08-23 21:02:22.309587
item_000676,6.76,4.9,books,2.0,7.0,2.685714285714286,0.6923,0.5385,2026-05-24 20:49:02.254366,2026-08-23 21:02:22.309587
item_000677,312.12,3.5,automotive,5.0,3.0,2.9333333333333336,0.375,0.375,2026-05-24 20:49:02.254366,2026-08-23 21:02:22.309587
item_000678,40.71,3.5,toys,0.0,5.0,2.8833333333333333,0.4545,0.5455,2026-05-24 20:49:02.254366,2026-08-23 21:02:22.309587
item_000679,4015.96,4.9,jewelry,8.0,5.0,2.925,0.4242,0.2121,2026-05-24 20:49:02.254366,2026-08-23 21:02:22.309587
item_000680,89.53,3.8,toys,2.0,3.0,2.075,0.6364,0.3636,2026-05-24 20:49:02.254366,2026-08-23 21:02:22.309587
item_000681,645.13,4.6,electronics,1.0,3.0,2.566666666666667,0.8438,0.4375,2026-05-24 20:49:02.254366,2026-08-23 21:02:22.309587
item_000682,207.18,3.6,home_garden,3.0,3.0,3.4,0.5128,0.2564,2026-05-24 20:49:02.254366,2026-08-23 21:02:22.309587
item_000683,20.94,4.2,books,6.0,4.0,2.95,0.4286,0.2679,2026-05-24 20:49:02.254366,2026-08-23 21:02:22.309587
item_000684,677.37,3.7,home_garden,2.0,3.0,2.9000000000000004,0.6316,0.5263,2026-05-24 20:49:02.254366,2026-08-23 21:02:22.309587
item_000685,51.24,3.2,beauty,2.0,8.0,2.7399999999999998,0.3878,0.4694,2026-05-24 20:49:02.254366,2026-08-23 21:02:22.309587
item_000686,1913.21,4.2,jewelry,1.0,3.0,2.2,0.4762,0.4286,2026-05-24 20:49:02.254366,2026-08-23 21:02:22.309587
item_000687,166.64,4.3,beauty,3.0,9.0,2.4857142857142853,0.8214,0.6786,2026-05-24 20:49:02.254366,2026-08-23 21:02:22.309587
item_000688,96.3,3.8,toys,5.0,6.0,3.016666666666667,0.4898,0.3061,2026-05-24 20:49:02.254366,2026-08-23 21:02:22.309587
item_000689,2931.79,2.4,jewelry,2.0,6.0,3.75,0.6316,0.6842,2026-05-24 20:49:02.254366,2026-08-23 21:02:22.309587
item_000690,438.26,3.0,electronics,2.0,3.0,2.275,0.9524,0.5238,2026-05-24 20:49:02.254366,2026-08-23 21:02:22.309587
item_000691,646.79,3.4,electronics,2.0,5.0,3.28,0.68,0.36,2026-05-24 20:49:02.254366,2026-08-23 21:02:22.309587
item_000692,143.26,4.8,clothing,2.0,2.0,3.4166666666666665,0.5,0.5556,2026-05-24 20:49:02.254366,2026-08-23 21:02:22.309587
item_000693,1059.62,3.8,electronics,1.0,2.0,2.95,0.4595,0.4054,2026-05-24 20:49:02.254366,2026-08-23 21:02:22.309587
item_000694,53.04,4.8,books,6.0,3.0,2.8555555555555556,0.7857,0.2857,2026-05-24 20:49:02.254366,2026-08-23 21:02:22.309587
item_000695,58.57,4.5,automotive,3.0,3.0,2.925,0.4054,0.2703,2026-05-24 20:49:02.254366,2026-08-23 21:02:22.309587
item_000696,1504.89,3.5,electronics,2.0,2.0,2.9,1.2609,0.2609,2026-05-24 20:49:02.254366,2026-08-23 21:02:22.309587
item_000697,679.27,3.9,home_garden,3.0,2.0,2.48,0.4167,0.1875,2026-05-24 20:49:02.254366,2026-08-23 21:02:22.309587
item_000698,194.66,4.4,beauty,2.0,9.0,2.2333333333333334,0.5405,0.3784,2026-05-24 20:49:02.254366,2026-08-23 21:02:22.309587
item_000699,119.79,3.3,automotive,2.0,2.0,2.9,0.6471,0.6471,2026-05-24 20:49:02.254366,2026-08-23 21:02:22.309587
item_000700,4222.4,4.3,jewelry,4.0,2.0,2.75,0.32,0.24,2026-05-24 20:49:02.254366,2026-08-23 21:02:22.309587
item_000701,488.7,4.2,home_garden,1.0,2.0,2.7714285714285714,0.5185,0.3704,2026-05-24 20:49:02.254366,2026-08-23 21:02:22.309587
item_000702,48.99,3.2,clothing,1.0,4.0,3.975,1.1176,0.8235,2026-05-24 20:49:02.254366,2026-08-23 21:02:22.309587
item_000703,217.96,4.1,home_garden,2.0,1.0,3.0999999999999996,0.3947,0.1316,2026-05-24 20:49:02.254366,2026-08-23 21:02:22.309587
item_000704,31.5,3.7,books,3.0,5.0,3.0,0.3226,0.1935,2026-05-24 20:49:02.254366,2026-08-23 21:02:22.309587
item_000705,729.46,2.9,home_garden,2.0,1.0,2.4499999999999997,0.5517,0.2759,2026-05-24 20:49:02.254366,2026-08-23 21:02:22.309587
item_000706,118.85,3.4,sports,2.0,5.0,2.88,0.625,0.3438,2026-05-24 20:49:02.254366,2026-08-23 21:02:22.309587
item_000707,401.3,3.4,sports,2.0,3.0,2.725,0.8519,0.2963,2026-05-24 20:49:02.254366,2026-08-23 21:02:22.309587
item_000708,112.5,4.9,toys,2.0,4.0,3.4199999999999995,0.7143,0.2857,2026-05-24 20:49:02.254366,2026-08-23 21:02:22.309587
item_000709,25.47,3.0,books,4.0,5.0,3.44,0.4242,0.2727,2026-05-24 20:49:02.254366,2026-08-23 21:02:22.309587
item_000710,125.05,3.3,toys,3.0,5.0,2.65,0.5641,0.4103,2026-05-24 20:49:02.254366,2026-08-23 21:02:22.309587
item_000711,231.91,4.1,automotive,1.0,1.0,3.0666666666666664,0.5152,0.2121,2026-05-24 20:49:02.254366,2026-08-23 21:02:22.309587
item_000712,42.27,3.8,books,1.0,6.0,2.6666666666666665,0.5,0.3269,2026-05-24 20:49:02.254366,2026-08-23 21:02:22.309587
item_000713,41.11,3.7,books,3.0,1.0,3.1285714285714286,0.5758,0.2121,2026-05-24 20:49:02.254366,2026-08-23 21:02:22.309587
item_000714,9.19,3.6,books,5.0,2.0,3.475,0.4746,0.1864,2026-05-24 20:49:02.254366,2026-08-23 21:02:22.309587
item_000715,188.01,4.5,sports,4.0,2.0,3.3555555555555556,0.9091,0.5455,2026-05-24 20:49:02.254366,2026-08-23 21:02:22.309587
item_000716,58.78,3.2,food,0.0,2.0,2.2444444444444445,0.4138,0.2069,2026-05-24 20:49:02.254366,2026-08-23 21:02:22.309587
item_000717,19.19,3.1,books,2.0,8.0,3.4,0.3485,0.2121,2026-05-24 20:49:02.254366,2026-08-23 21:02:22.309587
item_000718,1990.06,2.4,electronics,5.0,2.0,3.025,0.5,0.1111,2026-05-24 20:49:02.254366,2026-08-23 21:02:22.309587
item_000719,3531.13,3.5,jewelry,1.0,2.0,4.8,0.7826,0.4783,2026-05-24 20:49:02.254366,2026-08-23 21:02:22.309587
item_000720,15.1,2.9,sports,2.0,2.0,3.2399999999999998,0.2424,0.1515,2026-05-24 20:49:02.254366,2026-08-23 21:02:22.309587
item_000721,23.75,3.6,toys,1.0,3.0,3.1,0.6923,0.2308,2026-05-24 20:49:02.254366,2026-08-23 21:02:22.309587
item_000722,47.81,2.6,toys,2.0,2.0,3.25,0.4828,0.2759,2026-05-24 20:49:02.254366,2026-08-23 21:02:22.309587
item_000723,176.05,3.6,automotive,2.0,0.0,2.92,0.44,0.36,2026-05-24 20:49:02.254366,2026-08-23 21:02:22.309587
item_000724,86.12,4.0,toys,2.0,2.0,2.9,0.3478,0.2174,2026-05-24 20:49:02.254366,2026-08-23 21:02:22.309587
item_000725,49.93,3.8,food,3.0,4.0,2.533333333333333,0.7586,0.6207,2026-05-24 20:49:02.254366,2026-08-23 21:02:22.309587
item_000726,323.33,4.2,automotive,2.0,2.0,2.7857142857142856,0.4615,0.1731,2026-05-24 20:49:02.254366,2026-08-23 21:02:22.309587
item_000727,498.71,4.6,sports,2.0,3.0,2.5300000000000002,0.7073,0.3415,2026-05-24 20:49:02.254366,2026-08-23 21:02:22.309587
item_000728,209.02,4.0,home_garden,1.0,4.0,3.5,0.2609,0.5652,2026-05-24 20:49:02.254366,2026-08-23 21:02:22.309587
item_000729,60.34,3.8,automotive,5.0,6.0,4.3999999999999995,0.4889,0.3111,2026-05-24 20:49:02.254366,2026-08-23 21:02:22.309587
item_000730,493.23,4.1,electronics,5.0,0.0,2.45,0.4127,0.1746,2026-05-24 20:49:02.254366,2026-08-23 21:02:22.309587
item_000731,65.17,4.0,food,2.0,2.0,2.9545454545454546,0.5152,0.1818,2026-05-24 20:49:02.254366,2026-08-23 21:02:22.309587
item_000732,64.95,4.4,food,4.0,2.0,2.975,0.5,0.25,2026-05-24 20:49:02.254366,2026-08-23 21:02:22.309587
item_000733,422.2,3.8,electronics,3.0,3.0,3.1,0.5238,0.3571,2026-05-24 20:49:02.254366,2026-08-23 21:02:22.309587
item_000734,51.67,3.0,food,3.0,7.0,3.2666666666666666,0.3585,0.3962,2026-05-24 20:49:02.254366,2026-08-23 21:02:22.309587
item_000735,103.01,4.5,beauty,1.0,0.0,3.2,0.5667,0.3667,2026-05-24 20:49:02.254366,2026-08-23 21:02:22.309587
item_000736,68.82,2.6,jewelry,3.0,0.0,2.54,0.5116,0.1628,2026-05-24 20:49:02.254366,2026-08-23 21:02:22.309587
item_000737,31.97,4.3,food,1.0,3.0,3.16,0.6522,0.5217,2026-05-24 20:49:02.254366,2026-08-23 21:02:22.309587
item_000738,89.22,4.1,beauty,3.0,3.0,2.357142857142857,0.4091,0.25,2026-05-24 20:49:02.254366,2026-08-23 21:02:22.309587
item_000739,98.37,4.1,toys,4.0,2.0,2.2125,0.4571,0.2571,2026-05-24 20:49:02.254366,2026-08-23 21:02:22.309587
item_000740,57.42,3.9,toys,2.0,3.0,2.733333333333333,0.5769,0.3077,2026-05-24 20:49:02.254366,2026-08-23 21:02:22.309587
item_000741,99.08,5.0,beauty,0.0,6.0,2.1,0.9655,0.4483,2026-05-24 20:49:02.254366,2026-08-23 21:02:22.309587
item_000742,51.89,3.3,clothing,1.0,5.0,3.1833333333333336,0.5345,0.1897,2026-05-24 20:49:02.254366,2026-08-23 21:02:22.309587
item_000743,12.43,3.7,automotive,5.0,6.0,3.6625,0.26,0.32,2026-05-24 20:49:02.254366,2026-08-23 21:02:22.309587
item_000744,162.11,4.7,beauty,4.0,7.0,2.9333333333333336,0.6857,0.4857,2026-05-24 20:49:02.254366,2026-08-23 21:02:22.309587
item_000745,161.16,4.1,home_garden,1.0,5.0,2.125,0.8261,0.6957,2026-05-24 20:49:02.254366,2026-08-23 21:02:22.309587
item_000746,771.56,4.1,home_garden,0.0,4.0,2.9124999999999996,0.7586,0.2759,2026-05-24 20:49:02.254366,2026-08-23 21:02:22.309587
item_000747,51.76,4.7,food,2.0,6.0,3.0428571428571423,0.8333,0.5,2026-05-24 20:49:02.254366,2026-08-23 21:02:22.309587
item_000748,512.77,4.8,electronics,1.0,4.0,3.7600000000000002,0.625,0.325,2026-05-24 20:49:02.254366,2026-08-23 21:02:22.309587
item_000749,179.4,4.3,automotive,2.0,1.0,3.9875,0.6538,0.2692,2026-05-24 20:49:02.254366,2026-08-23 21:02:22.309587
item_000750,71.93,5.0,food,9.0,2.0,2.725,0.5091,0.3818,2026-05-24 20:49:02.254366,2026-08-23 21:02:22.309587
item_000751,1529.02,4.1,electronics,1.0,5.0,2.8333333333333335,0.5,0.4231,2026-05-24 20:49:02.254366,2026-08-23 21:02:22.309587
item_000752,310.48,4.3,sports,1.0,2.0,3.2818181818181817,1.0556,0.3333,2026-05-24 20:49:02.254366,2026-08-23 21:02:22.309587
item_000753,34.52,4.5,toys,1.0,2.0,3.6166666666666667,0.6129,0.2903,2026-05-24 20:49:02.254366,2026-08-23 21:02:22.309587
item_000754,64.37,4.7,automotive,3.0,7.0,3.0,0.6296,0.5185,2026-05-24 20:49:02.254366,2026-08-23 21:02:22.309587
item_000755,125.89,3.2,beauty,3.0,2.0,3.5,0.875,0.5312,2026-05-24 20:49:02.254366,2026-08-23 21:02:22.309587
item_000756,896.03,2.9,electronics,1.0,2.0,3.1166666666666667,0.3611,0.3333,2026-05-24 20:49:02.254366,2026-08-23 21:02:22.309587
item_000757,521.45,3.0,home_garden,0.0,2.0,3.65,0.65,0.55,2026-05-24 20:49:02.254366,2026-08-23 21:02:22.309587
item_000758,45.77,3.5,clothing,1.0,3.0,2.5272727272727273,0.65,0.35,2026-05-24 20:49:02.254366,2026-08-23 21:02:22.309587
item_000759,434.26,4.5,home_garden,4.0,6.0,2.725,0.7778,0.5926,2026-05-24 20:49:02.254366,2026-08-23 21:02:22.309587
item_000760,232.73,5.0,home_garden,7.0,4.0,2.1333333333333333,0.4043,0.2766,2026-05-24 20:49:02.254366,2026-08-23 21:02:22.309587
item_000761,292.35,3.6,clothing,1.0,7.0,4.15,0.45,0.325,2026-05-24 20:49:02.254366,2026-08-23 21:02:22.309587
item_000762,68.93,3.7,beauty,5.0,6.0,2.9285714285714284,0.431,0.2931,2026-05-24 20:49:02.254366,2026-08-23 21:02:22.309587
item_000763,97.47,2.9,toys,6.0,6.0,2.9375,0.2353,0.2353,2026-05-24 20:49:02.254366,2026-08-23 21:02:22.309587
item_000764,3.28,3.0,food,2.0,1.0,3.65,0.8462,0.4231,2026-05-24 20:49:02.254366,2026-08-23 21:02:22.309587
item_000765,258.18,3.5,clothing,1.0,3.0,2.457142857142857,0.8846,0.3077,2026-05-24 20:49:02.254366,2026-08-23 21:02:22.309587
item_000766,4566.33,3.3,jewelry,2.0,5.0,3.05,0.4872,0.2821,2026-05-24 20:49:02.254366,2026-08-23 21:02:22.309587
item_000767,29.25,4.3,food,1.0,2.0,2.716666666666667,0.95,0.4,2026-05-24 20:49:02.254366,2026-08-23 21:02:22.309587
item_000768,1691.82,2.9,electronics,3.0,6.0,3.5100000000000002,0.3971,0.1912,2026-05-24 20:49:02.254366,2026-08-23 21:02:22.309587
item_000769,3985.6,3.0,jewelry,4.0,2.0,2.95,0.4906,0.2642,2026-05-24 20:49:02.254366,2026-08-23 21:02:22.309587
item_000770,207.72,4.0,sports,4.0,4.0,2.6833333333333336,0.6875,0.375,2026-05-24 20:49:02.254366,2026-08-23 21:02:22.309587
item_000771,172.8,3.6,sports,4.0,4.0,2.6166666666666667,0.3333,0.2222,2026-05-24 20:49:02.254366,2026-08-23 21:02:22.309587
item_000772,102.87,3.6,beauty,2.0,6.0,1.8333333333333333,0.4483,0.4483,2026-05-24 20:49:02.254366,2026-08-23 21:02:22.309587
item_000773,138.39,4.5,toys,1.0,3.0,3.2142857142857144,0.5,0.6,2026-05-24 20:49:02.254366,2026-08-23 21:02:22.309587
item_000774,37.89,3.6,toys,5.0,7.0,3.3375,0.4407,0.339,2026-05-24 20:49:02.254366,2026-08-23 21:02:22.309587
item_000775,296.19,3.8,automotive,2.0,5.0,3.0,0.85,0.7,2026-05-24 20:49:02.254366,2026-08-23 21:02:22.309587
item_000776,373.65,3.5,automotive,5.0,2.0,3.1285714285714286,0.4857,0.1714,2026-05-24 20:49:02.254366,2026-08-23 21:02:22.309587
item_000777,10.6,3.7,books,3.0,7.0,2.253846153846154,0.2444,0.3778,2026-05-24 20:49:02.254366,2026-08-23 21:02:22.309587
item_000778,293.62,4.4,clothing,0.0,3.0,3.1666666666666665,0.72,0.44,2026-05-24 20:49:02.254366,2026-08-23 21:02:22.309587
item_000779,383.01,3.5,automotive,3.0,6.0,1.95,0.5116,0.3953,2026-05-24 20:49:02.254366,2026-08-23 21:02:22.309587
item_000780,474.33,3.9,home_garden,1.0,5.0,2.2857142857142856,0.6818,0.5,2026-05-24 20:49:02.254366,2026-08-23 21:02:22.309587
item_000781,378.2,3.5,automotive,2.0,3.0,2.8142857142857145,0.4333,0.2667,2026-05-24 20:49:02.254366,2026-08-23 21:02:22.309587
item_000782,686.97,2.4,jewelry,1.0,1.0,4.066666666666666,0.3871,0.2258,2026-05-24 20:49:02.254366,2026-08-23 21:02:22.309587
item_000783,33.0,3.3,clothing,2.0,3.0,3.35,0.6571,0.1714,2026-05-24 20:49:02.254366,2026-08-23 21:02:22.309587
item_000784,318.66,3.4,sports,2.0,4.0,2.875,0.7188,0.375,2026-05-24 20:49:02.254366,2026-08-23 21:02:22.309587
item_000785,106.16,3.8,jewelry,1.0,2.0,3.62,0.2692,0.1538,2026-05-24 20:49:02.254366,2026-08-23 21:02:22.309587
item_000786,609.58,4.2,home_garden,2.0,2.0,2.733333333333333,0.4468,0.1915,2026-05-24 20:49:02.254366,2026-08-23 21:02:22.309587
item_000787,418.62,3.7,sports,4.0,1.0,2.96,0.5,0.125,2026-05-24 20:49:02.254366,2026-08-23 21:02:22.309587
item_000788,11.31,3.5,automotive,6.0,1.0,3.108333333333333,0.5294,0.1961,2026-05-24 20:49:02.254366,2026-08-23 21:02:22.309587
item_000789,130.22,4.0,clothing,1.0,2.0,3.18,0.9091,0.4545,2026-05-24 20:49:02.254366,2026-08-23 21:02:22.309587
item_000790,145.99,3.8,home_garden,1.0,8.0,0.0,0.4375,0.3125,2026-05-24 20:49:02.254366,2026-08-23 21:02:22.309587
item_000791,13.53,2.9,food,3.0,1.0,3.6375,0.3529,0.2647,2026-05-24 20:49:02.254366,2026-08-23 21:02:22.309587
item_000792,194.93,4.8,sports,3.0,5.0,2.7714285714285714,0.4667,0.2889,2026-05-24 20:49:02.254366,2026-08-23 21:02:22.309587
item_000793,144.71,3.6,toys,10.0,7.0,1.9000000000000001,0.4211,0.2982,2026-05-24 20:49:02.254366,2026-08-23 21:02:22.309587
item_000794,40.28,3.8,food,2.0,8.0,3.066666666666667,0.5435,0.587,2026-05-24 20:49:02.254366,2026-08-23 21:02:22.309587
item_000795,363.55,2.8,automotive,3.0,4.0,2.1333333333333333,0.8333,0.5556,2026-05-24 20:49:02.254366,2026-08-23 21:02:22.309587
item_000796,50.5,4.6,beauty,0.0,4.0,3.15,0.6667,0.375,2026-05-24 20:49:02.254366,2026-08-23 21:02:22.309587
item_000797,27.66,3.5,books,7.0,2.0,3.0,0.5926,0.1852,2026-05-24 20:49:02.254366,2026-08-23 21:02:22.309587
item_000798,54.67,4.9,food,7.0,3.0,2.65,0.6071,0.3571,2026-05-24 20:49:02.254366,2026-08-23 21:02:22.309587
item_000799,56.05,3.8,sports,1.0,3.0,2.62,0.6667,0.2222,2026-05-24 20:49:02.254366,2026-08-23 21:02:22.309587
item_000800,3267.01,4.2,jewelry,5.0,2.0,3.9400000000000004,0.5,0.2353,2026-05-24 20:49:02.254366,2026-08-23 21:02:22.309587
item_000801,4675.56,3.5,jewelry,3.0,4.0,3.075,0.3226,0.3226,2026-05-24 20:49:02.254366,2026-08-23 21:02:22.309587
item_000802,140.6,2.9,sports,1.0,2.0,2.38,0.4286,0.25,2026-05-24 20:49:02.254366,2026-08-23 21:02:22.309587
item_000803,43.78,4.1,clothing,3.0,2.0,3.4555555555555557,1.4375,0.5625,2026-05-24 20:49:02.254366,2026-08-23 21:02:22.309587
item_000804,355.9,4.1,electronics,1.0,2.0,3.6,0.6,0.3714,2026-05-24 20:49:02.254366,2026-08-23 21:02:22.309587
item_000805,150.02,2.3,automotive,3.0,5.0,2.9,0.6207,0.3448,2026-05-24 20:49:02.254366,2026-08-23 21:02:22.309587
item_000806,842.35,2.9,jewelry,0.0,2.0,3.5999999999999996,0.5769,0.3462,2026-05-24 20:49:02.254366,2026-08-23 21:02:22.309587
item_000807,245.48,4.5,clothing,1.0,4.0,3.55,0.5,0.4231,2026-05-24 20:49:02.254366,2026-08-23 21:02:22.309587
item_000808,13.59,3.5,food,1.0,4.0,2.8000000000000003,0.7073,0.3415,2026-05-24 20:49:02.254366,2026-08-23 21:02:22.309587
item_000809,1734.51,4.3,jewelry,4.0,3.0,2.8666666666666667,0.8571,0.619,2026-05-24 20:49:02.254366,2026-08-23 21:02:22.309587
item_000810,18.8,5.0,clothing,2.0,5.0,2.8000000000000003,1.2143,0.9286,2026-05-24 20:49:02.254366,2026-08-23 21:02:22.309587
item_000811,162.85,4.1,clothing,3.0,2.0,3.8200000000000003,0.64,0.44,2026-05-24 20:49:02.254366,2026-08-23 21:02:22.309587
item_000812,21.76,3.8,toys,8.0,2.0,3.0500000000000003,0.5128,0.2308,2026-05-24 20:49:02.254366,2026-08-23 21:02:22.309587
item_000813,348.43,3.3,automotive,5.0,6.0,2.8333333333333335,0.5714,0.4571,2026-05-24 20:49:02.254366,2026-08-23 21:02:22.309587
item_000814,4687.6,4.0,jewelry,2.0,4.0,3.1,0.5417,0.4167,2026-05-24 20:49:02.254366,2026-08-23 21:02:22.309587
item_000815,3054.49,4.1,jewelry,3.0,1.0,2.475,0.7895,0.2632,2026-05-24 20:49:02.254366,2026-08-23 21:02:22.309587
item_000816,365.63,3.8,sports,0.0,6.0,3.1999999999999997,0.8077,0.4615,2026-05-24 20:49:02.254366,2026-08-23 21:02:22.309587
item_000817,60.17,4.3,clothing,1.0,7.0,3.2375,0.5319,0.4255,2026-05-24 20:49:02.254366,2026-08-23 21:02:22.309587
item_000818,504.5,3.0,electronics,3.0,2.0,3.011111111111111,0.625,0.2188,2026-05-24 20:49:02.254366,2026-08-23 21:02:22.309587
item_000819,69.59,3.8,beauty,0.0,3.0,2.3714285714285714,0.8333,0.3333,2026-05-24 20:49:02.254366,2026-08-23 21:02:22.309587
item_000820,491.38,3.8,electronics,1.0,3.0,3.1833333333333336,0.5429,0.4286,2026-05-24 20:49:02.254366,2026-08-23 21:02:22.309587
item_000821,64.31,3.4,toys,1.0,4.0,2.5250000000000004,0.4194,0.2581,2026-05-24 20:49:02.254366,2026-08-23 21:02:22.309587
item_000822,6.81,4.0,food,4.0,0.0,3.6333333333333333,0.5,0.1818,2026-05-24 20:49:02.254366,2026-08-23 21:02:22.309587
item_000823,128.45,2.9,toys,2.0,0.0,3.3166666666666664,0.5517,0.2759,2026-05-24 20:49:02.254366,2026-08-23 21:02:22.309587
item_000824,15.72,3.3,food,1.0,5.0,3.216666666666667,0.5,0.4118,2026-05-24 20:49:02.254366,2026-08-23 21:02:22.309587
item_000825,1029.66,5.0,jewelry,3.0,2.0,3.4714285714285715,0.4091,0.2727,2026-05-24 20:49:02.254366,2026-08-23 21:02:22.309587
item_000826,42.2,3.6,sports,5.0,3.0,3.1916666666666664,0.3051,0.2373,2026-05-24 20:49:02.254366,2026-08-23 21:02:22.309587
item_000827,71.14,3.7,toys,3.0,0.0,3.4799999999999995,0.8214,0.25,2026-05-24 20:49:02.254366,2026-08-23 21:02:22.309587
item_000828,58.5,4.1,beauty,3.0,4.0,2.8285714285714287,0.8049,0.2927,2026-05-24 20:49:02.254366,2026-08-23 21:02:22.309587
item_000829,353.68,4.2,automotive,2.0,3.0,2.35,0.2955,0.1591,2026-05-24 20:49:02.254366,2026-08-23 21:02:22.309587
item_000830,10.35,3.2,food,2.0,1.0,3.1999999999999997,0.3793,0.3103,2026-05-24 20:49:02.254366,2026-08-23 21:02:22.309587
item_000831,535.39,4.9,home_garden,4.0,8.0,2.9,0.4107,0.3571,2026-05-24 20:49:02.254366,2026-08-23 21:02:22.309587
item_000832,2220.38,4.0,jewelry,2.0,2.0,3.157142857142857,0.7241,0.3448,2026-05-24 20:49:02.254366,2026-08-23 21:02:22.309587
item_000833,464.18,5.0,sports,2.0,4.0,3.2636363636363637,0.5,0.3056,2026-05-24 20:49:02.254366,2026-08-23 21:02:22.309587
item_000834,50.33,4.7,jewelry,0.0,1.0,3.3166666666666664,0.5909,0.4091,2026-05-24 20:49:02.254366,2026-08-23 21:02:22.309587
item_000835,50.59,3.4,food,1.0,3.0,2.4,0.8889,0.3333,2026-05-24 20:49:02.254366,2026-08-23 21:02:22.309587
item_000836,3225.06,2.9,jewelry,4.0,1.0,3.257142857142857,0.3617,0.2553,2026-05-24 20:49:02.254366,2026-08-23 21:02:22.309587
item_000837,46.02,2.8,books,2.0,3.0,2.6833333333333336,0.5227,0.2955,2026-05-24 20:49:02.254366,2026-08-23 21:02:22.309587
item_000838,107.57,2.3,home_garden,3.0,2.0,3.04,0.6667,0.2963,2026-05-24 20:49:02.254366,2026-08-23 21:02:22.309587
item_000839,31.61,3.9,books,3.0,2.0,2.4799999999999995,0.75,0.2083,2026-05-24 20:49:02.254366,2026-08-23 21:02:22.309587
item_000840,1901.81,3.4,electronics,2.0,4.0,3.1333333333333333,0.3448,0.3793,2026-05-24 20:49:02.254366,2026-08-23 21:02:22.309587
item_000841,152.64,4.2,automotive,1.0,6.0,3.06,0.5278,0.3333,2026-05-24 20:49:02.254366,2026-08-23 21:02:22.309587
item_000842,166.42,3.4,home_garden,0.0,0.0,3.766666666666667,0.7097,0.129,2026-05-24 20:49:02.254366,2026-08-23 21:02:22.309587
item_000843,156.57,3.2,home_garden,2.0,4.0,1.2,0.4231,0.3462,2026-05-24 20:49:02.254366,2026-08-23 21:02:22.309587
item_000844,199.95,4.2,beauty,2.0,5.0,4.1,0.413,0.2609,2026-05-24 20:49:02.254366,2026-08-23 21:02:22.309587
item_000845,40.33,5.0,automotive,3.0,3.0,3.3499999999999996,0.5758,0.5152,2026-05-24 20:49:02.254366,2026-08-23 21:02:22.309587
item_000846,572.87,4.7,home_garden,4.0,8.0,3.5999999999999996,0.4651,0.4651,2026-05-24 20:49:02.254366,2026-08-23 21:02:22.309587
item_000847,1381.59,4.2,electronics,3.0,0.0,2.42,0.6,0.3,2026-05-24 20:49:02.254366,2026-08-23 21:02:22.309587
item_000848,1635.84,4.6,electronics,1.0,7.0,2.6555555555555554,0.6458,0.375,2026-05-24 20:49:02.254366,2026-08-23 21:02:22.309587
item_000849,1266.91,4.1,electronics,3.0,1.0,2.94,0.963,0.4074,2026-05-24 20:49:02.254366,2026-08-23 21:02:22.309587
item_000850,45.44,2.3,food,1.0,2.0,2.6,0.6,0.32,2026-05-24 20:49:02.254366,2026-08-23 21:02:22.309587
item_000851,8.98,4.3,books,1.0,3.0,3.0125,0.6562,0.1875,2026-05-24 20:49:02.254366,2026-08-23 21:02:22.309587
item_000852,51.47,4.1,food,3.0,7.0,3.1285714285714286,0.6154,0.3333,2026-05-24 20:49:02.254366,2026-08-23 21:02:22.309587
item_000853,13.04,4.4,toys,4.0,3.0,3.1999999999999997,0.6389,0.3333,2026-05-24 20:49:02.254366,2026-08-23 21:02:22.309587
item_000854,35.54,3.4,toys,1.0,4.0,3.1714285714285713,0.8462,0.4231,2026-05-24 20:49:02.254366,2026-08-23 21:02:22.309587
item_000855,190.67,4.6,clothing,4.0,4.0,2.96,1.0,0.5455,2026-05-24 20:49:02.254366,2026-08-23 21:02:22.309587
item_000856,76.41,3.0,clothing,3.0,2.0,2.6750000000000003,0.4412,0.1765,2026-05-24 20:49:02.254366,2026-08-23 21:02:22.309587
item_000857,2900.37,3.9,jewelry,2.0,6.0,3.5,0.5652,0.7826,2026-05-24 20:49:02.254366,2026-08-23 21:02:22.309587
item_000858,882.38,3.8,jewelry,3.0,4.0,2.8777777777777778,0.4706,0.3824,2026-05-24 20:49:02.254366,2026-08-23 21:02:22.309587
item_000859,95.13,2.1,sports,2.0,2.0,2.95,0.463,0.2037,2026-05-24 20:49:02.254366,2026-08-23 21:02:22.309587
item_000860,1867.16,3.4,electronics,1.0,1.0,2.65,0.95,0.35,2026-05-24 20:49:02.254366,2026-08-23 21:02:22.309587
item_000861,9.69,4.1,books,1.0,2.0,2.02,0.6957,0.3043,2026-05-24 20:49:02.254366,2026-08-23 21:02:22.309587
item_000862,3777.88,3.4,jewelry,2.0,6.0,3.3285714285714283,0.32,0.4,2026-05-24 20:49:02.254366,2026-08-23 21:02:22.309587
item_000863,144.84,4.8,toys,0.0,3.0,2.733333333333333,0.5532,0.3404,2026-05-24 20:49:02.254366,2026-08-23 21:02:22.309587
item_000864,264.6,3.9,sports,1.0,1.0,3.242857142857143,0.9375,0.3125,2026-05-24 20:49:02.254366,2026-08-23 21:02:22.309587
item_000865,127.09,3.6,automotive,1.0,0.0,2.62,0.65,0.2,2026-05-24 20:49:02.254366,2026-08-23 21:02:22.309587
item_000866,40.7,4.6,clothing,3.0,3.0,3.28,0.6923,0.5,2026-05-24 20:49:02.254366,2026-08-23 21:02:22.309587
item_000867,10.3,3.5,food,1.0,5.0,3.4,0.6452,0.3226,2026-05-24 20:49:02.254366,2026-08-23 21:02:22.309587
item_000868,363.98,3.0,automotive,1.0,5.0,2.3333333333333335,0.3617,0.2553,2026-05-24 20:49:02.254366,2026-08-23 21:02:22.309587
item_000869,4863.45,4.2,jewelry,3.0,4.0,3.15,0.75,0.5417,2026-05-24 20:49:02.254366,2026-08-23 21:02:22.309587
item_000870,2962.38,2.9,jewelry,1.0,0.0,2.983333333333333,0.5789,0.1579,2026-05-24 20:49:02.254366,2026-08-23 21:02:22.309587
item_000871,52.88,3.5,toys,2.0,4.0,3.1333333333333333,0.5263,0.3947,2026-05-24 20:49:02.254366,2026-08-23 21:02:22.309587
item_000872,59.7,3.8,books,8.0,6.0,3.111111111111111,0.4375,0.3438,2026-05-24 20:49:02.254366,2026-08-23 21:02:22.309587
item_000873,31.79,3.6,books,3.0,3.0,2.8333333333333335,1.0,0.5,2026-05-24 20:49:02.254366,2026-08-23 21:02:22.309587
item_000874,88.43,5.0,beauty,5.0,4.0,2.8625000000000003,0.3636,0.2545,2026-05-24 20:49:02.254366,2026-08-23 21:02:22.309587
item_000875,796.37,4.1,home_garden,0.0,7.0,3.6750000000000003,0.5667,0.4333,2026-05-24 20:49:02.254366,2026-08-23 21:02:22.309587
item_000876,11.94,3.7,toys,1.0,4.0,2.1666666666666665,0.6538,0.3462,2026-05-24 20:49:02.254366,2026-08-23 21:02:22.309587
item_000877,544.96,3.4,home_garden,2.0,6.0,3.15,0.5357,0.3214,2026-05-24 20:49:02.254366,2026-08-23 21:02:22.309587
item_000878,326.5,4.0,electronics,1.0,3.0,3.233333333333333,0.5161,0.4194,2026-05-24 20:49:02.254366,2026-08-23 21:02:22.309587
item_000879,265.65,2.5,sports,3.0,2.0,1.95,0.3243,0.2432,2026-05-24 20:49:02.254366,2026-08-23 21:02:22.309587
item_000880,19.31,4.6,toys,5.0,5.0,3.4200000000000004,0.5098,0.3922,2026-05-24 20:49:02.254366,2026-08-23 21:02:22.309587
item_000881,28.38,2.7,toys,3.0,3.0,2.05,0.4194,0.3871,2026-05-24 20:49:02.254366,2026-08-23 21:02:22.309587
item_000882,486.78,4.0,home_garden,3.0,2.0,2.95,1.0625,0.5,2026-05-24 20:49:02.254366,2026-08-23 21:02:22.309587
item_000883,45.15,3.7,sports,1.0,6.0,3.316666666666667,0.4792,0.3125,2026-05-24 20:49:02.254366,2026-08-23 21:02:22.309587
item_000884,3215.07,4.3,jewelry,3.0,1.0,2.983333333333333,0.4333,0.3,2026-05-24 20:49:02.254366,2026-08-23 21:02:22.309587
item_000885,31.12,3.8,books,2.0,6.0,2.8083333333333336,0.2857,0.2698,2026-05-24 20:49:02.254366,2026-08-23 21:02:22.309587
item_000886,362.79,4.1,sports,9.0,1.0,3.45,0.5167,0.2333,2026-05-24 20:49:02.254366,2026-08-23 21:02:22.309587
item_000887,75.64,5.0,food,4.0,2.0,3.2285714285714286,0.4848,0.2424,2026-05-24 20:49:02.254366,2026-08-23 21:02:22.309587
item_000888,1905.38,4.4,electronics,5.0,4.0,2.0,0.6129,0.2581,2026-05-24 20:49:02.254366,2026-08-23 21:02:22.309587
item_000889,425.4,3.6,sports,0.0,5.0,3.225,0.72,0.56,2026-05-24 20:49:02.254366,2026-08-23 21:02:22.309587
item_000890,48.81,3.1,home_garden,2.0,4.0,3.8166666666666664,0.55,0.375,2026-05-24 20:49:02.254366,2026-08-23 21:02:22.309587
item_000891,1886.47,3.7,electronics,1.0,2.0,3.625,0.4848,0.1818,2026-05-24 20:49:02.254366,2026-08-23 21:02:22.309587
item_000892,48.74,3.1,toys,4.0,2.0,3.266666666666667,0.5333,0.2667,2026-05-24 20:49:02.254366,2026-08-23 21:02:22.309587
item_000893,26.65,3.9,food,5.0,6.0,3.8833333333333333,0.4561,0.2456,2026-05-24 20:49:02.254366,2026-08-23 21:02:22.309587
item_000894,100.92,3.9,beauty,3.0,8.0,3.8857142857142857,0.8846,0.5769,2026-05-24 20:49:02.254366,2026-08-23 21:02:22.309587
item_000895,497.35,2.8,jewelry,3.0,7.0,3.15,0.4848,0.5152,2026-05-24 20:49:02.254366,2026-08-23 21:02:22.309587
item_000896,430.21,3.9,sports,2.0,5.0,3.6,0.4762,0.5238,2026-05-24 20:49:02.254366,2026-08-23 21:02:22.309587
item_000897,499.57,4.9,sports,0.0,5.0,2.0,0.7308,0.8462,2026-05-24 20:49:02.254366,2026-08-23 21:02:22.309587
item_000898,28.49,3.8,books,6.0,4.0,3.46,0.5854,0.2927,2026-05-24 20:49:02.254366,2026-08-23 21:02:22.309587
item_000899,61.31,3.5,toys,1.0,3.0,2.4699999999999998,0.6591,0.2727,2026-05-24 20:49:02.254366,2026-08-23 21:02:22.309587
item_000900,495.27,4.3,sports,2.0,2.0,2.4,0.3333,0.3,2026-05-24 20:49:02.254366,2026-08-23 21:02:22.309587
item_000901,385.09,3.7,automotive,0.0,7.0,2.433333333333333,0.64,0.48,2026-05-24 20:49:02.254366,2026-08-23 21:02:22.309587
item_000902,128.37,3.7,toys,2.0,3.0,4.05,0.5,0.5556,2026-05-24 20:49:02.254366,2026-08-23 21:02:22.309587
item_000903,47.09,4.6,toys,2.0,1.0,2.9375,0.6579,0.2105,2026-05-24 20:49:02.254366,2026-08-23 21:02:22.309587
item_000904,28.58,3.2,books,3.0,6.0,2.8285714285714287,0.5,0.4444,2026-05-24 20:49:02.254366,2026-08-23 21:02:22.309587
item_000905,274.02,4.4,sports,2.0,4.0,1.55,0.5714,0.3333,2026-05-24 20:49:02.254366,2026-08-23 21:02:22.309587
item_000906,438.78,2.8,home_garden,1.0,2.0,3.15,0.5185,0.5185,2026-05-24 20:49:02.254366,2026-08-23 21:02:22.309587
item_000907,257.4,5.0,automotive,6.0,1.0,3.78,0.4688,0.4062,2026-05-24 20:49:02.254366,2026-08-23 21:02:22.309587
item_000908,48.46,3.2,food,1.0,5.0,3.233333333333333,0.5625,0.2708,2026-05-24 20:49:02.254366,2026-08-23 21:02:22.309587
item_000909,246.56,3.9,clothing,5.0,5.0,3.35,0.381,0.3333,2026-05-24 20:49:02.254366,2026-08-23 21:02:22.309587
item_000910,144.18,4.8,home_garden,4.0,3.0,2.8000000000000003,0.697,0.2727,2026-05-24 20:49:02.254366,2026-08-23 21:02:22.309587
item_000911,35.89,2.8,books,1.0,4.0,2.966666666666667,0.4483,0.4138,2026-05-24 20:49:02.254366,2026-08-23 21:02:22.309587
item_000912,1054.3,3.4,electronics,1.0,4.0,3.2857142857142856,0.6818,0.6364,2026-05-24 20:49:02.254366,2026-08-23 21:02:22.309587
item_000913,194.54,4.4,clothing,1.0,1.0,3.825,0.7391,0.2174,2026-05-24 20:49:02.254366,2026-08-23 21:02:22.309587
item_000914,1729.83,2.6,electronics,2.0,3.0,3.014285714285714,0.6538,0.5,2026-05-24 20:49:02.254366,2026-08-23 21:02:22.309587
item_000915,338.6,4.1,sports,2.0,7.0,2.5166666666666666,0.55,0.4,2026-05-24 20:49:02.254366,2026-08-23 21:02:22.309587
item_000916,49.55,4.0,clothing,1.0,6.0,2.658333333333333,1.0,0.5769,2026-05-24 20:49:02.254366,2026-08-23 21:02:22.309587
item_000917,122.48,1.2,toys,2.0,6.0,1.75,0.3667,0.3667,2026-05-24 20:49:02.254366,2026-08-23 21:02:22.309587
item_000918,23.56,2.5,sports,3.0,0.0,3.2399999999999998,0.7,0.3,2026-05-24 20:49:02.254366,2026-08-23 21:02:22.309587
item_000919,117.85,2.4,automotive,0.0,5.0,3.5833333333333335,0.375,0.375,2026-05-24 20:49:02.254366,2026-08-23 21:02:22.309587
item_000920,11.95,2.3,food,4.0,3.0,3.55,0.65,0.3,2026-05-24 20:49:02.254366,2026-08-23 21:02:22.309587
item_000921,217.39,4.0,sports,1.0,3.0,4.166666666666667,0.8125,0.3438,2026-05-24 20:49:02.254366,2026-08-23 21:02:22.309587
item_000922,152.3,3.3,beauty,0.0,5.0,3.0125,0.9167,0.4583,2026-05-24 20:49:02.254366,2026-08-23 21:02:22.309587
item_000923,4285.79,2.7,jewelry,1.0,1.0,0.0,0.7037,0.2593,2026-05-24 20:49:02.254366,2026-08-23 21:02:22.309587
item_000924,34.02,4.5,food,4.0,3.0,1.55,0.7037,0.4444,2026-05-24 20:49:02.254366,2026-08-23 21:02:22.309587
item_000925,324.34,4.8,sports,4.0,4.0,3.011111111111111,0.7838,0.4054,2026-05-24 20:49:02.254366,2026-08-23 21:02:22.309587
item_000926,95.31,4.8,toys,2.0,5.0,3.6,0.4815,0.3704,2026-05-24 20:49:02.254366,2026-08-23 21:02:22.309587
item_000927,42.98,3.9,beauty,4.0,5.0,3.46,0.8214,0.4286,2026-05-24 20:49:02.254366,2026-08-23 21:02:22.309587
item_000928,153.75,2.4,clothing,2.0,3.0,3.085714285714286,0.7097,0.3226,2026-05-24 20:49:02.254366,2026-08-23 21:02:22.309587
item_000929,131.63,2.7,clothing,2.0,4.0,1.6,0.2308,0.2308,2026-05-24 20:49:02.254366,2026-08-23 21:02:22.309587
item_000930,74.28,3.0,toys,2.0,3.0,2.6,0.4706,0.4412,2026-05-24 20:49:02.254366,2026-08-23 21:02:22.309587
item_000931,121.86,3.3,clothing,5.0,4.0,3.4200000000000004,0.6296,0.5926,2026-05-24 20:49:02.254366,2026-08-23 21:02:22.309587
item_000932,447.97,4.7,sports,5.0,4.0,2.685714285714286,0.5161,0.3871,2026-05-24 20:49:02.254366,2026-08-23 21:02:22.309587
item_000933,118.01,4.1,beauty,5.0,1.0,3.483333333333333,0.3913,0.3261,2026-05-24 20:49:02.254366,2026-08-23 21:02:22.309587
item_000934,149.72,3.8,automotive,0.0,4.0,2.275,0.8571,0.5238,2026-05-24 20:49:02.254366,2026-08-23 21:02:22.309587
item_000935,45.03,3.9,books,2.0,2.0,3.3142857142857145,0.7407,0.5556,2026-05-24 20:49:02.254366,2026-08-23 21:02:22.309587
item_000936,1712.86,4.4,electronics,2.0,8.0,3.04,0.5333,0.3111,2026-05-24 20:49:02.254366,2026-08-23 21:02:22.309587
item_000937,1704.12,4.4,electronics,3.0,3.0,2.8285714285714287,0.4571,0.2857,2026-05-24 20:49:02.254366,2026-08-23 21:02:22.309587
item_000938,45.19,3.8,food,1.0,2.0,2.0,0.7619,0.5238,2026-05-24 20:49:02.254366,2026-08-23 21:02:22.309587
item_000939,75.27,4.6,food,5.0,7.0,2.6727272727272724,0.6774,0.5484,2026-05-24 20:49:02.254366,2026-08-23 21:02:22.309587
item_000940,966.2,3.5,electronics,0.0,3.0,2.9125,0.875,0.5417,2026-05-24 20:49:02.254366,2026-08-23 21:02:22.309587
item_000941,896.31,4.3,jewelry,0.0,5.0,2.38,0.76,0.8,2026-05-24 20:49:02.254366,2026-08-23 21:02:22.309587
item_000942,188.04,4.6,beauty,1.0,6.0,3.1333333333333333,0.48,0.68,2026-05-24 20:49:02.254366,2026-08-23 21:02:22.309587
item_000943,335.35,4.4,sports,1.0,2.0,3.4,0.6562,0.125,2026-05-24 20:49:02.254366,2026-08-23 21:02:22.309587
item_000944,177.09,3.1,beauty,4.0,1.0,3.3714285714285714,0.4872,0.3333,2026-05-24 20:49:02.254366,2026-08-23 21:02:22.309587
item_000945,149.34,3.6,sports,4.0,6.0,2.522222222222222,0.3636,0.4545,2026-05-24 20:49:02.254366,2026-08-23 21:02:22.309587
item_000946,178.77,2.5,home_garden,3.0,2.0,2.8666666666666667,0.4375,0.3438,2026-05-24 20:49:02.254366,2026-08-23 21:02:22.309587
item_000947,212.65,2.9,home_garden,5.0,4.0,3.6833333333333336,0.4,0.2,2026-05-24 20:49:02.254366,2026-08-23 21:02:22.309587
item_000948,57.46,3.6,beauty,2.0,9.0,3.377777777777778,0.5263,0.4474,2026-05-24 20:49:02.254366,2026-08-23 21:02:22.309587
item_000949,46.24,3.8,beauty,4.0,4.0,3.625,0.4603,0.1746,2026-05-24 20:49:02.254366,2026-08-23 21:02:22.309587
item_000950,1514.83,4.0,electronics,5.0,4.0,2.1666666666666665,0.3947,0.3684,2026-05-24 20:49:02.254366,2026-08-23 21:02:22.309587
item_000951,80.11,2.9,beauty,2.0,5.0,3.35,0.6522,0.5217,2026-05-24 20:49:02.254366,2026-08-23 21:02:22.309587
item_000952,55.42,3.7,books,4.0,2.0,2.6888888888888887,0.8966,0.3103,2026-05-24 20:49:02.254366,2026-08-23 21:02:22.309587
item_000953,4309.48,4.5,jewelry,2.0,5.0,2.6,0.7407,0.5926,2026-05-24 20:49:02.254366,2026-08-23 21:02:22.309587
item_000954,56.88,4.0,food,4.0,4.0,2.95,0.6296,0.3704,2026-05-24 20:49:02.254366,2026-08-23 21:02:22.309587
item_000955,757.5,4.2,home_garden,0.0,5.0,3.4,0.6552,0.4138,2026-05-24 20:49:02.254366,2026-08-23 21:02:22.309587
item_000956,50.06,3.8,books,2.0,4.0,3.15,0.6333,0.4,2026-05-24 20:49:02.254366,2026-08-23 21:02:22.309587
item_000957,476.28,3.3,home_garden,2.0,2.0,4.233333333333333,0.6667,0.375,2026-05-24 20:49:02.254366,2026-08-23 21:02:22.309587
item_000958,1178.39,3.1,jewelry,1.0,3.0,3.875,0.4483,0.3448,2026-05-24 20:49:02.254366,2026-08-23 21:02:22.309587
item_000959,1677.9,3.6,jewelry,1.0,4.0,2.66,1.0526,0.7368,2026-05-24 20:49:02.254366,2026-08-23 21:02:22.309587
item_000960,312.38,4.3,home_garden,1.0,1.0,2.55,0.6842,0.4211,2026-05-24 20:49:02.254366,2026-08-23 21:02:22.309587
item_000961,491.85,3.2,home_garden,2.0,3.0,2.611111111111111,0.4571,0.3143,2026-05-24 20:49:02.254366,2026-08-23 21:02:22.309587
item_000962,32.95,3.4,books,1.0,3.0,2.8444444444444446,1.1739,0.3478,2026-05-24 20:49:02.254366,2026-08-23 21:02:22.309587
item_000963,174.07,3.8,electronics,1.0,4.0,2.442857142857143,0.7727,0.7273,2026-05-24 20:49:02.254366,2026-08-23 21:02:22.309587
item_000964,275.13,5.0,sports,2.0,6.0,2.5875,0.7586,0.4483,2026-05-24 20:49:02.254366,2026-08-23 21:02:22.309587
item_000965,243.65,4.0,sports,3.0,2.0,2.611111111111111,0.5161,0.3871,2026-05-24 20:49:02.254366,2026-08-23 21:02:22.309587
item_000966,86.06,4.0,sports,2.0,3.0,2.825,0.6667,0.4167,2026-05-24 20:49:02.254366,2026-08-23 21:02:22.309587
item_000967,15.08,3.5,books,3.0,1.0,3.6999999999999997,0.4722,0.25,2026-05-24 20:49:02.254366,2026-08-23 21:02:22.309587
item_000968,153.86,5.0,sports,4.0,7.0,2.3499999999999996,0.931,0.4483,2026-05-24 20:49:02.254366,2026-08-23 21:02:22.309587
item_000969,51.73,3.9,food,4.0,11.0,2.8600000000000003,0.3673,0.4898,2026-05-24 20:49:02.254366,2026-08-23 21:02:22.309587
item_000970,363.31,4.5,automotive,3.0,5.0,3.5,0.4694,0.2857,2026-05-24 20:49:02.254366,2026-08-23 21:02:22.309587
item_000971,1489.13,5.0,electronics,5.0,2.0,2.5,0.4231,0.3846,2026-05-24 20:49:02.254366,2026-08-23 21:02:22.309587
item_000972,47.89,3.1,home_garden,2.0,2.0,3.7285714285714286,0.3333,0.1111,2026-05-24 20:49:02.254366,2026-08-23 21:02:22.309587
item_000973,131.03,3.7,beauty,3.0,5.0,3.3666666666666667,0.6538,0.4615,2026-05-24 20:49:02.254366,2026-08-23 21:02:22.309587
item_000974,39.61,5.0,sports,1.0,4.0,2.6333333333333333,0.3636,0.4091,2026-05-24 20:49:02.254366,2026-08-23 21:02:22.309587
item_000975,143.23,3.9,home_garden,2.0,4.0,4.0,0.5357,0.3929,2026-05-24 20:49:02.254366,2026-08-23 21:02:22.309587
item_000976,14.09,3.5,books,1.0,4.0,3.1799999999999997,0.7083,0.2083,2026-05-24 20:49:02.254366,2026-08-23 21:02:22.309587
item_000977,64.4,4.5,beauty,1.0,5.0,3.4125,1.0303,0.5455,2026-05-24 20:49:02.254366,2026-08-23 21:02:22.309587
item_000978,773.24,3.6,jewelry,2.0,2.0,2.2666666666666666,0.5,0.2917,2026-05-24 20:49:02.254366,2026-08-23 21:02:22.309587
item_000979,14.3,3.6,food,2.0,0.0,3.6666666666666665,0.4857,0.2,2026-05-24 20:49:02.254366,2026-08-23 21:02:22.309587
item_000980,84.1,2.6,clothing,4.0,1.0,2.7,0.4118,0.1765,2026-05-24 20:49:02.254366,2026-08-23 21:02:22.309587
item_000981,81.01,2.3,beauty,1.0,1.0,2.585714285714286,0.3056,0.1667,2026-05-24 20:49:02.254366,2026-08-23 21:02:22.309587
item_000982,221.17,4.1,automotive,1.0,4.0,3.75,0.8077,0.4615,2026-05-24 20:49:02.254366,2026-08-23 21:02:22.309587
item_000983,4656.44,3.4,jewelry,1.0,1.0,3.225,0.56,0.28,2026-05-24 20:49:02.254366,2026-08-23 21:02:22.309587
item_000984,181.22,4.2,sports,4.0,1.0,2.742857142857143,0.6429,0.3571,2026-05-24 20:49:02.254366,2026-08-23 21:02:22.309587
item_000985,1131.08,4.0,jewelry,1.0,2.0,3.266666666666667,1.0345,0.3103,2026-05-24 20:49:02.254366,2026-08-23 21:02:22.309587
item_000986,97.18,3.8,home_garden,3.0,2.0,2.08,0.6774,0.3871,2026-05-24 20:49:02.254366,2026-08-23 21:02:22.309587
item_000987,75.76,2.1,food,3.0,5.0,1.72,0.5897,0.2821,2026-05-24 20:49:02.254366,2026-08-23 21:02:22.309587
item_000988,160.02,3.6,clothing,3.0,5.0,3.207142857142857,0.5106,0.2979,2026-05-24 20:49:02.254366,2026-08-23 21:02:22.309587
item_000989,280.28,3.2,clothing,3.0,4.0,2.94,0.5122,0.2195,2026-05-24 20:49:02.254366,2026-08-23 21:02:22.309587
item_000990,92.2,3.2,clothing,2.0,3.0,1.8,0.3714,0.4,2026-05-24 20:49:02.254366,2026-08-23 21:02:22.309587
item_000991,148.94,2.6,automotive,1.0,4.0,2.7,0.3667,0.3333,2026-05-24 20:49:02.254366,2026-08-23 21:02:22.309587
item_000992,746.94,2.8,home_garden,7.0,5.0,3.25,0.3433,0.2239,2026-05-24 20:49:02.254366,2026-08-23 21:02:22.309587
item_000993,252.63,3.8,automotive,0.0,0.0,3.6666666666666665,0.5714,0.5714,2026-05-24 20:49:02.254366,2026-08-23 21:02:22.309587
item_000994,317.2,5.0,home_garden,1.0,2.0,2.814285714285714,0.4783,0.2609,2026-05-24 20:49:02.254366,2026-08-23 21:02:22.309587
item_000995,350.74,5.0,sports,3.0,6.0,2.75,0.5882,0.8824,2026-05-24 20:49:02.254366,2026-08-23 21:02:22.309587
item_000996,451.86,3.2,sports,8.0,3.0,3.6,0.4103,0.2051,2026-05-24 20:49:02.254366,2026-08-23 21:02:22.309587
item_000997,3312.74,4.4,jewelry,3.0,0.0,3.8,0.92,0.28,2026-05-24 20:49:02.254366,2026-08-23 21:02:22.309587
item_000998,30.43,4.7,food,3.0,7.0,2.8333333333333335,0.6066,0.2623,2026-05-24 20:49:02.254366,2026-08-23 21:02:22.309587
item_000999,864.89,3.4,electronics,5.0,3.0,2.62,0.4444,0.3056,2026-05-24 20:49:02.254366,2026-08-23 21:02:22.309587
item_001000,5.62,4.3,books,3.0,6.0,3.4545454545454546,0.8966,0.6552,2026-05-24 20:49:02.254366,2026-08-23 21:02:22.309587
item_001001,977.4,4.6,electronics,1.0,3.0,3.377777777777778,0.5952,0.2857,2026-05-24 20:49:02.254366,2026-08-23 21:02:22.309587
item_001002,42.36,2.8,books,1.0,6.0,2.0,0.2985,0.1642,2026-05-24 20:49:02.254366,2026-08-23 21:02:22.309587
item_001003,2579.89,4.1,jewelry,1.0,5.0,2.8375,0.96,0.4,2026-05-24 20:49:02.254366,2026-08-23 21:02:22.309587
item_001004,30.71,3.1,automotive,1.0,5.0,2.8142857142857145,0.6452,0.4516,2026-05-24 20:49:02.254366,2026-08-23 21:02:22.309587
item_001005,72.7,4.1,toys,2.0,4.0,3.6750000000000003,0.875,0.4167,2026-05-24 20:49:02.254366,2026-08-23 21:02:22.309587
item_001006,46.12,3.8,food,2.0,5.0,3.1833333333333336,0.6216,0.4054,2026-05-24 20:49:02.254366,2026-08-23 21:02:22.309587
item_001007,27.48,2.6,books,8.0,6.0,2.92,0.3556,0.2667,2026-05-24 20:49:02.254366,2026-08-23 21:02:22.309587
item_001008,4133.2,3.3,jewelry,3.0,3.0,3.3199999999999994,0.6452,0.4516,2026-05-24 20:49:02.254366,2026-08-23 21:02:22.309587
item_001009,43.41,3.2,beauty,3.0,5.0,3.0,0.4545,0.3333,2026-05-24 20:49:02.254366,2026-08-23 21:02:22.309587
item_001010,1544.27,4.6,jewelry,2.0,5.0,2.433333333333333,0.7407,0.2963,2026-05-24 20:49:02.254366,2026-08-23 21:02:22.309587
item_001011,26.8,3.7,books,6.0,2.0,3.033333333333333,0.64,0.14,2026-05-24 20:49:02.254366,2026-08-23 21:02:22.309587
item_001012,373.65,3.2,automotive,1.0,4.0,4.425,0.8462,0.7692,2026-05-24 20:49:02.254366,2026-08-23 21:02:22.309587
item_001013,1907.79,4.2,jewelry,5.0,5.0,3.2857142857142856,1.0952,0.5714,2026-05-24 20:49:02.254366,2026-08-23 21:02:22.309587
item_001014,17.69,3.6,automotive,3.0,2.0,3.016666666666667,0.6111,0.5,2026-05-24 20:49:02.254366,2026-08-23 21:02:22.309587
item_001015,380.85,3.9,automotive,3.0,6.0,3.1,0.449,0.3061,2026-05-24 20:49:02.254366,2026-08-23 21:02:22.309587
item_001016,127.15,3.7,beauty,1.0,2.0,2.533333333333333,0.5,0.4545,2026-05-24 20:49:02.254366,2026-08-23 21:02:22.309587
item_001017,14.9,5.0,beauty,1.0,3.0,2.766666666666667,0.7667,0.4,2026-05-24 20:49:02.254366,2026-08-23 21:02:22.309587
item_001018,5.96,3.9,food,2.0,5.0,2.54,0.5429,0.4571,2026-05-24 20:49:02.254366,2026-08-23 21:02:22.309587
item_001019,384.93,4.3,automotive,1.0,7.0,1.5666666666666667,0.75,0.4375,2026-05-24 20:49:02.254366,2026-08-23 21:02:22.309587
item_001020,192.52,4.6,clothing,2.0,2.0,3.442857142857143,0.5652,0.2609,2026-05-24 20:49:02.254366,2026-08-23 21:02:22.309587
item_001021,2337.82,3.7,jewelry,0.0,3.0,2.8166666666666664,0.4167,0.375,2026-05-24 20:49:02.254366,2026-08-23 21:02:22.309587
item_001022,42.27,4.8,toys,2.0,5.0,3.625,0.6957,0.4348,2026-05-24 20:49:02.254366,2026-08-23 21:02:22.309587
item_001023,135.67,4.4,clothing,3.0,5.0,4.114285714285715,0.6786,0.4643,2026-05-24 20:49:02.254366,2026-08-23 21:02:22.309587
item_001024,403.6,2.4,sports,3.0,1.0,2.725,0.4074,0.2593,2026-05-24 20:49:02.254366,2026-08-23 21:02:22.309587
item_001025,19.97,3.3,toys,0.0,3.0,3.216666666666667,0.5333,0.3667,2026-05-24 20:49:02.254366,2026-08-23 21:02:22.309587
item_001026,229.54,3.8,sports,2.0,3.0,2.3875,0.8108,0.2973,2026-05-24 20:49:02.254366,2026-08-23 21:02:22.309587
item_001027,59.72,3.8,food,5.0,4.0,3.1125,0.48,0.26,2026-05-24 20:49:02.254366,2026-08-23 21:02:22.309587
item_001028,450.2,3.4,sports,4.0,3.0,2.8999999999999995,0.5185,0.4074,2026-05-24 20:49:02.254366,2026-08-23 21:02:22.309587
item_001029,256.42,4.1,clothing,2.0,6.0,3.5,0.4359,0.4103,2026-05-24 20:49:02.254366,2026-08-23 21:02:22.309587
item_001030,76.46,3.6,food,0.0,2.0,2.5333333333333337,0.5667,0.3667,2026-05-24 20:49:02.254366,2026-08-23 21:02:22.309587
item_001031,27.51,3.8,books,1.0,5.0,3.0749999999999997,0.75,0.4583,2026-05-24 20:49:02.254366,2026-08-23 21:02:22.309587
item_001032,265.67,3.5,sports,2.0,3.0,3.1333333333333333,0.4483,0.2759,2026-05-24 20:49:02.254366,2026-08-23 21:02:22.309587
item_001033,34.25,3.6,books,3.0,5.0,3.72,0.4286,0.3714,2026-05-24 20:49:02.254366,2026-08-23 21:02:22.309587
item_001034,12.94,3.1,toys,1.0,3.0,3.88,0.4412,0.2647,2026-05-24 20:49:02.254366,2026-08-23 21:02:22.309587
item_001035,334.86,4.0,sports,5.0,2.0,2.95,0.5862,0.2069,2026-05-24 20:49:02.254366,2026-08-23 21:02:22.309587
item_001036,100.25,4.2,beauty,6.0,6.0,3.05,0.5,0.35,2026-05-24 20:49:02.254366,2026-08-23 21:02:22.309587
item_001037,1766.53,2.9,jewelry,2.0,2.0,1.4666666666666668,0.5652,0.1739,2026-05-24 20:49:02.254366,2026-08-23 21:02:22.309587
item_001038,118.38,3.4,beauty,4.0,9.0,2.711111111111111,0.5208,0.4375,2026-05-24 20:49:02.254366,2026-08-23 21:02:22.309587
item_001039,56.7,3.8,books,4.0,4.0,3.4,0.5667,0.3667,2026-05-24 20:49:02.254366,2026-08-23 21:02:22.309587
item_001040,337.82,4.9,automotive,1.0,4.0,2.6833333333333336,0.3871,0.3548,2026-05-24 20:49:02.254366,2026-08-23 21:02:22.309587
item_001041,47.86,3.1,books,1.0,2.0,3.0625,0.6923,0.3846,2026-05-24 20:49:02.254366,2026-08-23 21:02:22.309587
item_001042,169.69,3.6,beauty,1.0,3.0,3.84,0.6,0.64,2026-05-24 20:49:02.254366,2026-08-23 21:02:22.309587
item_001043,24.94,3.5,clothing,2.0,3.0,1.9500000000000002,1.4118,0.4118,2026-05-24 20:49:02.254366,2026-08-23 21:02:22.309587
item_001044,197.08,4.0,beauty,6.0,3.0,3.6833333333333336,0.4412,0.2941,2026-05-24 20:49:02.254366,2026-08-23 21:02:22.309587
item_001045,16.54,3.1,books,4.0,2.0,2.466666666666667,0.5517,0.2414,2026-05-24 20:49:02.254366,2026-08-23 21:02:22.309587
item_001046,945.03,3.3,electronics,2.0,5.0,3.0,0.5357,0.3214,2026-05-24 20:49:02.254366,2026-08-23 21:02:22.309587
item_001047,66.47,5.0,food,2.0,5.0,3.3600000000000003,0.7742,0.3548,2026-05-24 20:49:02.254366,2026-08-23 21:02:22.309587
item_001048,750.84,2.4,home_garden,2.0,3.0,3.0714285714285716,0.7241,0.3448,2026-05-24 20:49:02.254366,2026-08-23 21:02:22.309587
item_001049,46.13,3.7,books,4.0,5.0,2.7714285714285714,0.7857,0.4643,2026-05-24 20:49:02.254366,2026-08-23 21:02:22.309587
item_001050,221.35,3.8,clothing,2.0,3.0,2.8,0.5,0.4286,2026-05-24 20:49:02.254366,2026-08-23 21:02:22.309587
item_001051,90.41,3.5,beauty,3.0,5.0,1.9,0.3214,0.4643,2026-05-24 20:49:02.254366,2026-08-23 21:02:22.309587
item_001052,27.48,4.6,books,2.0,5.0,3.6799999999999997,0.3636,0.3636,2026-05-24 20:49:02.254366,2026-08-23 21:02:22.309587
item_001053,9.53,3.9,books,3.0,9.0,2.8857142857142857,0.52,0.36,2026-05-24 20:49:02.254366,2026-08-23 21:02:22.309587
item_001054,294.52,5.0,clothing,2.0,3.0,3.4,0.5161,0.2258,2026-05-24 20:49:02.254366,2026-08-23 21:02:22.309587
item_001055,9.84,2.6,beauty,4.0,1.0,2.983333333333333,0.4571,0.2286,2026-05-24 20:49:02.254366,2026-08-23 21:02:22.309587
item_001056,114.21,4.1,clothing,4.0,5.0,2.7,0.6667,0.5556,2026-05-24 20:49:02.254366,2026-08-23 21:02:22.309587
item_001057,1252.19,4.0,jewelry,4.0,0.0,4.15,0.6087,0.4348,2026-05-24 20:49:02.254366,2026-08-23 21:02:22.309587
item_001058,38.44,4.2,books,3.0,3.0,3.5125,0.625,0.3333,2026-05-24 20:49:02.254366,2026-08-23 21:02:22.309587
item_001059,46.41,4.5,books,1.0,3.0,3.0777777777777775,0.5833,0.3056,2026-05-24 20:49:02.254366,2026-08-23 21:02:22.309587
item_001060,17.89,4.8,food,2.0,5.0,3.1833333333333336,0.75,0.5,2026-05-24 20:49:02.254366,2026-08-23 21:02:22.309587
item_001061,16.7,5.0,beauty,1.0,3.0,3.0285714285714285,0.8636,0.4091,2026-05-24 20:49:02.254366,2026-08-23 21:02:22.309587
item_001062,28.55,2.9,beauty,4.0,3.0,3.95,0.7917,0.4583,2026-05-24 20:49:02.254366,2026-08-23 21:02:22.309587
item_001063,172.9,4.1,beauty,0.0,4.0,2.375,0.5417,0.75,2026-05-24 20:49:02.254366,2026-08-23 21:02:22.309587
item_001064,86.99,4.6,home_garden,1.0,8.0,3.322222222222222,0.4483,0.4138,2026-05-24 20:49:02.254366,2026-08-23 21:02:22.309587
item_001065,201.57,3.7,clothing,2.0,5.0,3.6,1.0556,0.8889,2026-05-24 20:49:02.254366,2026-08-23 21:02:22.309587
item_001066,261.66,3.1,jewelry,0.0,4.0,3.5625,0.9412,0.8235,2026-05-24 20:49:02.254366,2026-08-23 21:02:22.309587
item_001067,130.14,3.2,toys,7.0,3.0,2.875,0.2881,0.2373,2026-05-24 20:49:02.254366,2026-08-23 21:02:22.309587
item_001068,1575.85,5.0,electronics,2.0,4.0,2.9333333333333336,0.5641,0.3077,2026-05-24 20:49:02.254366,2026-08-23 21:02:22.309587
item_001069,199.79,3.3,home_garden,6.0,6.0,2.6333333333333333,0.2958,0.2113,2026-05-24 20:49:02.254366,2026-08-23 21:02:22.309587
item_001070,1512.78,4.0,jewelry,1.0,4.0,3.125,0.7308,0.5385,2026-05-24 20:49:02.254366,2026-08-23 21:02:22.309587
item_001071,33.98,3.3,food,3.0,4.0,2.71,0.6905,0.2857,2026-05-24 20:49:02.254366,2026-08-23 21:02:22.309587
item_001072,29.45,3.8,toys,3.0,2.0,3.4714285714285715,0.3654,0.2115,2026-05-24 20:49:02.254366,2026-08-23 21:02:22.309587
item_001073,4053.74,2.8,jewelry,5.0,3.0,3.4599999999999995,0.4146,0.2927,2026-05-24 20:49:02.254366,2026-08-23 21:02:22.309587
item_001074,284.3,2.8,automotive,2.0,3.0,3.1333333333333333,0.7391,0.3913,2026-05-24 20:49:02.254366,2026-08-23 21:02:22.309587
item_001075,83.36,4.2,sports,2.0,3.0,2.7,0.5217,0.3913,2026-05-24 20:49:02.254366,2026-08-23 21:02:22.309587
item_001076,64.6,2.0,sports,5.0,5.0,2.55,0.4444,0.3333,2026-05-24 20:49:02.254366,2026-08-23 21:02:22.309587
item_001077,7.26,4.8,food,3.0,3.0,3.1666666666666665,0.6296,0.4815,2026-05-24 20:49:02.254366,2026-08-23 21:02:22.309587
item_001078,24.21,4.0,food,3.0,2.0,2.6333333333333333,0.5625,0.2188,2026-05-24 20:49:02.254366,2026-08-23 21:02:22.309587
item_001079,38.86,2.9,books,5.0,5.0,3.25,0.6923,0.3077,2026-05-24 20:49:02.254366,2026-08-23 21:02:22.309587
item_001080,34.97,4.0,toys,1.0,6.0,3.4666666666666663,0.72,0.6,2026-05-24 20:49:02.254366,2026-08-23 21:02:22.309587
item_001081,47.58,3.5,books,3.0,1.0,2.6399999999999997,0.4483,0.3448,2026-05-24 20:49:02.254366,2026-08-23 21:02:22.309587
item_001082,104.3,3.1,automotive,6.0,5.0,3.3666666666666667,0.4468,0.2766,2026-05-24 20:49:02.254366,2026-08-23 21:02:22.309587
item_001083,3508.09,4.6,jewelry,2.0,4.0,2.957142857142857,1.4706,0.4118,2026-05-24 20:49:02.254366,2026-08-23 21:02:22.309587
item_001084,277.07,4.2,automotive,1.0,6.0,3.283333333333333,0.7097,0.4194,2026-05-24 20:49:02.254366,2026-08-23 21:02:22.309587
item_001085,178.45,3.4,beauty,3.0,3.0,3.125,0.7143,0.2286,2026-05-24 20:49:02.254366,2026-08-23 21:02:22.309587
item_001086,39.1,3.2,food,0.0,6.0,2.675,1.0909,0.6364,2026-05-24 20:49:02.254366,2026-08-23 21:02:22.309587
item_001087,43.22,5.0,books,0.0,6.0,2.15,1.1429,0.4286,2026-05-24 20:49:02.254366,2026-08-23 21:02:22.309587
item_001088,96.07,4.1,automotive,6.0,1.0,1.6333333333333335,0.6286,0.2857,2026-05-24 20:49:02.254366,2026-08-23 21:02:22.309587
item_001089,30.79,3.8,books,1.0,1.0,4.175,0.5,0.6364,2026-05-24 20:49:02.254366,2026-08-23 21:02:22.309587
item_001090,277.98,3.2,clothing,3.0,5.0,2.9,0.3125,0.25,2026-05-24 20:49:02.254366,2026-08-23 21:02:22.309587
item_001091,290.45,3.2,clothing,1.0,4.0,2.68,0.4091,0.5,2026-05-24 20:49:02.254366,2026-08-23 21:02:22.309587
item_001092,17.08,5.0,food,5.0,5.0,2.7636363636363637,0.6889,0.4222,2026-05-24 20:49:02.254366,2026-08-23 21:02:22.309587
item_001093,293.76,4.3,electronics,4.0,6.0,3.4375,0.4468,0.4255,2026-05-24 20:49:02.254366,2026-08-23 21:02:22.309587
item_001094,967.63,3.8,electronics,1.0,3.0,3.8333333333333335,0.4828,0.4138,2026-05-24 20:49:02.254366,2026-08-23 21:02:22.309587
item_001095,181.35,2.8,clothing,1.0,1.0,3.38,0.5769,0.2692,2026-05-24 20:49:02.254366,2026-08-23 21:02:22.309587
item_001096,139.87,3.4,beauty,6.0,5.0,3.614285714285714,0.5319,0.1702,2026-05-24 20:49:02.254366,2026-08-23 21:02:22.309587
item_001097,14.69,4.1,food,2.0,5.0,2.65,0.44,0.32,2026-05-24 20:49:02.254366,2026-08-23 21:02:22.309587
item_001098,72.46,4.6,beauty,4.0,10.0,2.6333333333333333,0.4,0.3667,2026-05-24 20:49:02.254366,2026-08-23 21:02:22.309587
item_001099,107.61,3.9,sports,1.0,1.0,2.0,0.5667,0.2333,2026-05-24 20:49:02.254366,2026-08-23 21:02:22.309587
item_001100,31.15,4.6,books,0.0,1.0,3.02,1.0417,0.375,2026-05-24 20:49:02.254366,2026-08-23 21:02:22.309587
item_001101,527.95,3.9,home_garden,2.0,2.0,4.1,0.5417,0.375,2026-05-24 20:49:02.254366,2026-08-23 21:02:22.309587
item_001102,722.97,4.5,home_garden,3.0,2.0,3.733333333333333,0.7,0.3,2026-05-24 20:49:02.254366,2026-08-23 21:02:22.309587
item_001103,10.33,3.6,books,3.0,4.0,3.085714285714286,0.4118,0.2157,2026-05-24 20:49:02.254366,2026-08-23 21:02:22.309587
item_001104,105.88,4.5,toys,8.0,4.0,2.85,0.6034,0.2414,2026-05-24 20:49:02.254366,2026-08-23 21:02:22.309587
item_001105,309.99,3.5,automotive,4.0,10.0,3.111111111111111,0.4151,0.2642,2026-05-24 20:49:02.254366,2026-08-23 21:02:22.309587
item_001106,167.74,4.3,beauty,1.0,8.0,3.5,0.7917,0.5833,2026-05-24 20:49:02.254366,2026-08-23 21:02:22.309587
item_001107,448.85,3.9,home_garden,4.0,3.0,1.95,0.7333,0.6,2026-05-24 20:49:02.254366,2026-08-23 21:02:22.309587
item_001108,407.44,2.3,sports,1.0,4.0,2.675,0.5,0.25,2026-05-24 20:49:02.254366,2026-08-23 21:02:22.309587
item_001109,460.08,3.3,home_garden,1.0,5.0,2.8833333333333333,0.4878,0.2439,2026-05-24 20:49:02.254366,2026-08-23 21:02:22.309587
item_001110,51.27,2.7,toys,2.0,4.0,2.4,0.3667,0.5,2026-05-24 20:49:02.254366,2026-08-23 21:02:22.309587
item_001111,4835.19,5.0,jewelry,3.0,7.0,2.7600000000000002,0.7222,0.4167,2026-05-24 20:49:02.254366,2026-08-23 21:02:22.309587
item_001112,137.32,4.2,automotive,3.0,0.0,2.56,0.7917,0.2917,2026-05-24 20:49:02.254366,2026-08-23 21:02:22.309587
item_001113,120.42,3.4,automotive,5.0,2.0,3.142857142857143,0.4412,0.2353,2026-05-24 20:49:02.254366,2026-08-23 21:02:22.309587
item_001114,1724.19,2.8,jewelry,5.0,3.0,2.42,0.381,0.1905,2026-05-24 20:49:02.254366,2026-08-23 21:02:22.309587
item_001115,107.47,3.9,sports,1.0,5.0,2.56,0.4681,0.3617,2026-05-24 20:49:02.254366,2026-08-23 21:02:22.309587
item_001116,47.46,4.1,toys,4.0,3.0,2.0,0.7241,0.3448,2026-05-24 20:49:02.254366,2026-08-23 21:02:22.309587
item_001117,55.98,3.4,books,1.0,4.0,3.0,0.5667,0.3333,2026-05-24 20:49:02.254366,2026-08-23 21:02:22.309587
item_001118,4519.82,4.0,jewelry,2.0,4.0,3.0,0.6944,0.3889,2026-05-24 20:49:02.254366,2026-08-23 21:02:22.309587
item_001119,621.1,4.6,home_garden,1.0,3.0,2.8857142857142857,0.7391,0.4348,2026-05-24 20:49:02.254366,2026-08-23 21:02:22.309587
item_001120,129.43,3.2,sports,5.0,2.0,2.1,0.6286,0.2857,2026-05-24 20:49:02.254366,2026-08-23 21:02:22.309587
item_001121,48.19,3.4,food,6.0,3.0,3.4,0.3617,0.1915,2026-05-24 20:49:02.254366,2026-08-23 21:02:22.309587
item_001122,63.3,2.7,food,3.0,2.0,2.9714285714285715,0.5667,0.2,2026-05-24 20:49:02.254366,2026-08-23 21:02:22.309587
item_001123,41.33,4.7,food,0.0,2.0,3.3000000000000003,0.8571,0.4286,2026-05-24 20:49:02.254366,2026-08-23 21:02:22.309587
item_001124,247.94,2.0,clothing,3.0,6.0,3.8800000000000003,0.56,0.56,2026-05-24 20:49:02.254366,2026-08-23 21:02:22.309587
item_001125,199.88,3.5,beauty,3.0,6.0,3.625,0.5882,0.4118,2026-05-24 20:49:02.254366,2026-08-23 21:02:22.309587
item_001126,17.12,5.0,books,1.0,5.0,3.9000000000000004,1.087,0.5652,2026-05-24 20:49:02.254366,2026-08-23 21:02:22.309587
item_001127,130.86,2.2,toys,2.0,2.0,3.233333333333333,0.4667,0.1778,2026-05-24 20:49:02.254366,2026-08-23 21:02:22.309587
item_001128,492.21,4.0,sports,2.0,2.0,2.8833333333333333,0.3529,0.1765,2026-05-24 20:49:02.254366,2026-08-23 21:02:22.309587
item_001129,176.89,4.2,sports,4.0,9.0,3.1375,0.4237,0.2881,2026-05-24 20:49:02.254366,2026-08-23 21:02:22.309587
item_001130,782.45,4.2,home_garden,1.0,4.0,2.04,0.92,0.32,2026-05-24 20:49:02.254366,2026-08-23 21:02:22.309587
item_001131,75.91,4.4,beauty,5.0,0.0,3.5799999999999996,0.8611,0.2778,2026-05-24 20:49:02.254366,2026-08-23 21:02:22.309587
item_001132,346.72,3.9,sports,3.0,1.0,3.5,0.75,0.5,2026-05-24 20:49:02.254366,2026-08-23 21:02:22.309587
item_001133,29.62,3.9,food,3.0,4.0,2.4125,0.6667,0.5556,2026-05-24 20:49:02.254366,2026-08-23 21:02:22.309587
item_001134,319.73,2.7,home_garden,2.0,3.0,2.7,0.9231,0.2692,2026-05-24 20:49:02.254366,2026-08-23 21:02:22.309587
item_001135,30.71,3.7,beauty,0.0,4.0,3.22,0.7778,0.2222,2026-05-24 20:49:02.254366,2026-08-23 21:02:22.309587
item_001136,3273.6,3.9,jewelry,4.0,3.0,2.65,0.6,0.3667,2026-05-24 20:49:02.254366,2026-08-23 21:02:22.309587
item_001137,50.77,3.3,beauty,3.0,6.0,3.19,0.6585,0.439,2026-05-24 20:49:02.254366,2026-08-23 21:02:22.309587
item_001138,57.31,3.2,books,3.0,3.0,2.18,0.5814,0.1628,2026-05-24 20:49:02.254366,2026-08-23 21:02:22.309587
item_001139,17.04,4.2,food,3.0,1.0,2.55,0.5161,0.1935,2026-05-24 20:49:02.254366,2026-08-23 21:02:22.309587
item_001140,103.85,4.3,beauty,0.0,2.0,3.1333333333333333,1.0476,0.4286,2026-05-24 20:49:02.254366,2026-08-23 21:02:22.309587
item_001141,15.34,3.2,books,3.0,8.0,2.8,0.375,0.5312,2026-05-24 20:49:02.254366,2026-08-23 21:02:22.309587
item_001142,79.4,3.6,automotive,2.0,8.0,3.057142857142857,0.5385,0.3846,2026-05-24 20:49:02.254366,2026-08-23 21:02:22.309587
item_001143,636.86,4.0,home_garden,3.0,3.0,1.95,0.5,0.2353,2026-05-24 20:49:02.254366,2026-08-23 21:02:22.309587
item_001144,171.13,3.3,sports,3.0,5.0,2.5,0.7778,0.4444,2026-05-24 20:49:02.254366,2026-08-23 21:02:22.309587
item_001145,93.99,3.8,sports,2.0,11.0,3.0875,0.54,0.44,2026-05-24 20:49:02.254366,2026-08-23 21:02:22.309587
item_001146,3399.53,4.0,jewelry,2.0,5.0,2.8,1.0417,0.4167,2026-05-24 20:49:02.254366,2026-08-23 21:02:22.309587
item_001147,153.85,5.0,beauty,2.0,8.0,3.14,0.7027,0.3514,2026-05-24 20:49:02.254366,2026-08-23 21:02:22.309587
item_001148,1510.5,3.6,electronics,10.0,4.0,4.1,0.3333,0.2778,2026-05-24 20:49:02.254366,2026-08-23 21:02:22.309587
item_001149,121.71,2.6,home_garden,1.0,2.0,2.566666666666667,0.5556,0.2963,2026-05-24 20:49:02.254366,2026-08-23 21:02:22.309587
item_001150,54.54,2.7,books,1.0,4.0,4.133333333333333,0.439,0.3415,2026-05-24 20:49:02.254366,2026-08-23 21:02:22.309587
item_001151,396.94,3.3,automotive,3.0,2.0,2.557142857142857,0.5769,0.5769,2026-05-24 20:49:02.254366,2026-08-23 21:02:22.309587
item_001152,35.83,3.5,books,1.0,5.0,2.825,0.2368,0.2368,2026-05-24 20:49:02.254366,2026-08-23 21:02:22.309587
item_001153,1795.03,4.6,electronics,4.0,4.0,2.3545454545454545,0.5312,0.4062,2026-05-24 20:49:02.254366,2026-08-23 21:02:22.309587
item_001154,70.68,5.0,food,2.0,5.0,3.057142857142857,0.3333,0.3939,2026-05-24 20:49:02.254366,2026-08-23 21:02:22.309587
item_001155,1545.9,3.7,jewelry,5.0,6.0,3.3199999999999994,0.6,0.3,2026-05-24 20:49:02.254366,2026-08-23 21:02:22.309587
item_001156,2829.12,4.2,jewelry,0.0,2.0,3.8,0.96,0.44,2026-05-24 20:49:02.254366,2026-08-23 21:02:22.309587
item_001157,54.49,4.8,automotive,4.0,5.0,2.45,0.6829,0.4634,2026-05-24 20:49:02.254366,2026-08-23 21:02:22.309587
item_001158,72.9,4.3,toys,3.0,2.0,1.9,0.6897,0.1724,2026-05-24 20:49:02.254366,2026-08-23 21:02:22.309587
item_001159,133.6,3.6,sports,2.0,2.0,4.033333333333333,0.4792,0.125,2026-05-24 20:49:02.254366,2026-08-23 21:02:22.309587
item_001160,5.48,3.7,books,2.0,7.0,3.0875,0.6667,0.4815,2026-05-24 20:49:02.254366,2026-08-23 21:02:22.309587
item_001161,90.54,3.8,clothing,2.0,1.0,2.56,0.4828,0.3103,2026-05-24 20:49:02.254366,2026-08-23 21:02:22.309587
item_001162,113.73,4.8,clothing,1.0,1.0,4.6,1.0,0.3529,2026-05-24 20:49:02.254366,2026-08-23 21:02:22.309587
item_001163,284.44,4.5,sports,2.0,4.0,2.5599999999999996,0.4706,0.2647,2026-05-24 20:49:02.254366,2026-08-23 21:02:22.309587
item_001164,1925.38,4.5,electronics,1.0,3.0,2.35,0.4848,0.3333,2026-05-24 20:49:02.254366,2026-08-23 21:02:22.309587
item_001165,204.59,4.1,clothing,1.0,5.0,3.3875,0.5,0.375,2026-05-24 20:49:02.254366,2026-08-23 21:02:22.309587
item_001166,4479.32,4.0,jewelry,3.0,4.0,1.9500000000000002,0.6667,0.2778,2026-05-24 20:49:02.254366,2026-08-23 21:02:22.309587
item_001167,734.66,3.7,home_garden,1.0,1.0,3.44,0.4412,0.2941,2026-05-24 20:49:02.254366,2026-08-23 21:02:22.309587
item_001168,199.45,3.0,clothing,1.0,6.0,2.9,0.7391,0.6522,2026-05-24 20:49:02.254366,2026-08-23 21:02:22.309587
item_001169,30.26,4.3,toys,0.0,4.0,2.7285714285714286,1.0556,0.5,2026-05-24 20:49:02.254366,2026-08-23 21:02:22.309587
item_001170,75.5,3.4,automotive,3.0,5.0,3.25,1.0556,0.5,2026-05-24 20:49:02.254366,2026-08-23 21:02:22.309587
item_001171,706.81,4.4,home_garden,1.0,2.0,2.466666666666667,0.6562,0.25,2026-05-24 20:49:02.254366,2026-08-23 21:02:22.309587
item_001172,330.83,2.5,automotive,2.0,6.0,2.6999999999999997,0.5476,0.4524,2026-05-24 20:49:02.254366,2026-08-23 21:02:22.309587
item_001173,354.94,3.1,sports,2.0,4.0,2.715384615384615,0.7368,0.3158,2026-05-24 20:49:02.254366,2026-08-23 21:02:22.309587
item_001174,63.54,4.5,food,2.0,4.0,2.8333333333333335,0.5135,0.3784,2026-05-24 20:49:02.254366,2026-08-23 21:02:22.309587
item_001175,190.24,4.9,electronics,0.0,1.0,3.2583333333333333,0.6364,0.5455,2026-05-24 20:49:02.254366,2026-08-23 21:02:22.309587
item_001176,21.37,4.4,food,1.0,5.0,3.6999999999999997,0.5854,0.2439,2026-05-24 20:49:02.254366,2026-08-23 21:02:22.309587
item_001177,54.16,3.2,books,0.0,4.0,2.85,1.1176,0.8235,2026-05-24 20:49:02.254366,2026-08-23 21:02:22.309587
item_001178,268.87,4.6,clothing,2.0,3.0,4.3,0.6842,0.7895,2026-05-24 20:49:02.254366,2026-08-23 21:02:22.309587
item_001179,32.58,3.2,books,3.0,2.0,2.8,0.6757,0.1622,2026-05-24 20:49:02.254366,2026-08-23 21:02:22.309587
item_001180,4.37,4.6,food,4.0,2.0,2.6142857142857143,0.3137,0.2745,2026-05-24 20:49:02.254366,2026-08-23 21:02:22.309587
item_001181,1521.76,3.0,electronics,7.0,5.0,3.34,0.5714,0.3143,2026-05-24 20:49:02.254366,2026-08-23 21:02:22.309587
item_001182,974.17,3.5,electronics,3.0,4.0,4.025,0.4722,0.4167,2026-05-24 20:49:02.254366,2026-08-23 21:02:22.309587
item_001183,15.54,2.1,books,3.0,4.0,3.125,0.5938,0.3438,2026-05-24 20:49:02.254366,2026-08-23 21:02:22.309587
item_001184,106.31,3.1,home_garden,2.0,3.0,2.38,0.5172,0.2759,2026-05-24 20:49:02.254366,2026-08-23 21:02:22.309587
item_001185,65.44,4.3,food,1.0,3.0,3.5799999999999996,0.6316,0.3684,2026-05-24 20:49:02.254366,2026-08-23 21:02:22.309587
item_001186,359.62,5.0,home_garden,6.0,6.0,2.56,0.3125,0.3542,2026-05-24 20:49:02.254366,2026-08-23 21:02:22.309587
item_001187,54.96,4.6,books,2.0,4.0,2.3000000000000003,0.8333,0.25,2026-05-24 20:49:02.254366,2026-08-23 21:02:22.309587
item_001188,2875.4,4.4,jewelry,2.0,7.0,3.2375000000000003,1.0667,0.6,2026-05-24 20:49:02.254366,2026-08-23 21:02:22.309587
item_001189,359.8,2.8,sports,5.0,3.0,2.771428571428572,0.459,0.1639,2026-05-24 20:49:02.254366,2026-08-23 21:02:22.309587
item_001190,74.49,3.5,food,2.0,2.0,2.65,0.7059,0.2059,2026-05-24 20:49:02.254366,2026-08-23 21:02:22.309587
item_001191,455.77,5.0,home_garden,2.0,3.0,3.45,0.5185,0.2222,2026-05-24 20:49:02.254366,2026-08-23 21:02:22.309587
item_001192,152.32,3.8,clothing,2.0,2.0,3.5333333333333337,0.4359,0.2564,2026-05-24 20:49:02.254366,2026-08-23 21:02:22.309587
item_001193,380.94,2.9,automotive,2.0,4.0,2.3000000000000003,0.7308,0.3077,2026-05-24 20:49:02.254366,2026-08-23 21:02:22.309587
item_001194,3565.4,3.5,jewelry,3.0,2.0,3.6750000000000003,0.48,0.28,2026-05-24 20:49:02.254366,2026-08-23 21:02:22.309587
item_001195,38.11,2.3,automotive,4.0,3.0,2.55,0.7931,0.2414,2026-05-24 20:49:02.254366,2026-08-23 21:02:22.309587
item_001196,88.75,4.4,clothing,2.0,6.0,2.875,0.7727,0.5909,2026-05-24 20:49:02.254366,2026-08-23 21:02:22.309587
item_001197,436.55,2.4,sports,2.0,2.0,3.7,0.5,0.4333,2026-05-24 20:49:02.254366,2026-08-23 21:02:22.309587
item_001198,246.67,2.8,clothing,5.0,7.0,3.46,0.4915,0.2034,2026-05-24 20:49:02.254366,2026-08-23 21:02:22.309587
item_001199,525.25,3.8,electronics,2.0,2.0,2.5777777777777775,0.7083,0.3333,2026-05-24 20:49:02.254366,2026-08-23 21:02:22.309587
item_001200,129.93,2.9,home_garden,2.0,4.0,3.575,0.4545,0.3409,2026-05-24 20:49:02.254366,2026-08-23 21:02:22.309587
item_001201,56.83,3.9,food,2.0,3.0,3.507142857142857,0.6757,0.3243,2026-05-24 20:49:02.254366,2026-08-23 21:02:22.309587
item_001202,121.54,4.4,toys,1.0,6.0,3.466666666666667,0.9615,0.3462,2026-05-24 20:49:02.254366,2026-08-23 21:02:22.309587
item_001203,117.14,3.4,clothing,4.0,7.0,4.366666666666666,0.5676,0.3514,2026-05-24 20:49:02.254366,2026-08-23 21:02:22.309587
item_001204,48.04,4.8,toys,2.0,4.0,3.066666666666667,0.8182,0.3636,2026-05-24 20:49:02.254366,2026-08-23 21:02:22.309587
item_001205,401.35,4.3,sports,2.0,6.0,3.59,0.3478,0.3261,2026-05-24 20:49:02.254366,2026-08-23 21:02:22.309587
item_001206,4385.41,4.2,jewelry,2.0,1.0,3.475,0.4074,0.3333,2026-05-24 20:49:02.254366,2026-08-23 21:02:22.309587
item_001207,53.49,4.7,automotive,0.0,3.0,3.8,0.5,0.4231,2026-05-24 20:49:02.254366,2026-08-23 21:02:22.309587
item_001208,201.03,3.9,sports,3.0,4.0,3.685714285714286,0.5161,0.2903,2026-05-24 20:49:02.254366,2026-08-23 21:02:22.309587
item_001209,79.11,3.6,food,5.0,4.0,2.642857142857143,0.275,0.3,2026-05-24 20:49:02.254366,2026-08-23 21:02:22.309587
item_001210,35.64,4.1,toys,3.0,2.0,2.96,0.619,0.3095,2026-05-24 20:49:02.254366,2026-08-23 21:02:22.309587
item_001211,10.15,3.0,food,2.0,6.0,2.7800000000000002,0.5484,0.2581,2026-05-24 20:49:02.254366,2026-08-23 21:02:22.309587
item_001212,88.34,4.5,beauty,1.0,3.0,2.742857142857143,0.6552,0.4828,2026-05-24 20:49:02.254366,2026-08-23 21:02:22.309587
item_001213,549.5,4.5,home_garden,10.0,6.0,3.716666666666667,0.3929,0.3036,2026-05-24 20:49:02.254366,2026-08-23 21:02:22.309587
item_001214,1979.52,3.6,electronics,0.0,3.0,3.0,0.5116,0.2791,2026-05-24 20:49:02.254366,2026-08-23 21:02:22.309587
item_001215,106.09,3.4,toys,3.0,2.0,3.34,0.5172,0.1724,2026-05-24 20:49:02.254366,2026-08-23 21:02:22.309587
item_001216,418.98,4.0,sports,1.0,7.0,2.1,0.9583,0.625,2026-05-24 20:49:02.254366,2026-08-23 21:02:22.309587
item_001217,335.19,2.9,home_garden,2.0,3.0,3.1,0.6452,0.2581,2026-05-24 20:49:02.254366,2026-08-23 21:02:22.309587
item_001218,127.19,3.5,toys,4.0,4.0,3.125,0.6579,0.2895,2026-05-24 20:49:02.254366,2026-08-23 21:02:22.309587
item_001219,68.16,4.7,food,1.0,4.0,2.55,0.4762,0.619,2026-05-24 20:49:02.254366,2026-08-23 21:02:22.309587
item_001220,180.82,3.1,sports,2.0,2.0,3.257142857142857,0.3793,0.2759,2026-05-24 20:49:02.254366,2026-08-23 21:02:22.309587
item_001221,3751.81,4.8,jewelry,2.0,5.0,2.975,0.3818,0.4182,2026-05-24 20:49:02.254366,2026-08-23 21:02:22.309587
item_001222,125.2,4.1,beauty,3.0,3.0,3.075,0.75,0.3929,2026-05-24 20:49:02.254366,2026-08-23 21:02:22.309587
item_001223,66.07,4.2,automotive,4.0,2.0,3.3714285714285714,0.619,0.381,2026-05-24 20:49:02.254366,2026-08-23 21:02:22.309587
item_001224,460.45,3.4,sports,1.0,4.0,2.9857142857142853,1.1364,0.7273,2026-05-24 20:49:02.254366,2026-08-23 21:02:22.309587
item_001225,68.88,3.2,automotive,8.0,5.0,2.9857142857142853,0.2791,0.2791,2026-05-24 20:49:02.254366,2026-08-23 21:02:22.309587
item_001226,51.53,3.6,books,5.0,5.0,3.0083333333333333,0.625,0.4167,2026-05-24 20:49:02.254366,2026-08-23 21:02:22.309587
item_001227,65.96,5.0,clothing,2.0,4.0,2.85,1.0556,0.5,2026-05-24 20:49:02.254366,2026-08-23 21:02:22.309587
item_001228,39.44,3.4,beauty,4.0,4.0,4.35,0.7826,0.3478,2026-05-24 20:49:02.254366,2026-08-23 21:02:22.309587
item_001229,4746.62,2.2,jewelry,2.0,6.0,3.2714285714285714,0.3684,0.4737,2026-05-24 20:49:02.254366,2026-08-23 21:02:22.309587
item_001230,187.36,3.9,automotive,2.0,2.0,3.414285714285714,0.5926,0.2593,2026-05-24 20:49:02.254366,2026-08-23 21:02:22.309587
item_001231,28.07,4.6,food,2.0,2.0,3.0285714285714285,0.6667,0.2963,2026-05-24 20:49:02.254366,2026-08-23 21:02:22.309587
item_001232,68.38,4.0,jewelry,2.0,2.0,3.12,0.6053,0.3158,2026-05-24 20:49:02.254366,2026-08-23 21:02:22.309587
item_001233,377.5,5.0,electronics,0.0,6.0,3.6285714285714286,0.4062,0.375,2026-05-24 20:49:02.254366,2026-08-23 21:02:22.309587
item_001234,42.78,4.3,food,5.0,5.0,2.1666666666666665,0.6333,0.4,2026-05-24 20:49:02.254366,2026-08-23 21:02:22.309587
item_001235,1779.65,4.0,jewelry,3.0,5.0,2.475,0.5484,0.2258,2026-05-24 20:49:02.254366,2026-08-23 21:02:22.309587
item_001236,5.56,3.6,food,1.0,3.0,3.1,0.8696,0.4783,2026-05-24 20:49:02.254366,2026-08-23 21:02:22.309587
item_001237,492.91,4.2,sports,1.0,1.0,2.5200000000000005,0.6429,0.2857,2026-05-24 20:49:02.254366,2026-08-23 21:02:22.309587
item_001238,21.23,2.7,food,3.0,4.0,3.3,0.4118,0.2353,2026-05-24 20:49:02.254366,2026-08-23 21:02:22.309587
item_001239,57.77,5.0,clothing,4.0,2.0,2.95,0.4138,0.2759,2026-05-24 20:49:02.254366,2026-08-23 21:02:22.309587
item_001240,3772.92,4.4,jewelry,1.0,1.0,3.2,0.5,0.3,2026-05-24 20:49:02.254366,2026-08-23 21:02:22.309587
item_001241,71.39,4.4,home_garden,3.0,4.0,3.1,0.4167,0.4722,2026-05-24 20:49:02.254366,2026-08-23 21:02:22.309587
item_001242,131.76,3.8,automotive,3.0,5.0,3.22,0.6207,0.3793,2026-05-24 20:49:02.254366,2026-08-23 21:02:22.309587
item_001243,739.9,4.8,electronics,2.0,1.0,2.58,0.6452,0.1935,2026-05-24 20:49:02.254366,2026-08-23 21:02:22.309587
item_001244,295.44,3.7,clothing,0.0,3.0,4.016666666666667,0.6667,0.1333,2026-05-24 20:49:02.254366,2026-08-23 21:02:22.309587
item_001245,106.12,3.4,sports,4.0,8.0,3.9000000000000004,0.4386,0.3509,2026-05-24 20:49:02.254366,2026-08-23 21:02:22.309587
item_001246,25.56,3.8,clothing,2.0,3.0,2.6875,0.3559,0.1017,2026-05-24 20:49:02.254366,2026-08-23 21:02:22.309587
item_001247,7.49,4.4,books,1.0,3.0,2.5,0.6667,0.375,2026-05-24 20:49:02.254366,2026-08-23 21:02:22.309587
item_001248,425.79,3.3,electronics,4.0,7.0,2.914285714285714,0.3,0.325,2026-05-24 20:49:02.254366,2026-08-23 21:02:22.309587
item_001249,78.74,3.2,sports,1.0,1.0,2.6999999999999997,0.8077,0.0385,2026-05-24 20:49:02.254366,2026-08-23 21:02:22.309587
item_001250,1422.27,3.2,jewelry,1.0,2.0,3.1,0.6667,0.4815,2026-05-24 20:49:02.254366,2026-08-23 21:02:22.309587
item_001251,15.1,3.5,food,2.0,2.0,2.5,0.5556,0.2778,2026-05-24 20:49:02.254366,2026-08-23 21:02:22.309587
item_001252,171.98,4.5,automotive,3.0,4.0,2.716666666666667,0.5714,0.2619,2026-05-24 20:49:02.254366,2026-08-23 21:02:22.309587
item_001253,1888.33,3.9,jewelry,0.0,0.0,3.05,0.5714,0.2381,2026-05-24 20:49:02.254366,2026-08-23 21:02:22.309587
item_001254,50.78,3.0,beauty,3.0,3.0,2.733333333333333,0.6452,0.3226,2026-05-24 20:49:02.254366,2026-08-23 21:02:22.309587
item_001255,39.03,5.0,books,1.0,5.0,2.575,0.6667,0.3333,2026-05-24 20:49:02.254366,2026-08-23 21:02:22.309587
item_001256,107.67,2.9,toys,5.0,3.0,2.557142857142857,0.5208,0.1875,2026-05-24 20:49:02.254366,2026-08-23 21:02:22.309587
item_001257,3658.62,3.5,jewelry,1.0,1.0,2.5,0.9167,0.4167,2026-05-24 20:49:02.254366,2026-08-23 21:02:22.309587
item_001258,732.39,3.2,jewelry,1.0,0.0,3.4333333333333336,1.1053,0.3158,2026-05-24 20:49:02.254366,2026-08-23 21:02:22.309587
item_001259,448.7,3.3,home_garden,2.0,2.0,3.025,0.5143,0.3143,2026-05-24 20:49:02.254366,2026-08-23 21:02:22.309587
item_001260,138.62,3.8,automotive,1.0,3.0,3.0833333333333335,0.4783,0.3913,2026-05-24 20:49:02.254366,2026-08-23 21:02:22.309587
item_001261,369.98,3.7,automotive,5.0,7.0,2.94,0.2308,0.3333,2026-05-24 20:49:02.254366,2026-08-23 21:02:22.309587
item_001262,34.4,3.3,books,5.0,2.0,3.0444444444444443,0.5581,0.2326,2026-05-24 20:49:02.254366,2026-08-23 21:02:22.309587
item_001263,140.65,4.0,beauty,2.0,6.0,2.8111111111111113,0.7,0.5,2026-05-24 20:49:02.254366,2026-08-23 21:02:22.309587
item_001264,143.38,4.1,toys,3.0,6.0,2.75,0.5,0.4286,2026-05-24 20:49:02.254366,2026-08-23 21:02:22.309587
item_001265,826.0,4.3,electronics,3.0,5.0,3.2545454545454544,0.9474,0.7368,2026-05-24 20:49:02.254366,2026-08-23 21:02:22.309587
item_001266,4360.41,3.9,jewelry,3.0,5.0,3.3428571428571425,0.7857,0.3214,2026-05-24 20:49:02.254366,2026-08-23 21:02:22.309587
item_001267,284.17,4.1,automotive,2.0,3.0,3.54,0.8889,0.4444,2026-05-24 20:49:02.254366,2026-08-23 21:02:22.309587
item_001268,709.67,4.2,jewelry,0.0,2.0,3.16,0.95,0.35,2026-05-24 20:49:02.254366,2026-08-23 21:02:22.309587
item_001269,581.3,3.3,home_garden,4.0,4.0,3.9166666666666665,0.625,0.375,2026-05-24 20:49:02.254366,2026-08-23 21:02:22.309587
item_001270,367.26,5.0,jewelry,4.0,4.0,3.1399999999999997,0.4242,0.3333,2026-05-24 20:49:02.254366,2026-08-23 21:02:22.309587
item_001271,11.25,5.0,books,5.0,5.0,3.1999999999999997,0.5405,0.3514,2026-05-24 20:49:02.254366,2026-08-23 21:02:22.309587
item_001272,79.86,4.4,food,1.0,4.0,3.9000000000000004,0.75,0.5,2026-05-24 20:49:02.254366,2026-08-23 21:02:22.309587
item_001273,72.76,3.6,food,2.0,6.0,2.7333333333333334,0.5357,0.3571,2026-05-24 20:49:02.254366,2026-08-23 21:02:22.309587
item_001274,67.44,2.5,beauty,1.0,0.0,0.0,0.6,0.44,2026-05-24 20:49:02.254366,2026-08-23 21:02:22.309587
item_001275,124.18,2.6,home_garden,5.0,5.0,3.6999999999999997,0.375,0.1786,2026-05-24 20:49:02.254366,2026-08-23 21:02:22.309587
item_001276,2962.85,3.6,jewelry,3.0,4.0,2.709090909090909,0.3077,0.2051,2026-05-24 20:49:02.254366,2026-08-23 21:02:22.309587
item_001277,79.25,5.0,toys,3.0,6.0,2.9285714285714284,1.1176,0.5882,2026-05-24 20:49:02.254366,2026-08-23 21:02:22.309587
item_001278,331.42,3.7,automotive,2.0,4.0,2.6,0.3636,0.2273,2026-05-24 20:49:02.254366,2026-08-23 21:02:22.309587
item_001279,48.59,3.1,toys,2.0,3.0,2.95,0.5312,0.25,2026-05-24 20:49:02.254366,2026-08-23 21:02:22.309587
item_001280,198.87,3.2,home_garden,14.0,3.0,2.025,0.45,0.2333,2026-05-24 20:49:02.254366,2026-08-23 21:02:22.309587
item_001281,109.56,5.0,clothing,1.0,4.0,4.35,0.8214,0.3214,2026-05-24 20:49:02.254366,2026-08-23 21:02:22.309587
item_001282,3447.68,3.6,jewelry,1.0,1.0,3.283333333333333,0.7826,0.2609,2026-05-24 20:49:02.254366,2026-08-23 21:02:22.309587
item_001283,145.74,4.9,automotive,2.0,2.0,3.642857142857143,0.8261,0.2609,2026-05-24 20:49:02.254366,2026-08-23 21:02:22.309587
item_001284,261.44,3.1,clothing,9.0,3.0,3.1285714285714286,0.4615,0.1923,2026-05-24 20:49:02.254366,2026-08-23 21:02:22.309587
item_001285,253.98,3.2,electronics,5.0,5.0,3.677777777777778,0.5417,0.2083,2026-05-24 20:49:02.254366,2026-08-23 21:02:22.309587
item_001286,14.89,3.5,sports,5.0,5.0,3.3333333333333335,0.3958,0.3125,2026-05-24 20:49:02.254366,2026-08-23 21:02:22.309587
item_001287,455.0,4.2,home_garden,3.0,3.0,2.2333333333333334,0.6,0.48,2026-05-24 20:49:02.254366,2026-08-23 21:02:22.309587
item_001288,24.77,4.3,toys,2.0,5.0,2.9875,0.625,0.3333,2026-05-24 20:49:02.254366,2026-08-23 21:02:22.309587
item_001289,140.07,3.3,automotive,0.0,1.0,2.8,0.5333,0.2667,2026-05-24 20:49:02.254366,2026-08-23 21:02:22.309587
item_001290,1861.3,3.4,electronics,4.0,5.0,3.5666666666666664,0.6098,0.2195,2026-05-24 20:49:02.254366,2026-08-23 21:02:22.309587
item_001291,593.88,2.8,home_garden,3.0,5.0,3.414285714285714,0.5435,0.3261,2026-05-24 20:49:02.254366,2026-08-23 21:02:22.309587
item_001292,175.93,2.8,electronics,2.0,0.0,2.52,0.5417,0.25,2026-05-24 20:49:02.254366,2026-08-23 21:02:22.309587
item_001293,79.84,3.2,food,7.0,5.0,2.55,0.3659,0.2683,2026-05-24 20:49:02.254366,2026-08-23 21:02:22.309587
item_001294,277.77,4.8,sports,1.0,6.0,2.5,0.7667,0.5667,2026-05-24 20:49:02.254366,2026-08-23 21:02:22.309587
item_001295,32.38,3.1,food,3.0,4.0,2.8125,0.6383,0.2766,2026-05-24 20:49:02.254366,2026-08-23 21:02:22.309587
item_001296,1311.19,3.9,electronics,2.0,4.0,2.9,1.0,0.7037,2026-05-24 20:49:02.254366,2026-08-23 21:02:22.309587
item_001297,261.88,3.5,electronics,0.0,3.0,3.16,0.7308,0.3846,2026-05-24 20:49:02.254366,2026-08-23 21:02:22.309587
item_001298,598.03,3.1,home_garden,3.0,5.0,3.7142857142857144,0.6667,0.4583,2026-05-24 20:49:02.254366,2026-08-23 21:02:22.309587
item_001299,211.28,4.2,sports,3.0,9.0,3.6750000000000003,0.8387,0.6452,2026-05-24 20:49:02.254366,2026-08-23 21:02:22.309587
item_001300,368.61,3.4,home_garden,2.0,6.0,3.9000000000000004,0.439,0.2439,2026-05-24 20:49:02.254366,2026-08-23 21:02:22.309587
item_001301,25.58,4.5,books,2.0,5.0,2.5749999999999997,0.5,0.3889,2026-05-24 20:49:02.254366,2026-08-23 21:02:22.309587
item_001302,67.54,4.5,electronics,5.0,4.0,3.175,0.4058,0.2464,2026-05-24 20:49:02.254366,2026-08-23 21:02:22.309587
item_001303,8.31,3.4,toys,3.0,2.0,3.233333333333333,0.9333,0.6667,2026-05-24 20:49:02.254366,2026-08-23 21:02:22.309587
item_001304,3129.41,4.3,jewelry,1.0,0.0,3.4333333333333336,1.0,0.3684,2026-05-24 20:49:02.254366,2026-08-23 21:02:22.309587
item_001305,59.88,4.3,sports,3.0,7.0,3.5,0.5,0.3438,2026-05-24 20:49:02.254366,2026-08-23 21:02:22.309587
item_001306,18.45,3.6,books,4.0,3.0,2.6666666666666665,0.6087,0.1957,2026-05-24 20:49:02.254366,2026-08-23 21:02:22.309587
item_001307,169.31,3.5,beauty,5.0,3.0,3.5999999999999996,0.3387,0.2742,2026-05-24 20:49:02.254366,2026-08-23 21:02:22.309587
item_001308,1273.85,4.0,jewelry,5.0,2.0,2.75,0.75,0.5417,2026-05-24 20:49:02.254366,2026-08-23 21:02:22.309587
item_001309,37.35,5.0,books,2.0,5.0,2.25,0.8333,0.4167,2026-05-24 20:49:02.254366,2026-08-23 21:02:22.309587
item_001310,88.57,4.6,beauty,2.0,4.0,2.888888888888889,0.4667,0.4,2026-05-24 20:49:02.254366,2026-08-23 21:02:22.309587
item_001311,157.68,3.8,automotive,3.0,9.0,2.3,1.4762,0.8571,2026-05-24 20:49:02.254366,2026-08-23 21:02:22.309587
item_001312,1340.2,2.5,electronics,6.0,1.0,2.7636363636363637,0.4286,0.2571,2026-05-24 20:49:02.254366,2026-08-23 21:02:22.309587
item_001313,158.45,3.8,sports,2.0,5.0,1.75,0.7273,0.4545,2026-05-24 20:49:02.254366,2026-08-23 21:02:22.309587
item_001314,447.37,2.5,home_garden,0.0,3.0,2.8000000000000003,0.75,0.375,2026-05-24 20:49:02.254366,2026-08-23 21:02:22.309587
item_001315,131.68,2.7,automotive,0.0,1.0,2.716666666666667,0.7778,0.2778,2026-05-24 20:49:02.254366,2026-08-23 21:02:22.309587
item_001316,5.64,3.2,books,0.0,0.0,3.3,0.7308,0.2692,2026-05-24 20:49:02.254366,2026-08-23 21:02:22.309587
item_001317,3357.82,3.9,jewelry,5.0,3.0,3.54,0.4127,0.3016,2026-05-24 20:49:02.254366,2026-08-23 21:02:22.309587
item_001318,111.97,3.3,automotive,5.0,8.0,3.375,0.72,0.44,2026-05-24 20:49:02.254366,2026-08-23 21:02:22.309587
item_001319,3776.59,4.7,jewelry,4.0,6.0,3.2399999999999998,0.8438,0.4375,2026-05-24 20:49:02.254366,2026-08-23 21:02:22.309587
item_001320,375.57,3.8,home_garden,3.0,2.0,3.233333333333333,0.6,0.44,2026-05-24 20:49:02.254366,2026-08-23 21:02:22.309587
item_001321,38.63,3.3,books,3.0,5.0,2.685714285714286,0.3,0.325,2026-05-24 20:49:02.254366,2026-08-23 21:02:22.309587
item_001322,55.6,4.3,books,2.0,3.0,2.5833333333333335,0.6452,0.5484,2026-05-24 20:49:02.254366,2026-08-23 21:02:22.309587
item_001323,43.52,3.3,sports,4.0,8.0,3.0,0.6098,0.3415,2026-05-24 20:49:02.254366,2026-08-23 21:02:22.309587
item_001324,164.24,3.9,beauty,7.0,2.0,3.4000000000000004,0.3279,0.1639,2026-05-24 20:49:02.254366,2026-08-23 21:02:22.309587
item_001325,188.68,2.1,clothing,3.0,5.0,3.175,0.4242,0.4545,2026-05-24 20:49:02.254366,2026-08-23 21:02:22.309587
item_001326,199.22,3.3,sports,1.0,1.0,3.6571428571428575,0.7,0.35,2026-05-24 20:49:02.254366,2026-08-23 21:02:22.309587
item_001327,275.19,4.6,clothing,1.0,4.0,2.1399999999999997,0.4667,0.6,2026-05-24 20:49:02.254366,2026-08-23 21:02:22.309587
item_001328,325.11,4.1,automotive,3.0,5.0,3.5799999999999996,0.4828,0.4483,2026-05-24 20:49:02.254366,2026-08-23 21:02:22.309587
item_001329,13.24,4.0,clothing,4.0,4.0,4.3,0.4848,0.4848,2026-05-24 20:49:02.254366,2026-08-23 21:02:22.309587
item_001330,56.7,4.2,books,1.0,5.0,2.56,0.5,0.4286,2026-05-24 20:49:02.254366,2026-08-23 21:02:22.309587
item_001331,199.19,4.7,beauty,4.0,5.0,2.216666666666667,0.4722,0.25,2026-05-24 20:49:02.254366,2026-08-23 21:02:22.309587
item_001332,55.79,3.8,toys,2.0,3.0,2.325,0.4194,0.4194,2026-05-24 20:49:02.254366,2026-08-23 21:02:22.309587
item_001333,198.61,3.4,beauty,3.0,4.0,2.85,0.5789,0.3684,2026-05-24 20:49:02.254366,2026-08-23 21:02:22.309587
item_001334,9.15,4.3,books,1.0,4.0,3.625,1.2105,0.3684,2026-05-24 20:49:02.254366,2026-08-23 21:02:22.309587
item_001335,103.24,3.6,toys,6.0,2.0,3.2285714285714286,0.6667,0.2444,2026-05-24 20:49:02.254366,2026-08-23 21:02:22.309587
item_001336,63.51,3.4,beauty,3.0,9.0,2.566666666666667,0.5,0.4211,2026-05-24 20:49:02.254366,2026-08-23 21:02:22.309587
item_001337,111.99,3.6,clothing,3.0,3.0,2.8,0.75,0.6,2026-05-24 20:49:02.254366,2026-08-23 21:02:22.309587
item_001338,161.82,4.1,home_garden,1.0,2.0,3.033333333333333,0.8889,0.5556,2026-05-24 20:49:02.254366,2026-08-23 21:02:22.309587
item_001339,125.22,2.5,clothing,2.0,5.0,2.566666666666667,0.64,0.44,2026-05-24 20:49:02.254366,2026-08-23 21:02:22.309587
item_001340,60.53,4.1,food,2.0,2.0,3.0142857142857147,0.88,0.4,2026-05-24 20:49:02.254366,2026-08-23 21:02:22.309587
item_001341,25.7,3.0,sports,2.0,4.0,2.8000000000000003,0.8276,0.4483,2026-05-24 20:49:02.254366,2026-08-23 21:02:22.309587
item_001342,964.97,3.3,jewelry,2.0,1.0,3.8,0.5625,0.2188,2026-05-24 20:49:02.254366,2026-08-23 21:02:22.309587
item_001343,101.06,2.9,toys,1.0,2.0,4.1000000000000005,0.7273,0.3182,2026-05-24 20:49:02.254366,2026-08-23 21:02:22.309587
item_001344,95.48,4.3,toys,1.0,5.0,0.0,0.7727,0.3636,2026-05-24 20:49:02.254366,2026-08-23 21:02:22.309587
item_001345,12.54,4.0,food,3.0,7.0,4.699999999999999,0.6667,0.4848,2026-05-24 20:49:02.254366,2026-08-23 21:02:22.309587
item_001346,7.25,3.0,food,4.0,4.0,2.0,0.2,0.32,2026-05-24 20:49:02.254366,2026-08-23 21:02:22.309587
item_001347,1999.46,4.4,jewelry,1.0,6.0,2.6399999999999997,0.875,0.4167,2026-05-24 20:49:02.254366,2026-08-23 21:02:22.309587
item_001348,141.73,2.7,toys,2.0,6.0,1.5999999999999999,0.3125,0.2083,2026-05-24 20:49:02.254366,2026-08-23 21:02:22.309587
item_001349,2885.41,3.5,jewelry,1.0,2.0,3.442857142857143,0.6875,0.4375,2026-05-24 20:49:02.254366,2026-08-23 21:02:22.309587
item_001350,56.37,2.8,beauty,2.0,1.0,2.566666666666667,0.4615,0.2821,2026-05-24 20:49:02.254366,2026-08-23 21:02:22.309587
item_001351,73.62,3.7,food,3.0,7.0,3.3833333333333333,0.4894,0.4468,2026-05-24 20:49:02.254366,2026-08-23 21:02:22.309587
item_001352,22.91,3.4,books,2.0,5.0,2.7857142857142856,0.4667,0.4,2026-05-24 20:49:02.254366,2026-08-23 21:02:22.309587
item_001353,12.42,2.9,books,3.0,11.0,3.4,0.4884,0.6047,2026-05-24 20:49:02.254366,2026-08-23 21:02:22.309587
item_001354,63.27,3.8,food,0.0,3.0,2.7600000000000002,0.8261,0.3478,2026-05-24 20:49:02.254366,2026-08-23 21:02:22.309587
item_001355,26.38,3.1,toys,2.0,3.0,3.5,0.7368,0.3684,2026-05-24 20:49:02.254366,2026-08-23 21:02:22.309587
item_001356,89.33,2.3,toys,1.0,3.0,3.075,0.6667,0.2917,2026-05-24 20:49:02.254366,2026-08-23 21:02:22.309587
item_001357,847.21,2.7,jewelry,3.0,2.0,4.066666666666666,0.5,0.3846,2026-05-24 20:49:02.254366,2026-08-23 21:02:22.309587
item_001358,1723.61,3.5,electronics,3.0,5.0,3.4,0.4667,0.3,2026-05-24 20:49:02.254366,2026-08-23 21:02:22.309587
item_001359,96.78,3.6,toys,0.0,2.0,4.4,0.6667,0.3704,2026-05-24 20:49:02.254366,2026-08-23 21:02:22.309587
item_001360,503.49,3.2,electronics,4.0,4.0,1.8250000000000002,0.4286,0.3095,2026-05-24 20:49:02.254366,2026-08-23 21:02:22.309587
item_001361,335.92,4.8,electronics,4.0,2.0,2.6166666666666667,0.5625,0.2812,2026-05-24 20:49:02.254366,2026-08-23 21:02:22.309587
item_001362,74.2,4.0,food,3.0,5.0,3.683333333333333,0.4348,0.413,2026-05-24 20:49:02.254366,2026-08-23 21:02:22.309587
item_001363,938.68,4.1,electronics,5.0,8.0,3.033333333333333,0.5938,0.5312,2026-05-24 20:49:02.254366,2026-08-23 21:02:22.309587
item_001364,387.25,3.1,sports,2.0,1.0,3.5,0.8462,0.1538,2026-05-24 20:49:02.254366,2026-08-23 21:02:22.309587
item_001365,373.3,3.1,automotive,4.0,3.0,3.1333333333333333,0.3611,0.3056,2026-05-24 20:49:02.254366,2026-08-23 21:02:22.309587
item_001366,199.28,3.9,automotive,2.0,3.0,3.075,0.6957,0.5652,2026-05-24 20:49:02.254366,2026-08-23 21:02:22.309587
item_001367,43.81,3.6,food,2.0,3.0,3.0625,0.64,0.48,2026-05-24 20:49:02.254366,2026-08-23 21:02:22.309587
item_001368,384.28,4.0,home_garden,4.0,3.0,3.04,0.75,0.4062,2026-05-24 20:49:02.254366,2026-08-23 21:02:22.309587
item_001369,9.88,3.6,beauty,3.0,0.0,3.9333333333333336,0.6333,0.3333,2026-05-24 20:49:02.254366,2026-08-23 21:02:22.309587
item_001370,1664.39,4.3,electronics,0.0,6.0,2.5999999999999996,0.6136,0.3409,2026-05-24 20:49:02.254366,2026-08-23 21:02:22.309587
item_001371,361.34,3.8,home_garden,6.0,8.0,3.3375000000000004,0.3214,0.2857,2026-05-24 20:49:02.254366,2026-08-23 21:02:22.309587
item_001372,353.86,3.7,sports,0.0,7.0,3.057142857142857,0.76,0.44,2026-05-24 20:49:02.254366,2026-08-23 21:02:22.309587
item_001373,285.74,4.1,home_garden,3.0,5.0,3.1777777777777776,0.6087,0.3913,2026-05-24 20:49:02.254366,2026-08-23 21:02:22.309587
item_001374,336.47,4.9,automotive,1.0,5.0,3.4,0.8095,0.4762,2026-05-24 20:49:02.254366,2026-08-23 21:02:22.309587
item_001375,19.74,4.2,books,2.0,5.0,2.966666666666667,0.8333,0.4,2026-05-24 20:49:02.254366,2026-08-23 21:02:22.309587
item_001376,4932.97,2.9,jewelry,4.0,3.0,3.033333333333333,0.96,0.32,2026-05-24 20:49:02.254366,2026-08-23 21:02:22.309587
item_001377,42.1,3.6,food,1.0,5.0,2.6,0.8276,0.3793,2026-05-24 20:49:02.254366,2026-08-23 21:02:22.309587
item_001378,3175.14,3.7,jewelry,1.0,3.0,2.88,0.4815,0.2963,2026-05-24 20:49:02.254366,2026-08-23 21:02:22.309587
item_001379,38.67,4.0,books,6.0,1.0,1.65,0.5417,0.375,2026-05-24 20:49:02.254366,2026-08-23 21:02:22.309587
item_001380,102.63,3.5,toys,6.0,3.0,1.6,0.7209,0.3023,2026-05-24 20:49:02.254366,2026-08-23 21:02:22.309587
item_001381,106.1,3.8,beauty,2.0,7.0,1.7249999999999999,0.5806,0.5806,2026-05-24 20:49:02.254366,2026-08-23 21:02:22.309587
item_001382,29.56,3.8,books,1.0,6.0,2.6333333333333333,0.5714,0.3571,2026-05-24 20:49:02.254366,2026-08-23 21:02:22.309587
item_001383,2438.9,4.0,jewelry,4.0,5.0,2.857142857142857,0.7619,0.5238,2026-05-24 20:49:02.254366,2026-08-23 21:02:22.309587
item_001384,163.46,2.9,sports,1.0,3.0,3.557142857142857,0.4737,0.2368,2026-05-24 20:49:02.254366,2026-08-23 21:02:22.309587
item_001385,35.73,3.0,food,0.0,2.0,2.8333333333333335,0.3333,0.2,2026-05-24 20:49:02.254366,2026-08-23 21:02:22.309587
item_001386,337.09,2.2,sports,0.0,6.0,2.9166666666666665,0.3864,0.3182,2026-05-24 20:49:02.254366,2026-08-23 21:02:22.309587
item_001387,30.67,5.0,clothing,5.0,1.0,3.0083333333333333,0.4407,0.1864,2026-05-24 20:49:02.254366,2026-08-23 21:02:22.309587
item_001388,2692.07,2.4,jewelry,3.0,2.0,1.9,0.4167,0.1944,2026-05-24 20:49:02.254366,2026-08-23 21:02:22.309587
item_001389,587.84,3.8,home_garden,3.0,1.0,2.55,0.6786,0.2857,2026-05-24 20:49:02.254366,2026-08-23 21:02:22.309587
item_001390,42.36,4.2,books,2.0,5.0,2.3,0.7931,0.4138,2026-05-24 20:49:02.254366,2026-08-23 21:02:22.309587
item_001391,80.64,3.1,automotive,5.0,2.0,2.45,0.9583,0.25,2026-05-24 20:49:02.254366,2026-08-23 21:02:22.309587
item_001392,36.32,4.6,books,1.0,4.0,2.65,0.96,0.44,2026-05-24 20:49:02.254366,2026-08-23 21:02:22.309587
item_001393,279.19,3.8,sports,3.0,3.0,2.54,0.5758,0.1818,2026-05-24 20:49:02.254366,2026-08-23 21:02:22.309587
item_001394,7.34,4.9,beauty,2.0,4.0,2.6333333333333333,0.96,0.44,2026-05-24 20:49:02.254366,2026-08-23 21:02:22.309587
item_001395,76.54,3.2,toys,1.0,4.0,4.1000000000000005,0.5,0.2955,2026-05-24 20:49:02.254366,2026-08-23 21:02:22.309587
item_001396,98.93,3.7,clothing,6.0,2.0,3.4625000000000004,0.7742,0.3226,2026-05-24 20:49:02.254366,2026-08-23 21:02:22.309587
item_001397,20.85,3.4,books,1.0,1.0,2.9699999999999998,0.7917,0.4583,2026-05-24 20:49:02.254366,2026-08-23 21:02:22.309587
item_001398,271.85,3.3,home_garden,1.0,2.0,3.0125,0.7273,0.6364,2026-05-24 20:49:02.254366,2026-08-23 21:02:22.309587
item_001399,485.61,3.4,sports,4.0,4.0,2.85,0.5455,0.4242,2026-05-24 20:49:02.254366,2026-08-23 21:02:22.309587
item_001400,193.52,3.6,clothing,1.0,7.0,2.825,0.4255,0.2979,2026-05-24 20:49:02.254366,2026-08-23 21:02:22.309587
item_001401,44.74,3.5,books,1.0,4.0,3.5,0.5946,0.1892,2026-05-24 20:49:02.254366,2026-08-23 21:02:22.309587
item_001402,46.65,4.3,toys,7.0,4.0,2.7666666666666666,0.3714,0.2143,2026-05-24 20:49:02.254366,2026-08-23 21:02:22.309587
item_001403,205.91,4.3,home_garden,1.0,5.0,3.3,0.25,0.375,2026-05-24 20:49:02.254366,2026-08-23 21:02:22.309587
item_001404,141.53,2.7,toys,2.0,3.0,3.0500000000000003,0.3125,0.2812,2026-05-24 20:49:02.254366,2026-08-23 21:02:22.309587
item_001405,297.06,3.4,sports,0.0,1.0,2.96,0.72,0.28,2026-05-24 20:49:02.254366,2026-08-23 21:02:22.309587
item_001406,4804.57,4.0,jewelry,3.0,2.0,3.3600000000000003,0.3208,0.1887,2026-05-24 20:49:02.254366,2026-08-23 21:02:22.309587
item_001407,796.1,4.0,electronics,4.0,7.0,3.685714285714286,0.8684,0.3684,2026-05-24 20:49:02.254366,2026-08-23 21:02:22.309587
item_001408,138.82,3.6,beauty,0.0,2.0,1.8399999999999999,0.6667,0.2,2026-05-24 20:49:02.254366,2026-08-23 21:02:22.309587
item_001409,1657.27,3.8,electronics,3.0,4.0,3.4666666666666663,0.6957,0.3043,2026-05-24 20:49:02.254366,2026-08-23 21:02:22.309587
item_001410,723.38,3.5,home_garden,1.0,3.0,2.4333333333333336,0.7222,0.3889,2026-05-24 20:49:02.254366,2026-08-23 21:02:22.309587
item_001411,27.12,4.4,books,0.0,5.0,3.2666666666666666,1.4211,0.4737,2026-05-24 20:49:02.254366,2026-08-23 21:02:22.309587
item_001412,946.37,4.3,electronics,5.0,3.0,4.0,0.3929,0.2857,2026-05-24 20:49:02.254366,2026-08-23 21:02:22.309587
item_001413,32.85,3.6,books,4.0,4.0,3.6666666666666665,0.6842,0.4211,2026-05-24 20:49:02.254366,2026-08-23 21:02:22.309587
item_001414,2.88,3.7,food,0.0,3.0,2.9666666666666663,0.72,0.2,2026-05-24 20:49:02.254366,2026-08-23 21:02:22.309587
item_001415,113.44,3.6,home_garden,2.0,2.0,2.8333333333333335,0.3793,0.2759,2026-05-24 20:49:02.254366,2026-08-23 21:02:22.309587
item_001416,444.49,3.7,home_garden,3.0,1.0,3.54,0.8,0.4,2026-05-24 20:49:02.254366,2026-08-23 21:02:22.309587
item_001417,94.17,4.5,beauty,3.0,0.0,2.7,0.7826,0.3478,2026-05-24 20:49:02.254366,2026-08-23 21:02:22.309587
item_001418,54.58,3.5,food,4.0,2.0,2.642857142857143,0.5,0.2,2026-05-24 20:49:02.254366,2026-08-23 21:02:22.309587
item_001419,41.73,3.4,food,5.0,3.0,3.3333333333333335,0.4074,0.2037,2026-05-24 20:49:02.254366,2026-08-23 21:02:22.309587
item_001420,7.44,3.7,food,2.0,2.0,2.7,0.84,0.32,2026-05-24 20:49:02.254366,2026-08-23 21:02:22.309587
item_001421,7.67,5.0,food,3.0,7.0,3.38,0.6087,0.3043,2026-05-24 20:49:02.254366,2026-08-23 21:02:22.309587
item_001422,29.49,3.6,toys,2.0,3.0,2.38,0.4211,0.2632,2026-05-24 20:49:02.254366,2026-08-23 21:02:22.309587
item_001423,38.17,3.3,home_garden,3.0,2.0,2.56,0.8214,0.3571,2026-05-24 20:49:02.254366,2026-08-23 21:02:22.309587
item_001424,3816.77,4.2,jewelry,0.0,2.0,3.2,0.5556,0.2222,2026-05-24 20:49:02.254366,2026-08-23 21:02:22.309587
item_001425,1821.13,4.3,electronics,1.0,4.0,2.966666666666667,0.8462,0.3462,2026-05-24 20:49:02.254366,2026-08-23 21:02:22.309587
item_001426,17.59,3.9,toys,3.0,5.0,2.957142857142857,0.5455,0.5152,2026-05-24 20:49:02.254366,2026-08-23 21:02:22.309587
item_001427,20.9,3.3,food,4.0,5.0,2.88,0.6585,0.4146,2026-05-24 20:49:02.254366,2026-08-23 21:02:22.309587
item_001428,57.54,4.4,books,4.0,3.0,2.8444444444444446,0.6667,0.4167,2026-05-24 20:49:02.254366,2026-08-23 21:02:22.309587
item_001429,329.31,3.0,automotive,2.0,1.0,2.2666666666666666,0.7143,0.1905,2026-05-24 20:49:02.254366,2026-08-23 21:02:22.309587
item_001430,1660.61,2.1,electronics,2.0,3.0,3.127272727272727,0.6286,0.4571,2026-05-24 20:49:02.254366,2026-08-23 21:02:22.309587
item_001431,181.72,3.6,sports,3.0,3.0,2.35,0.4318,0.2727,2026-05-24 20:49:02.254366,2026-08-23 21:02:22.309587
item_001432,103.93,5.0,automotive,1.0,5.0,2.977777777777778,0.4783,0.1957,2026-05-24 20:49:02.254366,2026-08-23 21:02:22.309587
item_001433,25.21,3.9,automotive,6.0,0.0,3.3333333333333335,0.5,0.1818,2026-05-24 20:49:02.254366,2026-08-23 21:02:22.309587
item_001434,90.08,3.5,beauty,2.0,2.0,3.766666666666667,0.7917,0.5,2026-05-24 20:49:02.254366,2026-08-23 21:02:22.309587
item_001435,289.81,4.1,sports,2.0,1.0,3.3,0.8276,0.2414,2026-05-24 20:49:02.254366,2026-08-23 21:02:22.309587
item_001436,181.88,4.1,automotive,4.0,7.0,2.8000000000000003,0.5172,0.6552,2026-05-24 20:49:02.254366,2026-08-23 21:02:22.309587
item_001437,38.21,5.0,food,2.0,3.0,3.0333333333333337,1.2632,0.6316,2026-05-24 20:49:02.254366,2026-08-23 21:02:22.309587
item_001438,2327.29,4.6,jewelry,5.0,2.0,1.625,0.4127,0.1587,2026-05-24 20:49:02.254366,2026-08-23 21:02:22.309587
item_001439,2383.15,3.2,jewelry,1.0,4.0,2.95,0.5,0.4583,2026-05-24 20:49:02.254366,2026-08-23 21:02:22.309587
item_001440,198.38,4.1,beauty,0.0,4.0,2.35,0.8125,0.4375,2026-05-24 20:49:02.254366,2026-08-23 21:02:22.309587
item_001441,74.42,3.7,toys,3.0,4.0,3.8666666666666667,0.5806,0.3871,2026-05-24 20:49:02.254366,2026-08-23 21:02:22.309587
item_001442,27.52,3.8,food,3.0,6.0,2.96,0.4918,0.2131,2026-05-24 20:49:02.254366,2026-08-23 21:02:22.309587
item_001443,105.56,3.7,clothing,6.0,3.0,2.966666666666667,0.6098,0.2195,2026-05-24 20:49:02.254366,2026-08-23 21:02:22.309587
item_001444,31.04,3.7,beauty,1.0,5.0,1.7875,0.3542,0.3125,2026-05-24 20:49:02.254366,2026-08-23 21:02:22.309587
item_001445,51.14,2.7,food,0.0,3.0,3.3444444444444446,1.0909,0.3636,2026-05-24 20:49:02.254366,2026-08-23 21:02:22.309587
item_001446,20.53,3.5,books,1.0,3.0,2.477777777777778,0.6897,0.4138,2026-05-24 20:49:02.254366,2026-08-23 21:02:22.309587
item_001447,3059.61,3.7,jewelry,2.0,1.0,2.5,0.7308,0.1538,2026-05-24 20:49:02.254366,2026-08-23 21:02:22.309587
item_001448,61.45,4.0,jewelry,0.0,5.0,2.233333333333333,1.0,0.4762,2026-05-24 20:49:02.254366,2026-08-23 21:02:22.309587
item_001449,162.57,3.8,clothing,3.0,3.0,2.4454545454545453,0.725,0.275,2026-05-24 20:49:02.254366,2026-08-23 21:02:22.309587
item_001450,103.95,3.8,clothing,4.0,9.0,2.8,0.459,0.2295,2026-05-24 20:49:02.254366,2026-08-23 21:02:22.309587
item_001451,165.96,4.2,automotive,2.0,4.0,2.5333333333333337,0.8929,0.3929,2026-05-24 20:49:02.254366,2026-08-23 21:02:22.309587
item_001452,16.65,4.7,food,2.0,1.0,2.4499999999999997,0.5429,0.1429,2026-05-24 20:49:02.254366,2026-08-23 21:02:22.309587
item_001453,367.66,3.6,automotive,1.0,3.0,3.2555555555555555,0.4286,0.3143,2026-05-24 20:49:02.254366,2026-08-23 21:02:22.309587
item_001454,3897.1,3.2,jewelry,1.0,2.0,2.853846153846154,0.5357,0.3929,2026-05-24 20:49:02.254366,2026-08-23 21:02:22.309587
item_001455,220.35,4.4,clothing,2.0,5.0,2.9166666666666665,0.6389,0.4444,2026-05-24 20:49:02.254366,2026-08-23 21:02:22.309587
item_001456,65.25,4.1,food,1.0,1.0,3.4,0.9286,0.2857,2026-05-24 20:49:02.254366,2026-08-23 21:02:22.309587
item_001457,474.84,3.6,jewelry,1.0,2.0,2.8200000000000003,0.4,0.25,2026-05-24 20:49:02.254366,2026-08-23 21:02:22.309587
item_001458,17.53,2.3,food,3.0,6.0,1.8625,0.4048,0.4286,2026-05-24 20:49:02.254366,2026-08-23 21:02:22.309587
item_001459,694.15,4.4,electronics,3.0,4.0,2.9181818181818184,0.3111,0.3778,2026-05-24 20:49:02.254366,2026-08-23 21:02:22.309587
item_001460,6.1,3.2,food,2.0,1.0,1.9166666666666667,0.6786,0.3571,2026-05-24 20:49:02.254366,2026-08-23 21:02:22.309587
item_001461,132.27,3.6,beauty,2.0,7.0,3.0500000000000003,0.5238,0.4286,2026-05-24 20:49:02.254366,2026-08-23 21:02:22.309587
item_001462,52.89,3.5,food,5.0,4.0,3.5666666666666664,0.8462,0.2692,2026-05-24 20:49:02.254366,2026-08-23 21:02:22.309587
item_001463,184.09,4.5,sports,4.0,3.0,3.05,0.7297,0.3514,2026-05-24 20:49:02.254366,2026-08-23 21:02:22.309587
item_001464,149.33,4.0,home_garden,0.0,1.0,2.5625,0.3696,0.2609,2026-05-24 20:49:02.254366,2026-08-23 21:02:22.309587
item_001465,240.65,3.0,clothing,5.0,3.0,3.6875,0.4054,0.3784,2026-05-24 20:49:02.254366,2026-08-23 21:02:22.309587
item_001466,328.92,5.0,home_garden,3.0,3.0,2.628571428571429,0.6562,0.4062,2026-05-24 20:49:02.254366,2026-08-23 21:02:22.309587
item_001467,5.81,4.1,books,5.0,5.0,3.325,0.3902,0.2927,2026-05-24 20:49:02.254366,2026-08-23 21:02:22.309587
item_001468,40.73,3.3,food,3.0,6.0,2.875,0.4423,0.2885,2026-05-24 20:49:02.254366,2026-08-23 21:02:22.309587
item_001469,285.98,4.7,electronics,3.0,3.0,3.3600000000000003,0.32,0.1333,2026-05-24 20:49:02.254366,2026-08-23 21:02:22.309587
item_001470,34.7,3.8,food,1.0,5.0,2.6,0.6176,0.3824,2026-05-24 20:49:02.254366,2026-08-23 21:02:22.309587
item_001471,152.22,3.7,sports,2.0,1.0,2.5,0.4333,0.3,2026-05-24 20:49:02.254366,2026-08-23 21:02:22.309587
item_001472,47.73,3.7,beauty,2.0,1.0,3.3000000000000003,0.8,0.4,2026-05-24 20:49:02.254366,2026-08-23 21:02:22.309587
item_001473,67.36,3.8,clothing,4.0,4.0,2.5500000000000003,0.5,0.2895,2026-05-24 20:49:02.254366,2026-08-23 21:02:22.309587
item_001474,568.83,3.7,home_garden,2.0,3.0,4.0,0.5,0.2083,2026-05-24 20:49:02.254366,2026-08-23 21:02:22.309587
item_001475,524.49,3.7,electronics,3.0,4.0,3.2714285714285714,0.475,0.2,2026-05-24 20:49:02.254366,2026-08-23 21:02:22.309587
item_001476,171.35,3.4,clothing,3.0,2.0,3.6875,0.4462,0.2,2026-05-24 20:49:02.254366,2026-08-23 21:02:22.309587
item_001477,85.44,3.3,beauty,3.0,1.0,2.62,0.4783,0.3478,2026-05-24 20:49:02.254366,2026-08-23 21:02:22.309587
item_001478,534.76,3.9,home_garden,1.0,5.0,3.216666666666667,0.4783,0.3261,2026-05-24 20:49:02.254366,2026-08-23 21:02:22.309587
item_001479,413.77,3.3,electronics,3.0,2.0,2.685714285714286,0.4571,0.2571,2026-05-24 20:49:02.254366,2026-08-23 21:02:22.309587
item_001480,3190.39,4.0,jewelry,2.0,2.0,2.7199999999999998,0.8571,0.4286,2026-05-24 20:49:02.254366,2026-08-23 21:02:22.309587
item_001481,5.89,4.6,books,4.0,6.0,2.685714285714286,0.5957,0.3404,2026-05-24 20:49:02.254366,2026-08-23 21:02:22.309587
item_001482,174.88,3.8,clothing,3.0,4.0,2.5,0.3333,0.3636,2026-05-24 20:49:02.254366,2026-08-23 21:02:22.309587
item_001483,212.3,3.9,sports,3.0,6.0,3.05,0.6471,0.3529,2026-05-24 20:49:02.254366,2026-08-23 21:02:22.309587
item_001484,360.04,4.5,automotive,0.0,5.0,2.6399999999999997,0.8148,0.4815,2026-05-24 20:49:02.254366,2026-08-23 21:02:22.309587
item_001485,92.25,3.6,automotive,5.0,1.0,2.55,0.5593,0.2034,2026-05-24 20:49:02.254366,2026-08-23 21:02:22.309587
item_001486,885.06,3.4,jewelry,4.0,3.0,3.1333333333333333,1.0,0.4074,2026-05-24 20:49:02.254366,2026-08-23 21:02:22.309587
item_001487,59.84,2.1,automotive,4.0,2.0,2.875,0.2791,0.1628,2026-05-24 20:49:02.254366,2026-08-23 21:02:22.309587
item_001488,242.12,3.8,home_garden,0.0,3.0,2.025,0.6957,0.3478,2026-05-24 20:49:02.254366,2026-08-23 21:02:22.309587
item_001489,114.79,3.4,toys,3.0,6.0,4.1,0.6552,0.4483,2026-05-24 20:49:02.254366,2026-08-23 21:02:22.309587
item_001490,151.42,3.6,jewelry,2.0,6.0,0.0,0.5128,0.3333,2026-05-24 20:49:02.254366,2026-08-23 21:02:22.309587
item_001491,168.5,2.4,beauty,6.0,4.0,2.4857142857142853,0.5111,0.2,2026-05-24 20:49:02.254366,2026-08-23 21:02:22.309587
item_001492,9.0,3.6,toys,1.0,6.0,2.475,0.7931,0.3793,2026-05-24 20:49:02.254366,2026-08-23 21:02:22.309587
item_001493,149.16,3.0,clothing,0.0,5.0,3.5,0.9565,0.3913,2026-05-24 20:49:02.254366,2026-08-23 21:02:22.309587
item_001494,780.41,2.9,home_garden,0.0,3.0,2.5,1.0,0.3636,2026-05-24 20:49:02.254366,2026-08-23 21:02:22.309587
item_001495,4.73,3.1,food,1.0,4.0,3.7,0.6154,0.4231,2026-05-24 20:49:02.254366,2026-08-23 21:02:22.309587
item_001496,27.37,3.0,food,2.0,4.0,3.3666666666666667,0.7812,0.4062,2026-05-24 20:49:02.254366,2026-08-23 21:02:22.309587
item_001497,4875.58,4.3,jewelry,0.0,1.0,2.5,0.9444,0.4444,2026-05-24 20:49:02.254366,2026-08-23 21:02:22.309587
item_001498,89.54,4.5,clothing,2.0,8.0,3.375,0.76,0.72,2026-05-24 20:49:02.254366,2026-08-23 21:02:22.309587
item_001499,6.88,3.9,food,2.0,2.0,3.4000000000000004,1.0,0.3571,2026-05-24 20:49:02.254366,2026-08-23 21:02:22.309587
item_001500,298.76,4.9,sports,3.0,5.0,2.957142857142857,0.5,0.3864,2026-05-24 20:49:02.254366,2026-08-23 21:02:22.309587
item_001501,128.07,3.5,sports,6.0,5.0,3.463636363636364,0.7805,0.4146,2026-05-24 20:49:02.254366,2026-08-23 21:02:22.309587
item_001502,43.78,2.0,food,7.0,5.0,3.1727272727272724,0.25,0.2679,2026-05-24 20:49:02.254366,2026-08-23 21:02:22.309587
item_001503,205.67,3.2,automotive,6.0,4.0,3.625,0.5,0.2632,2026-05-24 20:49:02.254366,2026-08-23 21:02:22.309587
item_001504,153.08,3.7,beauty,0.0,8.0,3.290909090909091,0.4058,0.2609,2026-05-24 20:49:02.254366,2026-08-23 21:02:22.309587
item_001505,267.94,3.1,clothing,1.0,4.0,3.0142857142857147,0.3939,0.303,2026-05-24 20:49:02.254366,2026-08-23 21:02:22.309587
item_001506,110.37,3.8,beauty,6.0,5.0,2.6625,0.5333,0.3111,2026-05-24 20:49:02.254366,2026-08-23 21:02:22.309587
item_001507,378.63,4.2,home_garden,1.0,5.0,2.8666666666666667,0.7368,0.6842,2026-05-24 20:49:02.254366,2026-08-23 21:02:22.309587
item_001508,1057.69,3.1,electronics,2.0,7.0,2.1222222222222222,0.3636,0.4545,2026-05-24 20:49:02.254366,2026-08-23 21:02:22.309587
item_001509,31.36,4.8,beauty,5.0,2.0,2.8454545454545457,0.775,0.35,2026-05-24 20:49:02.254366,2026-08-23 21:02:22.309587
item_001510,98.72,5.0,automotive,2.0,6.0,2.627272727272727,0.4651,0.3953,2026-05-24 20:49:02.254366,2026-08-23 21:02:22.309587
item_001511,105.27,5.0,toys,2.0,3.0,3.3000000000000003,0.4643,0.5357,2026-05-24 20:49:02.254366,2026-08-23 21:02:22.309587
item_001512,25.27,2.5,toys,2.0,5.0,2.733333333333333,0.5161,0.2258,2026-05-24 20:49:02.254366,2026-08-23 21:02:22.309587
item_001513,51.79,3.4,books,2.0,4.0,2.5,0.55,0.5,2026-05-24 20:49:02.254366,2026-08-23 21:02:22.309587
item_001514,344.24,3.9,sports,4.0,2.0,3.733333333333333,0.6818,0.5455,2026-05-24 20:49:02.254366,2026-08-23 21:02:22.309587
item_001515,78.69,2.8,beauty,3.0,7.0,2.92,0.5,0.6071,2026-05-24 20:49:02.254366,2026-08-23 21:02:22.309587
item_001516,569.5,2.9,home_garden,4.0,5.0,3.085714285714286,0.5185,0.2593,2026-05-24 20:49:02.254366,2026-08-23 21:02:22.309587
item_001517,58.43,2.5,food,5.0,5.0,2.83,0.4231,0.25,2026-05-24 20:49:02.254366,2026-08-23 21:02:22.309587
item_001518,168.91,3.8,jewelry,1.0,4.0,2.733333333333333,0.3571,0.3571,2026-05-24 20:49:02.254366,2026-08-23 21:02:22.309587
item_001519,259.86,4.0,electronics,3.0,4.0,3.3428571428571425,1.04,0.48,2026-05-24 20:49:02.254366,2026-08-23 21:02:22.309587
item_001520,66.52,4.5,automotive,2.0,5.0,3.4333333333333336,0.2903,0.3548,2026-05-24 20:49:02.254366,2026-08-23 21:02:22.309587
item_001521,311.67,4.1,automotive,2.0,4.0,3.316666666666667,0.5098,0.3333,2026-05-24 20:49:02.254366,2026-08-23 21:02:22.309587
item_001522,138.45,4.2,sports,7.0,3.0,2.9499999999999997,0.5714,0.3571,2026-05-24 20:49:02.254366,2026-08-23 21:02:22.309587
item_001523,59.52,2.6,books,1.0,5.0,2.6,0.4583,0.625,2026-05-24 20:49:02.254366,2026-08-23 21:02:22.309587
item_001524,3925.08,3.9,jewelry,2.0,2.0,2.357142857142857,0.6522,0.5217,2026-05-24 20:49:02.254366,2026-08-23 21:02:22.309587
item_001525,50.28,3.7,books,5.0,7.0,3.475,0.5745,0.2979,2026-05-24 20:49:02.254366,2026-08-23 21:02:22.309587
item_001526,38.09,3.3,toys,3.0,4.0,3.033333333333333,0.6071,0.3571,2026-05-24 20:49:02.254366,2026-08-23 21:02:22.309587
item_001527,91.04,3.5,toys,4.0,2.0,3.8428571428571425,0.4103,0.2051,2026-05-24 20:49:02.254366,2026-08-23 21:02:22.309587
item_001528,240.0,4.0,automotive,2.0,2.0,2.1285714285714286,0.6538,0.3462,2026-05-24 20:49:02.254366,2026-08-23 21:02:22.309587
item_001529,211.64,4.2,clothing,0.0,3.0,3.1785714285714284,0.6207,0.3793,2026-05-24 20:49:02.254366,2026-08-23 21:02:22.309587
item_001530,279.11,5.0,clothing,5.0,3.0,2.35,0.375,0.4688,2026-05-24 20:49:02.254366,2026-08-23 21:02:22.309587
item_001531,69.58,4.0,automotive,3.0,1.0,2.7600000000000002,1.0833,0.5,2026-05-24 20:49:02.254366,2026-08-23 21:02:22.309587
item_001532,67.07,4.3,food,3.0,7.0,3.75,0.7931,0.4828,2026-05-24 20:49:02.254366,2026-08-23 21:02:22.309587
item_001533,765.37,4.3,home_garden,1.0,8.0,3.1833333333333336,0.381,0.5476,2026-05-24 20:49:02.254366,2026-08-23 21:02:22.309587
item_001534,139.56,4.5,electronics,5.0,4.0,2.225,0.6429,0.2857,2026-05-24 20:49:02.254366,2026-08-23 21:02:22.309587
item_001535,129.91,3.0,automotive,3.0,2.0,0.0,0.5556,0.4815,2026-05-24 20:49:02.254366,2026-08-23 21:02:22.309587
item_001536,98.99,3.8,toys,6.0,8.0,3.128571428571429,0.5088,0.386,2026-05-24 20:49:02.254366,2026-08-23 21:02:22.309587
item_001537,3393.63,3.1,jewelry,2.0,4.0,3.54,0.9091,0.5455,2026-05-24 20:49:02.254366,2026-08-23 21:02:22.309587
item_001538,245.36,3.2,clothing,1.0,5.0,2.7555555555555555,0.7917,0.75,2026-05-24 20:49:02.254366,2026-08-23 21:02:22.309587
item_001539,117.36,4.0,sports,1.0,9.0,3.6285714285714286,0.4688,0.5938,2026-05-24 20:49:02.254366,2026-08-23 21:02:22.309587
item_001540,34.0,4.1,books,1.0,7.0,3.12,0.6818,0.3182,2026-05-24 20:49:02.254366,2026-08-23 21:02:22.309587
item_001541,364.58,4.0,jewelry,1.0,2.0,2.8,0.4231,0.3077,2026-05-24 20:49:02.254366,2026-08-23 21:02:22.309587
item_001542,228.06,3.4,clothing,1.0,2.0,2.3666666666666667,0.75,0.5417,2026-05-24 20:49:02.254366,2026-08-23 21:02:22.309587
item_001543,20.55,3.8,books,6.0,3.0,2.96,0.4561,0.2632,2026-05-24 20:49:02.254366,2026-08-23 21:02:22.309587
item_001544,62.65,3.6,home_garden,1.0,3.0,2.766666666666667,0.5652,0.3043,2026-05-24 20:49:02.254366,2026-08-23 21:02:22.309587
item_001545,124.86,4.0,clothing,3.0,1.0,3.4285714285714284,0.5455,0.2121,2026-05-24 20:49:02.254366,2026-08-23 21:02:22.309587
item_001546,1188.09,4.5,jewelry,2.0,3.0,2.3,0.8,0.25,2026-05-24 20:49:02.254366,2026-08-23 21:02:22.309587
item_001547,59.42,3.1,books,2.0,4.0,3.0,0.6333,0.3333,2026-05-24 20:49:02.254366,2026-08-23 21:02:22.309587
item_001548,30.19,3.7,books,2.0,2.0,2.42,0.375,0.2917,2026-05-24 20:49:02.254366,2026-08-23 21:02:22.309587
item_001549,16.53,4.3,sports,2.0,4.0,3.0666666666666664,0.3902,0.1707,2026-05-24 20:49:02.254366,2026-08-23 21:02:22.309587
item_001550,67.56,2.7,food,4.0,1.0,2.1,0.4737,0.2368,2026-05-24 20:49:02.254366,2026-08-23 21:02:22.309587
item_001551,389.84,4.4,sports,4.0,2.0,4.05,0.5161,0.1613,2026-05-24 20:49:02.254366,2026-08-23 21:02:22.309587
item_001552,36.83,2.4,clothing,0.0,4.0,2.95,0.8636,0.4545,2026-05-24 20:49:02.254366,2026-08-23 21:02:22.309587
item_001553,4922.23,3.0,jewelry,1.0,2.0,3.6666666666666665,0.5238,0.2143,2026-05-24 20:49:02.254366,2026-08-23 21:02:22.309587
item_001554,76.79,3.7,beauty,3.0,4.0,2.9125,0.6,0.3667,2026-05-24 20:49:02.254366,2026-08-23 21:02:22.309587
item_001555,257.86,3.5,automotive,2.0,2.0,2.9499999999999997,0.2069,0.2414,2026-05-24 20:49:02.254366,2026-08-23 21:02:22.309587
item_001556,199.7,3.5,sports,5.0,3.0,3.3,0.75,0.2143,2026-05-24 20:49:02.254366,2026-08-23 21:02:22.309587
item_001557,26.24,5.0,books,1.0,4.0,3.4058823529411764,0.55,0.25,2026-05-24 20:49:02.254366,2026-08-23 21:02:22.309587
item_001558,43.23,2.9,food,6.0,7.0,3.2,0.3125,0.375,2026-05-24 20:49:02.254366,2026-08-23 21:02:22.309587
item_001559,111.71,4.1,clothing,2.0,5.0,0.0,0.9167,0.4167,2026-05-24 20:49:02.254366,2026-08-23 21:02:22.309587
item_001560,36.73,5.0,clothing,4.0,4.0,3.3,0.6,0.25,2026-05-24 20:49:02.254366,2026-08-23 21:02:22.309587
item_001561,58.22,4.3,food,2.0,4.0,3.38,0.6552,0.3448,2026-05-24 20:49:02.254366,2026-08-23 21:02:22.309587
item_001562,23.77,4.0,food,2.0,0.0,3.6,1.0526,0.5789,2026-05-24 20:49:02.254366,2026-08-23 21:02:22.309587
item_001563,222.11,3.9,clothing,0.0,6.0,2.2555555555555555,0.5556,0.4444,2026-05-24 20:49:02.254366,2026-08-23 21:02:22.309587
item_001564,4864.53,3.5,jewelry,4.0,1.0,2.822222222222222,0.4359,0.0769,2026-05-24 20:49:02.254366,2026-08-23 21:02:22.309587
item_001565,29.15,3.4,books,2.0,3.0,2.966666666666667,0.5862,0.1724,2026-05-24 20:49:02.254366,2026-08-23 21:02:22.309587
item_001566,1418.83,2.8,electronics,2.0,6.0,2.6571428571428575,0.4737,0.4211,2026-05-24 20:49:02.254366,2026-08-23 21:02:22.309587
item_001567,62.42,4.4,toys,3.0,5.0,2.6555555555555554,0.5476,0.4524,2026-05-24 20:49:02.254366,2026-08-23 21:02:22.309587
item_001568,1138.0,2.9,electronics,4.0,8.0,2.55,0.5,0.5476,2026-05-24 20:49:02.254366,2026-08-23 21:02:22.309587
item_001569,10.34,3.7,food,3.0,6.0,2.7916666666666665,0.8929,0.5,2026-05-24 20:49:02.254366,2026-08-23 21:02:22.309587
item_001570,466.0,3.5,sports,3.0,4.0,3.0,0.5484,0.2581,2026-05-24 20:49:02.254366,2026-08-23 21:02:22.309587
item_001571,23.88,3.9,books,4.0,1.0,3.466666666666667,0.6429,0.4286,2026-05-24 20:49:02.254366,2026-08-23 21:02:22.309587
item_001572,792.44,4.2,home_garden,1.0,4.0,2.566666666666667,0.9524,0.3333,2026-05-24 20:49:02.254366,2026-08-23 21:02:22.309587
item_001573,68.39,3.4,food,0.0,3.0,2.775,0.6667,0.3333,2026-05-24 20:49:02.254366,2026-08-23 21:02:22.309587
item_001574,72.56,3.0,clothing,1.0,4.0,3.414285714285714,0.6,0.3,2026-05-24 20:49:02.254366,2026-08-23 21:02:22.309587
item_001575,3914.88,3.3,jewelry,8.0,6.0,3.22,0.3478,0.2391,2026-05-24 20:49:02.254366,2026-08-23 21:02:22.309587
item_001576,65.27,3.1,sports,1.0,2.0,2.1666666666666665,0.963,0.3333,2026-05-24 20:49:02.254366,2026-08-23 21:02:22.309587
item_001577,64.4,5.0,food,2.0,8.0,3.5714285714285716,0.5455,0.4242,2026-05-24 20:49:02.254366,2026-08-23 21:02:22.309587
item_001578,277.31,4.6,electronics,2.0,5.0,4.6,0.6957,0.3478,2026-05-24 20:49:02.254366,2026-08-23 21:02:22.309587
item_001579,2782.77,2.8,jewelry,1.0,4.0,3.0333333333333337,0.5,0.2333,2026-05-24 20:49:02.254366,2026-08-23 21:02:22.309587
item_001580,249.43,3.5,automotive,0.0,1.0,2.675,0.8947,0.4211,2026-05-24 20:49:02.254366,2026-08-23 21:02:22.309587
item_001581,318.12,3.1,sports,2.0,4.0,3.6999999999999997,0.6,0.3,2026-05-24 20:49:02.254366,2026-08-23 21:02:22.309587
item_001582,480.79,3.3,electronics,2.0,0.0,2.4,1.0968,0.129,2026-05-24 20:49:02.254366,2026-08-23 21:02:22.309587
item_001583,39.7,3.4,books,2.0,5.0,3.3,0.3667,0.5667,2026-05-24 20:49:02.254366,2026-08-23 21:02:22.309587
item_001584,68.54,3.2,beauty,2.0,1.0,2.6333333333333333,0.6429,0.3214,2026-05-24 20:49:02.254366,2026-08-23 21:02:22.309587
item_001585,49.75,4.4,food,2.0,1.0,3.4166666666666665,0.7778,0.2963,2026-05-24 20:49:02.254366,2026-08-23 21:02:22.309587
item_001586,53.97,4.0,clothing,2.0,3.0,2.4333333333333336,0.4468,0.2766,2026-05-24 20:49:02.254366,2026-08-23 21:02:22.309587
item_001587,99.95,3.9,beauty,4.0,2.0,1.7666666666666666,0.3462,0.4615,2026-05-24 20:49:02.254366,2026-08-23 21:02:22.309587
item_001588,16.8,4.7,food,0.0,2.0,2.55,0.8148,0.2593,2026-05-24 20:49:02.254366,2026-08-23 21:02:22.309587
item_001589,74.22,4.3,sports,8.0,8.0,3.0500000000000003,0.5385,0.3231,2026-05-24 20:49:02.254366,2026-08-23 21:02:22.309587
item_001590,68.68,3.8,toys,6.0,7.0,2.3,0.5641,0.359,2026-05-24 20:49:02.254366,2026-08-23 21:02:22.309587
item_001591,428.91,3.9,sports,1.0,5.0,2.8000000000000003,0.4167,0.5,2026-05-24 20:49:02.254366,2026-08-23 21:02:22.309587
item_001592,12.38,4.4,clothing,3.0,2.0,3.55,0.3684,0.2895,2026-05-24 20:49:02.254366,2026-08-23 21:02:22.309587
item_001593,438.75,4.4,sports,6.0,5.0,2.725,0.5385,0.4103,2026-05-24 20:49:02.254366,2026-08-23 21:02:22.309587
item_001594,23.17,2.2,home_garden,1.0,2.0,2.85,0.3871,0.1935,2026-05-24 20:49:02.254366,2026-08-23 21:02:22.309587
item_001595,554.69,4.0,home_garden,2.0,4.0,2.477777777777778,0.6818,0.3636,2026-05-24 20:49:02.254366,2026-08-23 21:02:22.309587
item_001596,138.06,3.8,automotive,0.0,4.0,2.966666666666667,0.75,0.5,2026-05-24 20:49:02.254366,2026-08-23 21:02:22.309587
item_001597,73.38,4.2,clothing,11.0,7.0,2.9285714285714284,0.3425,0.2329,2026-05-24 20:49:02.254366,2026-08-23 21:02:22.309587
item_001598,235.92,2.5,clothing,5.0,1.0,2.2,0.6667,0.25,2026-05-24 20:49:02.254366,2026-08-23 21:02:22.309587
item_001599,281.53,4.5,automotive,7.0,3.0,2.94,0.413,0.3043,2026-05-24 20:49:02.254366,2026-08-23 21:02:22.309587
item_001600,153.29,4.3,beauty,1.0,3.0,2.2800000000000002,0.3529,0.2353,2026-05-24 20:49:02.254366,2026-08-23 21:02:22.309587
item_001601,54.58,3.5,toys,5.0,4.0,3.0285714285714285,0.8621,0.3448,2026-05-24 20:49:02.254366,2026-08-23 21:02:22.309587
item_001602,1846.31,4.9,electronics,1.0,1.0,3.875,1.0,0.2609,2026-05-24 20:49:02.254366,2026-08-23 21:02:22.309587
item_001603,288.93,3.0,automotive,1.0,2.0,2.066666666666667,0.5172,0.2414,2026-05-24 20:49:02.254366,2026-08-23 21:02:22.309587
item_001604,415.13,3.9,sports,1.0,2.0,3.3000000000000003,0.8421,0.3158,2026-05-24 20:49:02.254366,2026-08-23 21:02:22.309587
item_001605,35.75,3.4,beauty,2.0,6.0,3.033333333333333,0.4318,0.2955,2026-05-24 20:49:02.254366,2026-08-23 21:02:22.309587
item_001606,4375.96,3.2,jewelry,4.0,2.0,2.4000000000000004,0.6818,0.6818,2026-05-24 20:49:02.254366,2026-08-23 21:02:22.309587
item_001607,794.56,3.7,electronics,1.0,2.0,2.3,0.8421,0.5789,2026-05-24 20:49:02.254366,2026-08-23 21:02:22.309587
item_001608,705.56,5.0,electronics,3.0,3.0,2.95,0.5882,0.2647,2026-05-24 20:49:02.254366,2026-08-23 21:02:22.309587
item_001609,6.25,2.6,books,5.0,5.0,2.711111111111111,0.4286,0.1746,2026-05-24 20:49:02.254366,2026-08-23 21:02:22.309587
item_001610,53.08,4.3,clothing,2.0,2.0,4.133333333333334,0.72,0.16,2026-05-24 20:49:02.254366,2026-08-23 21:02:22.309587
item_001611,682.32,5.0,electronics,0.0,4.0,3.0200000000000005,0.5806,0.4839,2026-05-24 20:49:02.254366,2026-08-23 21:02:22.309587
item_001612,123.08,3.0,beauty,5.0,2.0,3.0818181818181816,0.434,0.1509,2026-05-24 20:49:02.254366,2026-08-23 21:02:22.309587
item_001613,14.31,4.7,toys,2.0,1.0,3.1,0.6207,0.2759,2026-05-24 20:49:02.254366,2026-08-23 21:02:22.309587
item_001614,153.01,4.5,beauty,2.0,6.0,2.85,0.6452,0.4516,2026-05-24 20:49:02.254366,2026-08-23 21:02:22.309587
item_001615,84.41,2.7,beauty,3.0,4.0,4.1,0.5172,0.3103,2026-05-24 20:49:02.254366,2026-08-23 21:02:22.309587
item_001616,18.6,1.8,books,1.0,3.0,3.05,0.7692,0.3077,2026-05-24 20:49:02.254366,2026-08-23 21:02:22.309587
item_001617,161.66,2.9,automotive,2.0,7.0,3.533333333333333,0.4237,0.2881,2026-05-24 20:49:02.254366,2026-08-23 21:02:22.309587
item_001618,30.75,3.9,books,1.0,4.0,3.142857142857143,0.3846,0.3846,2026-05-24 20:49:02.254366,2026-08-23 21:02:22.309587
item_001619,89.76,4.2,clothing,2.0,7.0,3.483333333333333,0.6829,0.2927,2026-05-24 20:49:02.254366,2026-08-23 21:02:22.309587
item_001620,246.55,4.5,electronics,3.0,0.0,3.6100000000000003,0.4595,0.2432,2026-05-24 20:49:02.254366,2026-08-23 21:02:22.309587
item_001621,1723.56,3.7,jewelry,3.0,3.0,3.0700000000000003,0.6279,0.186,2026-05-24 20:49:02.254366,2026-08-23 21:02:22.309587
item_001622,69.63,3.8,food,0.0,6.0,1.3,0.72,0.44,2026-05-24 20:49:02.254366,2026-08-23 21:02:22.309587
item_001623,694.17,2.8,home_garden,0.0,6.0,4.3,0.3651,0.1429,2026-05-24 20:49:02.254366,2026-08-23 21:02:22.309587
item_001624,5.29,4.7,food,3.0,5.0,3.0,0.5833,0.625,2026-05-24 20:49:02.254366,2026-08-23 21:02:22.309587
item_001625,342.77,4.5,home_garden,1.0,7.0,2.625,0.8387,0.3871,2026-05-24 20:49:02.254366,2026-08-23 21:02:22.309587
item_001626,187.28,4.1,beauty,2.0,3.0,3.0875,0.8077,0.6538,2026-05-24 20:49:02.254366,2026-08-23 21:02:22.309587
item_001627,502.0,3.7,home_garden,2.0,3.0,3.1333333333333333,0.8,0.3667,2026-05-24 20:49:02.254366,2026-08-23 21:02:22.309587
item_001628,143.46,4.7,beauty,1.0,5.0,2.857142857142857,0.5938,0.3438,2026-05-24 20:49:02.254366,2026-08-23 21:02:22.309587
item_001629,85.45,3.0,clothing,2.0,5.0,4.04,0.625,0.3333,2026-05-24 20:49:02.254366,2026-08-23 21:02:22.309587
item_001630,635.54,3.9,home_garden,1.0,3.0,3.016666666666667,0.3548,0.2581,2026-05-24 20:49:02.254366,2026-08-23 21:02:22.309587
item_001631,259.35,5.0,clothing,1.0,7.0,2.6833333333333336,1.0741,0.8148,2026-05-24 20:49:02.254366,2026-08-23 21:02:22.309587
item_001632,278.13,3.0,clothing,3.0,2.0,3.375,0.7778,0.1852,2026-05-24 20:49:02.254366,2026-08-23 21:02:22.309587
item_001633,72.3,5.0,electronics,3.0,4.0,2.972727272727273,0.6429,0.4286,2026-05-24 20:49:02.254366,2026-08-23 21:02:22.309587
item_001634,163.73,4.4,beauty,3.0,9.0,3.2555555555555555,0.7273,0.4545,2026-05-24 20:49:02.254366,2026-08-23 21:02:22.309587
item_001635,78.28,4.2,food,1.0,4.0,2.59,0.8148,0.4074,2026-05-24 20:49:02.254366,2026-08-23 21:02:22.309587
item_001636,3509.33,4.7,jewelry,1.0,2.0,3.3428571428571425,0.9524,0.619,2026-05-24 20:49:02.254366,2026-08-23 21:02:22.309587
item_001637,35.79,4.5,food,5.0,5.0,1.65,0.6154,0.3077,2026-05-24 20:49:02.254366,2026-08-23 21:02:22.309587
item_001638,2373.42,2.7,jewelry,2.0,2.0,2.533333333333333,0.5714,0.2857,2026-05-24 20:49:02.254366,2026-08-23 21:02:22.309587
item_001639,156.02,2.7,clothing,1.0,2.0,3.75,1.0588,0.2353,2026-05-24 20:49:02.254366,2026-08-23 21:02:22.309587
item_001640,140.19,3.4,clothing,3.0,3.0,2.95,0.4,0.32,2026-05-24 20:49:02.254366,2026-08-23 21:02:22.309587
item_001641,19.77,4.0,books,7.0,6.0,3.08,0.4561,0.2982,2026-05-24 20:49:02.254366,2026-08-23 21:02:22.309587
item_001642,10.06,4.6,toys,4.0,7.0,2.8000000000000003,0.48,0.36,2026-05-24 20:49:02.254366,2026-08-23 21:02:22.309587
item_001643,97.65,3.6,automotive,2.0,1.0,2.54,0.4783,0.3043,2026-05-24 20:49:02.254366,2026-08-23 21:02:22.309587
item_001644,18.31,3.2,books,1.0,5.0,3.15,0.6522,0.5217,2026-05-24 20:49:02.254366,2026-08-23 21:02:22.309587
item_001645,112.19,4.4,clothing,3.0,4.0,2.5,1.2273,0.5,2026-05-24 20:49:02.254366,2026-08-23 21:02:22.309587
item_001646,31.37,3.6,automotive,2.0,3.0,3.55,0.6071,0.3571,2026-05-24 20:49:02.254366,2026-08-23 21:02:22.309587
item_001647,6.64,4.0,food,3.0,2.0,2.4857142857142853,0.7407,0.4074,2026-05-24 20:49:02.254366,2026-08-23 21:02:22.309587
item_001648,3945.77,3.8,jewelry,0.0,2.0,3.2399999999999998,0.9048,0.2381,2026-05-24 20:49:02.254366,2026-08-23 21:02:22.309587
item_001649,53.61,3.3,toys,2.0,3.0,4.266666666666667,0.75,0.5,2026-05-24 20:49:02.254366,2026-08-23 21:02:22.309587
item_001650,18.76,3.3,books,4.0,2.0,3.1399999999999997,0.3659,0.2439,2026-05-24 20:49:02.254366,2026-08-23 21:02:22.309587
item_001651,13.3,3.0,food,1.0,3.0,3.5,0.6,0.4,2026-05-24 20:49:02.254366,2026-08-23 21:02:22.309587
item_001652,270.26,4.6,electronics,2.0,4.0,3.9,0.36,0.44,2026-05-24 20:49:02.254366,2026-08-23 21:02:22.309587
item_001653,775.52,3.5,electronics,1.0,3.0,3.8249999999999997,0.8889,0.2593,2026-05-24 20:49:02.254366,2026-08-23 21:02:22.309587
item_001654,814.73,3.2,electronics,2.0,7.0,3.8,0.6923,0.4615,2026-05-24 20:49:02.254366,2026-08-23 21:02:22.309587
item_001655,40.36,2.5,books,3.0,5.0,2.3666666666666667,0.7419,0.3226,2026-05-24 20:49:02.254366,2026-08-23 21:02:22.309587
item_001656,618.64,2.4,electronics,1.0,2.0,2.6,0.72,0.28,2026-05-24 20:49:02.254366,2026-08-23 21:02:22.309587
item_001657,99.58,3.0,beauty,7.0,5.0,2.9333333333333336,0.3171,0.3415,2026-05-24 20:49:02.254366,2026-08-23 21:02:22.309587
item_001658,179.41,4.0,clothing,6.0,4.0,3.07,0.4737,0.2807,2026-05-24 20:49:02.254366,2026-08-23 21:02:22.309587
item_001659,134.27,3.8,beauty,3.0,2.0,3.466666666666667,0.2632,0.2368,2026-05-24 20:49:02.254366,2026-08-23 21:02:22.309587
item_001660,67.83,3.6,beauty,2.0,2.0,3.7,0.6389,0.4167,2026-05-24 20:49:02.254366,2026-08-23 21:02:22.309587
item_001661,31.87,3.0,automotive,2.0,5.0,2.733333333333333,0.8947,0.5263,2026-05-24 20:49:02.254366,2026-08-23 21:02:22.309587
item_001662,131.94,2.5,toys,2.0,2.0,3.1,0.6296,0.2222,2026-05-24 20:49:02.254366,2026-08-23 21:02:22.309587
item_001663,475.03,3.2,jewelry,2.0,4.0,3.75,0.3846,0.3846,2026-05-24 20:49:02.254366,2026-08-23 21:02:22.309587
item_001664,770.8,3.6,electronics,2.0,1.0,3.15,0.7368,0.3158,2026-05-24 20:49:02.254366,2026-08-23 21:02:22.309587
item_001665,43.1,4.3,beauty,3.0,8.0,2.95,0.5238,0.4524,2026-05-24 20:49:02.254366,2026-08-23 21:02:22.309587
item_001666,21.57,2.7,books,0.0,4.0,2.82,0.8889,0.5185,2026-05-24 20:49:02.254366,2026-08-23 21:02:22.309587
item_001667,647.79,3.5,electronics,1.0,3.0,3.2444444444444445,0.64,0.44,2026-05-24 20:49:02.254366,2026-08-23 21:02:22.309587
item_001668,253.16,3.0,automotive,1.0,4.0,3.1333333333333333,0.7037,0.2963,2026-05-24 20:49:02.254366,2026-08-23 21:02:22.309587
item_001669,31.0,3.4,beauty,2.0,4.0,2.775,0.76,0.32,2026-05-24 20:49:02.254366,2026-08-23 21:02:22.309587
item_001670,14.38,5.0,food,2.0,4.0,2.8444444444444446,0.6061,0.3636,2026-05-24 20:49:02.254366,2026-08-23 21:02:22.309587
item_001671,24.55,3.1,home_garden,1.0,4.0,2.8,0.68,0.4,2026-05-24 20:49:02.254366,2026-08-23 21:02:22.309587
item_001672,12.21,3.0,books,5.0,6.0,3.3625,0.4754,0.1475,2026-05-24 20:49:02.254366,2026-08-23 21:02:22.309587
item_001673,378.72,5.0,sports,2.0,9.0,3.6875,0.6154,0.4615,2026-05-24 20:49:02.254366,2026-08-23 21:02:22.309587
item_001674,977.18,4.2,jewelry,2.0,5.0,3.4166666666666665,0.7297,0.4595,2026-05-24 20:49:02.254366,2026-08-23 21:02:22.309587
item_001675,14.53,4.1,automotive,4.0,6.0,3.675,0.4286,0.5,2026-05-24 20:49:02.254366,2026-08-23 21:02:22.309587
item_001676,132.56,3.1,beauty,3.0,4.0,3.088888888888889,0.4571,0.2571,2026-05-24 20:49:02.254366,2026-08-23 21:02:22.309587
item_001677,266.96,5.0,clothing,1.0,3.0,3.1142857142857143,0.4186,0.2093,2026-05-24 20:49:02.254366,2026-08-23 21:02:22.309587
item_001678,147.58,2.8,beauty,2.0,0.0,2.55,0.5,0.3421,2026-05-24 20:49:02.254366,2026-08-23 21:02:22.309587
item_001679,672.45,4.5,home_garden,0.0,4.0,2.45,0.3913,0.5217,2026-05-24 20:49:02.254366,2026-08-23 21:02:22.309587
item_001680,58.96,4.6,toys,4.0,5.0,3.516666666666667,0.8261,0.5217,2026-05-24 20:49:02.254366,2026-08-23 21:02:22.309587
item_001681,1032.55,4.8,electronics,3.0,4.0,2.54,0.8696,0.5217,2026-05-24 20:49:02.254366,2026-08-23 21:02:22.309587
item_001682,138.75,4.9,home_garden,1.0,4.0,2.822222222222222,0.6522,0.5217,2026-05-24 20:49:02.254366,2026-08-23 21:02:22.309587
item_001683,380.46,3.6,sports,2.0,3.0,3.033333333333333,0.3846,0.3462,2026-05-24 20:49:02.254366,2026-08-23 21:02:22.309587
item_001684,199.67,4.0,beauty,3.0,6.0,2.8875,0.697,0.3636,2026-05-24 20:49:02.254366,2026-08-23 21:02:22.309587
item_001685,2544.35,3.8,jewelry,0.0,3.0,3.266666666666667,0.4333,0.1667,2026-05-24 20:49:02.254366,2026-08-23 21:02:22.309587
item_001686,146.25,3.1,clothing,2.0,3.0,3.78,0.85,0.6,2026-05-24 20:49:02.254366,2026-08-23 21:02:22.309587
item_001687,262.09,3.5,automotive,6.0,5.0,2.85,0.7826,0.2609,2026-05-24 20:49:02.254366,2026-08-23 21:02:22.309587
item_001688,191.14,4.6,beauty,2.0,9.0,3.0124999999999997,0.7174,0.3696,2026-05-24 20:49:02.254366,2026-08-23 21:02:22.309587
item_001689,19.39,2.8,toys,4.0,2.0,4.116666666666666,0.75,0.4643,2026-05-24 20:49:02.254366,2026-08-23 21:02:22.309587
item_001690,179.31,4.3,sports,4.0,3.0,3.0799999999999996,0.4681,0.2128,2026-05-24 20:49:02.254366,2026-08-23 21:02:22.309587
item_001691,497.33,4.4,sports,3.0,5.0,2.8,0.5294,0.3529,2026-05-24 20:49:02.254366,2026-08-23 21:02:22.309587
item_001692,370.88,3.8,automotive,3.0,6.0,3.057142857142857,0.3878,0.4286,2026-05-24 20:49:02.254366,2026-08-23 21:02:22.309587
item_001693,1388.57,4.4,electronics,2.0,4.0,2.1333333333333333,0.8519,0.2963,2026-05-24 20:49:02.254366,2026-08-23 21:02:22.309587
item_001694,169.12,3.1,sports,5.0,1.0,2.8428571428571425,0.5385,0.1846,2026-05-24 20:49:02.254366,2026-08-23 21:02:22.309587
item_001695,17.42,3.0,food,2.0,6.0,3.4625,0.5862,0.3793,2026-05-24 20:49:02.254366,2026-08-23 21:02:22.309587
item_001696,15.8,3.5,beauty,0.0,4.0,2.7454545454545456,0.4091,0.3864,2026-05-24 20:49:02.254366,2026-08-23 21:02:22.309587
item_001697,120.79,4.0,toys,1.0,7.0,2.9499999999999997,0.5079,0.2857,2026-05-24 20:49:02.254366,2026-08-23 21:02:22.309587
item_001698,2123.05,5.0,jewelry,3.0,5.0,3.46,0.5667,0.3333,2026-05-24 20:49:02.254366,2026-08-23 21:02:22.309587
item_001699,2873.18,3.8,jewelry,2.0,3.0,2.983333333333333,0.5333,0.2667,2026-05-24 20:49:02.254366,2026-08-23 21:02:22.309587
item_001700,723.62,3.5,home_garden,0.0,5.0,3.66,0.8519,0.4444,2026-05-24 20:49:02.254366,2026-08-23 21:02:22.309587
item_001701,260.61,4.6,clothing,1.0,5.0,3.533333333333333,0.8,0.3,2026-05-24 20:49:02.254366,2026-08-23 21:02:22.309587
item_001702,44.59,2.9,books,1.0,5.0,3.216666666666667,0.5,0.4545,2026-05-24 20:49:02.254366,2026-08-23 21:02:22.309587
item_001703,282.24,2.7,automotive,1.0,4.0,2.4833333333333334,0.6471,0.3235,2026-05-24 20:49:02.254366,2026-08-23 21:02:22.309587
item_001704,71.37,5.0,automotive,2.0,3.0,3.1333333333333333,0.5556,0.3333,2026-05-24 20:49:02.254366,2026-08-23 21:02:22.309587
item_001705,76.82,3.2,automotive,3.0,3.0,2.48,0.4667,0.6667,2026-05-24 20:49:02.254366,2026-08-23 21:02:22.309587
item_001706,1264.89,4.8,electronics,2.0,5.0,3.15,0.65,0.45,2026-05-24 20:49:02.254366,2026-08-23 21:02:22.309587
item_001707,130.34,4.7,automotive,1.0,6.0,3.7285714285714286,0.5,0.5588,2026-05-24 20:49:02.254366,2026-08-23 21:02:22.309587
item_001708,45.78,4.5,food,2.0,2.0,3.6,0.6154,0.3462,2026-05-24 20:49:02.254366,2026-08-23 21:02:22.309587
item_001709,178.51,4.6,automotive,8.0,7.0,3.942857142857143,0.4286,0.3393,2026-05-24 20:49:02.254366,2026-08-23 21:02:22.309587
item_001710,58.46,5.0,automotive,3.0,1.0,2.75,0.8462,0.1538,2026-05-24 20:49:02.254366,2026-08-23 21:02:22.309587
item_001711,66.92,4.6,food,5.0,7.0,3.17,0.4058,0.2029,2026-05-24 20:49:02.254366,2026-08-23 21:02:22.309587
item_001712,416.37,2.3,sports,3.0,2.0,2.94,0.6897,0.1724,2026-05-24 20:49:02.254366,2026-08-23 21:02:22.309587
item_001713,50.02,4.0,clothing,2.0,3.0,3.4,0.75,0.375,2026-05-24 20:49:02.254366,2026-08-23 21:02:22.309587
item_001714,97.01,3.9,clothing,1.0,2.0,2.8625,0.6842,0.2632,2026-05-24 20:49:02.254366,2026-08-23 21:02:22.309587
item_001715,39.13,3.4,food,2.0,4.0,3.375,0.5789,0.4211,2026-05-24 20:49:02.254366,2026-08-23 21:02:22.309587
item_001716,12.06,3.6,books,1.0,5.0,2.825,0.3889,0.3056,2026-05-24 20:49:02.254366,2026-08-23 21:02:22.309587
item_001717,2092.87,3.7,jewelry,5.0,6.0,2.3428571428571425,0.64,0.3,2026-05-24 20:49:02.254366,2026-08-23 21:02:22.309587
item_001718,138.48,3.6,toys,3.0,1.0,3.2800000000000002,0.5385,0.3462,2026-05-24 20:49:02.254366,2026-08-23 21:02:22.309587
item_001719,2460.97,4.7,jewelry,6.0,4.0,2.963636363636364,0.4545,0.2727,2026-05-24 20:49:02.254366,2026-08-23 21:02:22.309587
item_001720,45.84,3.6,toys,2.0,5.0,4.166666666666667,0.6786,0.5,2026-05-24 20:49:02.254366,2026-08-23 21:02:22.309587
item_001721,269.64,5.0,automotive,5.0,5.0,3.3,0.4359,0.4872,2026-05-24 20:49:02.254366,2026-08-23 21:02:22.309587
item_001722,118.85,3.3,sports,0.0,6.0,2.8555555555555556,0.5676,0.3243,2026-05-24 20:49:02.254366,2026-08-23 21:02:22.309587
item_001723,214.27,3.5,sports,2.0,6.0,3.0100000000000002,0.6111,0.3889,2026-05-24 20:49:02.254366,2026-08-23 21:02:22.309587
item_001724,142.66,3.7,toys,2.0,1.0,2.0,0.8182,0.1515,2026-05-24 20:49:02.254366,2026-08-23 21:02:22.309587
item_001725,166.81,3.2,beauty,2.0,7.0,3.125,0.7333,0.5667,2026-05-24 20:49:02.254366,2026-08-23 21:02:22.309587
item_001726,286.15,3.6,clothing,3.0,7.0,2.783333333333333,0.6667,0.5278,2026-05-24 20:49:02.254366,2026-08-23 21:02:22.309587
item_001727,93.69,3.4,automotive,2.0,3.0,3.414285714285714,0.5333,0.2222,2026-05-24 20:49:02.254366,2026-08-23 21:02:22.309587
item_001728,368.27,4.4,automotive,3.0,2.0,2.742857142857143,0.5385,0.3462,2026-05-24 20:49:02.254366,2026-08-23 21:02:22.309587
item_001729,89.69,3.5,beauty,4.0,3.0,4.38,0.697,0.5152,2026-05-24 20:49:02.254366,2026-08-23 21:02:22.309587
item_001730,24.78,3.1,books,3.0,3.0,3.1,0.9545,0.6818,2026-05-24 20:49:02.254366,2026-08-23 21:02:22.309587
item_001731,139.44,3.5,automotive,2.0,1.0,2.84,0.6522,0.2174,2026-05-24 20:49:02.254366,2026-08-23 21:02:22.309587
item_001732,737.85,3.8,home_garden,3.0,1.0,0.0,0.6923,0.1923,2026-05-24 20:49:02.254366,2026-08-23 21:02:22.309587
item_001733,17.25,3.6,toys,2.0,2.0,2.6166666666666667,0.7949,0.2564,2026-05-24 20:49:02.254366,2026-08-23 21:02:22.309587
item_001734,70.43,5.0,automotive,3.0,8.0,3.325,0.641,0.4103,2026-05-24 20:49:02.254366,2026-08-23 21:02:22.309587
item_001735,43.61,4.1,sports,2.0,3.0,3.4125,0.8846,0.4615,2026-05-24 20:49:02.254366,2026-08-23 21:02:22.309587
item_001736,20.81,2.9,food,3.0,4.0,2.7800000000000002,0.75,0.3929,2026-05-24 20:49:02.254366,2026-08-23 21:02:22.309587
item_001737,270.27,4.3,electronics,2.0,4.0,2.5500000000000003,0.5357,0.3214,2026-05-24 20:49:02.254366,2026-08-23 21:02:22.309587
item_001738,118.47,4.0,toys,3.0,2.0,2.642857142857143,0.75,0.1562,2026-05-24 20:49:02.254366,2026-08-23 21:02:22.309587
item_001739,203.31,4.2,home_garden,2.0,3.0,2.575,0.8261,0.4348,2026-05-24 20:49:02.254366,2026-08-23 21:02:22.309587
item_001740,4852.5,4.3,jewelry,3.0,1.0,2.84,0.8889,0.2778,2026-05-24 20:49:02.254366,2026-08-23 21:02:22.309587
item_001741,60.31,4.8,food,5.0,5.0,2.7,0.75,0.3571,2026-05-24 20:49:02.254366,2026-08-23 21:02:22.309587
item_001742,136.33,3.7,clothing,1.0,9.0,2.4714285714285715,0.6333,0.5,2026-05-24 20:49:02.254366,2026-08-23 21:02:22.309587
item_001743,99.74,3.8,toys,0.0,7.0,3.275,0.7407,0.5185,2026-05-24 20:49:02.254366,2026-08-23 21:02:22.309587
item_001744,1595.22,3.3,electronics,5.0,7.0,3.125,0.6316,0.3158,2026-05-24 20:49:02.254366,2026-08-23 21:02:22.309587
item_001745,474.09,4.0,sports,2.0,1.0,3.5428571428571423,0.8,0.35,2026-05-24 20:49:02.254366,2026-08-23 21:02:22.309587
item_001746,185.49,3.2,beauty,5.0,0.0,3.8428571428571425,0.4,0.2571,2026-05-24 20:49:02.254366,2026-08-23 21:02:22.309587
item_001747,9.29,3.1,beauty,1.0,4.0,3.314285714285714,0.55,0.2,2026-05-24 20:49:02.254366,2026-08-23 21:02:22.309587
item_001748,49.93,5.0,food,3.0,3.0,4.033333333333333,0.75,0.3929,2026-05-24 20:49:02.254366,2026-08-23 21:02:22.309587
item_001749,1954.16,3.7,electronics,2.0,3.0,2.2,0.65,0.5,2026-05-24 20:49:02.254366,2026-08-23 21:02:22.309587
item_001750,152.45,4.2,electronics,4.0,5.0,2.7399999999999998,0.4,0.1556,2026-05-24 20:49:02.254366,2026-08-23 21:02:22.309587
item_001751,41.88,3.4,clothing,1.0,5.0,2.8000000000000003,0.9231,0.3077,2026-05-24 20:49:02.254366,2026-08-23 21:02:22.309587
item_001752,36.46,5.0,beauty,4.0,2.0,3.975,0.7273,0.3939,2026-05-24 20:49:02.254366,2026-08-23 21:02:22.309587
item_001753,11.1,3.6,books,0.0,2.0,2.9,0.6,0.25,2026-05-24 20:49:02.254366,2026-08-23 21:02:22.309587
item_001754,18.86,4.9,books,2.0,3.0,3.925,0.3673,0.2857,2026-05-24 20:49:02.254366,2026-08-23 21:02:22.309587
item_001755,131.87,4.2,beauty,0.0,1.0,3.016666666666667,0.5667,0.2667,2026-05-24 20:49:02.254366,2026-08-23 21:02:22.309587
item_001756,52.99,3.9,beauty,4.0,3.0,2.75,0.4545,0.2182,2026-05-24 20:49:02.254366,2026-08-23 21:02:22.309587
item_001757,36.15,4.0,food,1.0,6.0,3.6799999999999997,0.963,0.5185,2026-05-24 20:49:02.254366,2026-08-23 21:02:22.309587
item_001758,100.69,3.7,electronics,3.0,5.0,3.18,0.3953,0.4651,2026-05-24 20:49:02.254366,2026-08-23 21:02:22.309587
item_001759,961.57,2.4,electronics,6.0,4.0,2.685714285714286,0.4032,0.3387,2026-05-24 20:49:02.254366,2026-08-23 21:02:22.309587
item_001760,617.05,3.7,home_garden,4.0,6.0,3.125,0.2769,0.2308,2026-05-24 20:49:02.254366,2026-08-23 21:02:22.309587
item_001761,82.73,4.0,clothing,0.0,4.0,4.0,0.7143,0.5238,2026-05-24 20:49:02.254366,2026-08-23 21:02:22.309587
item_001762,3595.98,2.5,jewelry,5.0,4.0,3.766666666666667,0.5652,0.4348,2026-05-24 20:49:02.254366,2026-08-23 21:02:22.309587
item_001763,974.69,3.4,electronics,7.0,4.0,3.7363636363636363,0.5143,0.2571,2026-05-24 20:49:02.254366,2026-08-23 21:02:22.309587
item_001764,321.86,4.4,automotive,1.0,2.0,3.0333333333333337,0.7826,0.4783,2026-05-24 20:49:02.254366,2026-08-23 21:02:22.309587
item_001765,106.3,4.4,automotive,2.0,3.0,2.875,0.6667,0.2857,2026-05-24 20:49:02.254366,2026-08-23 21:02:22.309587
item_001766,1425.03,5.0,electronics,0.0,4.0,3.25,0.7333,0.4333,2026-05-24 20:49:02.254366,2026-08-23 21:02:22.309587
item_001767,23.04,4.5,food,1.0,1.0,2.0714285714285716,0.52,0.28,2026-05-24 20:49:02.254366,2026-08-23 21:02:22.309587
item_001768,54.41,4.5,beauty,8.0,6.0,3.125,0.4688,0.4062,2026-05-24 20:49:02.254366,2026-08-23 21:02:22.309587
item_001769,5.98,4.1,beauty,3.0,8.0,2.8444444444444446,0.4717,0.4717,2026-05-24 20:49:02.254366,2026-08-23 21:02:22.309587
item_001770,1962.86,4.7,jewelry,1.0,5.0,3.233333333333333,0.7778,0.4444,2026-05-24 20:49:02.254366,2026-08-23 21:02:22.309587
item_001771,46.11,3.9,food,1.0,3.0,2.183333333333333,0.625,0.5417,2026-05-24 20:49:02.254366,2026-08-23 21:02:22.309587
item_001772,20.08,3.8,food,5.0,8.0,3.55,0.5484,0.5806,2026-05-24 20:49:02.254366,2026-08-23 21:02:22.309587
item_001773,50.18,3.9,books,3.0,7.0,2.8714285714285714,0.5667,0.3167,2026-05-24 20:49:02.254366,2026-08-23 21:02:22.309587
item_001774,28.57,4.7,food,2.0,3.0,2.96,0.64,0.36,2026-05-24 20:49:02.254366,2026-08-23 21:02:22.309587
item_001775,40.39,3.9,toys,2.0,4.0,3.0714285714285716,0.5556,0.5556,2026-05-24 20:49:02.254366,2026-08-23 21:02:22.309587
item_001776,1911.37,4.1,jewelry,2.0,6.0,3.0555555555555554,0.4545,0.2727,2026-05-24 20:49:02.254366,2026-08-23 21:02:22.309587
item_001777,31.35,3.4,food,5.0,5.0,4.057142857142857,0.6471,0.4706,2026-05-24 20:49:02.254366,2026-08-23 21:02:22.309587
item_001778,84.31,5.0,sports,1.0,3.0,2.766666666666666,0.6667,0.5417,2026-05-24 20:49:02.254366,2026-08-23 21:02:22.309587
item_001779,33.51,3.6,books,2.0,4.0,2.7600000000000002,0.7667,0.4667,2026-05-24 20:49:02.254366,2026-08-23 21:02:22.309587
item_001780,40.03,3.8,books,5.0,2.0,3.4285714285714284,0.7586,0.3448,2026-05-24 20:49:02.254366,2026-08-23 21:02:22.309587
item_001781,105.94,4.5,clothing,2.0,4.0,2.7285714285714286,1.037,0.5556,2026-05-24 20:49:02.254366,2026-08-23 21:02:22.309587
item_001782,15.55,4.8,toys,2.0,2.0,3.233333333333333,0.9583,0.5417,2026-05-24 20:49:02.254366,2026-08-23 21:02:22.309587
item_001783,206.62,3.9,sports,2.0,1.0,2.95,1.5625,0.4375,2026-05-24 20:49:02.254366,2026-08-23 21:02:22.309587
item_001784,290.88,4.4,home_garden,1.0,7.0,2.6833333333333336,1.0476,0.5238,2026-05-24 20:49:02.254366,2026-08-23 21:02:22.309587
item_001785,240.53,3.2,automotive,2.0,1.0,2.4,0.9048,0.2857,2026-05-24 20:49:02.254366,2026-08-23 21:02:22.309587
item_001786,19.25,4.0,books,4.0,8.0,2.614285714285714,0.5,0.2759,2026-05-24 20:49:02.254366,2026-08-23 21:02:22.309587
item_001787,38.7,4.3,books,2.0,7.0,2.2666666666666666,0.5429,0.4571,2026-05-24 20:49:02.254366,2026-08-23 21:02:22.309587
item_001788,137.36,4.9,sports,2.0,1.0,2.7600000000000002,0.6176,0.1765,2026-05-24 20:49:02.254366,2026-08-23 21:02:22.309587
item_001789,62.55,2.9,electronics,3.0,3.0,2.6,0.6346,0.3269,2026-05-24 20:49:02.254366,2026-08-23 21:02:22.309587
item_001790,55.6,3.1,automotive,3.0,3.0,3.025,0.5926,0.1852,2026-05-24 20:49:02.254366,2026-08-23 21:02:22.309587
item_001791,562.86,2.7,home_garden,0.0,1.0,3.1285714285714286,0.64,0.12,2026-05-24 20:49:02.254366,2026-08-23 21:02:22.309587
item_001792,14.0,1.0,beauty,1.0,5.0,3.5,0.5769,0.5,2026-05-24 20:49:02.254366,2026-08-23 21:02:22.309587
item_001793,2271.92,3.0,jewelry,4.0,3.0,3.5666666666666664,0.8571,0.25,2026-05-24 20:49:02.254366,2026-08-23 21:02:22.309587
item_001794,396.7,4.5,home_garden,4.0,1.0,3.3,0.5,0.3182,2026-05-24 20:49:02.254366,2026-08-23 21:02:22.309587
item_001795,3876.68,4.0,jewelry,7.0,2.0,3.142857142857143,0.5789,0.2982,2026-05-24 20:49:02.254366,2026-08-23 21:02:22.309587
item_001796,198.42,3.1,clothing,4.0,1.0,3.3857142857142857,0.5588,0.1765,2026-05-24 20:49:02.254366,2026-08-23 21:02:22.309587
item_001797,27.3,4.7,books,0.0,5.0,3.1,0.8261,0.5217,2026-05-24 20:49:02.254366,2026-08-23 21:02:22.309587
item_001798,55.58,3.9,books,3.0,3.0,2.8000000000000003,0.6842,0.5263,2026-05-24 20:49:02.254366,2026-08-23 21:02:22.309587
item_001799,8.68,4.4,food,2.0,5.0,1.4666666666666668,0.4103,0.2051,2026-05-24 20:49:02.254366,2026-08-23 21:02:22.309587
item_001800,70.5,4.0,clothing,1.0,7.0,3.5799999999999996,0.5,0.3095,2026-05-24 20:49:02.254366,2026-08-23 21:02:22.309587
item_001801,2802.97,4.0,jewelry,5.0,4.0,3.2555555555555555,0.6667,0.3333,2026-05-24 20:49:02.254366,2026-08-23 21:02:22.309587
item_001802,250.19,3.9,automotive,1.0,5.0,3.7000000000000006,0.9375,0.75,2026-05-24 20:49:02.254366,2026-08-23 21:02:22.309587
item_001803,535.82,3.5,home_garden,2.0,3.0,3.0,0.6562,0.1875,2026-05-24 20:49:02.254366,2026-08-23 21:02:22.309587
item_001804,13.99,4.6,books,6.0,3.0,2.6999999999999997,0.6818,0.5227,2026-05-24 20:49:02.254366,2026-08-23 21:02:22.309587
item_001805,163.38,2.5,clothing,5.0,4.0,2.066666666666667,0.5789,0.4211,2026-05-24 20:49:02.254366,2026-08-23 21:02:22.309587
item_001806,92.54,3.8,automotive,3.0,1.0,1.9833333333333334,0.5385,0.2692,2026-05-24 20:49:02.254366,2026-08-23 21:02:22.309587
item_001807,350.69,3.3,sports,4.0,2.0,3.175,0.3585,0.1698,2026-05-24 20:49:02.254366,2026-08-23 21:02:22.309587
item_001808,241.11,2.8,jewelry,2.0,0.0,3.866666666666667,0.3704,0.3704,2026-05-24 20:49:02.254366,2026-08-23 21:02:22.309587
item_001809,132.13,3.9,toys,0.0,3.0,3.65,0.6071,0.3929,2026-05-24 20:49:02.254366,2026-08-23 21:02:22.309587
item_001810,224.31,3.9,clothing,1.0,4.0,3.3199999999999994,0.7647,0.2941,2026-05-24 20:49:02.254366,2026-08-23 21:02:22.309587
item_001811,594.58,3.3,jewelry,1.0,2.0,2.9333333333333336,0.85,0.4,2026-05-24 20:49:02.254366,2026-08-23 21:02:22.309587
item_001812,1196.71,5.0,electronics,3.0,6.0,3.375,0.84,0.68,2026-05-24 20:49:02.254366,2026-08-23 21:02:22.309587
item_001813,76.15,4.6,automotive,0.0,1.0,2.8,0.7143,0.2381,2026-05-24 20:49:02.254366,2026-08-23 21:02:22.309587
item_001814,164.71,4.2,sports,1.0,3.0,3.3899999999999997,0.6286,0.3429,2026-05-24 20:49:02.254366,2026-08-23 21:02:22.309587
item_001815,56.27,4.3,toys,1.0,5.0,3.542857142857143,0.7778,0.6111,2026-05-24 20:49:02.254366,2026-08-23 21:02:22.309587
item_001816,107.74,3.7,beauty,2.0,5.0,3.3200000000000003,0.4483,0.3448,2026-05-24 20:49:02.254366,2026-08-23 21:02:22.309587
item_001817,280.5,3.9,home_garden,0.0,4.0,3.488888888888889,0.8919,0.3784,2026-05-24 20:49:02.254366,2026-08-23 21:02:22.309587
item_001818,185.31,4.0,clothing,3.0,6.0,3.04,0.4894,0.3617,2026-05-24 20:49:02.254366,2026-08-23 21:02:22.309587
item_001819,51.74,4.0,books,1.0,2.0,3.5,1.3913,0.5217,2026-05-24 20:49:02.254366,2026-08-23 21:02:22.309587
item_001820,58.97,4.5,food,2.0,6.0,3.525,0.6923,0.6538,2026-05-24 20:49:02.254366,2026-08-23 21:02:22.309587
item_001821,1602.85,4.2,jewelry,3.0,2.0,3.1999999999999997,0.3939,0.1515,2026-05-24 20:49:02.254366,2026-08-23 21:02:22.309587
item_001822,44.45,4.4,food,1.0,8.0,3.3666666666666667,0.6957,0.8696,2026-05-24 20:49:02.254366,2026-08-23 21:02:22.309587
item_001823,150.54,3.6,sports,2.0,4.0,3.0999999999999996,0.7083,0.4583,2026-05-24 20:49:02.254366,2026-08-23 21:02:22.309587
item_001824,5.51,3.8,books,5.0,5.0,3.1750000000000003,0.525,0.25,2026-05-24 20:49:02.254366,2026-08-23 21:02:22.309587
item_001825,142.34,3.8,toys,8.0,7.0,2.15,0.36,0.2133,2026-05-24 20:49:02.254366,2026-08-23 21:02:22.309587
item_001826,14.25,3.5,food,8.0,5.0,3.2555555555555555,0.7143,0.4,2026-05-24 20:49:02.254366,2026-08-23 21:02:22.309587
item_001827,356.8,2.6,home_garden,2.0,2.0,2.433333333333333,0.7059,0.2353,2026-05-24 20:49:02.254366,2026-08-23 21:02:22.309587
item_001828,380.32,2.4,jewelry,1.0,2.0,2.6666666666666665,0.6786,0.1786,2026-05-24 20:49:02.254366,2026-08-23 21:02:22.309587
item_001829,201.85,3.0,home_garden,4.0,2.0,3.4857142857142853,0.4118,0.1471,2026-05-24 20:49:02.254366,2026-08-23 21:02:22.309587
item_001830,160.61,3.1,automotive,6.0,6.0,2.675,0.4634,0.2683,2026-05-24 20:49:02.254366,2026-08-23 21:02:22.309587
item_001831,61.8,3.3,toys,0.0,2.0,3.3875,0.68,0.48,2026-05-24 20:49:02.254366,2026-08-23 21:02:22.309587
item_001832,481.76,3.8,sports,1.0,5.0,2.8,0.4444,0.3611,2026-05-24 20:49:02.254366,2026-08-23 21:02:22.309587
item_001833,23.33,4.6,beauty,4.0,5.0,3.06,0.6333,0.4,2026-05-24 20:49:02.254366,2026-08-23 21:02:22.309587
item_001834,427.71,2.8,home_garden,1.0,4.0,3.7249999999999996,0.5588,0.1765,2026-05-24 20:49:02.254366,2026-08-23 21:02:22.309587
item_001835,404.97,3.5,sports,3.0,3.0,3.06,1.3,0.4,2026-05-24 20:49:02.254366,2026-08-23 21:02:22.309587
item_001836,1644.68,4.2,electronics,2.0,1.0,3.25,0.5938,0.4062,2026-05-24 20:49:02.254366,2026-08-23 21:02:22.309587
item_001837,387.52,4.3,automotive,1.0,4.0,2.5,0.9545,0.4545,2026-05-24 20:49:02.254366,2026-08-23 21:02:22.309587
item_001838,1773.92,4.1,electronics,1.0,6.0,3.05,0.6207,0.3793,2026-05-24 20:49:02.254366,2026-08-23 21:02:22.309587
item_001839,1136.57,3.8,jewelry,1.0,2.0,2.3000000000000003,0.8,0.5,2026-05-24 20:49:02.254366,2026-08-23 21:02:22.309587
item_001840,689.04,4.2,jewelry,1.0,4.0,2.275,0.7059,0.5294,2026-05-24 20:49:02.254366,2026-08-23 21:02:22.309587
item_001841,250.81,2.9,clothing,2.0,4.0,3.1,0.4231,0.5385,2026-05-24 20:49:02.254366,2026-08-23 21:02:22.309587
item_001842,36.01,4.2,books,1.0,2.0,2.466666666666667,0.6,0.7333,2026-05-24 20:49:02.254366,2026-08-23 21:02:22.309587
item_001843,3106.18,4.4,jewelry,1.0,1.0,3.7599999999999993,0.6207,0.3448,2026-05-24 20:49:02.254366,2026-08-23 21:02:22.309587
item_001844,58.53,4.2,food,0.0,6.0,3.9,0.8077,0.4231,2026-05-24 20:49:02.254366,2026-08-23 21:02:22.309587
item_001845,92.29,3.7,toys,2.0,5.0,2.9333333333333336,1.0,0.4412,2026-05-24 20:49:02.254366,2026-08-23 21:02:22.309587
item_001846,11.95,3.7,beauty,2.0,4.0,3.5799999999999996,0.8519,0.3333,2026-05-24 20:49:02.254366,2026-08-23 21:02:22.309587
item_001847,98.01,3.0,sports,3.0,3.0,2.3000000000000003,0.4571,0.3143,2026-05-24 20:49:02.254366,2026-08-23 21:02:22.309587
item_001848,56.91,3.7,food,4.0,4.0,3.016666666666667,0.45,0.35,2026-05-24 20:49:02.254366,2026-08-23 21:02:22.309587
item_001849,683.55,4.0,home_garden,3.0,4.0,3.325,0.4706,0.2353,2026-05-24 20:49:02.254366,2026-08-23 21:02:22.309587
item_001850,215.39,4.1,automotive,7.0,4.0,3.033333333333333,0.3684,0.3509,2026-05-24 20:49:02.254366,2026-08-23 21:02:22.309587
item_001851,43.76,3.9,books,3.0,3.0,2.983333333333333,0.3077,0.1538,2026-05-24 20:49:02.254366,2026-08-23 21:02:22.309587
item_001852,39.66,1.7,beauty,3.0,2.0,2.875,0.3438,0.1875,2026-05-24 20:49:02.254366,2026-08-23 21:02:22.309587
item_001853,29.94,3.3,books,2.0,5.0,2.56,1.0588,0.7059,2026-05-24 20:49:02.254366,2026-08-23 21:02:22.309587
item_001854,137.75,4.2,toys,4.0,4.0,2.822222222222222,0.6346,0.2308,2026-05-24 20:49:02.254366,2026-08-23 21:02:22.309587
item_001855,15.36,4.5,books,1.0,5.0,2.7875,0.5833,0.25,2026-05-24 20:49:02.254366,2026-08-23 21:02:22.309587
item_001856,577.86,3.4,electronics,2.0,2.0,2.5625,0.6,0.3143,2026-05-24 20:49:02.254366,2026-08-23 21:02:22.309587
item_001857,39.41,4.9,food,4.0,3.0,3.3333333333333335,0.2203,0.3051,2026-05-24 20:49:02.254366,2026-08-23 21:02:22.309587
item_001858,391.85,3.7,home_garden,2.0,4.0,3.1,0.8889,0.5,2026-05-24 20:49:02.254366,2026-08-23 21:02:22.309587
item_001859,99.57,3.7,toys,5.0,5.0,1.1,0.4186,0.3953,2026-05-24 20:49:02.254366,2026-08-23 21:02:22.309587
item_001860,42.64,3.2,clothing,0.0,3.0,3.16,0.6571,0.4,2026-05-24 20:49:02.254366,2026-08-23 21:02:22.309587
item_001861,78.06,3.5,food,1.0,2.0,4.1,0.4615,0.5,2026-05-24 20:49:02.254366,2026-08-23 21:02:22.309587
item_001862,8.7,2.7,food,2.0,1.0,0.0,0.6538,0.3846,2026-05-24 20:49:02.254366,2026-08-23 21:02:22.309587
item_001863,167.43,3.6,beauty,2.0,5.0,2.42,0.5,0.3929,2026-05-24 20:49:02.254366,2026-08-23 21:02:22.309587
item_001864,104.77,5.0,beauty,2.0,6.0,3.533333333333333,0.775,0.425,2026-05-24 20:49:02.254366,2026-08-23 21:02:22.309587
item_001865,602.73,3.9,jewelry,4.0,2.0,3.366666666666667,0.75,0.2917,2026-05-24 20:49:02.254366,2026-08-23 21:02:22.309587
item_001866,528.52,2.8,home_garden,3.0,2.0,2.0,0.4545,0.2727,2026-05-24 20:49:02.254366,2026-08-23 21:02:22.309587
item_001867,105.41,3.7,sports,2.0,1.0,2.55,0.5926,0.3704,2026-05-24 20:49:02.254366,2026-08-23 21:02:22.309587
item_001868,121.51,4.1,beauty,5.0,7.0,2.52,0.4333,0.2667,2026-05-24 20:49:02.254366,2026-08-23 21:02:22.309587
item_001869,129.0,3.7,beauty,4.0,3.0,2.525,0.6818,0.4091,2026-05-24 20:49:02.254366,2026-08-23 21:02:22.309587
item_001870,95.0,2.9,sports,3.0,4.0,2.3000000000000003,0.4762,0.2619,2026-05-24 20:49:02.254366,2026-08-23 21:02:22.309587
item_001871,2329.8,3.7,jewelry,3.0,2.0,3.1500000000000004,0.619,0.1905,2026-05-24 20:49:02.254366,2026-08-23 21:02:22.309587
item_001872,281.66,3.9,clothing,4.0,6.0,2.6399999999999997,0.5581,0.2326,2026-05-24 20:49:02.254366,2026-08-23 21:02:22.309587
item_001873,461.64,4.3,electronics,3.0,6.0,2.98,0.7561,0.2195,2026-05-24 20:49:02.254366,2026-08-23 21:02:22.309587
item_001874,363.17,4.5,sports,2.0,4.0,3.88,0.6216,0.4595,2026-05-24 20:49:02.254366,2026-08-23 21:02:22.309587
item_001875,120.28,4.1,toys,1.0,4.0,2.8600000000000003,0.5,0.5,2026-05-24 20:49:02.254366,2026-08-23 21:02:22.309587
item_001876,425.83,4.3,sports,1.0,2.0,3.6714285714285713,0.5217,0.6522,2026-05-24 20:49:02.254366,2026-08-23 21:02:22.309587
item_001877,54.94,3.2,books,0.0,1.0,3.0714285714285716,0.5333,0.3333,2026-05-24 20:49:02.254366,2026-08-23 21:02:22.309587
item_001878,556.74,4.2,home_garden,2.0,3.0,2.98,0.6364,0.4545,2026-05-24 20:49:02.254366,2026-08-23 21:02:22.309587
item_001879,120.95,4.5,toys,4.0,3.0,3.472727272727273,0.4182,0.2364,2026-05-24 20:49:02.254366,2026-08-23 21:02:22.309587
item_001880,112.43,2.9,clothing,4.0,1.0,3.8,0.5333,0.2,2026-05-24 20:49:02.254366,2026-08-23 21:02:22.309587
item_001881,129.55,4.3,clothing,7.0,9.0,3.1444444444444444,0.5652,0.3913,2026-05-24 20:49:02.254366,2026-08-23 21:02:22.309587
item_001882,155.88,4.6,beauty,1.0,4.0,2.7,1.0476,0.381,2026-05-24 20:49:02.254366,2026-08-23 21:02:22.309587
item_001883,35.71,4.2,books,2.0,1.0,2.9,1.0556,0.3333,2026-05-24 20:49:02.254366,2026-08-23 21:02:22.309587
item_001884,172.44,3.5,sports,7.0,4.0,3.266666666666667,0.4068,0.1695,2026-05-24 20:49:02.254366,2026-08-23 21:02:22.309587
item_001885,7.91,4.3,books,1.0,3.0,3.16,1.0,0.25,2026-05-24 20:49:02.254366,2026-08-23 21:02:22.309587
item_001886,184.28,4.2,automotive,3.0,2.0,3.375,0.85,0.55,2026-05-24 20:49:02.254366,2026-08-23 21:02:22.309587
item_001887,2026.3,3.6,jewelry,3.0,8.0,3.25,0.5682,0.4545,2026-05-24 20:49:02.254366,2026-08-23 21:02:22.309587
item_001888,3843.36,5.0,jewelry,2.0,0.0,3.177777777777778,0.3889,0.0556,2026-05-24 20:49:02.254366,2026-08-23 21:02:22.309587
item_001889,175.34,2.7,clothing,3.0,2.0,2.966666666666667,0.4643,0.1786,2026-05-24 20:49:02.254366,2026-08-23 21:02:22.309587
item_001890,919.83,4.1,electronics,0.0,3.0,2.9200000000000004,1.5385,0.7692,2026-05-24 20:49:02.254366,2026-08-23 21:02:22.309587
item_001891,19.96,2.4,books,7.0,6.0,3.2625,0.4146,0.2927,2026-05-24 20:49:02.254366,2026-08-23 21:02:22.309587
item_001892,54.02,4.0,books,2.0,8.0,4.279999999999999,0.5429,0.3714,2026-05-24 20:49:02.254366,2026-08-23 21:02:22.309587
item_001893,239.38,3.6,clothing,5.0,5.0,2.8,0.4359,0.3846,2026-05-24 20:49:02.254366,2026-08-23 21:02:22.309587
item_001894,246.2,4.5,automotive,3.0,2.0,2.3333333333333335,0.38,0.2,2026-05-24 20:49:02.254366,2026-08-23 21:02:22.309587
item_001895,10.74,3.7,toys,3.0,3.0,3.025,0.4151,0.3396,2026-05-24 20:49:02.254366,2026-08-23 21:02:22.309587
item_001896,678.35,4.2,home_garden,1.0,3.0,2.8875,0.5484,0.1935,2026-05-24 20:49:02.254366,2026-08-23 21:02:22.309587
item_001897,377.28,3.7,sports,5.0,6.0,2.5818181818181816,0.4524,0.4286,2026-05-24 20:49:02.254366,2026-08-23 21:02:22.309587
item_001898,202.8,4.1,clothing,4.0,4.0,2.7714285714285714,0.5714,0.2619,2026-05-24 20:49:02.254366,2026-08-23 21:02:22.309587
item_001899,676.6,4.7,home_garden,3.0,5.0,2.557142857142857,0.5,0.5455,2026-05-24 20:49:02.254366,2026-08-23 21:02:22.309587
item_001900,412.44,4.0,sports,2.0,2.0,2.125,1.0909,0.2273,2026-05-24 20:49:02.254366,2026-08-23 21:02:22.309587
item_001901,49.07,3.4,books,5.0,2.0,2.6333333333333333,0.7778,0.3611,2026-05-24 20:49:02.254366,2026-08-23 21:02:22.309587
item_001902,282.52,3.6,automotive,3.0,5.0,1.5,0.6957,0.4348,2026-05-24 20:49:02.254366,2026-08-23 21:02:22.309587
item_001903,185.28,2.5,clothing,2.0,4.0,3.533333333333333,0.3548,0.2903,2026-05-24 20:49:02.254366,2026-08-23 21:02:22.309587
item_001904,103.36,4.4,beauty,7.0,6.0,2.642857142857143,0.6047,0.4884,2026-05-24 20:49:02.254366,2026-08-23 21:02:22.309587
item_001905,17.73,3.5,beauty,2.0,7.0,2.3833333333333333,0.413,0.3261,2026-05-24 20:49:02.254366,2026-08-23 21:02:22.309587
item_001906,173.18,3.9,beauty,3.0,5.0,2.975,0.8333,0.4722,2026-05-24 20:49:02.254366,2026-08-23 21:02:22.309587
item_001907,124.89,2.4,automotive,2.0,2.0,2.0,0.9444,0.3333,2026-05-24 20:49:02.254366,2026-08-23 21:02:22.309587
item_001908,441.32,3.8,sports,0.0,4.0,2.5,0.8182,0.4091,2026-05-24 20:49:02.254366,2026-08-23 21:02:22.309587
item_001909,21.95,4.6,books,3.0,3.0,2.2,0.5938,0.625,2026-05-24 20:49:02.254366,2026-08-23 21:02:22.309587
item_001910,54.04,4.0,clothing,1.0,2.0,4.35,0.4054,0.2973,2026-05-24 20:49:02.254366,2026-08-23 21:02:22.309587
item_001911,96.21,5.0,home_garden,3.0,6.0,3.9,0.4762,0.5714,2026-05-24 20:49:02.254366,2026-08-23 21:02:22.309587
item_001912,376.22,3.5,automotive,1.0,1.0,4.5,0.2963,0.1852,2026-05-24 20:49:02.254366,2026-08-23 21:02:22.309587
item_001913,157.04,4.0,clothing,1.0,8.0,2.8000000000000003,0.76,0.6,2026-05-24 20:49:02.254366,2026-08-23 21:02:22.309587
item_001914,157.46,3.8,clothing,2.0,1.0,3.0666666666666664,0.8966,0.3448,2026-05-24 20:49:02.254366,2026-08-23 21:02:22.309587
item_001915,1189.88,4.4,electronics,1.0,2.0,3.2600000000000002,0.6364,0.2727,2026-05-24 20:49:02.254366,2026-08-23 21:02:22.309587
item_001916,386.92,3.8,home_garden,4.0,5.0,2.85,0.375,0.25,2026-05-24 20:49:02.254366,2026-08-23 21:02:22.309587
item_001917,189.17,3.4,automotive,1.0,2.0,3.1333333333333333,0.56,0.12,2026-05-24 20:49:02.254366,2026-08-23 21:02:22.309587
item_001918,4979.38,3.9,jewelry,2.0,6.0,2.4000000000000004,1.0,0.8125,2026-05-24 20:49:02.254366,2026-08-23 21:02:22.309587
item_001919,788.42,4.0,home_garden,4.0,2.0,2.675,0.6071,0.1429,2026-05-24 20:49:02.254366,2026-08-23 21:02:22.309587
item_001920,173.46,4.3,beauty,1.0,5.0,4.300000000000001,0.7667,0.3333,2026-05-24 20:49:02.254366,2026-08-23 21:02:22.309587
item_001921,361.74,4.0,automotive,2.0,0.0,2.75,0.68,0.24,2026-05-24 20:49:02.254366,2026-08-23 21:02:22.309587
item_001922,50.51,4.9,books,3.0,5.0,3.1,0.4444,0.7407,2026-05-24 20:49:02.254366,2026-08-23 21:02:22.309587
item_001923,398.04,5.0,sports,3.0,4.0,2.25,0.4909,0.2182,2026-05-24 20:49:02.254366,2026-08-23 21:02:22.309587
item_001924,44.34,3.5,books,0.0,3.0,2.3285714285714287,0.5333,0.1778,2026-05-24 20:49:02.254366,2026-08-23 21:02:22.309587
item_001925,1445.6,4.5,electronics,1.0,3.0,2.425,0.8261,0.2174,2026-05-24 20:49:02.254366,2026-08-23 21:02:22.309587
item_001926,279.4,4.3,home_garden,2.0,7.0,2.3000000000000003,0.7273,0.3939,2026-05-24 20:49:02.254366,2026-08-23 21:02:22.309587
item_001927,126.88,2.5,beauty,0.0,3.0,2.9625,1.1667,0.7222,2026-05-24 20:49:02.254366,2026-08-23 21:02:22.309587
item_001928,262.31,4.8,home_garden,4.0,3.0,2.45,0.5143,0.3429,2026-05-24 20:49:02.254366,2026-08-23 21:02:22.309587
item_001929,311.14,3.3,automotive,7.0,6.0,2.125,0.3846,0.25,2026-05-24 20:49:02.254366,2026-08-23 21:02:22.309587
item_001930,1359.03,3.3,electronics,1.0,4.0,3.0,0.6071,0.3929,2026-05-24 20:49:02.254366,2026-08-23 21:02:22.309587
item_001931,1353.5,4.0,electronics,3.0,6.0,3.9714285714285715,0.3667,0.2333,2026-05-24 20:49:02.254366,2026-08-23 21:02:22.309587
item_001932,11.69,4.3,beauty,2.0,4.0,3.5,0.8077,0.3846,2026-05-24 20:49:02.254366,2026-08-23 21:02:22.309587
item_001933,469.49,4.2,home_garden,1.0,3.0,2.225,1.0588,0.8235,2026-05-24 20:49:02.254366,2026-08-23 21:02:22.309587
item_001934,213.97,3.9,sports,0.0,5.0,3.0300000000000002,0.625,0.4375,2026-05-24 20:49:02.254366,2026-08-23 21:02:22.309587
item_001935,58.7,3.8,toys,0.0,5.0,3.057142857142857,1.2222,0.6111,2026-05-24 20:49:02.254366,2026-08-23 21:02:22.309587
item_001936,1389.8,3.8,electronics,3.0,5.0,2.9,0.3333,0.3922,2026-05-24 20:49:02.254366,2026-08-23 21:02:22.309587
item_001937,42.1,3.9,books,2.0,3.0,2.033333333333333,0.4231,0.3846,2026-05-24 20:49:02.254366,2026-08-23 21:02:22.309587
item_001938,5.72,4.1,food,1.0,5.0,3.05,0.9091,0.5909,2026-05-24 20:49:02.254366,2026-08-23 21:02:22.309587
item_001939,56.48,4.5,toys,1.0,6.0,3.733333333333333,0.9545,0.6364,2026-05-24 20:49:02.254366,2026-08-23 21:02:22.309587
item_001940,10.09,4.4,food,5.0,1.0,2.3833333333333333,0.5517,0.2414,2026-05-24 20:49:02.254366,2026-08-23 21:02:22.309587
item_001941,21.01,4.4,toys,5.0,5.0,3.3833333333333333,0.3519,0.2407,2026-05-24 20:49:02.254366,2026-08-23 21:02:22.309587
item_001942,786.25,4.2,home_garden,1.0,5.0,2.7375000000000003,0.75,0.3125,2026-05-24 20:49:02.254366,2026-08-23 21:02:22.309587
item_001943,219.19,4.3,automotive,1.0,0.0,3.15,0.6667,0.5238,2026-05-24 20:49:02.254366,2026-08-23 21:02:22.309587
item_001944,51.51,4.0,food,4.0,2.0,4.0,0.5,0.2941,2026-05-24 20:49:02.254366,2026-08-23 21:02:22.309587
item_001945,160.84,4.3,clothing,1.0,0.0,3.366666666666667,0.6522,0.2174,2026-05-24 20:49:02.254366,2026-08-23 21:02:22.309587
item_001946,1715.08,4.1,electronics,3.0,5.0,3.44,0.5312,0.5,2026-05-24 20:49:02.254366,2026-08-23 21:02:22.309587
item_001947,25.36,2.5,food,3.0,4.0,3.04,0.6522,0.4783,2026-05-24 20:49:02.254366,2026-08-23 21:02:22.309587
item_001948,3083.56,2.9,jewelry,4.0,3.0,3.8666666666666667,0.3043,0.3913,2026-05-24 20:49:02.254366,2026-08-23 21:02:22.309587
item_001949,50.26,3.9,books,0.0,4.0,2.7285714285714286,0.5128,0.3333,2026-05-24 20:49:02.254366,2026-08-23 21:02:22.309587
item_001950,233.62,3.0,automotive,3.0,3.0,2.4,0.75,0.3,2026-05-24 20:49:02.254366,2026-08-23 21:02:22.309587
item_001951,649.85,4.0,electronics,2.0,4.0,3.2285714285714286,0.4286,0.5357,2026-05-24 20:49:02.254366,2026-08-23 21:02:22.309587
item_001952,74.18,4.2,electronics,2.0,1.0,2.4666666666666663,0.4839,0.1613,2026-05-24 20:49:02.254366,2026-08-23 21:02:22.309587
item_001953,171.0,4.3,beauty,2.0,5.0,3.9166666666666665,0.4688,0.3125,2026-05-24 20:49:02.254366,2026-08-23 21:02:22.309587
item_001954,221.62,3.9,clothing,5.0,3.0,3.7399999999999998,0.4595,0.2162,2026-05-24 20:49:02.254366,2026-08-23 21:02:22.309587
item_001955,668.52,4.2,home_garden,2.0,2.0,3.733333333333333,0.5385,0.1538,2026-05-24 20:49:02.254366,2026-08-23 21:02:22.309587
item_001956,16.66,4.5,books,4.0,1.0,3.233333333333333,0.5217,0.1739,2026-05-24 20:49:02.254366,2026-08-23 21:02:22.309587
item_001957,2367.83,4.5,jewelry,4.0,5.0,2.5727272727272728,0.525,0.3,2026-05-24 20:49:02.254366,2026-08-23 21:02:22.309587
item_001958,217.01,4.5,sports,1.0,1.0,3.72,1.05,0.55,2026-05-24 20:49:02.254366,2026-08-23 21:02:22.309587
item_001959,340.05,4.1,automotive,2.0,2.0,3.0090909090909093,0.7931,0.4138,2026-05-24 20:49:02.254366,2026-08-23 21:02:22.309587
item_001960,379.88,3.4,automotive,4.0,4.0,2.95,0.3784,0.3784,2026-05-24 20:49:02.254366,2026-08-23 21:02:22.309587
item_001961,52.08,2.9,home_garden,5.0,2.0,3.35,0.85,0.45,2026-05-24 20:49:02.254366,2026-08-23 21:02:22.309587
item_001962,21.21,3.9,food,5.0,4.0,3.0999999999999996,0.5526,0.2632,2026-05-24 20:49:02.254366,2026-08-23 21:02:22.309587
item_001963,132.7,3.8,beauty,4.0,4.0,2.757142857142857,0.4483,0.5172,2026-05-24 20:49:02.254366,2026-08-23 21:02:22.309587
item_001964,136.67,4.5,home_garden,3.0,2.0,2.5625,0.4286,0.2571,2026-05-24 20:49:02.254366,2026-08-23 21:02:22.309587
item_001965,34.56,3.5,books,5.0,2.0,2.1333333333333333,0.3415,0.1951,2026-05-24 20:49:02.254366,2026-08-23 21:02:22.309587
item_001966,1589.9,4.1,electronics,1.0,3.0,2.475,0.5,0.25,2026-05-24 20:49:02.254366,2026-08-23 21:02:22.309587
item_001967,310.57,2.5,automotive,4.0,1.0,3.075,0.7,0.2667,2026-05-24 20:49:02.254366,2026-08-23 21:02:22.309587
item_001968,17.12,3.8,clothing,0.0,1.0,2.4000000000000004,0.5,0.2059,2026-05-24 20:49:02.254366,2026-08-23 21:02:22.309587
item_001969,105.08,3.8,toys,6.0,4.0,2.814285714285714,0.5224,0.2537,2026-05-24 20:49:02.254366,2026-08-23 21:02:22.309587
item_001970,159.39,3.4,automotive,4.0,4.0,2.8428571428571425,0.4857,0.4,2026-05-24 20:49:02.254366,2026-08-23 21:02:22.309587
item_001971,67.47,2.7,food,1.0,8.0,3.0300000000000002,0.4643,0.5,2026-05-24 20:49:02.254366,2026-08-23 21:02:22.309587
item_001972,132.2,3.4,home_garden,2.0,4.0,3.0500000000000003,0.7647,0.5294,2026-05-24 20:49:02.254366,2026-08-23 21:02:22.309587
item_001973,13.23,5.0,automotive,0.0,5.0,3.033333333333333,0.7143,0.4762,2026-05-24 20:49:02.254366,2026-08-23 21:02:22.309587
item_001974,48.99,3.4,food,1.0,5.0,3.35,0.7419,0.3226,2026-05-24 20:49:02.254366,2026-08-23 21:02:22.309587
item_001975,61.36,5.0,food,1.0,5.0,2.7666666666666666,1.069,0.4483,2026-05-24 20:49:02.254366,2026-08-23 21:02:22.309587
item_001976,138.82,3.5,clothing,3.0,1.0,2.68,0.8571,0.3333,2026-05-24 20:49:02.254366,2026-08-23 21:02:22.309587
item_001977,357.36,2.8,home_garden,4.0,4.0,2.8642857142857143,0.3934,0.1475,2026-05-24 20:49:02.254366,2026-08-23 21:02:22.309587
item_001978,43.87,3.4,food,2.0,0.0,2.3714285714285714,0.6818,0.4545,2026-05-24 20:49:02.254366,2026-08-23 21:02:22.309587
item_001979,39.75,3.4,beauty,7.0,6.0,2.6625,0.32,0.3,2026-05-24 20:49:02.254366,2026-08-23 21:02:22.309587
item_001980,748.54,3.0,home_garden,0.0,3.0,3.1,0.5909,0.4091,2026-05-24 20:49:02.254366,2026-08-23 21:02:22.309587
item_001981,26.56,3.7,books,1.0,3.0,2.6999999999999997,0.9524,0.4762,2026-05-24 20:49:02.254366,2026-08-23 21:02:22.309587
item_001982,158.66,3.2,sports,2.0,2.0,2.1666666666666665,0.6552,0.2069,2026-05-24 20:49:02.254366,2026-08-23 21:02:22.309587
item_001983,21.1,3.9,books,3.0,4.0,2.8636363636363638,0.7188,0.5,2026-05-24 20:49:02.254366,2026-08-23 21:02:22.309587
item_001984,221.62,3.4,automotive,1.0,7.0,2.38,0.7586,0.3793,2026-05-24 20:49:02.254366,2026-08-23 21:02:22.309587
item_001985,787.99,4.9,electronics,2.0,2.0,1.4,1.2222,0.2222,2026-05-24 20:49:02.254366,2026-08-23 21:02:22.309587
item_001986,108.77,5.0,electronics,1.0,2.0,3.516666666666667,0.5,0.2692,2026-05-24 20:49:02.254366,2026-08-23 21:02:22.309587
item_001987,432.34,5.0,sports,5.0,5.0,2.5,0.439,0.1951,2026-05-24 20:49:02.254366,2026-08-23 21:02:22.309587
item_001988,1813.9,4.2,electronics,6.0,4.0,2.84,0.5455,0.2424,2026-05-24 20:49:02.254366,2026-08-23 21:02:22.309587
item_001989,1313.9,4.3,jewelry,1.0,3.0,3.66,0.6087,0.3913,2026-05-24 20:49:02.254366,2026-08-23 21:02:22.309587
item_001990,107.58,4.0,automotive,2.0,5.0,3.709090909090909,0.5294,0.2647,2026-05-24 20:49:02.254366,2026-08-23 21:02:22.309587
item_001991,1466.75,3.4,jewelry,0.0,3.0,4.36,0.7407,0.2963,2026-05-24 20:49:02.254366,2026-08-23 21:02:22.309587
item_001992,26.13,4.0,food,1.0,4.0,3.375,0.5312,0.2812,2026-05-24 20:49:02.254366,2026-08-23 21:02:22.309587
item_001993,88.51,4.5,sports,2.0,5.0,3.185714285714286,0.88,0.6,2026-05-24 20:49:02.254366,2026-08-23 21:02:22.309587
item_001994,254.76,4.4,clothing,0.0,5.0,2.58,1.0526,0.5263,2026-05-24 20:49:02.254366,2026-08-23 21:02:22.309587
item_001995,74.2,3.8,toys,4.0,2.0,2.48,0.5333,0.3667,2026-05-24 20:49:02.254366,2026-08-23 21:02:22.309587
item_001996,35.27,3.9,toys,5.0,6.0,3.0545454545454547,0.4561,0.3684,2026-05-24 20:49:02.254366,2026-08-23 21:02:22.309587
item_001997,113.75,3.0,beauty,4.0,6.0,1.4333333333333336,0.6136,0.3182,2026-05-24 20:49:02.254366,2026-08-23 21:02:22.309587
item_001998,62.04,3.9,beauty,2.0,1.0,2.757142857142857,1.0333,0.2,2026-05-24 20:49:02.254366,2026-08-23 21:02:22.309587
item_001999,55.7,3.2,toys,0.0,6.0,2.642857142857143,0.7273,0.4091,2026-05-24 20:49:02.254366,2026-08-23 21:02:22.309587
item_002000,10.3,4.3,food,4.0,4.0,3.4,0.4762,0.3571,2026-05-24 20:49:02.254366,2026-08-23 21:02:22.309587
item_002001,815.22,4.3,electronics,2.0,6.0,2.733333333333333,0.8929,0.3929,2026-05-24 20:49:02.254366,2026-08-23 21:02:22.309587
item_002002,43.48,4.8,beauty,0.0,4.0,2.6571428571428575,0.913,0.3913,2026-05-24 20:49:02.254366,2026-08-23 21:02:22.309587
item_002003,141.51,3.5,clothing,5.0,4.0,3.35,0.5273,0.4364,2026-05-24 20:49:02.254366,2026-08-23 21:02:22.309587
item_002004,81.05,2.4,clothing,0.0,4.0,1.575,0.5455,0.4091,2026-05-24 20:49:02.254366,2026-08-23 21:02:22.309587
item_002005,268.47,4.1,clothing,0.0,2.0,3.9200000000000004,0.6667,0.1852,2026-05-24 20:49:02.254366,2026-08-23 21:02:22.309587
item_002006,311.89,4.2,jewelry,3.0,6.0,3.28,0.8077,0.3462,2026-05-24 20:49:02.254366,2026-08-23 21:02:22.309587
item_002007,274.6,4.2,automotive,4.0,2.0,2.1333333333333333,0.2857,0.1786,2026-05-24 20:49:02.254366,2026-08-23 21:02:22.309587
item_002008,59.84,2.8,books,2.0,1.0,3.9333333333333336,0.3793,0.2069,2026-05-24 20:49:02.254366,2026-08-23 21:02:22.309587
item_002009,560.2,5.0,electronics,1.0,3.0,3.283333333333333,0.6667,0.5,2026-05-24 20:49:02.254366,2026-08-23 21:02:22.309587
item_002010,110.43,4.4,toys,4.0,3.0,2.5,0.7931,0.3448,2026-05-24 20:49:02.254366,2026-08-23 21:02:22.309587
item_002011,91.98,4.4,electronics,2.0,3.0,3.28,1.0,0.4286,2026-05-24 20:49:02.254366,2026-08-23 21:02:22.309587
item_002012,1091.74,4.4,electronics,1.0,5.0,2.96,0.4524,0.3095,2026-05-24 20:49:02.254366,2026-08-23 21:02:22.309587
item_002013,134.94,3.6,clothing,1.0,2.0,3.533333333333333,0.7895,0.2105,2026-05-24 20:49:02.254366,2026-08-23 21:02:22.309587
item_002014,32.85,2.5,food,3.0,0.0,2.8333333333333335,0.5862,0.4483,2026-05-24 20:49:02.254366,2026-08-23 21:02:22.309587
item_002015,84.31,4.2,sports,3.0,5.0,4.066666666666666,1.0952,0.5714,2026-05-24 20:49:02.254366,2026-08-23 21:02:22.309587
item_002016,15.09,3.9,food,2.0,6.0,2.1,1.0,0.8824,2026-05-24 20:49:02.254366,2026-08-23 21:02:22.309587
item_002017,2860.82,4.6,jewelry,1.0,2.0,3.225,0.4074,0.2963,2026-05-24 20:49:02.254366,2026-08-23 21:02:22.309587
item_002018,182.17,4.1,automotive,0.0,1.0,3.7142857142857144,0.64,0.36,2026-05-24 20:49:02.254366,2026-08-23 21:02:22.309587
item_002019,20.11,2.0,beauty,3.0,8.0,2.966666666666667,0.7297,0.4595,2026-05-24 20:49:02.254366,2026-08-23 21:02:22.309587
item_002020,1096.47,3.4,electronics,4.0,2.0,3.0,0.6667,0.25,2026-05-24 20:49:02.254366,2026-08-23 21:02:22.309587
item_002021,111.73,2.9,toys,3.0,5.0,3.7000000000000006,0.3913,0.5217,2026-05-24 20:49:02.254366,2026-08-23 21:02:22.309587
item_002022,70.49,3.4,toys,2.0,3.0,2.8857142857142857,0.6207,0.2414,2026-05-24 20:49:02.254366,2026-08-23 21:02:22.309587
item_002023,13.22,4.5,toys,0.0,3.0,3.442857142857143,0.7368,0.5263,2026-05-24 20:49:02.254366,2026-08-23 21:02:22.309587
item_002024,265.38,4.3,clothing,2.0,1.0,3.16,1.1786,0.2857,2026-05-24 20:49:02.254366,2026-08-23 21:02:22.309587
item_002025,658.62,3.1,electronics,1.0,5.0,2.8666666666666667,0.697,0.5455,2026-05-24 20:49:02.254366,2026-08-23 21:02:22.309587
item_002026,1563.38,3.4,jewelry,0.0,2.0,3.1833333333333336,1.08,0.44,2026-05-24 20:49:02.254366,2026-08-23 21:02:22.309587
item_002027,59.28,4.3,toys,6.0,5.0,3.108333333333333,0.386,0.2807,2026-05-24 20:49:02.254366,2026-08-23 21:02:22.309587
item_002028,4172.18,4.5,jewelry,2.0,4.0,3.2000000000000006,0.8125,0.4375,2026-05-24 20:49:02.254366,2026-08-23 21:02:22.309587
item_002029,246.67,4.0,automotive,3.0,6.0,2.033333333333333,0.5714,0.3143,2026-05-24 20:49:02.254366,2026-08-23 21:02:22.309587
item_002030,219.94,3.5,home_garden,1.0,6.0,3.175,0.8571,0.6667,2026-05-24 20:49:02.254366,2026-08-23 21:02:22.309587
item_002031,16.97,4.9,books,3.0,4.0,1.8333333333333333,1.04,0.52,2026-05-24 20:49:02.254366,2026-08-23 21:02:22.309587
item_002032,220.12,4.2,automotive,1.0,1.0,2.033333333333333,0.6538,0.1538,2026-05-24 20:49:02.254366,2026-08-23 21:02:22.309587
item_002033,10.21,2.7,books,1.0,4.0,2.8333333333333335,0.5484,0.2258,2026-05-24 20:49:02.254366,2026-08-23 21:02:22.309587
item_002034,37.3,5.0,books,2.0,7.0,3.266666666666667,0.7297,0.5135,2026-05-24 20:49:02.254366,2026-08-23 21:02:22.309587
item_002035,73.23,5.0,food,4.0,6.0,4.466666666666667,0.5217,0.3261,2026-05-24 20:49:02.254366,2026-08-23 21:02:22.309587
item_002036,40.98,4.4,books,0.0,4.0,1.9333333333333333,1.0,0.7917,2026-05-24 20:49:02.254366,2026-08-23 21:02:22.309587
item_002037,99.91,4.0,sports,2.0,8.0,2.1333333333333333,1.6842,0.6842,2026-05-24 20:49:02.254366,2026-08-23 21:02:22.309587
item_002038,292.3,3.8,automotive,3.0,0.0,2.4,0.4583,0.2083,2026-05-24 20:49:02.254366,2026-08-23 21:02:22.309587
item_002039,2038.54,3.5,jewelry,4.0,4.0,2.475,0.7037,0.4444,2026-05-24 20:49:02.254366,2026-08-23 21:02:22.309587
item_002040,307.18,4.4,home_garden,2.0,2.0,2.8714285714285714,0.3846,0.5,2026-05-24 20:49:02.254366,2026-08-23 21:02:22.309587
item_002041,325.77,3.3,automotive,0.0,1.0,2.725,0.8182,0.2727,2026-05-24 20:49:02.254366,2026-08-23 21:02:22.309587
item_002042,712.86,3.0,home_garden,8.0,3.0,2.6999999999999997,0.3333,0.2564,2026-05-24 20:49:02.254366,2026-08-23 21:02:22.309587
item_002043,215.26,4.1,sports,1.0,6.0,2.925,0.6977,0.3023,2026-05-24 20:49:02.254366,2026-08-23 21:02:22.309587
item_002044,113.35,3.2,beauty,2.0,3.0,3.257142857142857,0.8077,0.3846,2026-05-24 20:49:02.254366,2026-08-23 21:02:22.309587
item_002045,19.71,3.4,food,3.0,6.0,2.2833333333333337,0.4583,0.5417,2026-05-24 20:49:02.254366,2026-08-23 21:02:22.309587
item_002046,343.27,4.5,home_garden,0.0,2.0,2.92,0.6333,0.3,2026-05-24 20:49:02.254366,2026-08-23 21:02:22.309587
item_002047,3425.07,4.3,jewelry,3.0,0.0,2.5833333333333335,0.4412,0.0,2026-05-24 20:49:02.254366,2026-08-23 21:02:22.309587
item_002048,70.35,3.3,toys,0.0,7.0,2.92,0.6316,0.7895,2026-05-24 20:49:02.254366,2026-08-23 21:02:22.309587
item_002049,269.96,5.0,sports,0.0,3.0,3.0,0.871,0.2581,2026-05-24 20:49:02.254366,2026-08-23 21:02:22.309587
item_002050,1882.92,4.0,jewelry,4.0,3.0,3.6,0.4857,0.3714,2026-05-24 20:49:02.254366,2026-08-23 21:02:22.309587
item_002051,1282.83,3.6,electronics,1.0,2.0,2.6,0.4722,0.2222,2026-05-24 20:49:02.254366,2026-08-23 21:02:22.309587
item_002052,662.96,3.5,home_garden,1.0,6.0,3.125,0.6,0.4571,2026-05-24 20:49:02.254366,2026-08-23 21:02:22.309587
item_002053,20.41,3.3,books,2.0,3.0,2.477777777777778,0.7143,0.2143,2026-05-24 20:49:02.254366,2026-08-23 21:02:22.309587
item_002054,347.65,4.3,automotive,0.0,5.0,2.566666666666667,0.8235,0.8235,2026-05-24 20:49:02.254366,2026-08-23 21:02:22.309587
item_002055,112.57,3.4,beauty,4.0,1.0,3.233333333333333,0.75,0.3125,2026-05-24 20:49:02.254366,2026-08-23 21:02:22.309587
item_002056,168.8,3.8,automotive,3.0,3.0,2.6,0.3913,0.2609,2026-05-24 20:49:02.254366,2026-08-23 21:02:22.309587
item_002057,573.02,3.8,home_garden,2.0,3.0,3.466666666666667,0.8077,0.2692,2026-05-24 20:49:02.254366,2026-08-23 21:02:22.309587
item_002058,268.31,3.3,clothing,5.0,5.0,2.55,0.4902,0.3137,2026-05-24 20:49:02.254366,2026-08-23 21:02:22.309587
item_002059,112.91,3.4,toys,1.0,2.0,1.9166666666666667,0.6667,0.381,2026-05-24 20:49:02.254366,2026-08-23 21:02:22.309587
item_002060,1353.21,3.0,electronics,0.0,1.0,3.15,0.6667,0.2222,2026-05-24 20:49:02.254366,2026-08-23 21:02:22.309587
item_002061,293.97,4.4,sports,4.0,5.0,2.983333333333333,0.5625,0.2292,2026-05-24 20:49:02.254366,2026-08-23 21:02:22.309587
item_002062,255.85,4.2,jewelry,3.0,3.0,2.96,0.9412,0.4706,2026-05-24 20:49:02.254366,2026-08-23 21:02:22.309587
item_002063,144.71,3.8,clothing,1.0,4.0,1.94,0.5455,0.3333,2026-05-24 20:49:02.254366,2026-08-23 21:02:22.309587
item_002064,1239.13,3.3,jewelry,2.0,1.0,2.9625,0.439,0.2927,2026-05-24 20:49:02.254366,2026-08-23 21:02:22.309587
item_002065,11.72,4.3,toys,1.0,4.0,3.7600000000000002,0.375,0.625,2026-05-24 20:49:02.254366,2026-08-23 21:02:22.309587
item_002066,21.02,4.2,food,4.0,5.0,2.9555555555555557,0.75,0.3929,2026-05-24 20:49:02.254366,2026-08-23 21:02:22.309587
item_002067,768.41,4.7,home_garden,3.0,5.0,3.1,0.4615,0.3077,2026-05-24 20:49:02.254366,2026-08-23 21:02:22.309587
item_002068,272.67,4.3,clothing,6.0,4.0,2.9,0.475,0.175,2026-05-24 20:49:02.254366,2026-08-23 21:02:22.309587
item_002069,56.24,3.2,toys,7.0,1.0,3.3249999999999997,0.2881,0.2881,2026-05-24 20:49:02.254366,2026-08-23 21:02:22.309587
item_002070,2889.86,3.5,jewelry,4.0,3.0,3.688888888888889,0.6078,0.2941,2026-05-24 20:49:02.254366,2026-08-23 21:02:22.309587
item_002071,66.06,4.8,toys,7.0,6.0,2.2833333333333337,0.6167,0.3333,2026-05-24 20:49:02.254366,2026-08-23 21:02:22.309587
item_002072,324.78,3.1,automotive,4.0,4.0,2.4833333333333334,0.7241,0.4138,2026-05-24 20:49:02.254366,2026-08-23 21:02:22.309587
item_002073,11.05,4.1,toys,0.0,9.0,2.9857142857142853,0.5957,0.383,2026-05-24 20:49:02.254366,2026-08-23 21:02:22.309587
item_002074,298.84,4.3,sports,3.0,4.0,3.066666666666667,0.9688,0.4062,2026-05-24 20:49:02.254366,2026-08-23 21:02:22.309587
item_002075,148.62,4.3,beauty,4.0,7.0,2.75,0.7143,0.4857,2026-05-24 20:49:02.254366,2026-08-23 21:02:22.309587
item_002076,1135.01,3.1,electronics,1.0,2.0,2.6,0.5,0.2059,2026-05-24 20:49:02.254366,2026-08-23 21:02:22.309587
item_002077,17.35,3.8,automotive,1.0,2.0,3.5555555555555554,1.1875,0.5,2026-05-24 20:49:02.254366,2026-08-23 21:02:22.309587
item_002078,1678.88,3.1,electronics,0.0,2.0,3.05,0.5,0.3182,2026-05-24 20:49:02.254366,2026-08-23 21:02:22.309587
item_002079,166.7,3.5,beauty,2.0,6.0,4.5,0.7826,0.6087,2026-05-24 20:49:02.254366,2026-08-23 21:02:22.309587
item_002080,129.35,3.8,toys,1.0,3.0,2.475,0.4074,0.4074,2026-05-24 20:49:02.254366,2026-08-23 21:02:22.309587
item_002081,304.39,4.4,automotive,3.0,5.0,2.6166666666666667,0.5455,0.5909,2026-05-24 20:49:02.254366,2026-08-23 21:02:22.309587
item_002082,90.79,4.3,sports,0.0,2.0,3.5,0.4848,0.1212,2026-05-24 20:49:02.254366,2026-08-23 21:02:22.309587
item_002083,137.36,3.9,clothing,1.0,3.0,3.04,0.76,0.28,2026-05-24 20:49:02.254366,2026-08-23 21:02:22.309587
item_002084,895.61,3.8,electronics,0.0,2.0,2.4,0.8947,0.2105,2026-05-24 20:49:02.254366,2026-08-23 21:02:22.309587
item_002085,2625.96,4.0,jewelry,1.0,1.0,2.575,1.1875,0.5625,2026-05-24 20:49:02.254366,2026-08-23 21:02:22.309587
item_002086,1330.51,4.1,jewelry,2.0,2.0,3.4200000000000004,0.4286,0.2857,2026-05-24 20:49:02.254366,2026-08-23 21:02:22.309587
item_002087,4441.98,3.7,jewelry,7.0,8.0,3.3299999999999996,0.3016,0.3651,2026-05-24 20:49:02.254366,2026-08-23 21:02:22.309587
item_002088,279.2,2.0,clothing,2.0,0.0,2.3714285714285714,0.4242,0.2727,2026-05-24 20:49:02.254366,2026-08-23 21:02:22.309587
item_002089,46.42,3.5,food,2.0,5.0,3.272727272727273,0.6957,0.5652,2026-05-24 20:49:02.254366,2026-08-23 21:02:22.309587
item_002090,176.94,3.8,automotive,1.0,3.0,4.028571428571429,0.7778,0.2963,2026-05-24 20:49:02.254366,2026-08-23 21:02:22.309587
item_002091,182.87,4.3,beauty,1.0,4.0,3.17,0.3529,0.4706,2026-05-24 20:49:02.254366,2026-08-23 21:02:22.309587
item_002092,791.23,3.5,home_garden,5.0,3.0,3.185714285714286,0.7143,0.1429,2026-05-24 20:49:02.254366,2026-08-23 21:02:22.309587
item_002093,40.72,3.4,clothing,1.0,5.0,2.5,0.6364,0.6364,2026-05-24 20:49:02.254366,2026-08-23 21:02:22.309587
item_002094,581.53,2.4,home_garden,0.0,1.0,3.95,0.6667,0.4167,2026-05-24 20:49:02.254366,2026-08-23 21:02:22.309587
item_002095,135.39,3.9,beauty,2.0,2.0,3.1875,1.0,0.8947,2026-05-24 20:49:02.254366,2026-08-23 21:02:22.309587
item_002096,24.2,3.9,food,6.0,9.0,3.2600000000000002,0.5593,0.3559,2026-05-24 20:49:02.254366,2026-08-23 21:02:22.309587
item_002097,269.95,3.0,automotive,1.0,2.0,2.875,0.5862,0.4828,2026-05-24 20:49:02.254366,2026-08-23 21:02:22.309587
item_002098,69.59,4.3,food,2.0,1.0,3.185714285714286,0.7097,0.2581,2026-05-24 20:49:02.254366,2026-08-23 21:02:22.309587
item_002099,1058.14,3.8,electronics,7.0,5.0,3.5666666666666664,0.7083,0.5833,2026-05-24 20:49:02.254366,2026-08-23 21:02:22.309587
item_002100,219.04,3.1,home_garden,3.0,3.0,2.8333333333333335,0.619,0.2381,2026-05-24 20:49:02.254366,2026-08-23 21:02:22.309587
item_002101,1733.18,3.6,electronics,2.0,3.0,3.266666666666667,0.5,0.3,2026-05-24 20:49:02.254366,2026-08-23 21:02:22.309587
item_002102,427.61,3.8,electronics,1.0,4.0,2.5714285714285716,0.6786,0.5357,2026-05-24 20:49:02.254366,2026-08-23 21:02:22.309587
item_002103,1178.36,3.3,jewelry,0.0,3.0,3.3600000000000003,0.7692,0.3077,2026-05-24 20:49:02.254366,2026-08-23 21:02:22.309587
item_002104,168.15,4.7,clothing,1.0,7.0,2.5,0.8182,0.9091,2026-05-24 20:49:02.254366,2026-08-23 21:02:22.309587
item_002105,449.94,3.4,home_garden,1.0,2.0,3.55,0.4762,0.3333,2026-05-24 20:49:02.254366,2026-08-23 21:02:22.309587
item_002106,18.06,2.7,sports,3.0,3.0,3.2857142857142856,0.5172,0.2414,2026-05-24 20:49:02.254366,2026-08-23 21:02:22.309587
item_002107,66.99,3.0,home_garden,1.0,2.0,2.9375,0.3226,0.3226,2026-05-24 20:49:02.254366,2026-08-23 21:02:22.309587
item_002108,1078.37,4.0,electronics,1.0,7.0,2.6833333333333336,1.3,0.7,2026-05-24 20:49:02.254366,2026-08-23 21:02:22.309587
item_002109,40.99,4.3,food,4.0,1.0,3.6333333333333333,0.5263,0.1579,2026-05-24 20:49:02.254366,2026-08-23 21:02:22.309587
item_002110,26.18,4.0,sports,0.0,4.0,3.675,0.5714,0.3714,2026-05-24 20:49:02.254366,2026-08-23 21:02:22.309587
item_002111,1325.17,4.2,electronics,1.0,2.0,3.1333333333333333,0.6296,0.2593,2026-05-24 20:49:02.254366,2026-08-23 21:02:22.309587
item_002112,25.27,3.5,toys,4.0,2.0,3.1555555555555554,0.641,0.2564,2026-05-24 20:49:02.254366,2026-08-23 21:02:22.309587
item_002113,237.16,2.5,automotive,2.0,2.0,3.0,0.4091,0.3636,2026-05-24 20:49:02.254366,2026-08-23 21:02:22.309587
item_002114,43.72,1.9,books,11.0,2.0,3.1333333333333333,0.3438,0.1719,2026-05-24 20:49:02.254366,2026-08-23 21:02:22.309587
item_002115,142.17,5.0,beauty,5.0,5.0,3.1375,0.6333,0.3,2026-05-24 20:49:02.254366,2026-08-23 21:02:22.309587
item_002116,12.78,4.1,books,2.0,3.0,2.84,0.4688,0.4688,2026-05-24 20:49:02.254366,2026-08-23 21:02:22.309587
item_002117,385.84,3.7,home_garden,2.0,5.0,2.4,0.4286,0.3214,2026-05-24 20:49:02.254366,2026-08-23 21:02:22.309587
item_002118,134.33,3.8,home_garden,2.0,3.0,2.983333333333333,0.96,0.28,2026-05-24 20:49:02.254366,2026-08-23 21:02:22.309587
item_002119,58.48,5.0,automotive,2.0,4.0,2.56,0.9167,0.7083,2026-05-24 20:49:02.254366,2026-08-23 21:02:22.309587
item_002120,51.84,3.3,food,5.0,2.0,2.675,0.6286,0.2,2026-05-24 20:49:02.254366,2026-08-23 21:02:22.309587
item_002121,159.88,3.7,sports,2.0,3.0,2.9,1.1053,0.5789,2026-05-24 20:49:02.254366,2026-08-23 21:02:22.309587
item_002122,132.17,4.3,clothing,1.0,3.0,3.1153846153846154,0.4,0.3143,2026-05-24 20:49:02.254366,2026-08-23 21:02:22.309587
item_002123,109.29,3.8,beauty,1.0,4.0,2.7399999999999998,0.6786,0.5,2026-05-24 20:49:02.254366,2026-08-23 21:02:22.309587
item_002124,332.74,2.7,sports,1.0,4.0,3.1333333333333333,0.7333,0.3667,2026-05-24 20:49:02.254366,2026-08-23 21:02:22.309587
item_002125,59.98,5.0,beauty,1.0,5.0,3.6399999999999997,1.3448,0.5862,2026-05-24 20:49:02.254366,2026-08-23 21:02:22.309587
item_002126,28.06,5.0,food,1.0,3.0,3.3,0.7083,0.3333,2026-05-24 20:49:02.254366,2026-08-23 21:02:22.309587
item_002127,17.58,4.1,books,4.0,4.0,3.8600000000000003,0.3898,0.2034,2026-05-24 20:49:02.254366,2026-08-23 21:02:22.309587
item_002128,198.49,5.0,jewelry,3.0,1.0,2.85,0.4667,0.2222,2026-05-24 20:49:02.254366,2026-08-23 21:02:22.309587
item_002129,142.32,3.9,toys,1.0,1.0,2.9799999999999995,0.5333,0.3,2026-05-24 20:49:02.254366,2026-08-23 21:02:22.309587
item_002130,92.71,4.0,beauty,5.0,2.0,3.3,0.8276,0.3448,2026-05-24 20:49:02.254366,2026-08-23 21:02:22.309587
item_002131,1665.62,2.2,electronics,3.0,2.0,3.45,0.55,0.175,2026-05-24 20:49:02.254366,2026-08-23 21:02:22.309587
item_002132,496.13,3.8,sports,3.0,4.0,2.475,0.5833,0.3611,2026-05-24 20:49:02.254366,2026-08-23 21:02:22.309587
item_002133,49.97,3.9,books,4.0,2.0,3.242857142857143,0.6562,0.5,2026-05-24 20:49:02.254366,2026-08-23 21:02:22.309587
item_002134,257.29,4.6,sports,4.0,2.0,3.25,0.3929,0.1786,2026-05-24 20:49:02.254366,2026-08-23 21:02:22.309587
item_002135,59.98,3.8,books,3.0,3.0,2.54,0.9565,0.4783,2026-05-24 20:49:02.254366,2026-08-23 21:02:22.309587
item_002136,328.64,3.6,automotive,2.0,2.0,3.6666666666666665,0.5417,0.3333,2026-05-24 20:49:02.254366,2026-08-23 21:02:22.309587
item_002137,35.01,3.2,books,2.0,6.0,2.9200000000000004,0.6,0.4,2026-05-24 20:49:02.254366,2026-08-23 21:02:22.309587
item_002138,480.7,3.3,home_garden,2.0,4.0,3.54,0.58,0.22,2026-05-24 20:49:02.254366,2026-08-23 21:02:22.309587
item_002139,42.16,2.9,beauty,0.0,2.0,3.1500000000000004,0.6071,0.3571,2026-05-24 20:49:02.254366,2026-08-23 21:02:22.309587
item_002140,36.09,3.9,books,2.0,3.0,2.95,0.4242,0.4242,2026-05-24 20:49:02.254366,2026-08-23 21:02:22.309587
item_002141,361.69,4.1,automotive,1.0,5.0,3.6799999999999997,0.4615,0.4615,2026-05-24 20:49:02.254366,2026-08-23 21:02:22.309587
item_002142,147.57,4.0,automotive,1.0,8.0,2.55,0.7308,0.6154,2026-05-24 20:49:02.254366,2026-08-23 21:02:22.309587
item_002143,1537.21,3.5,electronics,2.0,3.0,2.2,0.3947,0.3684,2026-05-24 20:49:02.254366,2026-08-23 21:02:22.309587
item_002144,136.71,3.9,clothing,6.0,1.0,2.46,0.64,0.28,2026-05-24 20:49:02.254366,2026-08-23 21:02:22.309587
item_002145,3718.43,4.0,jewelry,3.0,6.0,3.185714285714286,0.4595,0.3514,2026-05-24 20:49:02.254366,2026-08-23 21:02:22.309587
item_002146,160.0,3.8,automotive,5.0,6.0,2.38,0.2264,0.3208,2026-05-24 20:49:02.254366,2026-08-23 21:02:22.309587
item_002147,20.81,3.9,books,5.0,2.0,3.1999999999999997,0.5,0.1765,2026-05-24 20:49:02.254366,2026-08-23 21:02:22.309587
item_002148,338.88,3.8,automotive,0.0,2.0,2.7199999999999998,1.8462,0.5385,2026-05-24 20:49:02.254366,2026-08-23 21:02:22.309587
item_002149,30.63,5.0,food,2.0,8.0,2.71,1.15,0.7,2026-05-24 20:49:02.254366,2026-08-23 21:02:22.309587
item_002150,39.71,3.2,beauty,0.0,4.0,2.65,0.7143,0.2857,2026-05-24 20:49:02.254366,2026-08-23 21:02:22.309587
item_002151,264.91,4.6,automotive,0.0,8.0,3.6999999999999997,0.9333,0.9333,2026-05-24 20:49:02.254366,2026-08-23 21:02:22.309587
item_002152,1336.39,2.4,electronics,4.0,1.0,2.8666666666666667,0.5,0.1765,2026-05-24 20:49:02.254366,2026-08-23 21:02:22.309587
item_002153,123.87,4.4,clothing,2.0,5.0,2.9857142857142853,0.3846,0.3462,2026-05-24 20:49:02.254366,2026-08-23 21:02:22.309587
item_002154,217.84,3.4,sports,1.0,4.0,2.6555555555555554,1.1667,0.8333,2026-05-24 20:49:02.254366,2026-08-23 21:02:22.309587
item_002155,640.44,4.3,electronics,0.0,1.0,3.575,1.2308,0.6154,2026-05-24 20:49:02.254366,2026-08-23 21:02:22.309587
item_002156,303.37,3.2,automotive,3.0,6.0,2.4833333333333334,0.5882,0.3529,2026-05-24 20:49:02.254366,2026-08-23 21:02:22.309587
item_002157,35.56,4.2,books,5.0,1.0,2.3,0.68,0.24,2026-05-24 20:49:02.254366,2026-08-23 21:02:22.309587
item_002158,198.95,3.3,automotive,4.0,4.0,2.8857142857142857,0.1852,0.2222,2026-05-24 20:49:02.254366,2026-08-23 21:02:22.309587
item_002159,491.52,4.6,home_garden,3.0,7.0,2.55,0.6,0.5,2026-05-24 20:49:02.254366,2026-08-23 21:02:22.309587
item_002160,238.49,3.5,automotive,0.0,0.0,2.68,0.9444,0.3889,2026-05-24 20:49:02.254366,2026-08-23 21:02:22.309587
item_002161,37.85,3.8,home_garden,1.0,4.0,1.9,0.5556,0.5185,2026-05-24 20:49:02.254366,2026-08-23 21:02:22.309587
item_002162,351.53,2.0,automotive,2.0,5.0,4.0,0.3929,0.3214,2026-05-24 20:49:02.254366,2026-08-23 21:02:22.309587
item_002163,343.97,3.2,automotive,3.0,2.0,2.966666666666667,0.5357,0.3214,2026-05-24 20:49:02.254366,2026-08-23 21:02:22.309587
item_002164,71.56,4.7,food,1.0,4.0,3.4,0.8,0.75,2026-05-24 20:49:02.254366,2026-08-23 21:02:22.309587
item_002165,608.02,3.3,electronics,3.0,2.0,2.771428571428572,0.5,0.1471,2026-05-24 20:49:02.254366,2026-08-23 21:02:22.309587
item_002166,72.84,3.0,beauty,4.0,2.0,2.57,0.5349,0.1628,2026-05-24 20:49:02.254366,2026-08-23 21:02:22.309587
item_002167,49.43,2.5,food,5.0,4.0,2.9,0.5854,0.2683,2026-05-24 20:49:02.254366,2026-08-23 21:02:22.309587
item_002168,2140.91,4.2,jewelry,3.0,5.0,3.06,0.3659,0.3171,2026-05-24 20:49:02.254366,2026-08-23 21:02:22.309587
item_002169,177.61,3.9,beauty,7.0,8.0,3.042857142857143,0.4643,0.3214,2026-05-24 20:49:02.254366,2026-08-23 21:02:22.309587
item_002170,65.69,5.0,automotive,4.0,2.0,3.55,1.0455,0.3636,2026-05-24 20:49:02.254366,2026-08-23 21:02:22.309587
item_002171,174.74,3.5,clothing,4.0,5.0,2.38,0.9167,0.6667,2026-05-24 20:49:02.254366,2026-08-23 21:02:22.309587
item_002172,272.69,4.1,home_garden,1.0,3.0,3.233333333333333,0.5,0.3667,2026-05-24 20:49:02.254366,2026-08-23 21:02:22.309587
item_002173,68.96,4.2,toys,2.0,2.0,3.322222222222222,0.5405,0.1892,2026-05-24 20:49:02.254366,2026-08-23 21:02:22.309587
item_002174,116.18,3.3,toys,5.0,6.0,1.95,0.4848,0.4242,2026-05-24 20:49:02.254366,2026-08-23 21:02:22.309587
item_002175,54.63,5.0,food,2.0,8.0,3.35,0.7143,0.6071,2026-05-24 20:49:02.254366,2026-08-23 21:02:22.309587
item_002176,444.53,3.8,home_garden,5.0,2.0,2.5,0.4333,0.2333,2026-05-24 20:49:02.254366,2026-08-23 21:02:22.309587
item_002177,114.86,2.9,automotive,6.0,3.0,4.666666666666667,0.4667,0.1778,2026-05-24 20:49:02.254366,2026-08-23 21:02:22.309587
item_002178,112.5,2.3,clothing,2.0,4.0,2.066666666666667,0.6667,0.5,2026-05-24 20:49:02.254366,2026-08-23 21:02:22.309587
item_002179,285.15,4.0,automotive,0.0,2.0,3.1666666666666665,0.6897,0.2414,2026-05-24 20:49:02.254366,2026-08-23 21:02:22.309587
item_002180,93.02,3.2,beauty,1.0,8.0,2.5777777777777775,0.5472,0.2642,2026-05-24 20:49:02.254366,2026-08-23 21:02:22.309587
item_002181,174.76,4.7,sports,2.0,7.0,2.242857142857143,0.5,0.2857,2026-05-24 20:49:02.254366,2026-08-23 21:02:22.309587
item_002182,204.72,4.1,electronics,2.0,8.0,3.414285714285714,1.0,0.8667,2026-05-24 20:49:02.254366,2026-08-23 21:02:22.309587
item_002183,346.46,2.7,sports,2.0,5.0,3.1444444444444444,0.5,0.2857,2026-05-24 20:49:02.254366,2026-08-23 21:02:22.309587
item_002184,71.49,3.6,beauty,2.0,4.0,2.4250000000000003,0.6364,0.2727,2026-05-24 20:49:02.254366,2026-08-23 21:02:22.309587
item_002185,40.98,3.9,books,2.0,7.0,2.625,0.6829,0.439,2026-05-24 20:49:02.254366,2026-08-23 21:02:22.309587
item_002186,1312.16,3.8,electronics,2.0,3.0,3.9,0.3611,0.25,2026-05-24 20:49:02.254366,2026-08-23 21:02:22.309587
item_002187,877.0,4.4,electronics,1.0,4.0,2.45,1.381,0.381,2026-05-24 20:49:02.254366,2026-08-23 21:02:22.309587
item_002188,43.17,3.8,home_garden,7.0,2.0,3.3714285714285714,0.5435,0.1522,2026-05-24 20:49:02.254366,2026-08-23 21:02:22.309587
item_002189,139.58,3.0,clothing,7.0,3.0,2.742857142857143,0.5714,0.3929,2026-05-24 20:49:02.254366,2026-08-23 21:02:22.309587
item_002190,878.02,3.6,electronics,3.0,0.0,2.94,0.7692,0.1923,2026-05-24 20:49:02.254366,2026-08-23 21:02:22.309587
item_002191,251.45,3.8,automotive,1.0,1.0,3.125,0.4,0.3429,2026-05-24 20:49:02.254366,2026-08-23 21:02:22.309587
item_002192,27.01,3.9,books,1.0,4.0,2.911111111111111,0.4872,0.2821,2026-05-24 20:49:02.254366,2026-08-23 21:02:22.309587
item_002193,540.5,3.1,home_garden,2.0,5.0,2.7333333333333334,1.0833,0.625,2026-05-24 20:49:02.254366,2026-08-23 21:02:22.309587
item_002194,2126.59,4.0,jewelry,3.0,3.0,2.914285714285714,0.6207,0.2759,2026-05-24 20:49:02.254366,2026-08-23 21:02:22.309587
item_002195,216.21,3.3,automotive,3.0,3.0,4.066666666666666,0.8889,0.6667,2026-05-24 20:49:02.254366,2026-08-23 21:02:22.309587
item_002196,5.77,4.3,books,3.0,3.0,2.8,0.3095,0.1905,2026-05-24 20:49:02.254366,2026-08-23 21:02:22.309587
item_002197,78.28,4.5,clothing,2.0,2.0,3.22,0.75,0.4167,2026-05-24 20:49:02.254366,2026-08-23 21:02:22.309587
item_002198,167.95,4.1,clothing,6.0,2.0,2.7714285714285714,0.4048,0.1905,2026-05-24 20:49:02.254366,2026-08-23 21:02:22.309587
item_002199,4406.47,4.4,jewelry,7.0,6.0,2.8125,0.3469,0.2653,2026-05-24 20:49:02.254366,2026-08-23 21:02:22.309587
item_002200,295.46,4.2,sports,3.0,5.0,2.7,0.75,0.4643,2026-05-24 20:49:02.254366,2026-08-23 21:02:22.309587
item_002201,311.32,3.6,sports,3.0,5.0,3.3833333333333333,0.871,0.3548,2026-05-24 20:49:02.254366,2026-08-23 21:02:22.309587
item_002202,93.88,3.1,beauty,5.0,3.0,2.6,0.6757,0.1892,2026-05-24 20:49:02.254366,2026-08-23 21:02:22.309587
item_002203,103.06,4.0,sports,1.0,2.0,3.475,0.5556,0.3056,2026-05-24 20:49:02.254366,2026-08-23 21:02:22.309587
item_002204,1291.48,4.0,electronics,1.0,2.0,2.975,0.6667,0.1944,2026-05-24 20:49:02.254366,2026-08-23 21:02:22.309587
item_002205,213.68,4.1,clothing,4.0,2.0,3.95,0.4333,0.2333,2026-05-24 20:49:02.254366,2026-08-23 21:02:22.309587
item_002206,55.4,3.5,clothing,5.0,2.0,3.675,0.5,0.3667,2026-05-24 20:49:02.254366,2026-08-23 21:02:22.309587
item_002207,486.25,4.8,sports,5.0,7.0,3.2285714285714286,0.6,0.3273,2026-05-24 20:49:02.254366,2026-08-23 21:02:22.309587
item_002208,372.04,4.2,home_garden,2.0,2.0,3.66,0.7586,0.6552,2026-05-24 20:49:02.254366,2026-08-23 21:02:22.309587
item_002209,1015.15,4.1,electronics,2.0,3.0,2.525,0.6667,0.4074,2026-05-24 20:49:02.254366,2026-08-23 21:02:22.309587
item_002210,128.8,2.9,toys,4.0,3.0,3.033333333333333,0.3793,0.2414,2026-05-24 20:49:02.254366,2026-08-23 21:02:22.309587
item_002211,253.62,2.9,sports,2.0,4.0,2.475,0.5217,0.5217,2026-05-24 20:49:02.254366,2026-08-23 21:02:22.309587
item_002212,205.01,4.4,sports,1.0,4.0,2.425,0.4074,0.5185,2026-05-24 20:49:02.254366,2026-08-23 21:02:22.309587
item_002213,42.58,4.0,books,0.0,4.0,4.3,0.7,0.55,2026-05-24 20:49:02.254366,2026-08-23 21:02:22.309587
item_002214,241.38,4.1,sports,5.0,3.0,2.766666666666667,0.6786,0.3571,2026-05-24 20:49:02.254366,2026-08-23 21:02:22.309587
item_002215,21.32,4.3,books,5.0,5.0,3.4857142857142853,0.44,0.32,2026-05-24 20:49:02.254366,2026-08-23 21:02:22.309587
item_002216,2860.83,3.9,jewelry,1.0,3.0,3.5,0.619,0.4286,2026-05-24 20:49:02.254366,2026-08-23 21:02:22.309587
item_002217,175.62,3.0,clothing,4.0,3.0,2.925,0.3571,0.2381,2026-05-24 20:49:02.254366,2026-08-23 21:02:22.309587
item_002218,97.62,3.0,sports,1.0,4.0,2.1,0.5806,0.3226,2026-05-24 20:49:02.254366,2026-08-23 21:02:22.309587
item_002219,249.39,4.1,sports,2.0,1.0,2.8125,0.8214,0.3571,2026-05-24 20:49:02.254366,2026-08-23 21:02:22.309587
item_002220,158.14,5.0,beauty,1.0,6.0,2.1571428571428575,0.5,0.4118,2026-05-24 20:49:02.254366,2026-08-23 21:02:22.309587
item_002221,189.04,3.3,beauty,1.0,3.0,2.4,0.3871,0.1935,2026-05-24 20:49:02.254366,2026-08-23 21:02:22.309587
item_002222,1039.8,3.3,electronics,3.0,6.0,3.3333333333333335,0.4194,0.3871,2026-05-24 20:49:02.254366,2026-08-23 21:02:22.309587
item_002223,266.68,2.6,sports,3.0,0.0,2.7714285714285714,0.5429,0.1429,2026-05-24 20:49:02.254366,2026-08-23 21:02:22.309587
item_002224,19.73,3.5,sports,5.0,5.0,2.6,0.5116,0.2791,2026-05-24 20:49:02.254366,2026-08-23 21:02:22.309587
item_002225,114.54,4.5,automotive,3.0,3.0,3.6,0.5769,0.5,2026-05-24 20:49:02.254366,2026-08-23 21:02:22.309587
item_002226,158.42,3.4,home_garden,5.0,3.0,3.0,0.3636,0.1818,2026-05-24 20:49:02.254366,2026-08-23 21:02:22.309587
item_002227,101.32,3.5,beauty,0.0,4.0,2.65,0.6389,0.3889,2026-05-24 20:49:02.254366,2026-08-23 21:02:22.309587
item_002228,84.89,4.2,toys,1.0,3.0,2.675,0.5405,0.3514,2026-05-24 20:49:02.254366,2026-08-23 21:02:22.309587
item_002229,77.33,2.6,clothing,2.0,5.0,2.82,0.3448,0.4138,2026-05-24 20:49:02.254366,2026-08-23 21:02:22.309587
item_002230,123.73,4.6,beauty,3.0,3.0,2.3,1.0,0.5294,2026-05-24 20:49:02.254366,2026-08-23 21:02:22.309587
item_002231,599.95,3.2,jewelry,0.0,3.0,2.0,0.6818,0.5,2026-05-24 20:49:02.254366,2026-08-23 21:02:22.309587
item_002232,145.5,4.1,toys,3.0,3.0,3.057142857142857,0.5,0.3214,2026-05-24 20:49:02.254366,2026-08-23 21:02:22.309587
item_002233,2390.27,3.1,jewelry,1.0,5.0,3.8,0.9286,0.5,2026-05-24 20:49:02.254366,2026-08-23 21:02:22.309587
item_002234,257.25,3.0,home_garden,1.0,1.0,3.1,0.76,0.36,2026-05-24 20:49:02.254366,2026-08-23 21:02:22.309587
item_002235,2615.14,4.0,jewelry,0.0,2.0,3.025,0.4783,0.3043,2026-05-24 20:49:02.254366,2026-08-23 21:02:22.309587
item_002236,399.3,3.4,automotive,2.0,1.0,3.085714285714286,0.625,0.5,2026-05-24 20:49:02.254366,2026-08-23 21:02:22.309587
item_002237,1427.38,4.8,electronics,2.0,9.0,3.033333333333333,0.5854,0.3902,2026-05-24 20:49:02.254366,2026-08-23 21:02:22.309587
item_002238,43.61,3.4,books,5.0,2.0,3.033333333333333,0.5806,0.2581,2026-05-24 20:49:02.254366,2026-08-23 21:02:22.309587
item_002239,91.73,4.4,toys,1.0,2.0,3.5,0.7917,0.3333,2026-05-24 20:49:02.254366,2026-08-23 21:02:22.309587
item_002240,156.5,4.4,clothing,3.0,5.0,3.3875,0.5965,0.2281,2026-05-24 20:49:02.254366,2026-08-23 21:02:22.309587
item_002241,41.15,4.2,sports,1.0,3.0,1.9666666666666668,0.5484,0.2903,2026-05-24 20:49:02.254366,2026-08-23 21:02:22.309587
item_002242,31.32,3.6,books,1.0,3.0,2.6833333333333336,0.56,0.4,2026-05-24 20:49:02.254366,2026-08-23 21:02:22.309587
item_002243,26.07,3.9,beauty,2.0,2.0,3.0,0.4545,0.2121,2026-05-24 20:49:02.254366,2026-08-23 21:02:22.309587
item_002244,103.24,3.4,toys,3.0,6.0,2.7857142857142856,0.7143,0.3929,2026-05-24 20:49:02.254366,2026-08-23 21:02:22.309587
item_002245,99.24,3.6,toys,2.0,5.0,0.0,0.5769,0.3462,2026-05-24 20:49:02.254366,2026-08-23 21:02:22.309587
item_002246,154.66,4.2,home_garden,4.0,3.0,0.0,0.2174,0.4348,2026-05-24 20:49:02.254366,2026-08-23 21:02:22.309587
item_002247,672.17,3.6,home_garden,3.0,4.0,3.9333333333333336,0.5217,0.3913,2026-05-24 20:49:02.254366,2026-08-23 21:02:22.309587
item_002248,150.81,4.1,clothing,3.0,3.0,2.642857142857143,0.913,0.3913,2026-05-24 20:49:02.254366,2026-08-23 21:02:22.309587
item_002249,338.51,4.0,automotive,2.0,3.0,3.0,0.7083,0.5,2026-05-24 20:49:02.254366,2026-08-23 21:02:22.309587
item_002250,117.53,2.7,home_garden,4.0,1.0,2.325,0.72,0.24,2026-05-24 20:49:02.254366,2026-08-23 21:02:22.309587
item_002251,435.64,4.5,sports,4.0,6.0,3.2333333333333334,0.5806,0.3871,2026-05-24 20:49:02.254366,2026-08-23 21:02:22.309587
item_002252,130.47,2.8,home_garden,0.0,8.0,3.5799999999999996,0.6327,0.4082,2026-05-24 20:49:02.254366,2026-08-23 21:02:22.309587
item_002253,88.47,3.7,clothing,0.0,7.0,2.45,0.6562,0.4062,2026-05-24 20:49:02.254366,2026-08-23 21:02:22.309587
item_002254,467.97,4.2,sports,4.0,6.0,2.327272727272727,0.3243,0.4054,2026-05-24 20:49:02.254366,2026-08-23 21:02:22.309587
item_002255,3289.65,3.5,jewelry,3.0,6.0,3.2,0.2333,0.4,2026-05-24 20:49:02.254366,2026-08-23 21:02:22.309587
item_002256,287.87,4.3,clothing,3.0,1.0,2.5599999999999996,0.5,0.2353,2026-05-24 20:49:02.254366,2026-08-23 21:02:22.309587
item_002257,34.5,2.8,books,3.0,8.0,3.3000000000000003,0.7857,0.4286,2026-05-24 20:49:02.254366,2026-08-23 21:02:22.309587
item_002258,17.06,4.5,toys,5.0,6.0,2.7,0.7826,0.6522,2026-05-24 20:49:02.254366,2026-08-23 21:02:22.309587
item_002259,175.36,4.1,beauty,1.0,6.0,3.0666666666666664,0.383,0.234,2026-05-24 20:49:02.254366,2026-08-23 21:02:22.309587
item_002260,267.22,4.3,clothing,4.0,9.0,3.8200000000000003,0.5,0.3571,2026-05-24 20:49:02.254366,2026-08-23 21:02:22.309587
item_002261,128.98,3.0,sports,1.0,5.0,3.466666666666667,0.9583,0.625,2026-05-24 20:49:02.254366,2026-08-23 21:02:22.309587
item_002262,70.22,3.1,toys,1.0,4.0,2.95,0.3529,0.4412,2026-05-24 20:49:02.254366,2026-08-23 21:02:22.309587
item_002263,51.87,4.3,beauty,0.0,3.0,2.45,1.04,0.4,2026-05-24 20:49:02.254366,2026-08-23 21:02:22.309587
item_002264,279.65,3.0,automotive,5.0,3.0,2.766666666666667,0.6286,0.2857,2026-05-24 20:49:02.254366,2026-08-23 21:02:22.309587
item_002265,12.77,4.3,toys,2.0,3.0,3.075,0.4375,0.1875,2026-05-24 20:49:02.254366,2026-08-23 21:02:22.309587
item_002266,123.62,2.0,beauty,2.0,2.0,2.2875,0.5882,0.2353,2026-05-24 20:49:02.254366,2026-08-23 21:02:22.309587
item_002267,4088.5,3.1,jewelry,1.0,2.0,4.7,0.5357,0.2143,2026-05-24 20:49:02.254366,2026-08-23 21:02:22.309587
item_002268,210.65,4.8,clothing,3.0,5.0,3.6,0.4571,0.2857,2026-05-24 20:49:02.254366,2026-08-23 21:02:22.309587
item_002269,295.03,3.6,sports,5.0,2.0,2.766666666666667,0.4318,0.2045,2026-05-24 20:49:02.254366,2026-08-23 21:02:22.309587
item_002270,357.46,3.7,home_garden,5.0,4.0,3.06,0.38,0.38,2026-05-24 20:49:02.254366,2026-08-23 21:02:22.309587
item_002271,32.93,2.6,food,1.0,5.0,3.3714285714285714,1.0,0.6111,2026-05-24 20:49:02.254366,2026-08-23 21:02:22.309587
item_002272,44.82,4.1,food,3.0,3.0,3.0,1.0,0.3182,2026-05-24 20:49:02.254366,2026-08-23 21:02:22.309587
item_002273,15.78,4.3,toys,3.0,8.0,2.533333333333333,0.6604,0.4151,2026-05-24 20:49:02.254366,2026-08-23 21:02:22.309587
item_002274,49.58,3.2,books,0.0,9.0,3.116666666666667,0.4865,0.4324,2026-05-24 20:49:02.254366,2026-08-23 21:02:22.309587
item_002275,51.42,3.7,food,4.0,5.0,3.1599999999999997,0.3704,0.3333,2026-05-24 20:49:02.254366,2026-08-23 21:02:22.309587
item_002276,265.41,3.3,clothing,0.0,2.0,2.74,0.5172,0.2759,2026-05-24 20:49:02.254366,2026-08-23 21:02:22.309587
item_002277,112.82,4.9,automotive,3.0,7.0,3.1,0.875,0.75,2026-05-24 20:49:02.254366,2026-08-23 21:02:22.309587
item_002278,392.92,3.4,automotive,1.0,10.0,3.0666666666666664,0.5319,0.2979,2026-05-24 20:49:02.254366,2026-08-23 21:02:22.309587
item_002279,316.64,3.2,jewelry,0.0,4.0,3.3,0.8636,0.5455,2026-05-24 20:49:02.254366,2026-08-23 21:02:22.309587
item_002280,27.66,3.9,automotive,4.0,5.0,2.9499999999999997,0.6429,0.2381,2026-05-24 20:49:02.254366,2026-08-23 21:02:22.309587
item_002281,682.8,2.5,home_garden,3.0,1.0,3.2,0.5333,0.2333,2026-05-24 20:49:02.254366,2026-08-23 21:02:22.309587
item_002282,17.31,4.5,books,3.0,3.0,2.6142857142857143,0.3514,0.3243,2026-05-24 20:49:02.254366,2026-08-23 21:02:22.309587
item_002283,1842.21,3.2,electronics,1.0,5.0,1.9875,0.4722,0.2778,2026-05-24 20:49:02.254366,2026-08-23 21:02:22.309587
item_002284,74.65,3.8,food,2.0,6.0,2.6555555555555554,0.7143,0.7143,2026-05-24 20:49:02.254366,2026-08-23 21:02:22.309587
item_002285,4510.96,2.6,jewelry,4.0,5.0,2.95,0.7188,0.4375,2026-05-24 20:49:02.254366,2026-08-23 21:02:22.309587
item_002286,142.97,3.7,home_garden,2.0,3.0,2.3000000000000003,0.6087,0.5217,2026-05-24 20:49:02.254366,2026-08-23 21:02:22.309587
item_002287,577.6,4.8,electronics,3.0,1.0,3.85,0.7027,0.2162,2026-05-24 20:49:02.254366,2026-08-23 21:02:22.309587
item_002288,166.39,2.4,automotive,1.0,1.0,3.442857142857143,0.52,0.24,2026-05-24 20:49:02.254366,2026-08-23 21:02:22.309587
item_002289,130.75,4.1,toys,2.0,3.0,2.5,0.7778,0.3704,2026-05-24 20:49:02.254366,2026-08-23 21:02:22.309587
item_002290,253.36,3.3,jewelry,2.0,7.0,3.409090909090909,0.3243,0.3243,2026-05-24 20:49:02.254366,2026-08-23 21:02:22.309587
item_002291,30.15,4.7,books,5.0,5.0,2.85,0.7778,0.5556,2026-05-24 20:49:02.254366,2026-08-23 21:02:22.309587
item_002292,1085.02,3.1,jewelry,1.0,8.0,2.566666666666667,0.7708,0.3333,2026-05-24 20:49:02.254366,2026-08-23 21:02:22.309587
item_002293,36.62,4.1,food,1.0,5.0,3.1769230769230767,0.5556,0.3056,2026-05-24 20:49:02.254366,2026-08-23 21:02:22.309587
item_002294,46.44,3.8,books,3.0,2.0,2.6,0.5758,0.2727,2026-05-24 20:49:02.254366,2026-08-23 21:02:22.309587
item_002295,87.33,4.6,automotive,2.0,2.0,2.6,0.9375,0.5,2026-05-24 20:49:02.254366,2026-08-23 21:02:22.309587
item_002296,33.41,4.4,beauty,3.0,3.0,2.62,0.7083,0.375,2026-05-24 20:49:02.254366,2026-08-23 21:02:22.309587
item_002297,162.25,3.6,automotive,1.0,3.0,2.066666666666667,0.3333,0.4762,2026-05-24 20:49:02.254366,2026-08-23 21:02:22.309587
item_002298,139.13,3.7,sports,0.0,3.0,3.2285714285714286,0.7391,0.4783,2026-05-24 20:49:02.254366,2026-08-23 21:02:22.309587
item_002299,314.2,4.3,home_garden,3.0,4.0,2.68,0.7083,0.5,2026-05-24 20:49:02.254366,2026-08-23 21:02:22.309587
item_002300,188.5,2.9,beauty,3.0,2.0,3.0875,0.6897,0.1724,2026-05-24 20:49:02.254366,2026-08-23 21:02:22.309587
item_002301,4868.4,3.7,jewelry,2.0,3.0,3.0,0.25,0.4583,2026-05-24 20:49:02.254366,2026-08-23 21:02:22.309587
item_002302,74.35,3.4,beauty,4.0,5.0,3.283333333333333,1.069,0.5517,2026-05-24 20:49:02.254366,2026-08-23 21:02:22.309587
item_002303,1381.11,2.9,electronics,4.0,3.0,3.3666666666666667,0.3659,0.3415,2026-05-24 20:49:02.254366,2026-08-23 21:02:22.309587
item_002304,292.42,3.9,automotive,1.0,5.0,3.25,0.44,0.56,2026-05-24 20:49:02.254366,2026-08-23 21:02:22.309587
item_002305,267.46,4.3,automotive,1.0,3.0,3.0000000000000004,1.0,0.3462,2026-05-24 20:49:02.254366,2026-08-23 21:02:22.309587
item_002306,67.11,3.4,electronics,1.0,2.0,2.1,0.5,0.1786,2026-05-24 20:49:02.254366,2026-08-23 21:02:22.309587
item_002307,22.57,4.1,toys,2.0,1.0,2.65,0.6,0.3333,2026-05-24 20:49:02.254366,2026-08-23 21:02:22.309587
item_002308,1437.52,4.1,electronics,0.0,2.0,2.225,0.8947,0.4211,2026-05-24 20:49:02.254366,2026-08-23 21:02:22.309587
item_002309,1967.94,4.2,electronics,4.0,6.0,3.56,0.4348,0.6957,2026-05-24 20:49:02.254366,2026-08-23 21:02:22.309587
item_002310,1690.87,4.2,electronics,4.0,5.0,3.1999999999999997,0.6286,0.3429,2026-05-24 20:49:02.254366,2026-08-23 21:02:22.309587
item_002311,1646.32,4.6,electronics,2.0,4.0,3.1875,0.6522,0.5652,2026-05-24 20:49:02.254366,2026-08-23 21:02:22.309587
item_002312,988.07,4.0,electronics,4.0,4.0,3.475,0.625,0.475,2026-05-24 20:49:02.254366,2026-08-23 21:02:22.309587
item_002313,294.46,4.4,sports,3.0,6.0,2.9500000000000006,0.7778,0.5556,2026-05-24 20:49:02.254366,2026-08-23 21:02:22.309587
item_002314,96.33,2.5,sports,0.0,1.0,2.6333333333333333,0.4,0.1714,2026-05-24 20:49:02.254366,2026-08-23 21:02:22.309587
item_002315,4583.12,4.7,jewelry,0.0,0.0,3.2,1.9167,0.5833,2026-05-24 20:49:02.254366,2026-08-23 21:02:22.309587
item_002316,53.71,2.6,food,2.0,5.0,3.3555555555555556,0.6552,0.6552,2026-05-24 20:49:02.254366,2026-08-23 21:02:22.309587
item_002317,35.2,5.0,books,1.0,5.0,3.75,0.7391,0.5652,2026-05-24 20:49:02.254366,2026-08-23 21:02:22.309587
item_002318,281.66,3.3,automotive,3.0,3.0,2.5833333333333335,0.4146,0.2439,2026-05-24 20:49:02.254366,2026-08-23 21:02:22.309587
item_002319,140.14,3.8,sports,4.0,6.0,1.6800000000000002,0.4667,0.4667,2026-05-24 20:49:02.254366,2026-08-23 21:02:22.309587
item_002320,76.92,3.2,toys,4.0,8.0,2.68,0.5686,0.3529,2026-05-24 20:49:02.254366,2026-08-23 21:02:22.309587
item_002321,6.26,4.6,books,7.0,3.0,3.3200000000000003,0.3818,0.2909,2026-05-24 20:49:02.254366,2026-08-23 21:02:22.309587
item_002322,355.6,3.8,home_garden,4.0,2.0,3.142857142857143,0.5152,0.2727,2026-05-24 20:49:02.254366,2026-08-23 21:02:22.309587
item_002323,546.17,3.7,electronics,2.0,7.0,1.3,0.5217,0.5652,2026-05-24 20:49:02.254366,2026-08-23 21:02:22.309587
item_002324,463.59,4.1,sports,4.0,5.0,3.6399999999999997,0.5172,0.4483,2026-05-24 20:49:02.254366,2026-08-23 21:02:22.309587
item_002325,449.45,4.1,electronics,0.0,5.0,3.533333333333333,0.7308,0.4231,2026-05-24 20:49:02.254366,2026-08-23 21:02:22.309587
item_002326,229.98,3.4,clothing,0.0,0.0,4.066666666666666,0.8421,0.3158,2026-05-24 20:49:02.254366,2026-08-23 21:02:22.309587
item_002327,65.06,3.9,sports,6.0,8.0,2.8000000000000003,0.3889,0.2222,2026-05-24 20:49:02.254366,2026-08-23 21:02:22.309587
item_002328,27.41,3.9,food,2.0,4.0,2.95,0.6111,0.2222,2026-05-24 20:49:02.254366,2026-08-23 21:02:22.309587
item_002329,4123.9,2.8,jewelry,3.0,2.0,1.8333333333333333,0.5714,0.2143,2026-05-24 20:49:02.254366,2026-08-23 21:02:22.309587
item_002330,42.7,3.7,food,3.0,1.0,3.185714285714286,0.6207,0.2759,2026-05-24 20:49:02.254366,2026-08-23 21:02:22.309587
item_002331,325.32,4.8,automotive,4.0,3.0,3.766666666666667,0.7391,0.3478,2026-05-24 20:49:02.254366,2026-08-23 21:02:22.309587
item_002332,41.49,4.2,books,2.0,7.0,3.85,0.475,0.275,2026-05-24 20:49:02.254366,2026-08-23 21:02:22.309587
item_002333,134.23,3.3,home_garden,2.0,4.0,3.525,0.7586,0.3793,2026-05-24 20:49:02.254366,2026-08-23 21:02:22.309587
item_002334,141.34,4.1,sports,1.0,0.0,2.209090909090909,0.6667,0.2083,2026-05-24 20:49:02.254366,2026-08-23 21:02:22.309587
item_002335,29.4,4.3,books,2.0,5.0,3.6,0.7143,0.3929,2026-05-24 20:49:02.254366,2026-08-23 21:02:22.309587
item_002336,21.46,5.0,toys,1.0,4.0,2.95,0.5909,0.4545,2026-05-24 20:49:02.254366,2026-08-23 21:02:22.309587
item_002337,483.22,4.0,sports,3.0,4.0,3.0833333333333335,0.2667,0.2222,2026-05-24 20:49:02.254366,2026-08-23 21:02:22.309587
item_002338,2501.64,4.5,jewelry,1.0,1.0,2.733333333333333,0.5897,0.1795,2026-05-24 20:49:02.254366,2026-08-23 21:02:22.309587
item_002339,610.29,4.6,home_garden,2.0,8.0,3.623076923076923,0.5349,0.4651,2026-05-24 20:49:02.254366,2026-08-23 21:02:22.309587
item_002340,58.34,3.3,toys,4.0,5.0,2.3285714285714287,0.6316,0.2632,2026-05-24 20:49:02.254366,2026-08-23 21:02:22.309587
item_002341,480.63,2.1,electronics,1.0,2.0,3.2222222222222223,0.6744,0.1628,2026-05-24 20:49:02.254366,2026-08-23 21:02:22.309587
item_002342,113.26,3.2,clothing,4.0,2.0,2.675,0.4906,0.283,2026-05-24 20:49:02.254366,2026-08-23 21:02:22.309587
item_002343,39.62,2.9,automotive,7.0,6.0,2.9,0.4286,0.2857,2026-05-24 20:49:02.254366,2026-08-23 21:02:22.309587
item_002344,47.38,4.2,clothing,0.0,1.0,2.9857142857142853,0.4737,0.2895,2026-05-24 20:49:02.254366,2026-08-23 21:02:22.309587
item_002345,369.71,3.1,home_garden,5.0,5.0,3.525,0.4912,0.2632,2026-05-24 20:49:02.254366,2026-08-23 21:02:22.309587
item_002346,332.46,3.2,sports,3.0,6.0,2.9222222222222225,0.3871,0.4516,2026-05-24 20:49:02.254366,2026-08-23 21:02:22.309587
item_002347,270.35,4.3,clothing,3.0,5.0,2.7,0.7333,0.2222,2026-05-24 20:49:02.254366,2026-08-23 21:02:22.309587
item_002348,994.95,3.6,electronics,3.0,0.0,2.3833333333333333,0.6207,0.3103,2026-05-24 20:49:02.254366,2026-08-23 21:02:22.309587
item_002349,130.77,4.3,beauty,3.0,1.0,3.6333333333333333,0.4839,0.2903,2026-05-24 20:49:02.254366,2026-08-23 21:02:22.309587
item_002350,26.65,4.4,beauty,0.0,4.0,3.6166666666666667,0.875,0.5,2026-05-24 20:49:02.254366,2026-08-23 21:02:22.309587
item_002351,166.46,3.1,automotive,2.0,4.0,2.975,0.5556,0.4667,2026-05-24 20:49:02.254366,2026-08-23 21:02:22.309587
item_002352,38.11,3.7,food,4.0,8.0,2.3,0.5682,0.4773,2026-05-24 20:49:02.254366,2026-08-23 21:02:22.309587
item_002353,451.21,4.5,electronics,3.0,7.0,3.1285714285714286,0.963,0.4815,2026-05-24 20:49:02.254366,2026-08-23 21:02:22.309587
item_002354,403.75,3.8,jewelry,3.0,6.0,2.3000000000000003,0.5319,0.4043,2026-05-24 20:49:02.254366,2026-08-23 21:02:22.309587
item_002355,37.79,5.0,toys,1.0,3.0,2.7714285714285714,0.7027,0.3514,2026-05-24 20:49:02.254366,2026-08-23 21:02:22.309587
item_002356,287.74,4.3,automotive,2.0,4.0,2.933333333333333,0.7667,0.4333,2026-05-24 20:49:02.254366,2026-08-23 21:02:22.309587
item_002357,1908.31,3.4,electronics,8.0,6.0,3.1666666666666665,0.4426,0.3607,2026-05-24 20:49:02.254366,2026-08-23 21:02:22.309587
item_002358,62.3,4.5,clothing,2.0,2.0,2.38,0.5758,0.303,2026-05-24 20:49:02.254366,2026-08-23 21:02:22.309587
item_002359,4026.73,4.4,jewelry,3.0,4.0,3.542857142857143,0.8387,0.3548,2026-05-24 20:49:02.254366,2026-08-23 21:02:22.309587
item_002360,116.45,3.7,toys,5.0,1.0,2.9857142857142853,0.3103,0.3103,2026-05-24 20:49:02.254366,2026-08-23 21:02:22.309587
item_002361,107.76,4.5,electronics,3.0,3.0,2.525,0.5556,0.3333,2026-05-24 20:49:02.254366,2026-08-23 21:02:22.309587
item_002362,16.15,4.4,books,2.0,5.0,3.411111111111111,0.5,0.2857,2026-05-24 20:49:02.254366,2026-08-23 21:02:22.309587
item_002363,455.37,4.1,jewelry,3.0,2.0,3.71,0.5909,0.3182,2026-05-24 20:49:02.254366,2026-08-23 21:02:22.309587
item_002364,221.31,4.1,automotive,2.0,2.0,4.533333333333334,0.56,0.36,2026-05-24 20:49:02.254366,2026-08-23 21:02:22.309587
item_002365,31.56,4.1,books,3.0,3.0,3.5200000000000005,0.5625,0.3125,2026-05-24 20:49:02.254366,2026-08-23 21:02:22.309587
item_002366,34.84,4.3,books,0.0,5.0,3.8499999999999996,1.1111,0.5,2026-05-24 20:49:02.254366,2026-08-23 21:02:22.309587
item_002367,10.06,4.0,toys,1.0,2.0,2.6,0.6296,0.2222,2026-05-24 20:49:02.254366,2026-08-23 21:02:22.309587
item_002368,702.16,3.2,electronics,4.0,2.0,3.766666666666667,0.5294,0.2647,2026-05-24 20:49:02.254366,2026-08-23 21:02:22.309587
item_002369,389.79,3.7,sports,1.0,3.0,2.766666666666667,0.4561,0.2105,2026-05-24 20:49:02.254366,2026-08-23 21:02:22.309587
item_002370,152.92,3.3,clothing,2.0,5.0,2.7,0.4107,0.3036,2026-05-24 20:49:02.254366,2026-08-23 21:02:22.309587
item_002371,269.53,4.3,clothing,4.0,5.0,3.0500000000000003,0.5,0.5278,2026-05-24 20:49:02.254366,2026-08-23 21:02:22.309587
item_002372,17.94,4.0,books,2.0,2.0,3.5833333333333335,0.3488,0.2326,2026-05-24 20:49:02.254366,2026-08-23 21:02:22.309587
item_002373,837.33,4.6,jewelry,2.0,4.0,2.55,0.5,0.3462,2026-05-24 20:49:02.254366,2026-08-23 21:02:22.309587
item_002374,29.05,3.0,jewelry,3.0,2.0,2.6,0.619,0.2857,2026-05-24 20:49:02.254366,2026-08-23 21:02:22.309587
item_002375,86.15,4.6,toys,1.0,5.0,3.688888888888889,1.0435,0.4783,2026-05-24 20:49:02.254366,2026-08-23 21:02:22.309587
item_002376,10.81,2.3,toys,6.0,5.0,3.1,0.5,0.3,2026-05-24 20:49:02.254366,2026-08-23 21:02:22.309587
item_002377,1613.14,3.1,jewelry,1.0,3.0,3.8285714285714287,0.8571,0.5714,2026-05-24 20:49:02.254366,2026-08-23 21:02:22.309587
item_002378,22.74,3.1,food,1.0,2.0,2.825,0.4878,0.122,2026-05-24 20:49:02.254366,2026-08-23 21:02:22.309587
item_002379,659.56,3.9,home_garden,2.0,5.0,2.5,1.1053,0.6842,2026-05-24 20:49:02.254366,2026-08-23 21:02:22.309587
item_002380,366.03,3.4,sports,1.0,2.0,3.2600000000000002,0.3158,0.2895,2026-05-24 20:49:02.254366,2026-08-23 21:02:22.309587
item_002381,243.22,3.8,home_garden,2.0,3.0,2.6599999999999997,0.3667,0.3167,2026-05-24 20:49:02.254366,2026-08-23 21:02:22.309587
item_002382,163.13,3.1,clothing,0.0,8.0,4.3,1.0,0.8947,2026-05-24 20:49:02.254366,2026-08-23 21:02:22.309587
item_002383,134.73,4.0,toys,3.0,3.0,3.25,0.4231,0.3846,2026-05-24 20:49:02.254366,2026-08-23 21:02:22.309587
item_002384,44.88,3.2,automotive,4.0,2.0,3.9,0.8095,0.381,2026-05-24 20:49:02.254366,2026-08-23 21:02:22.309587
item_002385,5.24,4.0,books,0.0,7.0,3.0999999999999996,0.4667,0.5667,2026-05-24 20:49:02.254366,2026-08-23 21:02:22.309587
item_002386,452.3,3.8,electronics,0.0,6.0,3.6333333333333333,0.6061,0.4848,2026-05-24 20:49:02.254366,2026-08-23 21:02:22.309587
item_002387,140.65,2.9,sports,1.0,1.0,3.1666666666666665,0.76,0.24,2026-05-24 20:49:02.254366,2026-08-23 21:02:22.309587
item_002388,426.06,2.6,sports,7.0,4.0,3.3000000000000003,0.6296,0.3704,2026-05-24 20:49:02.254366,2026-08-23 21:02:22.309587
item_002389,80.79,3.9,toys,1.0,2.0,3.45,0.4444,0.4074,2026-05-24 20:49:02.254366,2026-08-23 21:02:22.309587
item_002390,265.59,4.0,clothing,4.0,1.0,1.5,0.4,0.1333,2026-05-24 20:49:02.254366,2026-08-23 21:02:22.309587
item_002391,3039.7,4.1,jewelry,1.0,4.0,3.6799999999999997,0.8857,0.2857,2026-05-24 20:49:02.254366,2026-08-23 21:02:22.309587
item_002392,1648.34,2.7,electronics,6.0,8.0,2.8625,0.4255,0.234,2026-05-24 20:49:02.254366,2026-08-23 21:02:22.309587
item_002393,114.17,4.7,beauty,3.0,2.0,3.35,0.9231,0.3462,2026-05-24 20:49:02.254366,2026-08-23 21:02:22.309587
item_002394,525.56,3.8,home_garden,1.0,7.0,2.966666666666667,0.5517,0.3793,2026-05-24 20:49:02.254366,2026-08-23 21:02:22.309587
item_002395,78.34,3.9,toys,1.0,3.0,3.142857142857143,0.6786,0.4286,2026-05-24 20:49:02.254366,2026-08-23 21:02:22.309587
item_002396,14.99,2.4,books,3.0,3.0,2.857142857142857,0.3611,0.3333,2026-05-24 20:49:02.254366,2026-08-23 21:02:22.309587
item_002397,2301.93,2.8,jewelry,1.0,4.0,2.5166666666666666,0.4,0.2,2026-05-24 20:49:02.254366,2026-08-23 21:02:22.309587
item_002398,24.6,4.2,books,2.0,3.0,3.25,0.75,0.5,2026-05-24 20:49:02.254366,2026-08-23 21:02:22.309587
item_002399,345.89,4.1,sports,3.0,14.0,2.8181818181818183,0.4773,0.5,2026-05-24 20:49:02.254366,2026-08-23 21:02:22.309587
item_002400,40.07,3.6,toys,1.0,2.0,1.6,0.9524,0.4762,2026-05-24 20:49:02.254366,2026-08-23 21:02:22.309587
item_002401,250.75,4.3,home_garden,4.0,5.0,2.38,0.36,0.52,2026-05-24 20:49:02.254366,2026-08-23 21:02:22.309587
item_002402,4999.98,3.6,jewelry,4.0,1.0,2.3857142857142857,0.4286,0.2857,2026-05-24 20:49:02.254366,2026-08-23 21:02:22.309587
item_002403,127.37,3.7,sports,1.0,3.0,2.3499999999999996,0.6364,0.5909,2026-05-24 20:49:02.254366,2026-08-23 21:02:22.309587
item_002404,271.55,4.6,clothing,2.0,7.0,3.37,1.12,0.64,2026-05-24 20:49:02.254366,2026-08-23 21:02:22.309587
item_002405,558.52,2.8,home_garden,2.0,2.0,3.78,0.6176,0.2941,2026-05-24 20:49:02.254366,2026-08-23 21:02:22.309587
item_002406,279.57,3.7,automotive,2.0,7.0,3.5,0.5667,0.6333,2026-05-24 20:49:02.254366,2026-08-23 21:02:22.309587
item_002407,104.23,4.4,toys,1.0,3.0,4.066666666666666,0.875,0.4583,2026-05-24 20:49:02.254366,2026-08-23 21:02:22.309587
item_002408,77.95,5.0,clothing,4.0,1.0,2.216666666666667,0.8333,0.3333,2026-05-24 20:49:02.254366,2026-08-23 21:02:22.309587
item_002409,260.63,3.4,automotive,4.0,2.0,2.733333333333334,0.85,0.3,2026-05-24 20:49:02.254366,2026-08-23 21:02:22.309587
item_002410,40.24,4.3,home_garden,1.0,5.0,3.15,0.6,0.32,2026-05-24 20:49:02.254366,2026-08-23 21:02:22.309587
item_002411,62.37,4.6,food,0.0,7.0,2.1333333333333333,0.697,0.3939,2026-05-24 20:49:02.254366,2026-08-23 21:02:22.309587
item_002412,111.98,4.3,beauty,5.0,7.0,3.2857142857142856,0.5476,0.3095,2026-05-24 20:49:02.254366,2026-08-23 21:02:22.309587
item_002413,8.76,4.5,food,2.0,7.0,2.8714285714285714,0.68,0.48,2026-05-24 20:49:02.254366,2026-08-23 21:02:22.309587
item_002414,373.56,2.8,automotive,4.0,5.0,2.9499999999999997,0.35,0.2167,2026-05-24 20:49:02.254366,2026-08-23 21:02:22.309587
item_002415,8.03,4.0,books,1.0,4.0,3.1399999999999997,1.2857,1.2143,2026-05-24 20:49:02.254366,2026-08-23 21:02:22.309587
item_002416,201.08,3.6,sports,3.0,4.0,2.4125,0.5897,0.3077,2026-05-24 20:49:02.254366,2026-08-23 21:02:22.309587
item_002417,70.51,4.1,food,5.0,1.0,3.1142857142857143,0.7857,0.1429,2026-05-24 20:49:02.254366,2026-08-23 21:02:22.309587
item_002418,3341.0,4.4,jewelry,0.0,4.0,2.55,0.6,0.3667,2026-05-24 20:49:02.254366,2026-08-23 21:02:22.309587
item_002419,3167.33,3.5,jewelry,3.0,2.0,3.033333333333333,0.9167,0.25,2026-05-24 20:49:02.254366,2026-08-23 21:02:22.309587
item_002420,161.5,3.3,sports,4.0,3.0,2.3499999999999996,0.4865,0.1892,2026-05-24 20:49:02.254366,2026-08-23 21:02:22.309587
item_002421,289.02,3.2,home_garden,0.0,5.0,2.275,0.7273,0.6364,2026-05-24 20:49:02.254366,2026-08-23 21:02:22.309587
item_002422,90.16,3.3,toys,1.0,5.0,3.7399999999999998,0.6333,0.4333,2026-05-24 20:49:02.254366,2026-08-23 21:02:22.309587
item_002423,16.55,4.1,food,2.0,5.0,3.4692307692307693,0.617,0.383,2026-05-24 20:49:02.254366,2026-08-23 21:02:22.309587
item_002424,1041.08,3.0,electronics,2.0,1.0,2.7,0.8889,0.1111,2026-05-24 20:49:02.254366,2026-08-23 21:02:22.309587
item_002425,520.79,4.3,jewelry,0.0,5.0,2.8000000000000003,0.3333,0.4815,2026-05-24 20:49:02.254366,2026-08-23 21:02:22.309587
item_002426,93.39,4.9,automotive,1.0,6.0,4.12,0.6129,0.4516,2026-05-24 20:49:02.254366,2026-08-23 21:02:22.309587
item_002427,75.17,4.0,food,1.0,7.0,2.842857142857143,0.5526,0.3947,2026-05-24 20:49:02.254366,2026-08-23 21:02:22.309587
item_002428,21.98,4.5,books,1.0,5.0,3.014285714285714,0.7188,0.5,2026-05-24 20:49:02.254366,2026-08-23 21:02:22.309587
item_002429,70.24,3.7,automotive,3.0,3.0,2.2666666666666666,0.5333,0.3,2026-05-24 20:49:02.254366,2026-08-23 21:02:22.309587
item_002430,3572.11,4.3,jewelry,4.0,6.0,2.675,0.45,0.2667,2026-05-24 20:49:02.254366,2026-08-23 21:02:22.309587
item_002431,29.74,2.5,books,1.0,3.0,2.0375,0.3333,0.4286,2026-05-24 20:49:02.254366,2026-08-23 21:02:22.309587
item_002432,12.42,3.3,toys,3.0,0.0,2.9166666666666665,0.8148,0.3333,2026-05-24 20:49:02.254366,2026-08-23 21:02:22.309587
item_002433,6.37,4.4,books,2.0,5.0,3.25,0.68,0.72,2026-05-24 20:49:02.254366,2026-08-23 21:02:22.309587
item_002434,226.98,5.0,home_garden,3.0,3.0,2.233333333333333,0.7083,0.4167,2026-05-24 20:49:02.254366,2026-08-23 21:02:22.309587
item_002435,39.09,4.3,food,2.0,4.0,2.24,0.7586,0.5517,2026-05-24 20:49:02.254366,2026-08-23 21:02:22.309587
item_002436,14.29,3.1,toys,0.0,4.0,4.0875,0.4857,0.4286,2026-05-24 20:49:02.254366,2026-08-23 21:02:22.309587
item_002437,382.17,4.8,home_garden,2.0,4.0,3.6999999999999997,0.8125,0.3125,2026-05-24 20:49:02.254366,2026-08-23 21:02:22.309587
item_002438,158.23,3.6,sports,5.0,3.0,3.15,0.4286,0.3095,2026-05-24 20:49:02.254366,2026-08-23 21:02:22.309587
item_002439,61.32,4.0,clothing,4.0,4.0,2.975,0.6,0.36,2026-05-24 20:49:02.254366,2026-08-23 21:02:22.309587
item_002440,4146.01,4.3,jewelry,2.0,2.0,3.3333333333333335,0.963,0.3333,2026-05-24 20:49:02.254366,2026-08-23 21:02:22.309587
item_002441,32.56,4.3,books,2.0,1.0,3.6875,0.8095,0.4286,2026-05-24 20:49:02.254366,2026-08-23 21:02:22.309587
item_002442,1748.67,4.9,jewelry,1.0,2.0,3.6399999999999997,0.48,0.4,2026-05-24 20:49:02.254366,2026-08-23 21:02:22.309587
item_002443,51.12,4.2,food,0.0,3.0,2.3375,0.9615,0.3462,2026-05-24 20:49:02.254366,2026-08-23 21:02:22.309587
item_002444,941.97,3.1,electronics,1.0,6.0,0.0,0.8261,0.4783,2026-05-24 20:49:02.254366,2026-08-23 21:02:22.309587
item_002445,641.84,4.5,home_garden,0.0,4.0,3.1222222222222222,0.68,0.32,2026-05-24 20:49:02.254366,2026-08-23 21:02:22.309587
item_002446,414.14,4.4,home_garden,1.0,5.0,2.690909090909091,0.72,0.4,2026-05-24 20:49:02.254366,2026-08-23 21:02:22.309587
item_002447,77.6,2.6,food,0.0,4.0,2.925,0.8125,0.6875,2026-05-24 20:49:02.254366,2026-08-23 21:02:22.309587
item_002448,135.54,3.6,clothing,0.0,1.0,2.2333333333333334,0.76,0.4,2026-05-24 20:49:02.254366,2026-08-23 21:02:22.309587
item_002449,16.0,3.4,food,0.0,4.0,2.933333333333333,0.5517,0.5172,2026-05-24 20:49:02.254366,2026-08-23 21:02:22.309587
item_002450,7.22,3.1,food,2.0,3.0,2.55,0.5,0.2812,2026-05-24 20:49:02.254366,2026-08-23 21:02:22.309587
item_002451,108.34,3.9,beauty,2.0,2.0,3.075,0.9524,0.4762,2026-05-24 20:49:02.254366,2026-08-23 21:02:22.309587
item_002452,29.32,3.9,books,1.0,2.0,3.9,0.4054,0.3243,2026-05-24 20:49:02.254366,2026-08-23 21:02:22.309587
item_002453,139.65,3.5,beauty,1.0,5.0,2.7714285714285714,1.0455,0.4091,2026-05-24 20:49:02.254366,2026-08-23 21:02:22.309587
item_002454,188.48,4.5,clothing,1.0,4.0,4.3,0.575,0.25,2026-05-24 20:49:02.254366,2026-08-23 21:02:22.309587
item_002455,1948.97,3.3,electronics,3.0,3.0,2.8,0.7742,0.2258,2026-05-24 20:49:02.254366,2026-08-23 21:02:22.309587
item_002456,96.88,3.5,clothing,2.0,6.0,2.2333333333333334,0.5312,0.4062,2026-05-24 20:49:02.254366,2026-08-23 21:02:22.309587
item_002457,630.34,3.6,home_garden,3.0,4.0,2.442857142857143,0.5385,0.2308,2026-05-24 20:49:02.254366,2026-08-23 21:02:22.309587
item_002458,467.68,4.2,sports,1.0,4.0,3.2,0.36,0.32,2026-05-24 20:49:02.254366,2026-08-23 21:02:22.309587
item_002459,690.25,4.6,electronics,2.0,5.0,3.15,0.8148,0.4815,2026-05-24 20:49:02.254366,2026-08-23 21:02:22.309587
item_002460,148.1,3.1,toys,0.0,2.0,3.4,0.5882,0.1176,2026-05-24 20:49:02.254366,2026-08-23 21:02:22.309587
item_002461,71.12,4.1,toys,4.0,3.0,3.6375,0.7083,0.375,2026-05-24 20:49:02.254366,2026-08-23 21:02:22.309587
item_002462,334.16,4.3,electronics,0.0,10.0,3.0666666666666664,0.5217,0.7391,2026-05-24 20:49:02.254366,2026-08-23 21:02:22.309587
item_002463,152.16,4.5,beauty,1.0,6.0,3.875,0.5357,0.5357,2026-05-24 20:49:02.254366,2026-08-23 21:02:22.309587
item_002464,108.65,3.5,toys,3.0,3.0,1.9,0.2941,0.2059,2026-05-24 20:49:02.254366,2026-08-23 21:02:22.309587
item_002465,1253.49,3.7,electronics,3.0,1.0,2.975,0.4615,0.1795,2026-05-24 20:49:02.254366,2026-08-23 21:02:22.309587
item_002466,283.1,3.5,home_garden,0.0,2.0,2.5375,0.5098,0.1569,2026-05-24 20:49:02.254366,2026-08-23 21:02:22.309587
item_002467,4.63,3.6,food,4.0,3.0,3.3,0.5333,0.3667,2026-05-24 20:49:02.254366,2026-08-23 21:02:22.309587
item_002468,137.31,3.4,beauty,1.0,1.0,3.4799999999999995,0.3913,0.1087,2026-05-24 20:49:02.254366,2026-08-23 21:02:22.309587
item_002469,141.6,3.8,toys,6.0,6.0,3.161538461538462,0.2466,0.2603,2026-05-24 20:49:02.254366,2026-08-23 21:02:22.309587
item_002470,56.14,2.3,books,2.0,5.0,3.375,0.5217,0.3043,2026-05-24 20:49:02.254366,2026-08-23 21:02:22.309587
item_002471,1787.76,3.2,jewelry,2.0,3.0,3.1999999999999997,0.625,0.5,2026-05-24 20:49:02.254366,2026-08-23 21:02:22.309587
item_002472,74.84,3.5,clothing,7.0,2.0,3.557142857142857,0.4286,0.2857,2026-05-24 20:49:02.254366,2026-08-23 21:02:22.309587
item_002473,80.0,3.9,home_garden,5.0,3.0,4.05,0.3582,0.3433,2026-05-24 20:49:02.254366,2026-08-23 21:02:22.309587
item_002474,64.09,4.3,food,0.0,4.0,2.94,0.8,0.55,2026-05-24 20:49:02.254366,2026-08-23 21:02:22.309587
item_002475,22.5,4.7,books,1.0,4.0,2.6666666666666665,0.8571,0.5238,2026-05-24 20:49:02.254366,2026-08-23 21:02:22.309587
item_002476,773.86,3.6,home_garden,3.0,1.0,2.9375,0.3846,0.2308,2026-05-24 20:49:02.254366,2026-08-23 21:02:22.309587
item_002477,85.98,4.5,automotive,2.0,2.0,3.15,0.4865,0.2703,2026-05-24 20:49:02.254366,2026-08-23 21:02:22.309587
item_002478,792.37,3.7,electronics,3.0,3.0,3.1,0.6296,0.4074,2026-05-24 20:49:02.254366,2026-08-23 21:02:22.309587
item_002479,467.21,5.0,home_garden,2.0,5.0,4.066666666666666,0.75,0.875,2026-05-24 20:49:02.254366,2026-08-23 21:02:22.309587
item_002480,258.71,3.7,home_garden,3.0,6.0,3.1500000000000004,0.5789,0.7895,2026-05-24 20:49:02.254366,2026-08-23 21:02:22.309587
item_002481,105.26,4.6,beauty,1.0,3.0,2.8125,0.6538,0.3846,2026-05-24 20:49:02.254366,2026-08-23 21:02:22.309587
item_002482,814.15,3.5,electronics,4.0,2.0,2.9714285714285715,0.5306,0.0816,2026-05-24 20:49:02.254366,2026-08-23 21:02:22.309587
item_002483,63.98,3.4,food,4.0,6.0,2.6333333333333333,0.6216,0.3784,2026-05-24 20:49:02.254366,2026-08-23 21:02:22.309587
item_002484,49.98,3.2,food,4.0,7.0,2.8285714285714287,0.45,0.35,2026-05-24 20:49:02.254366,2026-08-23 21:02:22.309587
item_002485,97.16,3.2,toys,2.0,6.0,3.475,0.4,0.44,2026-05-24 20:49:02.254366,2026-08-23 21:02:22.309587
item_002486,213.74,4.6,automotive,2.0,4.0,1.9000000000000001,0.3667,0.3333,2026-05-24 20:49:02.254366,2026-08-23 21:02:22.309587
item_002487,192.47,4.3,clothing,2.0,3.0,2.2666666666666666,0.5938,0.4375,2026-05-24 20:49:02.254366,2026-08-23 21:02:22.309587
item_002488,294.95,2.4,clothing,3.0,1.0,3.685714285714286,1.0,0.1667,2026-05-24 20:49:02.254366,2026-08-23 21:02:22.309587
item_002489,65.35,3.0,food,6.0,8.0,2.6,0.2857,0.3393,2026-05-24 20:49:02.254366,2026-08-23 21:02:22.309587
item_002490,461.55,3.4,sports,1.0,7.0,3.266666666666667,0.7576,0.3333,2026-05-24 20:49:02.254366,2026-08-23 21:02:22.309587
item_002491,10.79,2.9,books,4.0,3.0,2.775,0.5556,0.2593,2026-05-24 20:49:02.254366,2026-08-23 21:02:22.309587
item_002492,38.66,4.8,food,6.0,2.0,3.683333333333333,0.6364,0.4545,2026-05-24 20:49:02.254366,2026-08-23 21:02:22.309587
item_002493,227.57,3.7,clothing,6.0,5.0,2.475,0.5,0.3333,2026-05-24 20:49:02.254366,2026-08-23 21:02:22.309587
item_002494,152.48,4.1,beauty,5.0,4.0,2.8000000000000003,0.8966,0.3103,2026-05-24 20:49:02.254366,2026-08-23 21:02:22.309587
item_002495,28.29,4.2,beauty,1.0,5.0,2.9714285714285715,0.6304,0.2609,2026-05-24 20:49:02.254366,2026-08-23 21:02:22.309587
item_002496,354.42,3.2,sports,4.0,4.0,2.872727272727273,0.5246,0.2787,2026-05-24 20:49:02.254366,2026-08-23 21:02:22.309587
item_002497,180.17,3.2,sports,4.0,2.0,3.6571428571428575,0.4286,0.2143,2026-05-24 20:49:02.254366,2026-08-23 21:02:22.309587
item_002498,72.53,3.1,toys,4.0,4.0,2.8600000000000003,0.3778,0.3111,2026-05-24 20:49:02.254366,2026-08-23 21:02:22.309587
item_002499,77.18,4.1,beauty,0.0,6.0,2.088888888888889,0.5312,0.4375,2026-05-24 20:49:02.254366,2026-08-23 21:02:22.309587
item_002500,5.17,2.8,books,4.0,3.0,2.85,0.8148,0.3333,2026-05-24 20:49:02.254366,2026-08-23 21:02:22.309587
item_002501,264.56,4.7,sports,1.0,10.0,3.2750000000000004,0.3333,0.6,2026-05-24 20:49:02.254366,2026-08-23 21:02:22.309587
item_002502,386.48,3.0,electronics,0.0,3.0,2.6571428571428575,0.4,0.25,2026-05-24 20:49:02.254366,2026-08-23 21:02:22.309587
item_002503,60.06,2.9,toys,2.0,1.0,3.0300000000000002,0.3778,0.3111,2026-05-24 20:49:02.254366,2026-08-23 21:02:22.309587
item_002504,93.59,4.4,beauty,2.0,3.0,2.8333333333333335,0.5278,0.4167,2026-05-24 20:49:02.254366,2026-08-23 21:02:22.309587
item_002505,28.72,4.8,automotive,5.0,3.0,3.4,0.5581,0.2791,2026-05-24 20:49:02.254366,2026-08-23 21:02:22.309587
item_002506,1210.37,5.0,electronics,0.0,5.0,3.5833333333333335,1.0909,0.5909,2026-05-24 20:49:02.254366,2026-08-23 21:02:22.309587
item_002507,40.94,4.5,automotive,1.0,4.0,2.77,0.8,0.44,2026-05-24 20:49:02.254366,2026-08-23 21:02:22.309587
item_002508,13.08,2.2,beauty,4.0,1.0,3.6,0.7714,0.2571,2026-05-24 20:49:02.254366,2026-08-23 21:02:22.309587
item_002509,15.16,4.2,sports,2.0,5.0,2.4333333333333336,0.725,0.4,2026-05-24 20:49:02.254366,2026-08-23 21:02:22.309587
item_002510,1497.05,3.3,electronics,3.0,3.0,2.7800000000000002,0.5312,0.1562,2026-05-24 20:49:02.254366,2026-08-23 21:02:22.309587
item_002511,81.11,4.2,toys,6.0,4.0,2.65,0.4638,0.2754,2026-05-24 20:49:02.254366,2026-08-23 21:02:22.309587
item_002512,386.91,3.1,automotive,3.0,3.0,3.04,0.9091,0.3636,2026-05-24 20:49:02.254366,2026-08-23 21:02:22.309587
item_002513,298.86,3.7,clothing,2.0,3.0,3.3,0.5484,0.5161,2026-05-24 20:49:02.254366,2026-08-23 21:02:22.309587
item_002514,65.86,4.5,clothing,2.0,1.0,2.8111111111111113,0.5769,0.3846,2026-05-24 20:49:02.254366,2026-08-23 21:02:22.309587
item_002515,152.98,3.5,beauty,1.0,4.0,2.914285714285714,0.64,0.32,2026-05-24 20:49:02.254366,2026-08-23 21:02:22.309587
item_002516,378.9,4.0,sports,4.0,4.0,2.2333333333333334,0.7692,0.3333,2026-05-24 20:49:02.254366,2026-08-23 21:02:22.309587
item_002517,138.48,3.8,clothing,2.0,0.0,1.2,1.0,0.4286,2026-05-24 20:49:02.254366,2026-08-23 21:02:22.309587
item_002518,497.17,3.5,electronics,6.0,4.0,2.6333333333333333,0.3415,0.2439,2026-05-24 20:49:02.254366,2026-08-23 21:02:22.309587
item_002519,143.72,4.5,clothing,0.0,5.0,2.3000000000000003,0.6667,0.4242,2026-05-24 20:49:02.254366,2026-08-23 21:02:22.309587
item_002520,382.38,3.7,sports,2.0,3.0,3.0666666666666664,0.7308,0.2692,2026-05-24 20:49:02.254366,2026-08-23 21:02:22.309587
item_002521,211.66,3.9,jewelry,3.0,6.0,3.3333333333333335,0.5,0.275,2026-05-24 20:49:02.254366,2026-08-23 21:02:22.309587
item_002522,351.25,3.9,sports,4.0,1.0,3.385714285714286,0.7714,0.2286,2026-05-24 20:49:02.254366,2026-08-23 21:02:22.309587
item_002523,275.89,4.2,home_garden,0.0,5.0,2.4,0.7273,0.6818,2026-05-24 20:49:02.254366,2026-08-23 21:02:22.309587
item_002524,577.02,3.1,home_garden,4.0,4.0,2.966666666666667,0.6111,0.25,2026-05-24 20:49:02.254366,2026-08-23 21:02:22.309587
item_002525,1689.17,4.3,electronics,4.0,7.0,2.8,0.7778,0.4815,2026-05-24 20:49:02.254366,2026-08-23 21:02:22.309587
item_002526,736.69,2.8,home_garden,3.0,7.0,3.65,0.4839,0.3226,2026-05-24 20:49:02.254366,2026-08-23 21:02:22.309587
item_002527,62.41,2.8,food,1.0,1.0,2.5375,0.5,0.3667,2026-05-24 20:49:02.254366,2026-08-23 21:02:22.309587
item_002528,373.67,4.3,automotive,2.0,5.0,2.375,0.4898,0.449,2026-05-24 20:49:02.254366,2026-08-23 21:02:22.309587
item_002529,97.54,4.4,home_garden,2.0,1.0,3.04,0.56,0.24,2026-05-24 20:49:02.254366,2026-08-23 21:02:22.309587
item_002530,16.68,3.1,clothing,5.0,1.0,3.375,0.6786,0.25,2026-05-24 20:49:02.254366,2026-08-23 21:02:22.309587
item_002531,274.14,5.0,sports,4.0,7.0,3.375,0.4419,0.4419,2026-05-24 20:49:02.254366,2026-08-23 21:02:22.309587
item_002532,899.89,4.4,electronics,1.0,1.0,2.5833333333333335,0.6071,0.1071,2026-05-24 20:49:02.254366,2026-08-23 21:02:22.309587
item_002533,398.67,3.1,automotive,1.0,2.0,3.25,0.52,0.16,2026-05-24 20:49:02.254366,2026-08-23 21:02:22.309587
item_002534,786.38,2.9,electronics,1.0,2.0,3.25,0.3846,0.4231,2026-05-24 20:49:02.254366,2026-08-23 21:02:22.309587
item_002535,324.38,3.6,automotive,2.0,4.0,1.725,0.7273,0.5,2026-05-24 20:49:02.254366,2026-08-23 21:02:22.309587
item_002536,44.22,5.0,books,2.0,2.0,2.9799999999999995,0.6364,0.4091,2026-05-24 20:49:02.254366,2026-08-23 21:02:22.309587
item_002537,155.73,4.3,clothing,3.0,3.0,3.22,0.6296,0.5185,2026-05-24 20:49:02.254366,2026-08-23 21:02:22.309587
item_002538,399.44,3.4,automotive,1.0,4.0,3.06,0.24,0.18,2026-05-24 20:49:02.254366,2026-08-23 21:02:22.309587
item_002539,142.29,3.4,beauty,3.0,1.0,3.3333333333333335,0.475,0.225,2026-05-24 20:49:02.254366,2026-08-23 21:02:22.309587
item_002540,1825.26,3.0,electronics,4.0,6.0,2.875,0.95,0.65,2026-05-24 20:49:02.254366,2026-08-23 21:02:22.309587
item_002541,37.45,3.8,toys,2.0,5.0,3.1142857142857143,0.3958,0.25,2026-05-24 20:49:02.254366,2026-08-23 21:02:22.309587
item_002542,87.77,3.6,beauty,3.0,6.0,2.966666666666667,0.6667,0.5,2026-05-24 20:49:02.254366,2026-08-23 21:02:22.309587
item_002543,81.32,3.1,toys,2.0,5.0,2.533333333333333,0.4286,0.2143,2026-05-24 20:49:02.254366,2026-08-23 21:02:22.309587
item_002544,33.22,3.6,food,0.0,5.0,3.15,0.5806,0.3548,2026-05-24 20:49:02.254366,2026-08-23 21:02:22.309587
item_002545,227.63,3.2,home_garden,3.0,3.0,2.9,0.8889,0.3333,2026-05-24 20:49:02.254366,2026-08-23 21:02:22.309587
item_002546,2767.06,3.6,jewelry,2.0,3.0,2.7600000000000002,0.6897,0.2069,2026-05-24 20:49:02.254366,2026-08-23 21:02:22.309587
item_002547,305.15,4.6,home_garden,1.0,7.0,4.3,1.0,0.7222,2026-05-24 20:49:02.254366,2026-08-23 21:02:22.309587
item_002548,2.96,5.0,food,11.0,9.0,2.8,0.68,0.4,2026-05-24 20:49:02.254366,2026-08-23 21:02:22.309587
item_002549,302.59,5.0,automotive,1.0,1.0,2.566666666666667,1.0,0.4783,2026-05-24 20:49:02.254366,2026-08-23 21:02:22.309587
item_002550,142.3,2.5,jewelry,0.0,4.0,2.814285714285714,0.3,0.2,2026-05-24 20:49:02.254366,2026-08-23 21:02:22.309587
item_002551,47.28,4.8,books,3.0,5.0,2.5714285714285716,0.449,0.3878,2026-05-24 20:49:02.254366,2026-08-23 21:02:22.309587
item_002552,230.96,4.0,sports,1.0,7.0,3.0285714285714285,0.3673,0.449,2026-05-24 20:49:02.254366,2026-08-23 21:02:22.309587
item_002553,72.53,4.9,automotive,1.0,3.0,3.357142857142857,0.75,0.1562,2026-05-24 20:49:02.254366,2026-08-23 21:02:22.309587
item_002554,55.05,4.5,books,1.0,4.0,2.6999999999999997,0.7692,0.3846,2026-05-24 20:49:02.254366,2026-08-23 21:02:22.309587
item_002555,27.12,3.3,food,2.0,2.0,2.175,0.3889,0.25,2026-05-24 20:49:02.254366,2026-08-23 21:02:22.309587
item_002556,16.79,3.8,toys,2.0,6.0,2.79,0.5306,0.4082,2026-05-24 20:49:02.254366,2026-08-23 21:02:22.309587
item_002557,18.32,3.0,food,5.0,4.0,1.85,0.5455,0.2273,2026-05-24 20:49:02.254366,2026-08-23 21:02:22.309587
item_002558,125.46,4.1,automotive,2.0,4.0,2.825,0.4286,0.3571,2026-05-24 20:49:02.254366,2026-08-23 21:02:22.309587
item_002559,66.17,3.2,beauty,1.0,3.0,3.1399999999999997,0.52,0.36,2026-05-24 20:49:02.254366,2026-08-23 21:02:22.309587
item_002560,15.49,5.0,toys,5.0,5.0,3.125,0.8214,0.5,2026-05-24 20:49:02.254366,2026-08-23 21:02:22.309587
item_002561,1063.59,2.9,electronics,4.0,4.0,2.753846153846154,0.3696,0.2826,2026-05-24 20:49:02.254366,2026-08-23 21:02:22.309587
item_002562,190.91,3.2,clothing,0.0,3.0,3.8,0.7619,0.5714,2026-05-24 20:49:02.254366,2026-08-23 21:02:22.309587
item_002563,275.89,3.9,home_garden,2.0,5.0,2.3000000000000003,0.9,0.45,2026-05-24 20:49:02.254366,2026-08-23 21:02:22.309587
item_002564,74.31,4.4,home_garden,1.0,2.0,3.216666666666667,0.7826,0.2174,2026-05-24 20:49:02.254366,2026-08-23 21:02:22.309587
item_002565,100.88,3.7,toys,6.0,3.0,3.25,0.5714,0.2321,2026-05-24 20:49:02.254366,2026-08-23 21:02:22.309587
item_002566,38.81,4.8,books,6.0,5.0,3.1750000000000003,0.9706,0.5588,2026-05-24 20:49:02.254366,2026-08-23 21:02:22.309587
item_002567,145.32,3.2,beauty,0.0,3.0,2.5833333333333335,1.0,0.6957,2026-05-24 20:49:02.254366,2026-08-23 21:02:22.309587
item_002568,147.58,3.4,toys,3.0,1.0,3.575,0.48,0.2,2026-05-24 20:49:02.254366,2026-08-23 21:02:22.309587
item_002569,50.02,3.7,books,1.0,5.0,4.45,0.6333,0.4333,2026-05-24 20:49:02.254366,2026-08-23 21:02:22.309587
item_002570,118.5,3.7,clothing,2.0,2.0,2.5833333333333335,0.4706,0.2353,2026-05-24 20:49:02.254366,2026-08-23 21:02:22.309587
item_002571,4170.65,4.0,jewelry,3.0,5.0,3.2444444444444445,0.5217,0.3478,2026-05-24 20:49:02.254366,2026-08-23 21:02:22.309587
item_002572,218.16,3.9,automotive,1.0,5.0,2.533333333333333,0.4167,0.5417,2026-05-24 20:49:02.254366,2026-08-23 21:02:22.309587
item_002573,58.77,2.8,toys,0.0,3.0,3.6399999999999997,0.4615,0.1795,2026-05-24 20:49:02.254366,2026-08-23 21:02:22.309587
item_002574,11.87,3.6,toys,2.0,2.0,2.1999999999999997,0.7083,0.25,2026-05-24 20:49:02.254366,2026-08-23 21:02:22.309587
item_002575,34.22,2.8,toys,4.0,4.0,2.5599999999999996,0.4615,0.2308,2026-05-24 20:49:02.254366,2026-08-23 21:02:22.309587
item_002576,51.75,2.9,beauty,2.0,2.0,2.9,0.3939,0.2727,2026-05-24 20:49:02.254366,2026-08-23 21:02:22.309587
item_002577,35.13,3.8,books,4.0,3.0,2.2800000000000002,0.4255,0.2128,2026-05-24 20:49:02.254366,2026-08-23 21:02:22.309587
item_002578,73.64,4.4,sports,0.0,3.0,2.7,0.8,0.6,2026-05-24 20:49:02.254366,2026-08-23 21:02:22.309587
item_002579,52.74,4.3,beauty,4.0,7.0,3.3545454545454545,0.3684,0.3509,2026-05-24 20:49:02.254366,2026-08-23 21:02:22.309587
item_002580,4421.17,2.7,jewelry,3.0,2.0,3.3,0.48,0.44,2026-05-24 20:49:02.254366,2026-08-23 21:02:22.309587
item_002581,135.56,4.6,toys,4.0,5.0,3.111111111111111,0.5,0.4412,2026-05-24 20:49:02.254366,2026-08-23 21:02:22.309587
item_002582,16.67,4.6,clothing,3.0,1.0,2.7199999999999998,0.6538,0.2308,2026-05-24 20:49:02.254366,2026-08-23 21:02:22.309587
item_002583,148.98,3.7,home_garden,1.0,6.0,2.7399999999999998,0.3571,0.6071,2026-05-24 20:49:02.254366,2026-08-23 21:02:22.309587
item_002584,121.46,3.8,beauty,9.0,8.0,2.9375,0.6364,0.4545,2026-05-24 20:49:02.254366,2026-08-23 21:02:22.309587
item_002585,67.97,4.6,home_garden,4.0,2.0,2.34,0.7692,0.4615,2026-05-24 20:49:02.254366,2026-08-23 21:02:22.309587
item_002586,2552.76,5.0,jewelry,2.0,1.0,2.92,0.7308,0.2308,2026-05-24 20:49:02.254366,2026-08-23 21:02:22.309587
item_002587,57.67,4.4,books,6.0,4.0,2.95,0.566,0.3396,2026-05-24 20:49:02.254366,2026-08-23 21:02:22.309587
item_002588,354.66,3.2,sports,2.0,6.0,1.94,0.5455,0.3864,2026-05-24 20:49:02.254366,2026-08-23 21:02:22.309587
item_002589,300.74,4.0,home_garden,1.0,3.0,2.92,0.7037,0.3704,2026-05-24 20:49:02.254366,2026-08-23 21:02:22.309587
item_002590,47.99,4.0,clothing,2.0,2.0,3.2,0.3824,0.2353,2026-05-24 20:49:02.254366,2026-08-23 21:02:22.309587
item_002591,28.88,4.2,books,3.0,9.0,3.0999999999999996,0.4595,0.4865,2026-05-24 20:49:02.254366,2026-08-23 21:02:22.309587
item_002592,1091.12,3.0,electronics,0.0,2.0,3.016666666666667,0.7576,0.4848,2026-05-24 20:49:02.254366,2026-08-23 21:02:22.309587
item_002593,40.45,3.8,beauty,2.0,1.0,2.8625,0.619,0.5238,2026-05-24 20:49:02.254366,2026-08-23 21:02:22.309587
item_002594,45.81,3.3,automotive,1.0,2.0,3.125,0.5,0.3182,2026-05-24 20:49:02.254366,2026-08-23 21:02:22.309587
item_002595,31.97,4.1,beauty,6.0,6.0,3.4375,0.7027,0.4324,2026-05-24 20:49:02.254366,2026-08-23 21:02:22.309587
item_002596,319.84,3.0,sports,1.0,4.0,1.725,0.5862,0.4828,2026-05-24 20:49:02.254366,2026-08-23 21:02:22.309587
item_002597,53.72,3.7,home_garden,1.0,3.0,2.5,0.6538,0.4231,2026-05-24 20:49:02.254366,2026-08-23 21:02:22.309587
item_002598,3425.9,3.3,jewelry,5.0,2.0,3.6166666666666667,0.6,0.44,2026-05-24 20:49:02.254366,2026-08-23 21:02:22.309587
item_002599,381.95,4.0,electronics,4.0,6.0,3.4333333333333336,0.5814,0.3023,2026-05-24 20:49:02.254366,2026-08-23 21:02:22.309587
item_002600,24.01,4.2,books,3.0,9.0,3.3200000000000003,0.7931,0.7241,2026-05-24 20:49:02.254366,2026-08-23 21:02:22.309587
item_002601,263.16,3.2,home_garden,1.0,2.0,3.8,0.3548,0.2581,2026-05-24 20:49:02.254366,2026-08-23 21:02:22.309587
item_002602,139.78,3.5,sports,2.0,3.0,3.472727272727273,0.5122,0.3902,2026-05-24 20:49:02.254366,2026-08-23 21:02:22.309587
item_002603,129.71,3.5,toys,2.0,1.0,4.225,0.6333,0.1667,2026-05-24 20:49:02.254366,2026-08-23 21:02:22.309587
item_002604,36.94,4.3,food,1.0,2.0,3.0499999999999994,0.6316,0.2368,2026-05-24 20:49:02.254366,2026-08-23 21:02:22.309587
item_002605,3221.72,4.4,jewelry,4.0,10.0,3.0,0.6591,0.4091,2026-05-24 20:49:02.254366,2026-08-23 21:02:22.309587
item_002606,52.43,3.2,books,5.0,1.0,4.566666666666666,0.5758,0.1515,2026-05-24 20:49:02.254366,2026-08-23 21:02:22.309587
item_002607,385.33,2.9,sports,1.0,2.0,3.2800000000000002,0.75,0.3929,2026-05-24 20:49:02.254366,2026-08-23 21:02:22.309587
item_002608,4971.07,2.8,jewelry,1.0,2.0,1.725,0.52,0.44,2026-05-24 20:49:02.254366,2026-08-23 21:02:22.309587
item_002609,195.73,4.6,clothing,3.0,1.0,3.472727272727273,0.7333,0.3,2026-05-24 20:49:02.254366,2026-08-23 21:02:22.309587
item_002610,53.06,4.4,home_garden,4.0,5.0,2.5,0.3725,0.2157,2026-05-24 20:49:02.254366,2026-08-23 21:02:22.309587
item_002611,51.16,3.8,food,2.0,3.0,2.414285714285714,0.76,0.52,2026-05-24 20:49:02.254366,2026-08-23 21:02:22.309587
item_002612,34.73,4.8,food,7.0,3.0,3.15,0.4865,0.3243,2026-05-24 20:49:02.254366,2026-08-23 21:02:22.309587
item_002613,1400.48,3.5,electronics,2.0,8.0,2.4,1.6,0.5,2026-05-24 20:49:02.254366,2026-08-23 21:02:22.309587
item_002614,82.29,3.6,beauty,1.0,9.0,2.9333333333333336,0.7308,0.7308,2026-05-24 20:49:02.254366,2026-08-23 21:02:22.309587
item_002615,129.4,4.3,beauty,2.0,2.0,2.83,1.05,0.65,2026-05-24 20:49:02.254366,2026-08-23 21:02:22.309587
item_002616,78.19,3.1,beauty,5.0,2.0,2.4,0.5962,0.2115,2026-05-24 20:49:02.254366,2026-08-23 21:02:22.309587
item_002617,34.93,5.0,toys,3.0,4.0,2.4285714285714284,0.6897,0.4138,2026-05-24 20:49:02.254366,2026-08-23 21:02:22.309587
item_002618,332.92,3.4,automotive,4.0,3.0,2.975,0.2742,0.2581,2026-05-24 20:49:02.254366,2026-08-23 21:02:22.309587
item_002619,63.03,4.0,food,3.0,8.0,1.75,0.4571,0.6286,2026-05-24 20:49:02.254366,2026-08-23 21:02:22.309587
item_002620,143.97,4.1,sports,3.0,4.0,3.17,0.5091,0.2364,2026-05-24 20:49:02.254366,2026-08-23 21:02:22.309587
item_002621,255.0,4.0,sports,3.0,4.0,2.55,0.5,0.3438,2026-05-24 20:49:02.254366,2026-08-23 21:02:22.309587
item_002622,23.53,3.1,food,2.0,3.0,3.716666666666667,0.4667,0.3333,2026-05-24 20:49:02.254366,2026-08-23 21:02:22.309587
item_002623,22.72,4.5,food,2.0,1.0,2.5142857142857147,0.8846,0.1538,2026-05-24 20:49:02.254366,2026-08-23 21:02:22.309587
item_002624,497.43,4.7,sports,1.0,2.0,2.55,0.8,0.6,2026-05-24 20:49:02.254366,2026-08-23 21:02:22.309587
item_002625,38.23,3.7,books,3.0,7.0,3.3,0.4651,0.3256,2026-05-24 20:49:02.254366,2026-08-23 21:02:22.309587
item_002626,36.75,3.8,books,2.0,3.0,3.5666666666666664,0.5116,0.3023,2026-05-24 20:49:02.254366,2026-08-23 21:02:22.309587
item_002627,382.23,4.8,automotive,1.0,2.0,3.875,0.7,0.6,2026-05-24 20:49:02.254366,2026-08-23 21:02:22.309587
item_002628,153.52,2.6,electronics,4.0,8.0,1.9500000000000002,0.3261,0.3478,2026-05-24 20:49:02.254366,2026-08-23 21:02:22.309587
item_002629,3828.39,3.8,jewelry,3.0,3.0,1.8333333333333333,1.0476,0.4762,2026-05-24 20:49:02.254366,2026-08-23 21:02:22.309587
item_002630,294.48,3.0,sports,1.0,2.0,2.3,0.75,0.2917,2026-05-24 20:49:02.254366,2026-08-23 21:02:22.309587
item_002631,9.6,4.7,toys,2.0,3.0,2.8444444444444446,0.8696,0.3043,2026-05-24 20:49:02.254366,2026-08-23 21:02:22.309587
item_002632,59.75,4.3,books,3.0,7.0,3.2181818181818183,0.6122,0.4082,2026-05-24 20:49:02.254366,2026-08-23 21:02:22.309587
item_002633,2312.52,4.3,jewelry,2.0,10.0,3.057142857142857,0.4348,0.7391,2026-05-24 20:49:02.254366,2026-08-23 21:02:22.309587
item_002634,396.31,4.2,automotive,6.0,4.0,2.7545454545454544,0.3214,0.1607,2026-05-24 20:49:02.254366,2026-08-23 21:02:22.309587
item_002635,179.94,4.8,automotive,4.0,5.0,2.7,0.54,0.42,2026-05-24 20:49:02.254366,2026-08-23 21:02:22.309587
item_002636,76.79,3.7,beauty,1.0,5.0,2.6285714285714286,0.7429,0.3143,2026-05-24 20:49:02.254366,2026-08-23 21:02:22.309587
item_002637,236.17,4.2,sports,4.0,1.0,3.1181818181818177,0.64,0.44,2026-05-24 20:49:02.254366,2026-08-23 21:02:22.309587
item_002638,32.42,5.0,beauty,1.0,2.0,3.016666666666666,0.4839,0.2258,2026-05-24 20:49:02.254366,2026-08-23 21:02:22.309587
item_002639,183.31,4.4,clothing,6.0,4.0,2.62,0.5075,0.2537,2026-05-24 20:49:02.254366,2026-08-23 21:02:22.309587
item_002640,11.59,3.7,clothing,3.0,4.0,2.4166666666666665,0.4516,0.2258,2026-05-24 20:49:02.254366,2026-08-23 21:02:22.309587
item_002641,216.79,4.0,sports,4.0,9.0,2.8363636363636364,0.5893,0.3393,2026-05-24 20:49:02.254366,2026-08-23 21:02:22.309587
item_002642,25.57,3.5,food,0.0,4.0,3.2857142857142856,0.75,0.2143,2026-05-24 20:49:02.254366,2026-08-23 21:02:22.309587
item_002643,61.52,4.1,toys,4.0,1.0,3.4428571428571426,0.6452,0.2581,2026-05-24 20:49:02.254366,2026-08-23 21:02:22.309587
item_002644,5.86,3.9,books,6.0,3.0,2.4,0.5254,0.1864,2026-05-24 20:49:02.254366,2026-08-23 21:02:22.309587
item_002645,226.2,4.0,home_garden,2.0,0.0,4.0,0.4651,0.2093,2026-05-24 20:49:02.254366,2026-08-23 21:02:22.309587
item_002646,90.49,4.3,sports,1.0,4.0,3.8000000000000003,1.15,0.65,2026-05-24 20:49:02.254366,2026-08-23 21:02:22.309587
item_002647,252.13,4.8,clothing,0.0,3.0,3.9,1.25,0.5,2026-05-24 20:49:02.254366,2026-08-23 21:02:22.309587
item_002648,487.0,4.0,home_garden,2.0,4.0,3.0,1.0526,0.4737,2026-05-24 20:49:02.254366,2026-08-23 21:02:22.309587
item_002649,60.07,3.4,home_garden,5.0,4.0,3.3200000000000003,1.1053,0.5789,2026-05-24 20:49:02.254366,2026-08-23 21:02:22.309587
item_002650,485.85,4.3,home_garden,3.0,4.0,3.1999999999999997,0.8636,0.4545,2026-05-24 20:49:02.254366,2026-08-23 21:02:22.309587
item_002651,26.48,2.4,books,1.0,4.0,3.1,0.3846,0.2051,2026-05-24 20:49:02.254366,2026-08-23 21:02:22.309587
item_002652,385.47,1.7,automotive,3.0,4.0,3.8200000000000003,0.6765,0.2941,2026-05-24 20:49:02.254366,2026-08-23 21:02:22.309587
item_002653,75.28,4.7,beauty,0.0,4.0,3.209090909090909,0.8696,0.3913,2026-05-24 20:49:02.254366,2026-08-23 21:02:22.309587
item_002654,34.06,3.0,books,3.0,3.0,3.0,0.449,0.3265,2026-05-24 20:49:02.254366,2026-08-23 21:02:22.309587
item_002655,109.76,3.2,clothing,4.0,3.0,2.85,0.3333,0.1778,2026-05-24 20:49:02.254366,2026-08-23 21:02:22.309587
item_002656,294.42,3.5,sports,1.0,2.0,3.142857142857143,0.275,0.175,2026-05-24 20:49:02.254366,2026-08-23 21:02:22.309587
item_002657,152.47,4.4,automotive,3.0,1.0,3.1,0.3659,0.1707,2026-05-24 20:49:02.254366,2026-08-23 21:02:22.309587
item_002658,43.65,2.7,toys,0.0,4.0,2.1,0.5238,0.4762,2026-05-24 20:49:02.254366,2026-08-23 21:02:22.309587
item_002659,43.84,3.0,books,4.0,5.0,2.65,0.4524,0.381,2026-05-24 20:49:02.254366,2026-08-23 21:02:22.309587
item_002660,135.89,4.7,home_garden,1.0,4.0,3.0,0.5769,0.2308,2026-05-24 20:49:02.254366,2026-08-23 21:02:22.309587
item_002661,70.87,3.7,toys,5.0,1.0,2.825,0.641,0.1795,2026-05-24 20:49:02.254366,2026-08-23 21:02:22.309587
item_002662,168.91,4.0,sports,5.0,2.0,3.107142857142857,0.5517,0.1207,2026-05-24 20:49:02.254366,2026-08-23 21:02:22.309587
item_002663,254.92,5.0,sports,2.0,2.0,4.1,0.6,0.36,2026-05-24 20:49:02.254366,2026-08-23 21:02:22.309587
item_002664,29.69,3.7,toys,0.0,2.0,2.3,0.5161,0.2581,2026-05-24 20:49:02.254366,2026-08-23 21:02:22.309587
item_002665,1912.76,3.7,electronics,0.0,8.0,2.6666666666666665,0.8519,0.5926,2026-05-24 20:49:02.254366,2026-08-23 21:02:22.309587
item_002666,243.06,4.0,automotive,3.0,5.0,2.87,0.6098,0.439,2026-05-24 20:49:02.254366,2026-08-23 21:02:22.309587
item_002667,14.19,4.5,books,5.0,5.0,2.316666666666667,0.4906,0.2453,2026-05-24 20:49:02.254366,2026-08-23 21:02:22.309587
item_002668,104.3,3.7,clothing,4.0,3.0,2.6714285714285713,0.5667,0.3,2026-05-24 20:49:02.254366,2026-08-23 21:02:22.309587
item_002669,5.14,4.5,food,4.0,1.0,4.04,0.4359,0.2051,2026-05-24 20:49:02.254366,2026-08-23 21:02:22.309587
item_002670,46.87,3.9,clothing,5.0,9.0,2.3833333333333333,0.5246,0.2951,2026-05-24 20:49:02.254366,2026-08-23 21:02:22.309587
item_002671,33.89,2.1,toys,2.0,3.0,2.45,0.9583,0.4167,2026-05-24 20:49:02.254366,2026-08-23 21:02:22.309587
item_002672,53.97,3.1,home_garden,2.0,2.0,3.3333333333333335,1.1304,0.5652,2026-05-24 20:49:02.254366,2026-08-23 21:02:22.309587
item_002673,12.58,3.5,beauty,4.0,4.0,3.4,0.6111,0.3056,2026-05-24 20:49:02.254366,2026-08-23 21:02:22.309587
item_002674,415.12,2.5,home_garden,0.0,6.0,2.516666666666667,0.9524,0.381,2026-05-24 20:49:02.254366,2026-08-23 21:02:22.309587
item_002675,115.02,4.1,beauty,3.0,6.0,2.8125,0.6129,0.3548,2026-05-24 20:49:02.254366,2026-08-23 21:02:22.309587
item_002676,3503.07,3.3,jewelry,2.0,4.0,2.4,0.3043,0.2391,2026-05-24 20:49:02.254366,2026-08-23 21:02:22.309587
item_002677,120.77,3.3,clothing,0.0,4.0,2.46,1.1111,0.5,2026-05-24 20:49:02.254366,2026-08-23 21:02:22.309587
item_002678,92.72,3.5,toys,0.0,7.0,2.2875,0.7778,0.3704,2026-05-24 20:49:02.254366,2026-08-23 21:02:22.309587
item_002679,30.9,2.7,food,0.0,3.0,3.1999999999999997,0.6667,0.4333,2026-05-24 20:49:02.254366,2026-08-23 21:02:22.309587
item_002680,178.17,4.2,beauty,2.0,9.0,2.75,0.6154,0.5897,2026-05-24 20:49:02.254366,2026-08-23 21:02:22.309587
item_002681,27.75,4.7,food,0.0,8.0,2.95,0.4194,0.3548,2026-05-24 20:49:02.254366,2026-08-23 21:02:22.309587
item_002682,197.44,4.0,beauty,3.0,7.0,3.742857142857143,0.4545,0.4091,2026-05-24 20:49:02.254366,2026-08-23 21:02:22.309587
item_002683,204.14,4.6,clothing,2.0,5.0,3.6666666666666665,0.6875,0.3125,2026-05-24 20:49:02.254366,2026-08-23 21:02:22.309587
item_002684,368.6,2.6,home_garden,4.0,3.0,3.1799999999999997,0.5758,0.3939,2026-05-24 20:49:02.254366,2026-08-23 21:02:22.309587
item_002685,473.29,4.3,sports,2.0,2.0,2.725,0.5882,0.3529,2026-05-24 20:49:02.254366,2026-08-23 21:02:22.309587
item_002686,59.67,4.2,books,1.0,2.0,3.3285714285714287,0.75,0.2083,2026-05-24 20:49:02.254366,2026-08-23 21:02:22.309587
item_002687,3055.59,4.2,jewelry,3.0,5.0,3.3,0.6304,0.2826,2026-05-24 20:49:02.254366,2026-08-23 21:02:22.309587
item_002688,42.32,4.2,books,4.0,2.0,2.8,0.5172,0.3103,2026-05-24 20:49:02.254366,2026-08-23 21:02:22.309587
item_002689,50.77,4.0,food,3.0,4.0,2.8272727272727276,0.5882,0.4412,2026-05-24 20:49:02.254366,2026-08-23 21:02:22.309587
item_002690,348.7,5.0,automotive,1.0,3.0,3.7600000000000002,0.3103,0.1379,2026-05-24 20:49:02.254366,2026-08-23 21:02:22.309587
item_002691,75.84,2.8,clothing,3.0,1.0,2.32,0.3864,0.0909,2026-05-24 20:49:02.254366,2026-08-23 21:02:22.309587
item_002692,3859.17,5.0,jewelry,2.0,1.0,3.028571428571429,0.8846,0.4231,2026-05-24 20:49:02.254366,2026-08-23 21:02:22.309587
item_002693,55.8,4.3,books,2.0,5.0,2.75,0.5957,0.3191,2026-05-24 20:49:02.254366,2026-08-23 21:02:22.309587
item_002694,269.35,3.8,electronics,7.0,5.0,2.6666666666666665,0.6222,0.4222,2026-05-24 20:49:02.254366,2026-08-23 21:02:22.309587
item_002695,291.61,4.1,jewelry,2.0,0.0,2.975,0.7879,0.2424,2026-05-24 20:49:02.254366,2026-08-23 21:02:22.309587
item_002696,57.85,2.7,clothing,0.0,3.0,2.6,0.3571,0.3214,2026-05-24 20:49:02.254366,2026-08-23 21:02:22.309587
item_002697,48.81,3.5,books,5.0,2.0,3.542857142857143,0.4242,0.4545,2026-05-24 20:49:02.254366,2026-08-23 21:02:22.309587
item_002698,236.29,4.1,sports,1.0,4.0,3.4000000000000004,0.5208,0.3333,2026-05-24 20:49:02.254366,2026-08-23 21:02:22.309587
item_002699,1190.78,4.6,electronics,3.0,6.0,3.1333333333333333,0.7925,0.283,2026-05-24 20:49:02.254366,2026-08-23 21:02:22.309587
item_002700,581.22,3.8,electronics,2.0,5.0,3.075,0.5769,0.4615,2026-05-24 20:49:02.254366,2026-08-23 21:02:22.309587
item_002701,4482.17,3.3,jewelry,3.0,1.0,2.725,0.8235,0.4118,2026-05-24 20:49:02.254366,2026-08-23 21:02:22.309587
item_002702,51.42,3.6,clothing,2.0,2.0,3.6500000000000004,0.8077,0.3077,2026-05-24 20:49:02.254366,2026-08-23 21:02:22.309587
item_002703,2336.25,3.5,jewelry,0.0,2.0,2.9,0.7,0.1,2026-05-24 20:49:02.254366,2026-08-23 21:02:22.309587
item_002704,104.47,3.5,home_garden,5.0,7.0,3.8200000000000003,0.4762,0.2381,2026-05-24 20:49:02.254366,2026-08-23 21:02:22.309587
item_002705,181.68,2.6,beauty,6.0,5.0,3.12,0.6122,0.3061,2026-05-24 20:49:02.254366,2026-08-23 21:02:22.309587
item_002706,73.09,4.8,food,1.0,3.0,3.4,0.9259,0.4074,2026-05-24 20:49:02.254366,2026-08-23 21:02:22.309587
item_002707,192.79,4.4,sports,8.0,2.0,3.3600000000000003,0.5778,0.2,2026-05-24 20:49:02.254366,2026-08-23 21:02:22.309587
item_002708,230.9,4.4,sports,6.0,4.0,2.4499999999999997,0.3902,0.5366,2026-05-24 20:49:02.254366,2026-08-23 21:02:22.309587
item_002709,1936.92,4.0,electronics,4.0,1.0,3.1624999999999996,0.68,0.2,2026-05-24 20:49:02.254366,2026-08-23 21:02:22.309587
item_002710,6.13,3.9,books,1.0,2.0,2.275,0.8182,0.3636,2026-05-24 20:49:02.254366,2026-08-23 21:02:22.309587
item_002711,22.21,4.5,food,7.0,10.0,3.0,0.3281,0.4062,2026-05-24 20:49:02.254366,2026-08-23 21:02:22.309587
item_002712,153.08,4.2,clothing,2.0,6.0,3.5,0.6296,0.2963,2026-05-24 20:49:02.254366,2026-08-23 21:02:22.309587
item_002713,199.97,3.7,clothing,6.0,6.0,3.825,0.4828,0.3448,2026-05-24 20:49:02.254366,2026-08-23 21:02:22.309587
item_002714,142.7,5.0,automotive,3.0,6.0,2.6444444444444444,0.4286,0.25,2026-05-24 20:49:02.254366,2026-08-23 21:02:22.309587
item_002715,307.84,4.4,home_garden,4.0,6.0,3.2714285714285714,0.6053,0.3684,2026-05-24 20:49:02.254366,2026-08-23 21:02:22.309587
item_002716,264.95,3.8,home_garden,4.0,3.0,2.7,0.6765,0.3235,2026-05-24 20:49:02.254366,2026-08-23 21:02:22.309587
item_002717,239.47,3.8,automotive,2.0,5.0,3.3857142857142857,0.5385,0.2308,2026-05-24 20:49:02.254366,2026-08-23 21:02:22.309587
item_002718,111.07,2.3,clothing,10.0,2.0,2.96,0.3906,0.1406,2026-05-24 20:49:02.254366,2026-08-23 21:02:22.309587
item_002719,2995.7,3.2,jewelry,4.0,5.0,2.783333333333333,0.3673,0.2041,2026-05-24 20:49:02.254366,2026-08-23 21:02:22.309587
item_002720,13.19,2.6,beauty,2.0,5.0,2.8125,0.4615,0.3462,2026-05-24 20:49:02.254366,2026-08-23 21:02:22.309587
item_002721,2550.41,3.4,jewelry,2.0,5.0,2.6,0.7143,0.4286,2026-05-24 20:49:02.254366,2026-08-23 21:02:22.309587
item_002722,356.49,4.1,automotive,7.0,4.0,3.266666666666667,0.5185,0.5556,2026-05-24 20:49:02.254366,2026-08-23 21:02:22.309587
item_002723,1678.77,3.3,electronics,1.0,1.0,3.2375,0.5161,0.129,2026-05-24 20:49:02.254366,2026-08-23 21:02:22.309587
item_002724,328.45,3.5,home_garden,4.0,5.0,3.15,0.7778,0.6111,2026-05-24 20:49:02.254366,2026-08-23 21:02:22.309587
item_002725,766.5,3.8,home_garden,1.0,1.0,2.4166666666666665,0.48,0.32,2026-05-24 20:49:02.254366,2026-08-23 21:02:22.309587
item_002726,120.36,5.0,toys,4.0,6.0,2.9699999999999998,0.5806,0.5161,2026-05-24 20:49:02.254366,2026-08-23 21:02:22.309587
item_002727,3965.23,2.9,jewelry,3.0,3.0,2.566666666666667,0.48,0.36,2026-05-24 20:49:02.254366,2026-08-23 21:02:22.309587
item_002728,798.62,3.2,jewelry,2.0,4.0,2.3000000000000003,0.9412,0.3824,2026-05-24 20:49:02.254366,2026-08-23 21:02:22.309587
item_002729,739.61,4.7,home_garden,4.0,9.0,3.075,0.4773,0.3409,2026-05-24 20:49:02.254366,2026-08-23 21:02:22.309587
item_002730,147.81,3.6,toys,4.0,6.0,1.9125,0.3729,0.2203,2026-05-24 20:49:02.254366,2026-08-23 21:02:22.309587
item_002731,313.42,3.4,sports,2.0,6.0,3.02,0.5946,0.3514,2026-05-24 20:49:02.254366,2026-08-23 21:02:22.309587
item_002732,68.56,2.5,food,4.0,7.0,2.15,0.4722,0.3889,2026-05-24 20:49:02.254366,2026-08-23 21:02:22.309587
item_002733,27.2,4.1,food,4.0,6.0,3.0,0.6053,0.4474,2026-05-24 20:49:02.254366,2026-08-23 21:02:22.309587
item_002734,61.15,3.1,sports,7.0,2.0,3.0250000000000004,0.2571,0.3714,2026-05-24 20:49:02.254366,2026-08-23 21:02:22.309587
item_002735,133.63,3.9,toys,2.0,7.0,3.325,0.4595,0.3784,2026-05-24 20:49:02.254366,2026-08-23 21:02:22.309587
item_002736,1892.77,4.4,electronics,0.0,4.0,3.6,1.1875,0.8125,2026-05-24 20:49:02.254366,2026-08-23 21:02:22.309587
item_002737,191.41,3.8,sports,2.0,4.0,2.5,0.4074,0.4074,2026-05-24 20:49:02.254366,2026-08-23 21:02:22.309587
item_002738,49.36,4.7,food,1.0,4.0,3.3166666666666664,0.5,0.2667,2026-05-24 20:49:02.254366,2026-08-23 21:02:22.309587
item_002739,21.79,3.6,books,4.0,3.0,3.4,0.8276,0.5862,2026-05-24 20:49:02.254366,2026-08-23 21:02:22.309587
item_002740,207.81,3.6,automotive,2.0,0.0,3.6700000000000004,0.8276,0.2414,2026-05-24 20:49:02.254366,2026-08-23 21:02:22.309587
item_002741,147.82,2.7,beauty,4.0,3.0,3.3333333333333335,0.5385,0.3077,2026-05-24 20:49:02.254366,2026-08-23 21:02:22.309587
item_002742,386.56,4.8,automotive,3.0,5.0,4.033333333333333,0.403,0.1791,2026-05-24 20:49:02.254366,2026-08-23 21:02:22.309587
item_002743,16.09,4.5,food,1.0,3.0,3.25,1.2632,0.5789,2026-05-24 20:49:02.254366,2026-08-23 21:02:22.309587
item_002744,140.27,3.8,clothing,0.0,4.0,2.316666666666667,0.8095,0.5714,2026-05-24 20:49:02.254366,2026-08-23 21:02:22.309587
item_002745,54.21,4.8,books,5.0,8.0,3.233333333333333,0.5439,0.386,2026-05-24 20:49:02.254366,2026-08-23 21:02:22.309587
item_002746,145.58,3.9,toys,4.0,5.0,2.8000000000000003,0.5455,0.5,2026-05-24 20:49:02.254366,2026-08-23 21:02:22.309587
item_002747,36.96,3.5,food,3.0,3.0,3.525,0.4839,0.3226,2026-05-24 20:49:02.254366,2026-08-23 21:02:22.309587
item_002748,385.5,4.7,sports,2.0,0.0,3.185714285714286,0.7917,0.5,2026-05-24 20:49:02.254366,2026-08-23 21:02:22.309587
item_002749,3844.85,3.2,jewelry,2.0,4.0,1.5,0.6296,0.4815,2026-05-24 20:49:02.254366,2026-08-23 21:02:22.309587
item_002750,12.07,2.9,books,3.0,2.0,2.8,0.9524,0.3333,2026-05-24 20:49:02.254366,2026-08-23 21:02:22.309587
item_002751,209.04,5.0,electronics,5.0,3.0,2.7199999999999998,0.4107,0.25,2026-05-24 20:49:02.254366,2026-08-23 21:02:22.309587
item_002752,306.72,3.1,sports,2.0,1.0,3.3333333333333335,0.7419,0.2581,2026-05-24 20:49:02.254366,2026-08-23 21:02:22.309587
item_002753,363.95,4.3,sports,3.0,3.0,2.9799999999999995,0.5814,0.3488,2026-05-24 20:49:02.254366,2026-08-23 21:02:22.309587
item_002754,662.56,5.0,home_garden,6.0,4.0,3.275,0.6154,0.2821,2026-05-24 20:49:02.254366,2026-08-23 21:02:22.309587
item_002755,3.06,3.4,food,1.0,5.0,3.2400000000000007,0.5862,0.4138,2026-05-24 20:49:02.254366,2026-08-23 21:02:22.309587
item_002756,137.79,3.7,toys,1.0,3.0,2.5,0.75,0.4375,2026-05-24 20:49:02.254366,2026-08-23 21:02:22.309587
item_002757,140.03,4.3,toys,7.0,6.0,2.525,0.6552,0.3103,2026-05-24 20:49:02.254366,2026-08-23 21:02:22.309587
item_002758,64.23,4.2,toys,2.0,4.0,3.3777777777777778,0.45,0.45,2026-05-24 20:49:02.254366,2026-08-23 21:02:22.309587
item_002759,339.31,4.9,automotive,2.0,3.0,3.3,0.625,0.25,2026-05-24 20:49:02.254366,2026-08-23 21:02:22.309587
item_002760,30.98,3.0,books,7.0,5.0,3.1666666666666665,0.4333,0.2167,2026-05-24 20:49:02.254366,2026-08-23 21:02:22.309587
item_002761,19.41,4.4,toys,1.0,5.0,3.288888888888889,0.2857,0.4107,2026-05-24 20:49:02.254366,2026-08-23 21:02:22.309587
item_002762,420.99,3.5,electronics,1.0,2.0,2.9333333333333336,0.6957,0.5652,2026-05-24 20:49:02.254366,2026-08-23 21:02:22.309587
item_002763,133.74,4.6,sports,3.0,4.0,2.925,0.5652,0.3913,2026-05-24 20:49:02.254366,2026-08-23 21:02:22.309587
item_002764,30.28,4.1,books,2.0,3.0,3.625,0.5806,0.2258,2026-05-24 20:49:02.254366,2026-08-23 21:02:22.309587
item_002765,102.4,3.2,toys,3.0,4.0,1.0,0.5,0.2812,2026-05-24 20:49:02.254366,2026-08-23 21:02:22.309587
item_002766,299.36,3.9,clothing,2.0,8.0,3.3000000000000003,0.6154,0.5385,2026-05-24 20:49:02.254366,2026-08-23 21:02:22.309587
item_002767,112.72,2.8,toys,1.0,5.0,3.4499999999999997,0.6,0.6,2026-05-24 20:49:02.254366,2026-08-23 21:02:22.309587
item_002768,3651.09,4.4,jewelry,1.0,4.0,3.075,0.4333,0.5,2026-05-24 20:49:02.254366,2026-08-23 21:02:22.309587
item_002769,134.39,3.0,clothing,6.0,4.0,2.6285714285714286,0.6316,0.3158,2026-05-24 20:49:02.254366,2026-08-23 21:02:22.309587
item_002770,63.63,4.0,automotive,2.0,4.0,3.1833333333333336,1.0417,0.5,2026-05-24 20:49:02.254366,2026-08-23 21:02:22.309587
item_002771,79.51,4.4,food,3.0,7.0,2.7,0.6452,0.5484,2026-05-24 20:49:02.254366,2026-08-23 21:02:22.309587
item_002772,108.64,3.7,home_garden,7.0,3.0,2.742857142857143,0.4167,0.3333,2026-05-24 20:49:02.254366,2026-08-23 21:02:22.309587
item_002773,31.3,3.9,toys,1.0,6.0,3.085714285714286,0.6364,0.7273,2026-05-24 20:49:02.254366,2026-08-23 21:02:22.309587
item_002774,1796.85,4.4,jewelry,0.0,8.0,3.475,0.7037,0.5185,2026-05-24 20:49:02.254366,2026-08-23 21:02:22.309587
item_002775,1208.74,4.1,jewelry,0.0,7.0,3.06,0.5217,0.4348,2026-05-24 20:49:02.254366,2026-08-23 21:02:22.309587
item_002776,189.33,3.6,clothing,2.0,4.0,2.5500000000000003,1.2667,0.8667,2026-05-24 20:49:02.254366,2026-08-23 21:02:22.309587
item_002777,40.17,3.2,food,0.0,5.0,1.75,0.3448,0.3448,2026-05-24 20:49:02.254366,2026-08-23 21:02:22.309587
item_002778,155.47,4.6,automotive,3.0,8.0,2.9333333333333336,0.3962,0.2453,2026-05-24 20:49:02.254366,2026-08-23 21:02:22.309587
item_002779,655.61,3.9,home_garden,1.0,1.0,4.1,0.7917,0.375,2026-05-24 20:49:02.254366,2026-08-23 21:02:22.309587
item_002780,314.67,3.3,home_garden,2.0,5.0,3.1999999999999997,0.65,0.4,2026-05-24 20:49:02.254366,2026-08-23 21:02:22.309587
item_002781,407.95,2.8,sports,1.0,5.0,3.225,0.5435,0.2826,2026-05-24 20:49:02.254366,2026-08-23 21:02:22.309587
item_002782,31.71,3.9,food,1.0,3.0,3.2399999999999998,0.8519,0.2222,2026-05-24 20:49:02.254366,2026-08-23 21:02:22.309587
item_002783,302.76,3.7,sports,2.0,2.0,3.8833333333333333,0.4545,0.3333,2026-05-24 20:49:02.254366,2026-08-23 21:02:22.309587
item_002784,699.73,3.2,home_garden,3.0,4.0,2.85,0.5676,0.3243,2026-05-24 20:49:02.254366,2026-08-23 21:02:22.309587
item_002785,26.94,4.1,toys,2.0,4.0,3.3000000000000003,1.0435,0.4348,2026-05-24 20:49:02.254366,2026-08-23 21:02:22.309587
item_002786,15.75,3.2,books,3.0,3.0,3.3600000000000003,0.5319,0.3617,2026-05-24 20:49:02.254366,2026-08-23 21:02:22.309587
item_002787,1911.41,4.8,electronics,1.0,2.0,2.6142857142857143,0.4688,0.2188,2026-05-24 20:49:02.254366,2026-08-23 21:02:22.309587
item_002788,2003.81,3.5,jewelry,0.0,1.0,2.566666666666667,0.5,0.3,2026-05-24 20:49:02.254366,2026-08-23 21:02:22.309587
item_002789,316.82,2.8,automotive,3.0,2.0,3.325,0.7,0.15,2026-05-24 20:49:02.254366,2026-08-23 21:02:22.309587
item_002790,164.0,3.9,sports,1.0,5.0,2.3,0.875,0.7917,2026-05-24 20:49:02.254366,2026-08-23 21:02:22.309587
item_002791,555.79,4.4,home_garden,4.0,4.0,3.057142857142857,0.4,0.2364,2026-05-24 20:49:02.254366,2026-08-23 21:02:22.309587
item_002792,426.75,3.1,sports,3.0,2.0,3.6,0.3243,0.3243,2026-05-24 20:49:02.254366,2026-08-23 21:02:22.309587
item_002793,7.44,4.2,food,6.0,4.0,3.6285714285714286,0.6486,0.1892,2026-05-24 20:49:02.254366,2026-08-23 21:02:22.309587
item_002794,133.62,4.3,automotive,1.0,3.0,3.6,0.5333,0.3667,2026-05-24 20:49:02.254366,2026-08-23 21:02:22.309587
item_002795,168.26,3.9,automotive,2.0,4.0,2.983333333333334,0.84,0.32,2026-05-24 20:49:02.254366,2026-08-23 21:02:22.309587
item_002796,704.71,4.9,jewelry,1.0,2.0,3.6,0.9286,0.4286,2026-05-24 20:49:02.254366,2026-08-23 21:02:22.309587
item_002797,43.01,3.3,food,2.0,5.0,3.0875,0.875,0.4167,2026-05-24 20:49:02.254366,2026-08-23 21:02:22.309587
item_002798,47.48,3.1,beauty,5.0,5.0,2.8833333333333333,0.5778,0.3111,2026-05-24 20:49:02.254366,2026-08-23 21:02:22.309587
item_002799,169.63,3.4,sports,2.0,5.0,2.5,1.0952,0.7143,2026-05-24 20:49:02.254366,2026-08-23 21:02:22.309587
item_002800,58.73,3.6,beauty,4.0,7.0,2.7777777777777777,0.5405,0.3784,2026-05-24 20:49:02.254366,2026-08-23 21:02:22.309587
item_002801,269.5,3.5,clothing,1.0,2.0,3.016666666666667,0.6667,0.2917,2026-05-24 20:49:02.254366,2026-08-23 21:02:22.309587
item_002802,2863.87,3.2,jewelry,0.0,3.0,2.7,1.1111,0.5,2026-05-24 20:49:02.254366,2026-08-23 21:02:22.309587
item_002803,1017.9,3.5,jewelry,3.0,4.0,4.266666666666667,0.56,0.36,2026-05-24 20:49:02.254366,2026-08-23 21:02:22.309587
item_002804,116.9,3.8,toys,3.0,8.0,2.8454545454545457,0.7368,0.4474,2026-05-24 20:49:02.254366,2026-08-23 21:02:22.309587
item_002805,469.98,4.3,home_garden,5.0,7.0,3.6625,0.5357,0.3214,2026-05-24 20:49:02.254366,2026-08-23 21:02:22.309587
item_002806,190.44,4.0,clothing,3.0,3.0,2.4,0.88,0.24,2026-05-24 20:49:02.254366,2026-08-23 21:02:22.309587
item_002807,86.79,4.3,beauty,3.0,2.0,3.033333333333333,0.5366,0.2195,2026-05-24 20:49:02.254366,2026-08-23 21:02:22.309587
item_002808,18.75,3.4,books,7.0,2.0,2.96,0.4,0.42,2026-05-24 20:49:02.254366,2026-08-23 21:02:22.309587
item_002809,1188.52,3.8,electronics,0.0,2.0,3.557142857142857,0.9524,0.619,2026-05-24 20:49:02.254366,2026-08-23 21:02:22.309587
item_002810,78.85,3.5,sports,4.0,2.0,3.266666666666667,0.2667,0.3667,2026-05-24 20:49:02.254366,2026-08-23 21:02:22.309587
item_002811,115.68,2.9,toys,7.0,3.0,4.15,0.5714,0.1429,2026-05-24 20:49:02.254366,2026-08-23 21:02:22.309587
item_002812,182.29,2.4,automotive,4.0,3.0,3.2,0.5333,0.2667,2026-05-24 20:49:02.254366,2026-08-23 21:02:22.309587
item_002813,1629.99,3.3,electronics,0.0,3.0,2.3857142857142857,0.5926,0.4074,2026-05-24 20:49:02.254366,2026-08-23 21:02:22.309587
item_002814,46.66,4.2,food,0.0,4.0,2.625,0.8,0.52,2026-05-24 20:49:02.254366,2026-08-23 21:02:22.309587
item_002815,1629.8,3.9,electronics,1.0,5.0,2.8375000000000004,0.6296,0.4444,2026-05-24 20:49:02.254366,2026-08-23 21:02:22.309587
item_002816,178.34,3.8,beauty,1.0,4.0,3.04,0.625,0.5417,2026-05-24 20:49:02.254366,2026-08-23 21:02:22.309587
item_002817,156.88,4.6,beauty,1.0,3.0,2.9200000000000004,0.6154,0.2692,2026-05-24 20:49:02.254366,2026-08-23 21:02:22.309587
item_002818,302.78,3.2,sports,0.0,2.0,3.1875,0.9259,0.4074,2026-05-24 20:49:02.254366,2026-08-23 21:02:22.309587
item_002819,22.56,4.0,food,6.0,1.0,3.966666666666667,0.46,0.38,2026-05-24 20:49:02.254366,2026-08-23 21:02:22.309587
item_002820,342.02,3.5,home_garden,5.0,4.0,4.05,0.434,0.3019,2026-05-24 20:49:02.254366,2026-08-23 21:02:22.309587
item_002821,341.47,4.0,sports,1.0,3.0,2.983333333333333,0.6667,0.4167,2026-05-24 20:49:02.254366,2026-08-23 21:02:22.309587
item_002822,213.71,4.4,clothing,1.0,4.0,2.56,0.5417,0.5,2026-05-24 20:49:02.254366,2026-08-23 21:02:22.309587
item_002823,141.74,2.9,toys,0.0,7.0,3.2,0.4848,0.3333,2026-05-24 20:49:02.254366,2026-08-23 21:02:22.309587
item_002824,114.01,4.2,automotive,1.0,0.0,4.7,0.9444,0.3889,2026-05-24 20:49:02.254366,2026-08-23 21:02:22.309587
item_002825,1867.84,4.0,jewelry,1.0,3.0,3.625,0.6087,0.4783,2026-05-24 20:49:02.254366,2026-08-23 21:02:22.309587
item_002826,26.42,3.4,sports,1.0,2.0,2.8,0.7778,0.2963,2026-05-24 20:49:02.254366,2026-08-23 21:02:22.309587
item_002827,84.68,2.4,automotive,3.0,3.0,4.233333333333333,0.3438,0.3438,2026-05-24 20:49:02.254366,2026-08-23 21:02:22.309587
item_002828,78.01,3.8,toys,2.0,1.0,2.966666666666667,0.7917,0.625,2026-05-24 20:49:02.254366,2026-08-23 21:02:22.309587
item_002829,19.54,5.0,food,2.0,6.0,3.1333333333333333,0.92,0.52,2026-05-24 20:49:02.254366,2026-08-23 21:02:22.309587
item_002830,987.62,2.7,electronics,3.0,3.0,3.075,0.2,0.3,2026-05-24 20:49:02.254366,2026-08-23 21:02:22.309587
item_002831,705.2,2.9,home_garden,2.0,5.0,2.4,0.6818,0.6364,2026-05-24 20:49:02.254366,2026-08-23 21:02:22.309587
item_002832,22.08,4.0,books,5.0,3.0,3.533333333333333,0.6207,0.3448,2026-05-24 20:49:02.254366,2026-08-23 21:02:22.309587
item_002833,4517.8,2.9,jewelry,3.0,5.0,3.3857142857142857,0.28,0.24,2026-05-24 20:49:02.254366,2026-08-23 21:02:22.309587
item_002834,13.15,4.3,food,0.0,1.0,2.685714285714286,0.4722,0.1944,2026-05-24 20:49:02.254366,2026-08-23 21:02:22.309587
item_002835,118.88,3.9,clothing,1.0,4.0,2.825,0.76,0.32,2026-05-24 20:49:02.254366,2026-08-23 21:02:22.309587
item_002836,307.97,3.1,automotive,3.0,8.0,2.575,0.4426,0.2951,2026-05-24 20:49:02.254366,2026-08-23 21:02:22.309587
item_002837,133.82,3.2,sports,3.0,5.0,2.82,0.64,0.56,2026-05-24 20:49:02.254366,2026-08-23 21:02:22.309587
item_002838,37.85,2.8,home_garden,2.0,2.0,3.5,0.6429,0.25,2026-05-24 20:49:02.254366,2026-08-23 21:02:22.309587
item_002839,772.94,4.5,home_garden,0.0,3.0,3.6666666666666665,0.7,0.5667,2026-05-24 20:49:02.254366,2026-08-23 21:02:22.309587
item_002840,28.34,4.5,books,2.0,1.0,3.35,0.85,0.35,2026-05-24 20:49:02.254366,2026-08-23 21:02:22.309587
item_002841,418.28,4.6,jewelry,2.0,2.0,2.783333333333333,0.6176,0.2059,2026-05-24 20:49:02.254366,2026-08-23 21:02:22.309587
item_002842,85.39,3.4,automotive,1.0,3.0,2.6,0.5217,0.3478,2026-05-24 20:49:02.254366,2026-08-23 21:02:22.309587
item_002843,193.28,3.2,clothing,3.0,3.0,3.433333333333333,0.4884,0.2558,2026-05-24 20:49:02.254366,2026-08-23 21:02:22.309587
item_002844,132.49,3.8,beauty,1.0,1.0,3.7,0.7,0.4667,2026-05-24 20:49:02.254366,2026-08-23 21:02:22.309587
item_002845,1308.64,4.4,jewelry,3.0,3.0,2.88,0.8108,0.3243,2026-05-24 20:49:02.254366,2026-08-23 21:02:22.309587
item_002846,309.01,3.2,automotive,2.0,3.0,2.433333333333333,0.6957,0.2609,2026-05-24 20:49:02.254366,2026-08-23 21:02:22.309587
item_002847,4823.85,3.1,jewelry,1.0,1.0,2.55,1.1538,0.3846,2026-05-24 20:49:02.254366,2026-08-23 21:02:22.309587
item_002848,428.01,4.3,sports,3.0,2.0,3.475,0.6207,0.3448,2026-05-24 20:49:02.254366,2026-08-23 21:02:22.309587
item_002849,256.88,2.9,clothing,0.0,7.0,3.177777777777778,0.5806,0.5161,2026-05-24 20:49:02.254366,2026-08-23 21:02:22.309587
item_002850,131.55,4.0,clothing,0.0,2.0,2.9875,0.64,0.48,2026-05-24 20:49:02.254366,2026-08-23 21:02:22.309587
item_002851,109.38,3.6,beauty,1.0,4.0,3.2714285714285714,0.4107,0.3214,2026-05-24 20:49:02.254366,2026-08-23 21:02:22.309587
item_002852,41.13,3.3,books,2.0,4.0,2.3,1.0,0.55,2026-05-24 20:49:02.254366,2026-08-23 21:02:22.309587
item_002853,6.17,3.7,food,4.0,3.0,2.9,0.4255,0.3404,2026-05-24 20:49:02.254366,2026-08-23 21:02:22.309587
item_002854,1256.42,3.6,electronics,1.0,2.0,3.7000000000000006,0.3488,0.2791,2026-05-24 20:49:02.254366,2026-08-23 21:02:22.309587
item_002855,11.46,4.0,books,2.0,2.0,3.55,1.3182,0.2727,2026-05-24 20:49:02.254366,2026-08-23 21:02:22.309587
item_002856,702.75,4.1,home_garden,5.0,3.0,2.2,0.56,0.48,2026-05-24 20:49:02.254366,2026-08-23 21:02:22.309587
item_002857,265.57,2.2,clothing,1.0,3.0,2.3777777777777778,0.3913,0.3478,2026-05-24 20:49:02.254366,2026-08-23 21:02:22.309587
item_002858,36.92,4.7,clothing,2.0,6.0,2.966666666666667,0.5135,0.3514,2026-05-24 20:49:02.254366,2026-08-23 21:02:22.309587
item_002859,350.98,3.9,sports,1.0,8.0,2.6166666666666667,0.7826,0.4783,2026-05-24 20:49:02.254366,2026-08-23 21:02:22.309587
item_002860,723.01,4.2,home_garden,3.0,2.0,2.83,0.7073,0.2927,2026-05-24 20:49:02.254366,2026-08-23 21:02:22.309587
item_002861,2273.08,4.2,jewelry,1.0,4.0,3.44,0.4483,0.4483,2026-05-24 20:49:02.254366,2026-08-23 21:02:22.309587
item_002862,191.78,4.6,beauty,4.0,1.0,3.1500000000000004,0.6786,0.1786,2026-05-24 20:49:02.254366,2026-08-23 21:02:22.309587
item_002863,205.58,4.5,clothing,9.0,4.0,3.75,0.3704,0.2222,2026-05-24 20:49:02.254366,2026-08-23 21:02:22.309587
item_002864,3661.64,4.4,jewelry,2.0,4.0,3.8,0.2308,0.2564,2026-05-24 20:49:02.254366,2026-08-23 21:02:22.309587
item_002865,147.45,3.0,automotive,3.0,4.0,2.2624999999999997,0.5385,0.3077,2026-05-24 20:49:02.254366,2026-08-23 21:02:22.309587
item_002866,79.99,4.1,beauty,1.0,4.0,2.4833333333333334,0.5517,0.3448,2026-05-24 20:49:02.254366,2026-08-23 21:02:22.309587
item_002867,235.73,2.4,automotive,3.0,2.0,2.875,0.8261,0.3043,2026-05-24 20:49:02.254366,2026-08-23 21:02:22.309587
item_002868,489.16,4.4,sports,5.0,2.0,3.6333333333333333,0.6,0.52,2026-05-24 20:49:02.254366,2026-08-23 21:02:22.309587
item_002869,148.97,3.5,beauty,1.0,4.0,3.2833333333333337,0.5667,0.3333,2026-05-24 20:49:02.254366,2026-08-23 21:02:22.309587
item_002870,1385.57,3.8,electronics,0.0,3.0,3.1999999999999997,1.0952,0.4762,2026-05-24 20:49:02.254366,2026-08-23 21:02:22.309587
item_002871,36.91,4.0,books,1.0,3.0,3.12,0.5128,0.4615,2026-05-24 20:49:02.254366,2026-08-23 21:02:22.309587
item_002872,132.91,4.3,sports,2.0,4.0,2.9,0.5357,0.3214,2026-05-24 20:49:02.254366,2026-08-23 21:02:22.309587
item_002873,241.69,4.7,home_garden,1.0,2.0,3.6666666666666665,0.5926,0.3704,2026-05-24 20:49:02.254366,2026-08-23 21:02:22.309587
item_002874,448.13,4.7,electronics,2.0,2.0,2.34,0.5,0.2667,2026-05-24 20:49:02.254366,2026-08-23 21:02:22.309587
item_002875,57.45,2.8,toys,0.0,3.0,2.3000000000000003,0.4516,0.2903,2026-05-24 20:49:02.254366,2026-08-23 21:02:22.309587
item_002876,50.41,3.8,books,2.0,7.0,3.057142857142857,0.3448,0.5862,2026-05-24 20:49:02.254366,2026-08-23 21:02:22.309587
item_002877,144.75,2.9,beauty,4.0,7.0,2.6333333333333333,0.6154,0.5385,2026-05-24 20:49:02.254366,2026-08-23 21:02:22.309587
item_002878,791.1,3.2,jewelry,4.0,2.0,3.5,0.6786,0.1786,2026-05-24 20:49:02.254366,2026-08-23 21:02:22.309587
item_002879,43.52,4.7,automotive,2.0,3.0,3.2750000000000004,0.9091,0.3182,2026-05-24 20:49:02.254366,2026-08-23 21:02:22.309587
item_002880,373.37,5.0,automotive,1.0,3.0,2.0,0.8125,0.4375,2026-05-24 20:49:02.254366,2026-08-23 21:02:22.309587
item_002881,232.3,4.1,home_garden,1.0,5.0,3.0,0.5714,0.5238,2026-05-24 20:49:02.254366,2026-08-23 21:02:22.309587
item_002882,124.29,3.9,automotive,2.0,4.0,3.3,0.7895,0.4211,2026-05-24 20:49:02.254366,2026-08-23 21:02:22.309587
item_002883,182.48,4.1,clothing,2.0,4.0,2.975,0.6957,0.4783,2026-05-24 20:49:02.254366,2026-08-23 21:02:22.309587
item_002884,396.5,4.7,sports,1.0,0.0,2.9,0.7931,0.4138,2026-05-24 20:49:02.254366,2026-08-23 21:02:22.309587
item_002885,259.03,4.1,sports,0.0,3.0,3.1,0.5333,0.2333,2026-05-24 20:49:02.254366,2026-08-23 21:02:22.309587
item_002886,103.63,3.0,clothing,2.0,3.0,2.4,0.8333,0.4167,2026-05-24 20:49:02.254366,2026-08-23 21:02:22.309587
item_002887,65.36,3.7,toys,3.0,1.0,3.3,0.3871,0.4194,2026-05-24 20:49:02.254366,2026-08-23 21:02:22.309587
item_002888,390.67,3.6,home_garden,7.0,3.0,2.4363636363636365,0.3158,0.2632,2026-05-24 20:49:02.254366,2026-08-23 21:02:22.309587
item_002889,92.57,3.1,beauty,4.0,7.0,2.6307692307692303,0.3623,0.2464,2026-05-24 20:49:02.254366,2026-08-23 21:02:22.309587
item_002890,65.17,4.3,clothing,2.0,3.0,2.0,0.5,0.625,2026-05-24 20:49:02.254366,2026-08-23 21:02:22.309587
item_002891,12.41,4.7,toys,2.0,5.0,3.275,0.5,0.4333,2026-05-24 20:49:02.254366,2026-08-23 21:02:22.309587
item_002892,4929.92,3.4,jewelry,3.0,2.0,3.3333333333333335,0.6957,0.4348,2026-05-24 20:49:02.254366,2026-08-23 21:02:22.309587
item_002893,139.51,2.8,toys,1.0,2.0,3.085714285714286,0.5,0.2727,2026-05-24 20:49:02.254366,2026-08-23 21:02:22.309587
item_002894,38.24,3.4,books,6.0,3.0,3.1166666666666667,0.3607,0.1967,2026-05-24 20:49:02.254366,2026-08-23 21:02:22.309587
item_002895,1347.83,3.9,electronics,2.0,3.0,2.6166666666666667,0.7407,0.4444,2026-05-24 20:49:02.254366,2026-08-23 21:02:22.309587
item_002896,46.4,3.9,home_garden,2.0,3.0,3.3000000000000003,0.3077,0.3462,2026-05-24 20:49:02.254366,2026-08-23 21:02:22.309587
item_002897,309.4,4.1,home_garden,1.0,4.0,3.13,0.6429,0.4643,2026-05-24 20:49:02.254366,2026-08-23 21:02:22.309587
item_002898,372.93,4.2,sports,3.0,6.0,2.2666666666666666,0.7391,0.413,2026-05-24 20:49:02.254366,2026-08-23 21:02:22.309587
item_002899,207.93,4.7,clothing,2.0,0.0,3.3600000000000003,0.3667,0.1667,2026-05-24 20:49:02.254366,2026-08-23 21:02:22.309587
item_002900,470.63,4.4,sports,3.0,2.0,3.257142857142857,0.8095,0.1667,2026-05-24 20:49:02.254366,2026-08-23 21:02:22.309587
item_002901,3172.04,4.4,jewelry,2.0,3.0,3.0454545454545454,0.5769,0.3462,2026-05-24 20:49:02.254366,2026-08-23 21:02:22.309587
item_002902,363.24,3.8,sports,0.0,1.0,3.025,0.4419,0.2791,2026-05-24 20:49:02.254366,2026-08-23 21:02:22.309587
item_002903,956.01,3.0,electronics,4.0,0.0,3.0,0.7,0.1333,2026-05-24 20:49:02.254366,2026-08-23 21:02:22.309587
item_002904,397.42,4.1,automotive,1.0,4.0,3.6833333333333336,0.2593,0.3704,2026-05-24 20:49:02.254366,2026-08-23 21:02:22.309587
item_002905,505.31,4.2,home_garden,1.0,5.0,2.6333333333333333,0.5806,0.3871,2026-05-24 20:49:02.254366,2026-08-23 21:02:22.309587
item_002906,495.35,4.4,home_garden,2.0,5.0,3.227272727272727,0.6562,0.2031,2026-05-24 20:49:02.254366,2026-08-23 21:02:22.309587
item_002907,189.88,3.2,sports,3.0,3.0,3.575,0.6818,0.5,2026-05-24 20:49:02.254366,2026-08-23 21:02:22.309587
item_002908,170.59,4.6,beauty,1.0,5.0,3.3166666666666664,1.2941,0.7059,2026-05-24 20:49:02.254366,2026-08-23 21:02:22.309587
item_002909,592.93,4.0,home_garden,2.0,4.0,2.7600000000000002,0.7083,0.5417,2026-05-24 20:49:02.254366,2026-08-23 21:02:22.309587
item_002910,2092.79,3.0,jewelry,1.0,1.0,2.966666666666667,0.64,0.36,2026-05-24 20:49:02.254366,2026-08-23 21:02:22.309587
item_002911,23.84,2.7,books,5.0,4.0,2.9615384615384617,0.4545,0.2727,2026-05-24 20:49:02.254366,2026-08-23 21:02:22.309587
item_002912,20.63,3.8,clothing,0.0,7.0,2.8666666666666667,0.3333,0.4815,2026-05-24 20:49:02.254366,2026-08-23 21:02:22.309587
item_002913,26.89,3.9,food,6.0,7.0,2.8153846153846156,0.5,0.3036,2026-05-24 20:49:02.254366,2026-08-23 21:02:22.309587
item_002914,348.5,3.2,automotive,1.0,5.0,2.533333333333333,0.7083,0.4583,2026-05-24 20:49:02.254366,2026-08-23 21:02:22.309587
item_002915,59.54,3.9,food,0.0,7.0,2.8777777777777778,0.3077,0.5385,2026-05-24 20:49:02.254366,2026-08-23 21:02:22.309587
item_002916,235.57,4.0,clothing,1.0,3.0,3.475,0.44,0.24,2026-05-24 20:49:02.254366,2026-08-23 21:02:22.309587
item_002917,30.65,4.5,food,3.0,4.0,3.125,0.5294,0.2745,2026-05-24 20:49:02.254366,2026-08-23 21:02:22.309587
item_002918,493.89,3.8,home_garden,3.0,5.0,3.716666666666667,0.5714,0.3929,2026-05-24 20:49:02.254366,2026-08-23 21:02:22.309587
item_002919,2630.56,4.1,jewelry,3.0,7.0,2.85,0.5278,0.3889,2026-05-24 20:49:02.254366,2026-08-23 21:02:22.309587
item_002920,127.14,4.6,beauty,3.0,3.0,2.9,0.5,0.25,2026-05-24 20:49:02.254366,2026-08-23 21:02:22.309587
item_002921,725.11,3.8,electronics,4.0,5.0,2.625,0.6111,0.4167,2026-05-24 20:49:02.254366,2026-08-23 21:02:22.309587
item_002922,12.32,3.4,food,3.0,5.0,2.8222222222222224,0.4255,0.3617,2026-05-24 20:49:02.254366,2026-08-23 21:02:22.309587
item_002923,130.25,4.2,beauty,3.0,7.0,3.9,0.7059,0.4412,2026-05-24 20:49:02.254366,2026-08-23 21:02:22.309587
item_002924,41.96,5.0,books,1.0,6.0,3.4333333333333336,0.9615,0.5385,2026-05-24 20:49:02.254366,2026-08-23 21:02:22.309587
item_002925,55.02,4.4,sports,6.0,6.0,3.433333333333333,0.4154,0.2615,2026-05-24 20:49:02.254366,2026-08-23 21:02:22.309587
item_002926,118.25,4.6,beauty,4.0,1.0,3.2625,0.6897,0.2069,2026-05-24 20:49:02.254366,2026-08-23 21:02:22.309587
item_002927,52.2,3.5,food,2.0,0.0,3.1666666666666665,0.5946,0.2703,2026-05-24 20:49:02.254366,2026-08-23 21:02:22.309587
item_002928,15.35,3.6,books,1.0,1.0,2.8249999999999997,0.625,0.2812,2026-05-24 20:49:02.254366,2026-08-23 21:02:22.309587
item_002929,279.19,4.3,sports,0.0,2.0,2.75,0.5263,0.3684,2026-05-24 20:49:02.254366,2026-08-23 21:02:22.309587
item_002930,1105.57,4.1,electronics,3.0,5.0,2.82,0.7273,1.0,2026-05-24 20:49:02.254366,2026-08-23 21:02:22.309587
item_002931,440.11,4.3,sports,2.0,4.0,2.709090909090909,0.6571,0.2286,2026-05-24 20:49:02.254366,2026-08-23 21:02:22.309587
item_002932,594.5,4.1,home_garden,1.0,1.0,2.9,0.3929,0.5,2026-05-24 20:49:02.254366,2026-08-23 21:02:22.309587
item_002933,28.83,3.7,books,2.0,5.0,2.9166666666666665,0.5455,0.3636,2026-05-24 20:49:02.254366,2026-08-23 21:02:22.309587
item_002934,93.3,3.7,toys,3.0,5.0,3.12,0.8372,0.3023,2026-05-24 20:49:02.254366,2026-08-23 21:02:22.309587
item_002935,52.27,3.8,beauty,0.0,3.0,2.78,0.6875,0.3125,2026-05-24 20:49:02.254366,2026-08-23 21:02:22.309587
item_002936,131.47,4.5,beauty,4.0,5.0,2.466666666666667,0.7308,0.5769,2026-05-24 20:49:02.254366,2026-08-23 21:02:22.309587
item_002937,1473.49,4.5,electronics,3.0,5.0,3.233333333333333,0.5385,0.9231,2026-05-24 20:49:02.254366,2026-08-23 21:02:22.309587
item_002938,380.7,2.6,sports,3.0,4.0,2.983333333333333,0.4048,0.3571,2026-05-24 20:49:02.254366,2026-08-23 21:02:22.309587
item_002939,70.47,4.2,sports,6.0,8.0,2.875,0.5526,0.3947,2026-05-24 20:49:02.254366,2026-08-23 21:02:22.309587
item_002940,70.64,4.6,toys,1.0,3.0,2.45,0.7407,0.3333,2026-05-24 20:49:02.254366,2026-08-23 21:02:22.309587
item_002941,167.58,3.9,beauty,2.0,4.0,3.175,0.5435,0.4565,2026-05-24 20:49:02.254366,2026-08-23 21:02:22.309587
item_002942,197.93,1.9,clothing,1.0,2.0,3.0666666666666664,0.3,0.3,2026-05-24 20:49:02.254366,2026-08-23 21:02:22.309587
item_002943,317.65,4.0,electronics,3.0,5.0,2.966666666666667,0.4865,0.3243,2026-05-24 20:49:02.254366,2026-08-23 21:02:22.309587
item_002944,775.54,3.5,jewelry,2.0,5.0,2.1666666666666665,0.3333,0.25,2026-05-24 20:49:02.254366,2026-08-23 21:02:22.309587
item_002945,146.31,4.0,automotive,2.0,5.0,2.242857142857143,0.5484,0.3226,2026-05-24 20:49:02.254366,2026-08-23 21:02:22.309587
item_002946,77.74,4.7,food,12.0,8.0,2.75,0.4828,0.3621,2026-05-24 20:49:02.254366,2026-08-23 21:02:22.309587
item_002947,599.03,4.1,home_garden,9.0,3.0,2.9,0.3611,0.4167,2026-05-24 20:49:02.254366,2026-08-23 21:02:22.309587
item_002948,263.1,4.8,home_garden,0.0,5.0,2.875,0.4545,0.6818,2026-05-24 20:49:02.254366,2026-08-23 21:02:22.309587
item_002949,62.79,3.2,home_garden,2.0,1.0,2.5333333333333337,0.5714,0.1786,2026-05-24 20:49:02.254366,2026-08-23 21:02:22.309587
item_002950,54.57,4.5,toys,1.0,7.0,2.533333333333333,0.4815,0.5556,2026-05-24 20:49:02.254366,2026-08-23 21:02:22.309587
item_002951,95.31,4.3,automotive,2.0,3.0,3.2,0.64,0.36,2026-05-24 20:49:02.254366,2026-08-23 21:02:22.309587
item_002952,150.47,3.8,clothing,1.0,1.0,3.34,0.8,0.35,2026-05-24 20:49:02.254366,2026-08-23 21:02:22.309587
item_002953,63.38,2.5,automotive,5.0,3.0,2.52,0.7619,0.3333,2026-05-24 20:49:02.254366,2026-08-23 21:02:22.309587
item_002954,45.61,3.8,books,2.0,4.0,3.266666666666667,0.6923,0.6154,2026-05-24 20:49:02.254366,2026-08-23 21:02:22.309587
item_002955,1961.82,3.3,electronics,2.0,2.0,3.8600000000000003,0.9545,0.3636,2026-05-24 20:49:02.254366,2026-08-23 21:02:22.309587
item_002956,161.29,2.6,beauty,3.0,4.0,2.65,1.0,0.6667,2026-05-24 20:49:02.254366,2026-08-23 21:02:22.309587
item_002957,517.13,3.4,home_garden,2.0,2.0,2.788888888888889,0.4821,0.2857,2026-05-24 20:49:02.254366,2026-08-23 21:02:22.309587
item_002958,59.75,4.2,sports,1.0,2.0,2.914285714285714,0.7391,0.3043,2026-05-24 20:49:02.254366,2026-08-23 21:02:22.309587
item_002959,141.69,4.0,automotive,1.0,5.0,3.125,1.5,0.9,2026-05-24 20:49:02.254366,2026-08-23 21:02:22.309587
item_002960,61.71,3.8,food,3.0,6.0,2.875,0.5385,0.3077,2026-05-24 20:49:02.254366,2026-08-23 21:02:22.309587
item_002961,35.79,3.0,sports,2.0,2.0,2.766666666666667,0.6154,0.3846,2026-05-24 20:49:02.254366,2026-08-23 21:02:22.309587
item_002962,176.89,2.4,home_garden,2.0,5.0,4.0,0.6522,0.2609,2026-05-24 20:49:02.254366,2026-08-23 21:02:22.309587
item_002963,48.0,3.2,books,3.0,3.0,3.3599999999999994,0.6538,0.2692,2026-05-24 20:49:02.254366,2026-08-23 21:02:22.309587
item_002964,195.25,3.6,clothing,3.0,4.0,2.875,0.3433,0.2388,2026-05-24 20:49:02.254366,2026-08-23 21:02:22.309587
item_002965,942.59,3.4,electronics,1.0,2.0,2.5599999999999996,0.84,0.36,2026-05-24 20:49:02.254366,2026-08-23 21:02:22.309587
item_002966,291.25,3.6,clothing,0.0,4.0,3.35,0.7778,0.5185,2026-05-24 20:49:02.254366,2026-08-23 21:02:22.309587
item_002967,1652.2,4.8,electronics,3.0,2.0,4.633333333333334,0.7895,0.5789,2026-05-24 20:49:02.254366,2026-08-23 21:02:22.309587
item_002968,4178.12,3.8,jewelry,2.0,3.0,1.7666666666666668,0.3514,0.2162,2026-05-24 20:49:02.254366,2026-08-23 21:02:22.309587
item_002969,17.45,4.5,books,1.0,2.0,2.55,0.6,0.45,2026-05-24 20:49:02.254366,2026-08-23 21:02:22.309587
item_002970,93.91,3.3,beauty,2.0,2.0,2.86,0.4333,0.1333,2026-05-24 20:49:02.254366,2026-08-23 21:02:22.309587
item_002971,60.11,3.3,automotive,2.0,0.0,2.7199999999999998,0.5263,0.3158,2026-05-24 20:49:02.254366,2026-08-23 21:02:22.309587
item_002972,689.67,2.8,home_garden,2.0,8.0,2.957142857142857,0.5122,0.5854,2026-05-24 20:49:02.254366,2026-08-23 21:02:22.309587
item_002973,90.47,3.9,beauty,4.0,3.0,3.1999999999999997,0.375,0.125,2026-05-24 20:49:02.254366,2026-08-23 21:02:22.309587
item_002974,265.06,3.1,clothing,8.0,1.0,2.55,0.625,0.1562,2026-05-24 20:49:02.254366,2026-08-23 21:02:22.309587
item_002975,355.92,5.0,home_garden,2.0,6.0,3.7399999999999998,1.1905,0.5714,2026-05-24 20:49:02.254366,2026-08-23 21:02:22.309587
item_002976,4966.28,3.7,jewelry,4.0,3.0,3.7399999999999998,0.5676,0.1351,2026-05-24 20:49:02.254366,2026-08-23 21:02:22.309587
item_002977,2384.62,3.7,jewelry,1.0,4.0,3.425,0.4815,0.3333,2026-05-24 20:49:02.254366,2026-08-23 21:02:22.309587
item_002978,88.03,3.6,sports,3.0,5.0,2.9,0.6154,0.5,2026-05-24 20:49:02.254366,2026-08-23 21:02:22.309587
item_002979,33.7,3.3,toys,3.0,7.0,3.6666666666666665,0.5238,0.381,2026-05-24 20:49:02.254366,2026-08-23 21:02:22.309587
item_002980,281.31,4.5,clothing,3.0,3.0,3.466666666666667,0.7419,0.2903,2026-05-24 20:49:02.254366,2026-08-23 21:02:22.309587
item_002981,67.43,4.0,food,5.0,2.0,3.02,0.6923,0.2692,2026-05-24 20:49:02.254366,2026-08-23 21:02:22.309587
item_002982,522.94,2.7,electronics,6.0,6.0,2.8333333333333335,0.4318,0.5455,2026-05-24 20:49:02.254366,2026-08-23 21:02:22.309587
item_002983,59.65,2.7,books,2.0,1.0,3.1166666666666667,0.4839,0.3226,2026-05-24 20:49:02.254366,2026-08-23 21:02:22.309587
item_002984,306.02,2.9,home_garden,0.0,5.0,3.22,0.625,0.5,2026-05-24 20:49:02.254366,2026-08-23 21:02:22.309587
item_002985,1805.26,3.0,jewelry,3.0,2.0,1.7,0.4783,0.2174,2026-05-24 20:49:02.254366,2026-08-23 21:02:22.309587
item_002986,1192.52,3.5,jewelry,2.0,2.0,2.25,1.0476,0.4286,2026-05-24 20:49:02.254366,2026-08-23 21:02:22.309587
item_002987,186.93,4.4,beauty,2.0,3.0,2.5,0.36,0.4,2026-05-24 20:49:02.254366,2026-08-23 21:02:22.309587
item_002988,7.5,3.8,food,2.0,2.0,3.16,0.55,0.225,2026-05-24 20:49:02.254366,2026-08-23 21:02:22.309587
item_002989,2373.02,2.9,jewelry,2.0,1.0,3.04,0.8438,0.125,2026-05-24 20:49:02.254366,2026-08-23 21:02:22.309587
item_002990,265.42,3.2,automotive,2.0,6.0,3.0,0.4643,0.2143,2026-05-24 20:49:02.254366,2026-08-23 21:02:22.309587
item_002991,402.26,2.6,sports,2.0,2.0,2.466666666666667,1.0,0.5,2026-05-24 20:49:02.254366,2026-08-23 21:02:22.309587
item_002992,130.38,3.7,home_garden,2.0,5.0,3.522222222222222,0.5278,0.5,2026-05-24 20:49:02.254366,2026-08-23 21:02:22.309587
item_002993,3656.39,4.4,jewelry,3.0,7.0,4.5,0.5143,0.3714,2026-05-24 20:49:02.254366,2026-08-23 21:02:22.309587
item_002994,115.61,5.0,clothing,1.0,1.0,2.9499999999999997,0.7407,0.2963,2026-05-24 20:49:02.254366,2026-08-23 21:02:22.309587
item_002995,157.09,3.1,automotive,3.0,4.0,2.8333333333333335,0.7826,0.3478,2026-05-24 20:49:02.254366,2026-08-23 21:02:22.309587
item_002996,619.58,4.1,home_garden,1.0,3.0,2.25,0.55,0.55,2026-05-24 20:49:02.254366,2026-08-23 21:02:22.309587
item_002997,322.12,5.0,jewelry,0.0,3.0,1.9500000000000002,0.9091,0.5455,2026-05-24 20:49:02.254366,2026-08-23 21:02:22.309587
item_002998,89.82,5.0,home_garden,10.0,5.0,3.4555555555555557,0.6667,0.3333,2026-05-24 20:49:02.254366,2026-08-23 21:02:22.309587
item_002999,38.95,4.4,sports,1.0,4.0,4.0,0.5,0.3636,2026-05-24 20:49:02.254366,2026-08-23 21:02:22.309587
item_003000,3749.93,4.3,jewelry,5.0,3.0,3.22,0.4815,0.2222,2026-05-24 20:49:02.254366,2026-08-23 21:02:22.309587
item_003001,133.95,4.0,home_garden,2.0,2.0,3.1714285714285713,0.8529,0.3529,2026-05-24 20:49:02.254366,2026-08-23 21:02:22.309587
item_003002,1640.87,4.7,electronics,5.0,6.0,2.825,0.8148,0.5185,2026-05-24 20:49:02.254366,2026-08-23 21:02:22.309587
item_003003,175.62,3.3,clothing,2.0,3.0,3.72,0.5227,0.1591,2026-05-24 20:49:02.254366,2026-08-23 21:02:22.309587
item_003004,488.39,4.1,home_garden,1.0,3.0,2.7555555555555555,0.8519,0.4444,2026-05-24 20:49:02.254366,2026-08-23 21:02:22.309587
item_003005,69.35,3.7,clothing,2.0,2.0,3.028571428571429,1.0455,0.5909,2026-05-24 20:49:02.254366,2026-08-23 21:02:22.309587
item_003006,331.4,3.4,automotive,1.0,5.0,3.125,0.3939,0.3333,2026-05-24 20:49:02.254366,2026-08-23 21:02:22.309587
item_003007,107.77,3.0,toys,3.0,7.0,3.042857142857143,0.2712,0.2712,2026-05-24 20:49:02.254366,2026-08-23 21:02:22.309587
item_003008,300.65,1.7,sports,1.0,1.0,3.2,0.5357,0.2143,2026-05-24 20:49:02.254366,2026-08-23 21:02:22.309587
item_003009,264.45,5.0,home_garden,2.0,8.0,3.4,0.8148,0.7037,2026-05-24 20:49:02.254366,2026-08-23 21:02:22.309587
item_003010,38.54,3.2,food,0.0,3.0,2.4875,0.6552,0.4138,2026-05-24 20:49:02.254366,2026-08-23 21:02:22.309587
item_003011,109.66,3.9,sports,3.0,0.0,3.5500000000000003,0.2703,0.3514,2026-05-24 20:49:02.254366,2026-08-23 21:02:22.309587
item_003012,4293.59,4.1,jewelry,9.0,5.0,3.125,0.6207,0.2586,2026-05-24 20:49:02.254366,2026-08-23 21:02:22.309587
item_003013,25.08,2.9,toys,3.0,1.0,2.6285714285714286,0.75,0.3571,2026-05-24 20:49:02.254366,2026-08-23 21:02:22.309587
item_003014,216.26,4.2,sports,4.0,4.0,3.6625,0.6078,0.2549,2026-05-24 20:49:02.254366,2026-08-23 21:02:22.309587
item_003015,311.02,4.8,automotive,1.0,2.0,2.2142857142857144,0.9412,0.4118,2026-05-24 20:49:02.254366,2026-08-23 21:02:22.309587
item_003016,22.7,4.3,clothing,3.0,7.0,3.6833333333333336,0.44,0.28,2026-05-24 20:49:02.254366,2026-08-23 21:02:22.309587
item_003017,55.6,3.7,food,2.0,8.0,2.983333333333334,0.5172,0.6552,2026-05-24 20:49:02.254366,2026-08-23 21:02:22.309587
item_003018,133.81,3.9,sports,5.0,3.0,3.255555555555555,0.7222,0.25,2026-05-24 20:49:02.254366,2026-08-23 21:02:22.309587
item_003019,162.45,3.7,beauty,1.0,2.0,3.0250000000000004,0.6,0.1667,2026-05-24 20:49:02.254366,2026-08-23 21:02:22.309587
item_003020,31.65,3.4,sports,2.0,3.0,3.4,0.4194,0.2581,2026-05-24 20:49:02.254366,2026-08-23 21:02:22.309587
item_003021,36.21,3.1,automotive,6.0,3.0,3.7625,0.3226,0.1129,2026-05-24 20:49:02.254366,2026-08-23 21:02:22.309587
item_003022,28.6,3.5,food,0.0,7.0,2.557142857142857,0.7826,0.7826,2026-05-24 20:49:02.254366,2026-08-23 21:02:22.309587
item_003023,14.07,4.0,toys,4.0,6.0,3.96,0.6571,0.5143,2026-05-24 20:49:02.254366,2026-08-23 21:02:22.309587
item_003024,1698.74,4.9,jewelry,2.0,7.0,3.5833333333333335,0.56,0.52,2026-05-24 20:49:02.254366,2026-08-23 21:02:22.309587
item_003025,53.53,3.6,books,2.0,3.0,3.3600000000000003,0.64,0.32,2026-05-24 20:49:02.254366,2026-08-23 21:02:22.309587
item_003026,161.28,3.6,beauty,1.0,4.0,2.84,0.5625,0.375,2026-05-24 20:49:02.254366,2026-08-23 21:02:22.309587
item_003027,647.95,3.4,electronics,0.0,1.0,3.242857142857143,0.85,0.3,2026-05-24 20:49:02.254366,2026-08-23 21:02:22.309587
item_003028,171.71,5.0,beauty,7.0,2.0,3.3714285714285714,0.4524,0.2619,2026-05-24 20:49:02.254366,2026-08-23 21:02:22.309587
item_003029,42.2,3.8,food,2.0,6.0,2.942857142857143,1.0,0.625,2026-05-24 20:49:02.254366,2026-08-23 21:02:22.309587
item_003030,181.69,4.3,automotive,1.0,1.0,3.1666666666666665,0.7222,0.2778,2026-05-24 20:49:02.254366,2026-08-23 21:02:22.309587
item_003031,183.89,4.2,sports,4.0,3.0,2.783333333333333,0.5854,0.3171,2026-05-24 20:49:02.254366,2026-08-23 21:02:22.309587
item_003032,267.36,4.4,home_garden,2.0,3.0,3.04,0.7586,0.2069,2026-05-24 20:49:02.254366,2026-08-23 21:02:22.309587
item_003033,75.76,4.4,toys,1.0,4.0,3.266666666666667,0.6818,0.3636,2026-05-24 20:49:02.254366,2026-08-23 21:02:22.309587
item_003034,210.27,3.7,automotive,0.0,3.0,4.575,0.6522,0.2174,2026-05-24 20:49:02.254366,2026-08-23 21:02:22.309587
item_003035,45.02,3.5,clothing,1.0,2.0,3.5666666666666664,0.9,0.6,2026-05-24 20:49:02.254366,2026-08-23 21:02:22.309587
item_003036,64.52,5.0,toys,3.0,5.0,3.085714285714286,0.375,0.1875,2026-05-24 20:49:02.254366,2026-08-23 21:02:22.309587
item_003037,32.53,3.4,beauty,1.0,5.0,3.1333333333333333,0.4595,0.3784,2026-05-24 20:49:02.254366,2026-08-23 21:02:22.309587
item_003038,57.45,3.9,food,2.0,1.0,2.725,0.6667,0.381,2026-05-24 20:49:02.254366,2026-08-23 21:02:22.309587
item_003039,72.87,3.3,toys,3.0,4.0,2.3000000000000003,0.3902,0.2439,2026-05-24 20:49:02.254366,2026-08-23 21:02:22.309587
item_003040,1254.44,4.3,electronics,4.0,1.0,2.827272727272727,0.4912,0.2632,2026-05-24 20:49:02.254366,2026-08-23 21:02:22.309587
item_003041,666.79,3.6,electronics,4.0,2.0,2.98,0.5833,0.375,2026-05-24 20:49:02.254366,2026-08-23 21:02:22.309587
item_003042,128.4,3.4,toys,3.0,4.0,2.8375,0.5405,0.3243,2026-05-24 20:49:02.254366,2026-08-23 21:02:22.309587
item_003043,962.37,3.9,electronics,2.0,6.0,3.4333333333333336,0.48,0.4,2026-05-24 20:49:02.254366,2026-08-23 21:02:22.309587
item_003044,17.35,4.8,books,6.0,6.0,3.7,0.5385,0.6154,2026-05-24 20:49:02.254366,2026-08-23 21:02:22.309587
item_003045,3235.52,3.3,jewelry,2.0,2.0,3.925,0.7826,0.3913,2026-05-24 20:49:02.254366,2026-08-23 21:02:22.309587
item_003046,380.29,4.4,home_garden,1.0,3.0,3.0,0.8148,0.4074,2026-05-24 20:49:02.254366,2026-08-23 21:02:22.309587
item_003047,452.1,3.3,sports,3.0,3.0,3.1666666666666665,0.4444,0.3333,2026-05-24 20:49:02.254366,2026-08-23 21:02:22.309587
item_003048,10.68,2.5,sports,5.0,5.0,3.309090909090909,0.6047,0.3256,2026-05-24 20:49:02.254366,2026-08-23 21:02:22.309587
item_003049,77.23,3.9,food,3.0,6.0,3.1999999999999997,0.641,0.3846,2026-05-24 20:49:02.254366,2026-08-23 21:02:22.309587
item_003050,4845.49,3.2,jewelry,2.0,2.0,3.94,0.6818,0.4091,2026-05-24 20:49:02.254366,2026-08-23 21:02:22.309587
item_003051,1064.58,3.4,electronics,5.0,2.0,3.1500000000000004,0.4091,0.1591,2026-05-24 20:49:02.254366,2026-08-23 21:02:22.309587
item_003052,356.49,3.1,automotive,4.0,0.0,2.8600000000000003,0.4412,0.2353,2026-05-24 20:49:02.254366,2026-08-23 21:02:22.309587
item_003053,49.37,5.0,books,0.0,4.0,2.15,0.6786,0.4643,2026-05-24 20:49:02.254366,2026-08-23 21:02:22.309587
item_003054,159.17,2.0,clothing,2.0,3.0,3.53,0.4211,0.2456,2026-05-24 20:49:02.254366,2026-08-23 21:02:22.309587
item_003055,131.62,4.0,toys,0.0,2.0,3.0833333333333335,1.1111,0.4444,2026-05-24 20:49:02.254366,2026-08-23 21:02:22.309587
item_003056,31.98,3.6,beauty,2.0,3.0,3.1,0.44,0.28,2026-05-24 20:49:02.254366,2026-08-23 21:02:22.309587
item_003057,31.14,3.1,books,2.0,1.0,1.5,0.4324,0.1351,2026-05-24 20:49:02.254366,2026-08-23 21:02:22.309587
item_003058,1702.1,3.9,electronics,3.0,3.0,2.96,0.7692,0.5385,2026-05-24 20:49:02.254366,2026-08-23 21:02:22.309587
item_003059,19.72,4.5,automotive,3.0,4.0,2.8333333333333335,0.5161,0.4516,2026-05-24 20:49:02.254366,2026-08-23 21:02:22.309587
item_003060,224.16,4.0,electronics,1.0,2.0,2.44,0.7,0.15,2026-05-24 20:49:02.254366,2026-08-23 21:02:22.309587
item_003061,1663.52,4.6,electronics,1.0,3.0,2.7399999999999998,0.4545,0.5,2026-05-24 20:49:02.254366,2026-08-23 21:02:22.309587
item_003062,23.44,5.0,toys,0.0,5.0,2.8000000000000003,1.0952,0.6667,2026-05-24 20:49:02.254366,2026-08-23 21:02:22.309587
item_003063,1242.71,3.7,jewelry,2.0,2.0,2.8666666666666667,0.5833,0.4583,2026-05-24 20:49:02.254366,2026-08-23 21:02:22.309587
item_003064,1434.46,3.4,jewelry,4.0,5.0,2.6555555555555554,0.8621,0.4483,2026-05-24 20:49:02.254366,2026-08-23 21:02:22.309587
item_003065,113.63,5.0,home_garden,4.0,4.0,2.9285714285714284,0.5641,0.2821,2026-05-24 20:49:02.254366,2026-08-23 21:02:22.309587
item_003066,95.52,4.1,toys,5.0,9.0,2.2,0.8438,0.6875,2026-05-24 20:49:02.254366,2026-08-23 21:02:22.309587
item_003067,341.4,3.8,sports,0.0,1.0,3.5,0.8571,0.4762,2026-05-24 20:49:02.254366,2026-08-23 21:02:22.309587
item_003068,2694.75,4.8,jewelry,1.0,3.0,3.1714285714285713,0.9231,0.3462,2026-05-24 20:49:02.254366,2026-08-23 21:02:22.309587
item_003069,23.8,2.6,automotive,1.0,7.0,3.157142857142857,0.8077,0.6154,2026-05-24 20:49:02.254366,2026-08-23 21:02:22.309587
item_003070,3458.81,3.8,jewelry,3.0,4.0,3.35,0.4839,0.3871,2026-05-24 20:49:02.254366,2026-08-23 21:02:22.309587
item_003071,6.07,3.8,food,6.0,6.0,2.733333333333333,0.38,0.26,2026-05-24 20:49:02.254366,2026-08-23 21:02:22.309587
item_003072,50.13,4.6,sports,2.0,3.0,3.2600000000000002,0.8438,0.4688,2026-05-24 20:49:02.254366,2026-08-23 21:02:22.309587
item_003073,620.46,4.7,electronics,1.0,3.0,3.016666666666667,0.7333,0.3333,2026-05-24 20:49:02.254366,2026-08-23 21:02:22.309587
item_003074,360.9,5.0,automotive,9.0,3.0,4.0,0.6774,0.2903,2026-05-24 20:49:02.254366,2026-08-23 21:02:22.309587
item_003075,161.77,3.3,sports,3.0,2.0,3.1666666666666665,0.5333,0.4333,2026-05-24 20:49:02.254366,2026-08-23 21:02:22.309587
item_003076,4724.5,4.3,jewelry,0.0,2.0,2.5166666666666666,1.0455,0.2727,2026-05-24 20:49:02.254366,2026-08-23 21:02:22.309587
item_003077,173.89,2.8,automotive,6.0,1.0,2.1333333333333333,0.6346,0.25,2026-05-24 20:49:02.254366,2026-08-23 21:02:22.309587
item_003078,1866.12,1.6,electronics,3.0,1.0,2.3499999999999996,0.2903,0.1613,2026-05-24 20:49:02.254366,2026-08-23 21:02:22.309587
item_003079,21.12,4.0,books,1.0,2.0,3.85,0.7407,0.5926,2026-05-24 20:49:02.254366,2026-08-23 21:02:22.309587
item_003080,92.65,3.4,toys,5.0,4.0,3.766666666666667,0.7027,0.3243,2026-05-24 20:49:02.254366,2026-08-23 21:02:22.309587
item_003081,119.1,3.7,clothing,1.0,6.0,2.4499999999999997,0.4444,0.3611,2026-05-24 20:49:02.254366,2026-08-23 21:02:22.309587
item_003082,974.14,4.9,electronics,3.0,4.0,3.4,0.5161,0.4516,2026-05-24 20:49:02.254366,2026-08-23 21:02:22.309587
item_003083,286.27,3.3,clothing,2.0,1.0,3.4499999999999997,0.6111,0.3333,2026-05-24 20:49:02.254366,2026-08-23 21:02:22.309587
item_003084,209.06,3.0,clothing,3.0,4.0,2.9,0.5556,0.3704,2026-05-24 20:49:02.254366,2026-08-23 21:02:22.309587
item_003085,25.42,4.4,books,3.0,4.0,2.8166666666666664,0.2973,0.3243,2026-05-24 20:49:02.254366,2026-08-23 21:02:22.309587
item_003086,67.88,2.4,jewelry,2.0,3.0,2.7199999999999998,0.5405,0.3514,2026-05-24 20:49:02.254366,2026-08-23 21:02:22.309587
item_003087,388.53,3.5,electronics,6.0,1.0,3.6833333333333336,0.5833,0.2222,2026-05-24 20:49:02.254366,2026-08-23 21:02:22.309587
item_003088,24.58,2.5,beauty,2.0,6.0,3.066666666666667,0.3562,0.2055,2026-05-24 20:49:02.254366,2026-08-23 21:02:22.309587
item_003089,1828.61,2.9,jewelry,4.0,5.0,2.7666666666666666,0.3143,0.1714,2026-05-24 20:49:02.254366,2026-08-23 21:02:22.309587
item_003090,461.02,2.4,electronics,3.0,3.0,4.1,0.5385,0.3462,2026-05-24 20:49:02.254366,2026-08-23 21:02:22.309587
item_003091,655.9,4.2,jewelry,2.0,2.0,3.0,0.5385,0.2692,2026-05-24 20:49:02.254366,2026-08-23 21:02:22.309587
item_003092,6.12,3.9,books,1.0,2.0,3.022222222222222,1.1111,0.5556,2026-05-24 20:49:02.254366,2026-08-23 21:02:22.309587
item_003093,118.5,2.8,beauty,1.0,2.0,2.5,0.8889,0.3889,2026-05-24 20:49:02.254366,2026-08-23 21:02:22.309587
item_003094,11.1,2.6,clothing,2.0,3.0,1.6,0.4286,0.2857,2026-05-24 20:49:02.254366,2026-08-23 21:02:22.309587
item_003095,84.93,3.5,clothing,3.0,4.0,3.185714285714286,0.6061,0.2727,2026-05-24 20:49:02.254366,2026-08-23 21:02:22.309587
item_003096,581.62,3.8,home_garden,1.0,1.0,4.3,0.6667,0.1852,2026-05-24 20:49:02.254366,2026-08-23 21:02:22.309587
item_003097,767.47,5.0,home_garden,1.0,5.0,3.3714285714285714,0.5,0.5,2026-05-24 20:49:02.254366,2026-08-23 21:02:22.309587
item_003098,243.22,2.4,automotive,3.0,1.0,2.9153846153846152,0.5238,0.2857,2026-05-24 20:49:02.254366,2026-08-23 21:02:22.309587
item_003099,305.71,3.0,electronics,3.0,2.0,2.3285714285714287,0.2368,0.2368,2026-05-24 20:49:02.254366,2026-08-23 21:02:22.309587
item_003100,71.49,4.6,beauty,2.0,2.0,2.7875,0.6,0.2667,2026-05-24 20:49:02.254366,2026-08-23 21:02:22.309587
item_003101,1598.16,4.5,electronics,3.0,3.0,2.788888888888889,0.64,0.4,2026-05-24 20:49:02.254366,2026-08-23 21:02:22.309587
item_003102,28.17,4.2,toys,4.0,1.0,2.0,0.6129,0.3226,2026-05-24 20:49:02.254366,2026-08-23 21:02:22.309587
item_003103,223.59,2.2,automotive,0.0,2.0,2.6399999999999997,1.9,1.2,2026-05-24 20:49:02.254366,2026-08-23 21:02:22.309587
item_003104,653.72,4.2,electronics,1.0,6.0,2.375,0.6579,0.4474,2026-05-24 20:49:02.254366,2026-08-23 21:02:22.309587
item_003105,782.34,4.0,electronics,2.0,3.0,3.4,0.5,0.5385,2026-05-24 20:49:02.254366,2026-08-23 21:02:22.309587
item_003106,18.94,4.0,books,6.0,8.0,2.55,0.3667,0.3167,2026-05-24 20:49:02.254366,2026-08-23 21:02:22.309587
item_003107,41.49,3.9,food,2.0,3.0,3.95,1.0,0.4231,2026-05-24 20:49:02.254366,2026-08-23 21:02:22.309587
item_003108,382.99,4.0,automotive,4.0,2.0,2.8000000000000003,0.4286,0.2143,2026-05-24 20:49:02.254366,2026-08-23 21:02:22.309587
item_003109,16.23,3.8,food,0.0,3.0,3.3666666666666667,1.0588,0.5294,2026-05-24 20:49:02.254366,2026-08-23 21:02:22.309587
item_003110,674.06,5.0,jewelry,2.0,3.0,3.8,1.2727,1.1818,2026-05-24 20:49:02.254366,2026-08-23 21:02:22.309587
item_003111,32.3,4.0,beauty,2.0,2.0,3.1399999999999997,1.1875,0.5625,2026-05-24 20:49:02.254366,2026-08-23 21:02:22.309587
item_003112,1914.02,3.1,electronics,6.0,6.0,3.1666666666666665,0.7429,0.5429,2026-05-24 20:49:02.254366,2026-08-23 21:02:22.309587
item_003113,4562.15,3.0,jewelry,0.0,4.0,2.8,0.5417,0.4167,2026-05-24 20:49:02.254366,2026-08-23 21:02:22.309587
item_003114,546.57,4.0,electronics,2.0,3.0,2.1666666666666665,0.4,0.28,2026-05-24 20:49:02.254366,2026-08-23 21:02:22.309587
item_003115,3853.58,3.6,jewelry,1.0,2.0,3.5,0.5357,0.1429,2026-05-24 20:49:02.254366,2026-08-23 21:02:22.309587
item_003116,1217.19,2.1,jewelry,3.0,4.0,3.442857142857143,0.5306,0.2245,2026-05-24 20:49:02.254366,2026-08-23 21:02:22.309587
item_003117,25.52,4.1,beauty,2.0,4.0,3.3,0.5385,0.4231,2026-05-24 20:49:02.254366,2026-08-23 21:02:22.309587
item_003118,318.25,3.3,sports,1.0,5.0,3.5,0.6667,0.3,2026-05-24 20:49:02.254366,2026-08-23 21:02:22.309587
item_003119,1533.19,4.0,jewelry,1.0,4.0,2.975,0.68,0.52,2026-05-24 20:49:02.254366,2026-08-23 21:02:22.309587
item_003120,597.58,3.8,jewelry,0.0,4.0,2.8000000000000003,0.6316,0.5263,2026-05-24 20:49:02.254366,2026-08-23 21:02:22.309587
item_003121,540.96,3.6,electronics,4.0,3.0,3.016666666666666,0.4545,0.2121,2026-05-24 20:49:02.254366,2026-08-23 21:02:22.309587
item_003122,758.61,3.2,home_garden,0.0,4.0,2.44,0.85,0.5,2026-05-24 20:49:02.254366,2026-08-23 21:02:22.309587
item_003123,220.52,4.0,sports,2.0,3.0,2.75,0.7308,0.3077,2026-05-24 20:49:02.254366,2026-08-23 21:02:22.309587
item_003124,56.33,3.9,toys,3.0,3.0,2.3666666666666667,0.3704,0.4074,2026-05-24 20:49:02.254366,2026-08-23 21:02:22.309587
item_003125,216.54,3.4,home_garden,3.0,6.0,2.6888888888888887,0.5,0.3333,2026-05-24 20:49:02.254366,2026-08-23 21:02:22.309587
item_003126,34.81,4.1,sports,4.0,8.0,2.25,0.7143,0.381,2026-05-24 20:49:02.254366,2026-08-23 21:02:22.309587
item_003127,32.2,3.6,beauty,4.0,2.0,2.783333333333333,0.6207,0.2069,2026-05-24 20:49:02.254366,2026-08-23 21:02:22.309587
item_003128,19.35,3.8,books,8.0,8.0,3.0833333333333335,0.3898,0.339,2026-05-24 20:49:02.254366,2026-08-23 21:02:22.309587
item_003129,534.59,3.3,electronics,1.0,3.0,3.283333333333333,0.4242,0.303,2026-05-24 20:49:02.254366,2026-08-23 21:02:22.309587
item_003130,43.75,4.2,automotive,2.0,2.0,2.5749999999999997,0.5357,0.3571,2026-05-24 20:49:02.254366,2026-08-23 21:02:22.309587
item_003131,1721.09,4.7,jewelry,1.0,2.0,3.275,0.5833,0.3333,2026-05-24 20:49:02.254366,2026-08-23 21:02:22.309587
item_003132,38.62,2.8,toys,1.0,5.0,3.2285714285714286,0.6667,0.5333,2026-05-24 20:49:02.254366,2026-08-23 21:02:22.309587
item_003133,276.76,3.8,sports,6.0,5.0,2.6571428571428575,0.5254,0.3559,2026-05-24 20:49:02.254366,2026-08-23 21:02:22.309587
item_003134,845.16,4.1,electronics,2.0,8.0,2.8875,0.5357,0.3214,2026-05-24 20:49:02.254366,2026-08-23 21:02:22.309587
item_003135,645.86,2.5,home_garden,3.0,4.0,1.9,0.5217,0.4783,2026-05-24 20:49:02.254366,2026-08-23 21:02:22.309587
item_003136,22.51,3.7,toys,2.0,7.0,2.6500000000000004,0.5758,0.3333,2026-05-24 20:49:02.254366,2026-08-23 21:02:22.309587
item_003137,76.25,4.2,home_garden,2.0,2.0,3.0500000000000003,0.4286,0.1905,2026-05-24 20:49:02.254366,2026-08-23 21:02:22.309587
item_003138,45.4,4.2,home_garden,1.0,4.0,2.8285714285714287,0.7407,0.4444,2026-05-24 20:49:02.254366,2026-08-23 21:02:22.309587
item_003139,114.48,3.7,beauty,4.0,7.0,2.675,0.68,0.72,2026-05-24 20:49:02.254366,2026-08-23 21:02:22.309587
item_003140,457.11,3.0,sports,1.0,2.0,3.8000000000000003,0.5769,0.2308,2026-05-24 20:49:02.254366,2026-08-23 21:02:22.309587
item_003141,4654.83,4.4,jewelry,3.0,5.0,3.95,0.4,0.3667,2026-05-24 20:49:02.254366,2026-08-23 21:02:22.309587
item_003142,280.33,4.5,automotive,2.0,2.0,2.82,0.3284,0.1493,2026-05-24 20:49:02.254366,2026-08-23 21:02:22.309587
item_003143,1424.16,4.2,electronics,1.0,4.0,2.6142857142857143,0.8621,0.4138,2026-05-24 20:49:02.254366,2026-08-23 21:02:22.309587
item_003144,66.7,3.8,toys,5.0,5.0,2.1666666666666665,0.52,0.48,2026-05-24 20:49:02.254366,2026-08-23 21:02:22.309587
item_003145,12.48,2.9,toys,2.0,5.0,3.3000000000000003,0.9167,0.3333,2026-05-24 20:49:02.254366,2026-08-23 21:02:22.309587
item_003146,5.41,4.8,books,1.0,6.0,2.725,0.4737,0.5263,2026-05-24 20:49:02.254366,2026-08-23 21:02:22.309587
item_003147,12.77,4.1,toys,8.0,6.0,1.6,0.5179,0.3214,2026-05-24 20:49:02.254366,2026-08-23 21:02:22.309587
item_003148,2039.0,3.2,jewelry,5.0,2.0,3.94,0.8333,0.3667,2026-05-24 20:49:02.254366,2026-08-23 21:02:22.309587
item_003149,65.48,2.7,sports,0.0,4.0,2.4499999999999997,1.125,0.9375,2026-05-24 20:49:02.254366,2026-08-23 21:02:22.309587
item_003150,40.36,2.6,books,2.0,2.0,3.5,0.7407,0.2593,2026-05-24 20:49:02.254366,2026-08-23 21:02:22.309587
item_003151,25.95,4.0,automotive,4.0,4.0,3.2,0.7647,0.4412,2026-05-24 20:49:02.254366,2026-08-23 21:02:22.309587
item_003152,45.63,4.5,books,1.0,3.0,3.3,0.6957,0.3478,2026-05-24 20:49:02.254366,2026-08-23 21:02:22.309587
item_003153,57.31,4.4,clothing,6.0,9.0,3.0,0.6,0.5111,2026-05-24 20:49:02.254366,2026-08-23 21:02:22.309587
item_003154,384.9,3.2,home_garden,1.0,5.0,2.44,0.625,0.5,2026-05-24 20:49:02.254366,2026-08-23 21:02:22.309587
item_003155,29.03,4.7,beauty,0.0,6.0,4.433333333333334,0.7407,0.5926,2026-05-24 20:49:02.254366,2026-08-23 21:02:22.309587
item_003156,453.78,4.8,sports,0.0,2.0,3.188888888888889,0.5,0.5,2026-05-24 20:49:02.254366,2026-08-23 21:02:22.309587
item_003157,110.47,4.4,beauty,4.0,3.0,3.95,0.6129,0.4516,2026-05-24 20:49:02.254366,2026-08-23 21:02:22.309587
item_003158,67.1,2.7,toys,3.0,7.0,2.4625,0.5806,0.4516,2026-05-24 20:49:02.254366,2026-08-23 21:02:22.309587
item_003159,310.58,3.5,home_garden,1.0,3.0,3.5200000000000005,1.2353,0.4706,2026-05-24 20:49:02.254366,2026-08-23 21:02:22.309587
item_003160,56.61,3.7,food,2.0,1.0,3.3375,0.5588,0.2353,2026-05-24 20:49:02.254366,2026-08-23 21:02:22.309587
item_003161,55.74,2.2,books,0.0,4.0,2.1,0.4167,0.2917,2026-05-24 20:49:02.254366,2026-08-23 21:02:22.309587
item_003162,35.9,4.3,food,4.0,5.0,3.1,0.4412,0.2059,2026-05-24 20:49:02.254366,2026-08-23 21:02:22.309587
item_003163,130.59,4.4,sports,0.0,2.0,4.75,0.5312,0.3438,2026-05-24 20:49:02.254366,2026-08-23 21:02:22.309587
item_003164,43.96,4.1,toys,3.0,8.0,3.025,0.5517,0.6552,2026-05-24 20:49:02.254366,2026-08-23 21:02:22.309587
item_003165,462.12,3.8,electronics,0.0,5.0,2.822222222222222,0.6316,0.4211,2026-05-24 20:49:02.254366,2026-08-23 21:02:22.309587
item_003166,34.6,3.7,toys,3.0,4.0,3.5200000000000005,0.9167,0.5833,2026-05-24 20:49:02.254366,2026-08-23 21:02:22.309587
item_003167,61.95,3.9,food,3.0,2.0,2.8,0.4062,0.3125,2026-05-24 20:49:02.254366,2026-08-23 21:02:22.309587
item_003168,76.91,3.2,clothing,4.0,1.0,3.2,0.7812,0.25,2026-05-24 20:49:02.254366,2026-08-23 21:02:22.309587
item_003169,6.27,4.4,books,1.0,6.0,2.466666666666667,0.4118,0.3235,2026-05-24 20:49:02.254366,2026-08-23 21:02:22.309587
item_003170,17.53,3.1,food,2.0,2.0,3.4181818181818184,0.5102,0.1429,2026-05-24 20:49:02.254366,2026-08-23 21:02:22.309587
item_003171,487.27,3.3,sports,1.0,2.0,3.0,0.7083,0.25,2026-05-24 20:49:02.254366,2026-08-23 21:02:22.309587
item_003172,65.21,2.5,beauty,5.0,4.0,3.1,0.6957,0.5652,2026-05-24 20:49:02.254366,2026-08-23 21:02:22.309587
item_003173,350.37,3.3,electronics,6.0,5.0,3.1,0.5333,0.4,2026-05-24 20:49:02.254366,2026-08-23 21:02:22.309587
item_003174,790.03,3.9,jewelry,5.0,3.0,2.62,0.4706,0.2941,2026-05-24 20:49:02.254366,2026-08-23 21:02:22.309587
item_003175,242.86,4.8,clothing,2.0,5.0,2.61,0.7273,0.5,2026-05-24 20:49:02.254366,2026-08-23 21:02:22.309587
item_003176,53.55,3.3,toys,4.0,7.0,2.46,0.5854,0.439,2026-05-24 20:49:02.254366,2026-08-23 21:02:22.309587
item_003177,28.64,3.6,food,5.0,4.0,3.3200000000000003,0.4255,0.2979,2026-05-24 20:49:02.254366,2026-08-23 21:02:22.309587
item_003178,67.97,4.1,food,2.0,3.0,3.0999999999999996,0.3846,0.2692,2026-05-24 20:49:02.254366,2026-08-23 21:02:22.309587
item_003179,1553.57,3.6,electronics,3.0,9.0,2.97,0.4717,0.4151,2026-05-24 20:49:02.254366,2026-08-23 21:02:22.309587
item_003180,58.74,4.5,books,2.0,2.0,3.1571428571428575,0.9,0.6,2026-05-24 20:49:02.254366,2026-08-23 21:02:22.309587
item_003181,183.4,2.5,beauty,3.0,4.0,2.92,0.34,0.4,2026-05-24 20:49:02.254366,2026-08-23 21:02:22.309587
item_003182,1223.81,4.2,electronics,3.0,1.0,2.757142857142857,1.0476,0.4762,2026-05-24 20:49:02.254366,2026-08-23 21:02:22.309587
item_003183,374.43,3.9,home_garden,2.0,0.0,2.2600000000000002,0.7391,0.3043,2026-05-24 20:49:02.254366,2026-08-23 21:02:22.309587
item_003184,65.47,3.2,food,5.0,3.0,3.2615384615384615,0.5263,0.193,2026-05-24 20:49:02.254366,2026-08-23 21:02:22.309587
item_003185,250.37,4.3,electronics,2.0,2.0,3.1399999999999997,0.6053,0.2105,2026-05-24 20:49:02.254366,2026-08-23 21:02:22.309587
item_003186,98.17,4.4,home_garden,6.0,5.0,3.05,0.4865,0.4324,2026-05-24 20:49:02.254366,2026-08-23 21:02:22.309587
item_003187,63.46,3.1,food,3.0,2.0,2.8333333333333335,0.5,0.16,2026-05-24 20:49:02.254366,2026-08-23 21:02:22.309587
item_003188,4603.23,4.0,jewelry,5.0,4.0,3.6,0.875,0.625,2026-05-24 20:49:02.254366,2026-08-23 21:02:22.309587
item_003189,95.57,3.8,home_garden,4.0,5.0,3.0,0.3542,0.3125,2026-05-24 20:49:02.254366,2026-08-23 21:02:22.309587
item_003190,152.33,2.6,beauty,2.0,2.0,2.65,0.5217,0.2174,2026-05-24 20:49:02.254366,2026-08-23 21:02:22.309587
item_003191,3176.51,4.0,jewelry,1.0,5.0,3.55,1.4667,0.8,2026-05-24 20:49:02.254366,2026-08-23 21:02:22.309587
item_003192,42.12,4.9,books,1.0,0.0,2.55,0.6667,0.4167,2026-05-24 20:49:02.254366,2026-08-23 21:02:22.309587
item_003193,18.66,1.9,toys,5.0,5.0,3.3,0.6226,0.2453,2026-05-24 20:49:02.254366,2026-08-23 21:02:22.309587
item_003194,240.38,3.1,electronics,0.0,7.0,3.3000000000000003,0.8148,0.4815,2026-05-24 20:49:02.254366,2026-08-23 21:02:22.309587
item_003195,105.26,4.0,beauty,3.0,2.0,2.68,0.6,0.2667,2026-05-24 20:49:02.254366,2026-08-23 21:02:22.309587
item_003196,25.37,3.6,books,2.0,4.0,3.142857142857143,0.6047,0.2791,2026-05-24 20:49:02.254366,2026-08-23 21:02:22.309587
item_003197,386.58,4.5,automotive,0.0,3.0,2.98,0.6207,0.1724,2026-05-24 20:49:02.254366,2026-08-23 21:02:22.309587
item_003198,4985.34,4.2,jewelry,1.0,5.0,2.775,0.8947,0.7368,2026-05-24 20:49:02.254366,2026-08-23 21:02:22.309587
item_003199,44.78,3.1,food,3.0,3.0,2.3,0.4364,0.2545,2026-05-24 20:49:02.254366,2026-08-23 21:02:22.309587
item_003200,37.26,4.0,beauty,3.0,6.0,2.725,0.9583,0.75,2026-05-24 20:49:02.254366,2026-08-23 21:02:22.309587
item_003201,132.47,3.5,toys,4.0,3.0,1.8,0.3793,0.4483,2026-05-24 20:49:02.254366,2026-08-23 21:02:22.309587
item_003202,34.39,3.0,books,2.0,4.0,2.2666666666666666,0.6,0.2,2026-05-24 20:49:02.254366,2026-08-23 21:02:22.309587
item_003203,141.3,4.6,clothing,3.0,6.0,3.45,0.6,0.3714,2026-05-24 20:49:02.254366,2026-08-23 21:02:22.309587
item_003204,2680.97,4.1,jewelry,3.0,6.0,2.6333333333333333,0.5455,0.4848,2026-05-24 20:49:02.254366,2026-08-23 21:02:22.309587
item_003205,242.65,4.2,automotive,0.0,2.0,2.7444444444444445,0.4348,0.1957,2026-05-24 20:49:02.254366,2026-08-23 21:02:22.309587
item_003206,131.3,3.6,toys,1.0,5.0,2.725,0.8333,0.375,2026-05-24 20:49:02.254366,2026-08-23 21:02:22.309587
item_003207,8.2,3.7,food,3.0,6.0,2.85,0.7308,0.3462,2026-05-24 20:49:02.254366,2026-08-23 21:02:22.309587
item_003208,118.69,4.6,automotive,6.0,8.0,3.472727272727273,0.6512,0.4651,2026-05-24 20:49:02.254366,2026-08-23 21:02:22.309587
item_003209,216.13,3.7,clothing,2.0,4.0,3.2,0.4444,0.5185,2026-05-24 20:49:02.254366,2026-08-23 21:02:22.309587
item_003210,548.09,3.7,home_garden,1.0,4.0,3.4400000000000004,1.0,0.6,2026-05-24 20:49:02.254366,2026-08-23 21:02:22.309587
item_003211,2519.35,4.4,jewelry,3.0,4.0,2.9142857142857146,0.7667,0.3333,2026-05-24 20:49:02.254366,2026-08-23 21:02:22.309587
item_003212,3043.89,3.9,jewelry,1.0,3.0,2.95,0.7368,0.4737,2026-05-24 20:49:02.254366,2026-08-23 21:02:22.309587
item_003213,477.62,4.2,sports,3.0,6.0,2.8375,0.6304,0.4348,2026-05-24 20:49:02.254366,2026-08-23 21:02:22.309587
item_003214,64.12,4.5,toys,0.0,2.0,3.6,0.7037,0.2963,2026-05-24 20:49:02.254366,2026-08-23 21:02:22.309587
item_003215,506.58,3.8,home_garden,1.0,2.0,2.2333333333333334,0.3778,0.1778,2026-05-24 20:49:02.254366,2026-08-23 21:02:22.309587
item_003216,317.09,3.4,automotive,2.0,1.0,2.2333333333333334,0.5588,0.2353,2026-05-24 20:49:02.254366,2026-08-23 21:02:22.309587
item_003217,45.81,2.5,books,2.0,2.0,4.3999999999999995,0.4722,0.1944,2026-05-24 20:49:02.254366,2026-08-23 21:02:22.309587
item_003218,24.61,3.4,beauty,4.0,3.0,3.8499999999999996,0.381,0.3333,2026-05-24 20:49:02.254366,2026-08-23 21:02:22.309587
item_003219,330.85,3.1,automotive,5.0,4.0,3.3375,0.5938,0.4062,2026-05-24 20:49:02.254366,2026-08-23 21:02:22.309587
item_003220,125.48,4.0,home_garden,3.0,5.0,2.8333333333333335,0.3667,0.3333,2026-05-24 20:49:02.254366,2026-08-23 21:02:22.309587
item_003221,13.72,3.3,beauty,2.0,3.0,1.957142857142857,0.6296,0.2593,2026-05-24 20:49:02.254366,2026-08-23 21:02:22.309587
item_003222,42.07,3.0,food,4.0,1.0,2.9,0.3529,0.1176,2026-05-24 20:49:02.254366,2026-08-23 21:02:22.309587
item_003223,657.11,2.9,home_garden,6.0,2.0,3.56,0.3968,0.2063,2026-05-24 20:49:02.254366,2026-08-23 21:02:22.309587
item_003224,1093.03,3.9,jewelry,3.0,4.0,3.3,0.8966,0.4483,2026-05-24 20:49:02.254366,2026-08-23 21:02:22.309587
item_003225,39.81,4.1,books,1.0,2.0,2.4,0.6522,0.3913,2026-05-24 20:49:02.254366,2026-08-23 21:02:22.309587
item_003226,3903.36,3.0,jewelry,1.0,6.0,2.3833333333333333,0.6842,0.5789,2026-05-24 20:49:02.254366,2026-08-23 21:02:22.309587
item_003227,5.71,3.0,food,4.0,4.0,2.683333333333333,0.871,0.4194,2026-05-24 20:49:02.254366,2026-08-23 21:02:22.309587
item_003228,138.17,3.1,home_garden,1.0,4.0,2.9,0.875,0.4167,2026-05-24 20:49:02.254366,2026-08-23 21:02:22.309587
item_003229,28.48,3.6,food,0.0,4.0,2.7142857142857144,0.5385,0.5,2026-05-24 20:49:02.254366,2026-08-23 21:02:22.309587
item_003230,100.99,3.9,toys,0.0,1.0,3.1,0.9286,0.3929,2026-05-24 20:49:02.254366,2026-08-23 21:02:22.309587
item_003231,27.13,3.6,books,1.0,3.0,3.28,0.4286,0.1429,2026-05-24 20:49:02.254366,2026-08-23 21:02:22.309587
item_003232,657.16,3.3,home_garden,0.0,3.0,2.8249999999999997,0.5116,0.1628,2026-05-24 20:49:02.254366,2026-08-23 21:02:22.309587
item_003233,164.22,3.7,clothing,5.0,4.0,4.12,0.55,0.375,2026-05-24 20:49:02.254366,2026-08-23 21:02:22.309587
item_003234,612.54,4.1,home_garden,3.0,3.0,3.05,0.3333,0.4815,2026-05-24 20:49:02.254366,2026-08-23 21:02:22.309587
item_003235,84.11,3.6,sports,3.0,5.0,0.0,0.8148,0.3333,2026-05-24 20:49:02.254366,2026-08-23 21:02:22.309587
item_003236,82.53,4.4,beauty,4.0,3.0,3.483333333333333,0.7273,0.5455,2026-05-24 20:49:02.254366,2026-08-23 21:02:22.309587
item_003237,42.18,4.5,food,3.0,4.0,2.75,0.7308,0.6923,2026-05-24 20:49:02.254366,2026-08-23 21:02:22.309587
item_003238,100.13,3.5,toys,2.0,4.0,3.45,0.5357,0.3214,2026-05-24 20:49:02.254366,2026-08-23 21:02:22.309587
item_003239,556.18,4.4,jewelry,1.0,1.0,2.4857142857142853,0.8,0.2333,2026-05-24 20:49:02.254366,2026-08-23 21:02:22.309587
item_003240,171.18,4.1,beauty,2.0,1.0,3.1222222222222222,0.4333,0.3333,2026-05-24 20:49:02.254366,2026-08-23 21:02:22.309587
item_003241,179.0,4.8,beauty,1.0,8.0,3.266666666666667,0.7619,0.7619,2026-05-24 20:49:02.254366,2026-08-23 21:02:22.309587
item_003242,273.71,3.3,electronics,2.0,1.0,3.728571428571428,0.5349,0.2326,2026-05-24 20:49:02.254366,2026-08-23 21:02:22.309587
item_003243,238.07,5.0,sports,3.0,5.0,3.2999999999999994,0.9615,0.5769,2026-05-24 20:49:02.254366,2026-08-23 21:02:22.309587
item_003244,235.18,2.6,clothing,5.0,3.0,1.2,0.6744,0.2093,2026-05-24 20:49:02.254366,2026-08-23 21:02:22.309587
item_003245,67.02,3.4,toys,3.0,1.0,4.6,0.4878,0.2439,2026-05-24 20:49:02.254366,2026-08-23 21:02:22.309587
item_003246,11.06,2.7,sports,0.0,1.0,3.15,0.3793,0.2069,2026-05-24 20:49:02.254366,2026-08-23 21:02:22.309587
item_003247,112.15,5.0,automotive,2.0,3.0,3.9,0.7692,0.4231,2026-05-24 20:49:02.254366,2026-08-23 21:02:22.309587
item_003248,11.41,4.5,food,0.0,3.0,3.1,1.0,0.6364,2026-05-24 20:49:02.254366,2026-08-23 21:02:22.309587
item_003249,87.38,4.2,toys,0.0,3.0,2.68,0.9167,0.5833,2026-05-24 20:49:02.254366,2026-08-23 21:02:22.309587
item_003250,15.18,4.8,books,1.0,8.0,2.7833333333333337,0.5833,0.5833,2026-05-24 20:49:02.254366,2026-08-23 21:02:22.309587
item_003251,130.92,3.5,clothing,6.0,4.0,3.6799999999999997,0.6129,0.6129,2026-05-24 20:49:02.254366,2026-08-23 21:02:22.309587
item_003252,55.53,2.7,toys,2.0,1.0,2.22,0.6111,0.0833,2026-05-24 20:49:02.254366,2026-08-23 21:02:22.309587
item_003253,538.15,3.8,jewelry,7.0,3.0,3.177777777777778,0.434,0.1698,2026-05-24 20:49:02.254366,2026-08-23 21:02:22.309587
item_003254,183.87,2.8,beauty,2.0,3.0,2.7625,0.7727,0.4545,2026-05-24 20:49:02.254366,2026-08-23 21:02:22.309587
item_003255,389.05,3.9,automotive,1.0,2.0,3.5,0.6,0.2,2026-05-24 20:49:02.254366,2026-08-23 21:02:22.309587
item_003256,273.29,5.0,automotive,2.0,4.0,2.1,1.0,0.3913,2026-05-24 20:49:02.254366,2026-08-23 21:02:22.309587
item_003257,111.58,3.8,toys,1.0,6.0,3.825,0.2889,0.3333,2026-05-24 20:49:02.254366,2026-08-23 21:02:22.309587
item_003258,16.13,5.0,beauty,1.0,5.0,2.8600000000000003,0.6875,0.5,2026-05-24 20:49:02.254366,2026-08-23 21:02:22.309587
item_003259,108.87,3.0,toys,0.0,5.0,3.1833333333333336,0.6216,0.2703,2026-05-24 20:49:02.254366,2026-08-23 21:02:22.309587
item_003260,359.59,4.2,electronics,1.0,0.0,3.2399999999999998,0.5278,0.1944,2026-05-24 20:49:02.254366,2026-08-23 21:02:22.309587
item_003261,118.1,3.9,beauty,2.0,7.0,3.066666666666667,0.4474,0.2632,2026-05-24 20:49:02.254366,2026-08-23 21:02:22.309587
item_003262,4172.64,3.7,jewelry,2.0,5.0,3.4285714285714284,0.4722,0.3889,2026-05-24 20:49:02.254366,2026-08-23 21:02:22.309587
item_003263,298.78,3.6,clothing,2.0,2.0,3.1833333333333336,0.6296,0.2222,2026-05-24 20:49:02.254366,2026-08-23 21:02:22.309587
item_003264,5.07,4.1,books,6.0,2.0,1.7714285714285716,0.4444,0.1944,2026-05-24 20:49:02.254366,2026-08-23 21:02:22.309587
item_003265,1344.94,4.5,jewelry,3.0,2.0,3.7600000000000002,0.4828,0.2069,2026-05-24 20:49:02.254366,2026-08-23 21:02:22.309587
item_003266,101.13,3.8,beauty,8.0,5.0,2.42,0.3387,0.2097,2026-05-24 20:49:02.254366,2026-08-23 21:02:22.309587
item_003267,47.31,4.7,books,5.0,4.0,3.1666666666666665,0.625,0.2812,2026-05-24 20:49:02.254366,2026-08-23 21:02:22.309587
item_003268,424.87,2.6,home_garden,3.0,4.0,2.9222222222222225,0.3243,0.2432,2026-05-24 20:49:02.254366,2026-08-23 21:02:22.309587
item_003269,131.83,4.4,toys,1.0,5.0,3.2,0.9,0.65,2026-05-24 20:49:02.254366,2026-08-23 21:02:22.309587
item_003270,25.53,4.8,beauty,3.0,3.0,2.7600000000000002,0.3548,0.3871,2026-05-24 20:49:02.254366,2026-08-23 21:02:22.309587
item_003271,13.39,3.1,books,4.0,1.0,2.7714285714285714,0.5472,0.2264,2026-05-24 20:49:02.254366,2026-08-23 21:02:22.309587
item_003272,306.94,5.0,automotive,11.0,3.0,2.4375,0.5,0.2115,2026-05-24 20:49:02.254366,2026-08-23 21:02:22.309587
item_003273,93.65,4.6,beauty,3.0,1.0,3.525,0.8,0.48,2026-05-24 20:49:02.254366,2026-08-23 21:02:22.309587
item_003274,18.55,3.7,books,4.0,2.0,3.6500000000000004,0.7941,0.3824,2026-05-24 20:49:02.254366,2026-08-23 21:02:22.309587
item_003275,301.09,3.5,automotive,0.0,0.0,2.8600000000000003,0.5385,0.2692,2026-05-24 20:49:02.254366,2026-08-23 21:02:22.309587
item_003276,71.21,3.5,automotive,0.0,5.0,2.38,0.4545,0.6818,2026-05-24 20:49:02.254366,2026-08-23 21:02:22.309587
item_003277,61.4,3.7,beauty,1.0,6.0,3.225,0.5714,0.5,2026-05-24 20:49:02.254366,2026-08-23 21:02:22.309587
item_003278,73.81,4.2,home_garden,2.0,2.0,3.29,1.125,0.5625,2026-05-24 20:49:02.254366,2026-08-23 21:02:22.309587
item_003279,200.58,3.4,clothing,2.0,2.0,2.9333333333333336,0.6364,0.6364,2026-05-24 20:49:02.254366,2026-08-23 21:02:22.309587
item_003280,136.62,3.8,toys,2.0,1.0,2.542857142857143,0.5952,0.1667,2026-05-24 20:49:02.254366,2026-08-23 21:02:22.309587
item_003281,507.39,2.9,electronics,9.0,3.0,3.0,0.3396,0.1698,2026-05-24 20:49:02.254366,2026-08-23 21:02:22.309587
item_003282,38.86,4.3,toys,6.0,2.0,2.5666666666666664,0.7436,0.1795,2026-05-24 20:49:02.254366,2026-08-23 21:02:22.309587
item_003283,13.96,3.9,food,3.0,4.0,3.4,0.7586,0.3793,2026-05-24 20:49:02.254366,2026-08-23 21:02:22.309587
item_003284,381.91,2.9,electronics,1.0,2.0,3.133333333333333,0.3235,0.2059,2026-05-24 20:49:02.254366,2026-08-23 21:02:22.309587
item_003285,240.79,4.3,home_garden,0.0,3.0,2.5833333333333335,1.1538,0.7692,2026-05-24 20:49:02.254366,2026-08-23 21:02:22.309587
item_003286,115.57,2.8,automotive,2.0,4.0,3.2399999999999998,0.5152,0.3636,2026-05-24 20:49:02.254366,2026-08-23 21:02:22.309587
item_003287,338.33,4.2,home_garden,3.0,4.0,2.6,0.7143,0.5714,2026-05-24 20:49:02.254366,2026-08-23 21:02:22.309587
item_003288,17.1,3.9,books,1.0,4.0,2.6333333333333333,0.7097,0.3226,2026-05-24 20:49:02.254366,2026-08-23 21:02:22.309587
item_003289,518.69,4.1,home_garden,5.0,1.0,3.744444444444445,0.5238,0.3333,2026-05-24 20:49:02.254366,2026-08-23 21:02:22.309587
item_003290,241.89,3.6,sports,2.0,4.0,1.9600000000000002,0.7727,0.5909,2026-05-24 20:49:02.254366,2026-08-23 21:02:22.309587
item_003291,131.7,2.6,beauty,3.0,8.0,3.175,0.5116,0.3488,2026-05-24 20:49:02.254366,2026-08-23 21:02:22.309587
item_003292,241.88,3.6,automotive,2.0,2.0,2.6399999999999997,0.3333,0.2963,2026-05-24 20:49:02.254366,2026-08-23 21:02:22.309587
item_003293,154.6,3.1,automotive,3.0,2.0,2.5,0.2857,0.5238,2026-05-24 20:49:02.254366,2026-08-23 21:02:22.309587
item_003294,83.86,4.2,toys,4.0,5.0,3.4333333333333336,1.0,0.2821,2026-05-24 20:49:02.254366,2026-08-23 21:02:22.309587
item_003295,1874.46,4.0,electronics,4.0,7.0,3.3333333333333335,0.381,0.3333,2026-05-24 20:49:02.254366,2026-08-23 21:02:22.309587
item_003296,35.96,3.3,sports,0.0,3.0,2.7444444444444445,0.6429,0.3929,2026-05-24 20:49:02.254366,2026-08-23 21:02:22.309587
item_003297,13.47,3.4,books,1.0,3.0,3.3666666666666663,0.8462,0.2308,2026-05-24 20:49:02.254366,2026-08-23 21:02:22.309587
item_003298,357.64,4.9,automotive,5.0,0.0,2.7857142857142856,0.6,0.1714,2026-05-24 20:49:02.254366,2026-08-23 21:02:22.309587
item_003299,3307.63,4.7,jewelry,6.0,2.0,2.316666666666667,0.5333,0.4,2026-05-24 20:49:02.254366,2026-08-23 21:02:22.309587
item_003300,759.43,3.9,electronics,0.0,4.0,2.733333333333333,0.8095,0.6667,2026-05-24 20:49:02.254366,2026-08-23 21:02:22.309587
item_003301,63.29,4.8,clothing,1.0,1.0,3.0666666666666664,0.5357,0.25,2026-05-24 20:49:02.254366,2026-08-23 21:02:22.309587
item_003302,68.47,3.6,toys,5.0,10.0,2.95,0.5952,0.4286,2026-05-24 20:49:02.254366,2026-08-23 21:02:22.309587
item_003303,46.03,2.1,food,3.0,3.0,3.4714285714285715,0.5667,0.2667,2026-05-24 20:49:02.254366,2026-08-23 21:02:22.309587
item_003304,363.55,4.4,automotive,8.0,6.0,3.225,0.5714,0.4286,2026-05-24 20:49:02.254366,2026-08-23 21:02:22.309587
item_003305,22.4,3.3,automotive,4.0,2.0,2.525,0.6364,0.2727,2026-05-24 20:49:02.254366,2026-08-23 21:02:22.309587
item_003306,108.83,3.4,automotive,2.0,5.0,2.6599999999999997,0.8261,0.3043,2026-05-24 20:49:02.254366,2026-08-23 21:02:22.309587
item_003307,655.12,3.4,electronics,2.0,0.0,2.3333333333333335,0.6296,0.2593,2026-05-24 20:49:02.254366,2026-08-23 21:02:22.309587
item_003308,38.74,4.5,books,3.0,3.0,3.8,1.0556,0.6667,2026-05-24 20:49:02.254366,2026-08-23 21:02:22.309587
item_003309,80.41,3.5,home_garden,2.0,3.0,1.78,0.5556,0.4815,2026-05-24 20:49:02.254366,2026-08-23 21:02:22.309587
item_003310,3948.3,4.8,jewelry,5.0,6.0,2.9,0.375,0.3,2026-05-24 20:49:02.254366,2026-08-23 21:02:22.309587
item_003311,31.06,3.6,books,2.0,2.0,2.4666666666666663,0.9318,0.2727,2026-05-24 20:49:02.254366,2026-08-23 21:02:22.309587
item_003312,1822.03,4.0,electronics,2.0,5.0,3.6714285714285713,0.3333,0.3704,2026-05-24 20:49:02.254366,2026-08-23 21:02:22.309587
item_003313,4483.83,4.5,jewelry,0.0,3.0,3.08,0.3125,0.2083,2026-05-24 20:49:02.254366,2026-08-23 21:02:22.309587
item_003314,174.72,2.8,beauty,1.0,1.0,3.0,0.7308,0.3462,2026-05-24 20:49:02.254366,2026-08-23 21:02:22.309587
item_003315,1272.59,3.5,jewelry,2.0,6.0,3.5500000000000003,0.3235,0.3824,2026-05-24 20:49:02.254366,2026-08-23 21:02:22.309587
item_003316,82.92,4.5,clothing,3.0,2.0,2.4000000000000004,0.9167,0.5,2026-05-24 20:49:02.254366,2026-08-23 21:02:22.309587
item_003317,39.14,3.4,beauty,3.0,4.0,2.74,0.5,0.3684,2026-05-24 20:49:02.254366,2026-08-23 21:02:22.309587
item_003318,250.34,3.1,clothing,5.0,2.0,2.6,0.75,0.25,2026-05-24 20:49:02.254366,2026-08-23 21:02:22.309587
item_003319,84.24,3.1,beauty,5.0,3.0,2.6999999999999997,0.5965,0.2281,2026-05-24 20:49:02.254366,2026-08-23 21:02:22.309587
item_003320,32.49,4.2,books,3.0,8.0,2.4,0.8776,0.2857,2026-05-24 20:49:02.254366,2026-08-23 21:02:22.309587
item_003321,54.12,4.7,books,1.0,2.0,2.7,0.5,0.3077,2026-05-24 20:49:02.254366,2026-08-23 21:02:22.309587
item_003322,457.47,4.3,jewelry,3.0,4.0,2.5749999999999997,0.9091,0.5909,2026-05-24 20:49:02.254366,2026-08-23 21:02:22.309587
item_003323,297.47,3.4,automotive,3.0,2.0,2.433333333333333,0.381,0.2857,2026-05-24 20:49:02.254366,2026-08-23 21:02:22.309587
item_003324,38.76,4.6,books,4.0,6.0,1.92,0.8286,0.4571,2026-05-24 20:49:02.254366,2026-08-23 21:02:22.309587
item_003325,57.46,3.5,toys,2.0,3.0,2.4166666666666665,0.375,0.4062,2026-05-24 20:49:02.254366,2026-08-23 21:02:22.309587
item_003326,238.1,3.3,home_garden,1.0,0.0,2.3666666666666667,0.3462,0.3462,2026-05-24 20:49:02.254366,2026-08-23 21:02:22.309587
item_003327,13.5,3.9,books,3.0,3.0,2.216666666666667,0.4328,0.1791,2026-05-24 20:49:02.254366,2026-08-23 21:02:22.309587
item_003328,246.19,4.7,sports,0.0,4.0,3.317647058823529,0.8636,0.4091,2026-05-24 20:49:02.254366,2026-08-23 21:02:22.309587
item_003329,54.13,3.8,books,3.0,3.0,3.5625,0.3962,0.1887,2026-05-24 20:49:02.254366,2026-08-23 21:02:22.309587
item_003330,98.61,4.0,beauty,2.0,4.0,2.775,0.6667,0.4444,2026-05-24 20:49:02.254366,2026-08-23 21:02:22.309587
item_003331,4956.51,3.2,jewelry,3.0,2.0,3.8333333333333335,0.48,0.4,2026-05-24 20:49:02.254366,2026-08-23 21:02:22.309587
item_003332,318.07,3.1,sports,1.0,6.0,1.8,0.52,0.52,2026-05-24 20:49:02.254366,2026-08-23 21:02:22.309587
item_003333,224.77,2.6,automotive,3.0,4.0,3.525,0.5122,0.1951,2026-05-24 20:49:02.254366,2026-08-23 21:02:22.309587
item_003334,4184.1,3.1,jewelry,3.0,7.0,3.8499999999999996,0.375,0.5,2026-05-24 20:49:02.254366,2026-08-23 21:02:22.309587
item_003335,1809.82,3.2,jewelry,2.0,7.0,4.066666666666666,0.3913,0.6087,2026-05-24 20:49:02.254366,2026-08-23 21:02:22.309587
item_003336,248.79,4.0,clothing,3.0,6.0,3.111111111111111,0.75,0.4444,2026-05-24 20:49:02.254366,2026-08-23 21:02:22.309587
item_003337,104.86,4.3,beauty,3.0,3.0,3.2999999999999994,1.1364,0.6364,2026-05-24 20:49:02.254366,2026-08-23 21:02:22.309587
item_003338,1687.72,3.4,electronics,1.0,2.0,3.533333333333333,0.9333,0.6667,2026-05-24 20:49:02.254366,2026-08-23 21:02:22.309587
item_003339,103.49,2.7,clothing,3.0,3.0,3.56,0.5909,0.1818,2026-05-24 20:49:02.254366,2026-08-23 21:02:22.309587
item_003340,1976.6,3.9,electronics,3.0,3.0,2.62,0.8,0.3143,2026-05-24 20:49:02.254366,2026-08-23 21:02:22.309587
item_003341,329.13,4.8,home_garden,2.0,4.0,2.972727272727273,0.5294,0.2549,2026-05-24 20:49:02.254366,2026-08-23 21:02:22.309587
item_003342,2284.41,4.1,jewelry,2.0,1.0,2.925,0.7727,0.7273,2026-05-24 20:49:02.254366,2026-08-23 21:02:22.309587
item_003343,47.05,3.2,beauty,2.0,5.0,3.4857142857142853,0.7241,0.3103,2026-05-24 20:49:02.254366,2026-08-23 21:02:22.309587
item_003344,176.16,4.5,clothing,3.0,4.0,3.2285714285714286,0.75,0.5,2026-05-24 20:49:02.254366,2026-08-23 21:02:22.309587
item_003345,8.98,2.9,books,2.0,3.0,2.7,0.5161,0.3871,2026-05-24 20:49:02.254366,2026-08-23 21:02:22.309587
item_003346,77.01,3.2,food,2.0,1.0,3.2428571428571433,0.3056,0.1944,2026-05-24 20:49:02.254366,2026-08-23 21:02:22.309587
item_003347,3746.12,4.8,jewelry,0.0,9.0,3.1666666666666665,0.4583,0.8333,2026-05-24 20:49:02.254366,2026-08-23 21:02:22.309587
item_003348,33.48,3.5,food,3.0,1.0,3.0,0.3421,0.1579,2026-05-24 20:49:02.254366,2026-08-23 21:02:22.309587
item_003349,20.41,4.5,books,0.0,4.0,3.4857142857142853,0.8889,0.5185,2026-05-24 20:49:02.254366,2026-08-23 21:02:22.309587
item_003350,49.38,3.7,home_garden,1.0,5.0,3.3,1.0,0.4762,2026-05-24 20:49:02.254366,2026-08-23 21:02:22.309587
item_003351,295.64,4.1,clothing,1.0,4.0,2.18,0.4667,0.3667,2026-05-24 20:49:02.254366,2026-08-23 21:02:22.309587
item_003352,23.96,3.3,toys,4.0,4.0,2.02,0.4894,0.2766,2026-05-24 20:49:02.254366,2026-08-23 21:02:22.309587
item_003353,787.26,4.1,jewelry,1.0,4.0,3.1333333333333333,0.8409,0.3409,2026-05-24 20:49:02.254366,2026-08-23 21:02:22.309587
item_003354,5.57,2.1,food,2.0,2.0,2.5,0.4722,0.4444,2026-05-24 20:49:02.254366,2026-08-23 21:02:22.309587
item_003355,1495.29,3.8,electronics,4.0,8.0,3.1666666666666665,0.5366,0.439,2026-05-24 20:49:02.254366,2026-08-23 21:02:22.309587
item_003356,436.26,3.3,sports,1.0,7.0,2.357142857142857,0.9412,1.2353,2026-05-24 20:49:02.254366,2026-08-23 21:02:22.309587
item_003357,864.74,3.5,electronics,3.0,4.0,2.6399999999999997,0.5714,0.2286,2026-05-24 20:49:02.254366,2026-08-23 21:02:22.309587
item_003358,542.15,2.9,jewelry,1.0,6.0,1.9,0.5667,0.3,2026-05-24 20:49:02.254366,2026-08-23 21:02:22.309587
item_003359,59.55,4.2,beauty,2.0,2.0,2.1285714285714286,0.871,0.2258,2026-05-24 20:49:02.254366,2026-08-23 21:02:22.309587
item_003360,3045.91,4.6,jewelry,4.0,2.0,2.733333333333333,0.6,0.3143,2026-05-24 20:49:02.254366,2026-08-23 21:02:22.309587
item_003361,53.07,3.4,food,1.0,2.0,1.7000000000000002,0.48,0.32,2026-05-24 20:49:02.254366,2026-08-23 21:02:22.309587
item_003362,1225.65,3.8,electronics,3.0,3.0,1.875,1.2308,0.6538,2026-05-24 20:49:02.254366,2026-08-23 21:02:22.309587
item_003363,47.63,3.4,clothing,6.0,6.0,3.425,0.4677,0.2903,2026-05-24 20:49:02.254366,2026-08-23 21:02:22.309587
item_003364,227.34,3.5,automotive,6.0,6.0,3.25,0.6078,0.3725,2026-05-24 20:49:02.254366,2026-08-23 21:02:22.309587
item_003365,1895.45,2.6,electronics,1.0,1.0,2.56,0.65,0.3,2026-05-24 20:49:02.254366,2026-08-23 21:02:22.309587
item_003366,37.32,2.4,books,4.0,1.0,2.8,0.2963,0.1481,2026-05-24 20:49:02.254366,2026-08-23 21:02:22.309587
item_003367,44.64,4.6,food,2.0,2.0,3.5142857142857147,0.5862,0.2414,2026-05-24 20:49:02.254366,2026-08-23 21:02:22.309587
item_003368,133.89,2.5,toys,4.0,4.0,2.0,0.3636,0.1818,2026-05-24 20:49:02.254366,2026-08-23 21:02:22.309587
item_003369,87.6,4.0,beauty,2.0,7.0,2.9799999999999995,0.8889,0.6667,2026-05-24 20:49:02.254366,2026-08-23 21:02:22.309587
item_003370,258.44,4.3,automotive,1.0,2.0,3.0500000000000003,0.8571,0.2857,2026-05-24 20:49:02.254366,2026-08-23 21:02:22.309587
item_003371,495.64,3.9,home_garden,3.0,3.0,3.1999999999999997,0.5882,0.3137,2026-05-24 20:49:02.254366,2026-08-23 21:02:22.309587
item_003372,83.5,3.6,toys,1.0,5.0,2.7375,0.4828,0.4483,2026-05-24 20:49:02.254366,2026-08-23 21:02:22.309587
item_003373,140.74,4.7,automotive,1.0,0.0,3.0,0.4231,0.3077,2026-05-24 20:49:02.254366,2026-08-23 21:02:22.309587
item_003374,100.74,3.1,toys,2.0,5.0,3.057142857142857,0.4815,0.2407,2026-05-24 20:49:02.254366,2026-08-23 21:02:22.309587
item_003375,215.03,3.0,automotive,4.0,2.0,1.9333333333333336,0.5263,0.2105,2026-05-24 20:49:02.254366,2026-08-23 21:02:22.309587
item_003376,1789.52,3.7,electronics,1.0,4.0,2.4714285714285715,0.8667,0.3,2026-05-24 20:49:02.254366,2026-08-23 21:02:22.309587
item_003377,11.03,3.8,books,0.0,5.0,2.7800000000000002,0.6923,0.6538,2026-05-24 20:49:02.254366,2026-08-23 21:02:22.309587
item_003378,44.09,4.8,books,0.0,5.0,2.1399999999999997,0.8261,0.4348,2026-05-24 20:49:02.254366,2026-08-23 21:02:22.309587
item_003379,405.52,3.5,sports,2.0,4.0,2.5833333333333335,0.3235,0.3235,2026-05-24 20:49:02.254366,2026-08-23 21:02:22.309587
item_003380,35.3,5.0,books,7.0,6.0,2.98,0.7407,0.4815,2026-05-24 20:49:02.254366,2026-08-23 21:02:22.309587
item_003381,13.03,4.8,food,7.0,7.0,3.19,0.4167,0.4167,2026-05-24 20:49:02.254366,2026-08-23 21:02:22.309587
item_003382,96.59,4.0,beauty,1.0,9.0,3.025,0.6,0.56,2026-05-24 20:49:02.254366,2026-08-23 21:02:22.309587
item_003383,202.66,4.7,clothing,3.0,3.0,2.475,0.9524,0.5238,2026-05-24 20:49:02.254366,2026-08-23 21:02:22.309587
item_003384,36.11,4.7,books,0.0,5.0,3.05,0.6296,0.4444,2026-05-24 20:49:02.254366,2026-08-23 21:02:22.309587
item_003385,224.0,2.8,sports,2.0,2.0,2.5599999999999996,0.7619,0.381,2026-05-24 20:49:02.254366,2026-08-23 21:02:22.309587
item_003386,171.66,4.3,sports,4.0,7.0,4.175,0.5283,0.283,2026-05-24 20:49:02.254366,2026-08-23 21:02:22.309587
item_003387,14.61,3.9,toys,0.0,1.0,3.2,0.6957,0.1304,2026-05-24 20:49:02.254366,2026-08-23 21:02:22.309587
item_003388,383.88,3.1,home_garden,2.0,4.0,2.733333333333333,0.5517,0.3448,2026-05-24 20:49:02.254366,2026-08-23 21:02:22.309587
item_003389,701.07,3.7,home_garden,2.0,3.0,4.12,0.4706,0.2059,2026-05-24 20:49:02.254366,2026-08-23 21:02:22.309587
item_003390,87.29,4.8,toys,2.0,6.0,2.5999999999999996,0.7027,0.4865,2026-05-24 20:49:02.254366,2026-08-23 21:02:22.309587
item_003391,121.79,4.3,toys,1.0,1.0,3.3,0.8846,0.5,2026-05-24 20:49:02.254366,2026-08-23 21:02:22.309587
item_003392,15.94,3.4,books,4.0,7.0,3.0615384615384613,0.3243,0.2838,2026-05-24 20:49:02.254366,2026-08-23 21:02:22.309587
item_003393,665.5,5.0,home_garden,1.0,5.0,3.033333333333333,0.8571,0.4286,2026-05-24 20:49:02.254366,2026-08-23 21:02:22.309587
item_003394,987.14,5.0,electronics,2.0,5.0,2.4666666666666663,0.4815,0.3148,2026-05-24 20:49:02.254366,2026-08-23 21:02:22.309587
item_003395,38.47,4.2,clothing,1.0,2.0,2.6,0.4815,0.3333,2026-05-24 20:49:02.254366,2026-08-23 21:02:22.309587
item_003396,321.05,4.3,electronics,3.0,4.0,2.75,0.6786,0.3929,2026-05-24 20:49:02.254366,2026-08-23 21:02:22.309587
item_003397,4524.18,4.9,jewelry,3.0,1.0,3.414285714285714,0.7619,0.2857,2026-05-24 20:49:02.254366,2026-08-23 21:02:22.309587
item_003398,49.57,4.2,food,1.0,1.0,3.0,0.6087,0.2609,2026-05-24 20:49:02.254366,2026-08-23 21:02:22.309587
item_003399,18.09,3.4,books,7.0,3.0,2.8875,0.4909,0.1818,2026-05-24 20:49:02.254366,2026-08-23 21:02:22.309587
item_003400,35.31,3.2,books,4.0,2.0,3.375,0.3966,0.1897,2026-05-24 20:49:02.254366,2026-08-23 21:02:22.309587
item_003401,18.41,2.6,clothing,5.0,2.0,3.4499999999999997,0.2708,0.25,2026-05-24 20:49:02.254366,2026-08-23 21:02:22.309587
item_003402,49.25,4.3,toys,3.0,3.0,3.3,0.6176,0.2647,2026-05-24 20:49:02.254366,2026-08-23 21:02:22.309587
item_003403,188.16,3.9,electronics,2.0,4.0,2.55,0.7879,0.3636,2026-05-24 20:49:02.254366,2026-08-23 21:02:22.309587
item_003404,53.82,3.2,books,3.0,2.0,2.4,0.2895,0.3158,2026-05-24 20:49:02.254366,2026-08-23 21:02:22.309587
item_003405,170.36,2.1,clothing,3.0,4.0,3.5833333333333335,0.4894,0.2553,2026-05-24 20:49:02.254366,2026-08-23 21:02:22.309587
item_003406,118.1,2.7,beauty,1.0,1.0,2.7875,0.7407,0.2963,2026-05-24 20:49:02.254366,2026-08-23 21:02:22.309587
item_003407,255.11,4.4,clothing,6.0,6.0,2.66,0.3696,0.413,2026-05-24 20:49:02.254366,2026-08-23 21:02:22.309587
item_003408,274.42,3.2,clothing,3.0,5.0,3.716666666666667,0.4,0.3667,2026-05-24 20:49:02.254366,2026-08-23 21:02:22.309587
item_003409,107.69,3.1,toys,3.0,1.0,2.533333333333333,0.7857,0.3571,2026-05-24 20:49:02.254366,2026-08-23 21:02:22.309587
item_003410,37.74,3.4,books,0.0,4.0,2.975,0.5263,0.5263,2026-05-24 20:49:02.254366,2026-08-23 21:02:22.309587
item_003411,47.99,4.0,food,1.0,3.0,3.3857142857142857,0.8,0.28,2026-05-24 20:49:02.254366,2026-08-23 21:02:22.309587
item_003412,4703.67,3.9,jewelry,3.0,3.0,4.075,0.5926,0.3333,2026-05-24 20:49:02.254366,2026-08-23 21:02:22.309587
item_003413,159.29,4.0,beauty,3.0,5.0,2.75,0.4103,0.4359,2026-05-24 20:49:02.254366,2026-08-23 21:02:22.309587
item_003414,1525.4,3.1,electronics,2.0,6.0,4.066666666666666,0.3889,0.8333,2026-05-24 20:49:02.254366,2026-08-23 21:02:22.309587
item_003415,209.82,4.0,sports,2.0,3.0,2.5999999999999996,0.6786,0.3214,2026-05-24 20:49:02.254366,2026-08-23 21:02:22.309587
item_003416,911.18,4.6,jewelry,5.0,2.0,4.85,0.52,0.28,2026-05-24 20:49:02.254366,2026-08-23 21:02:22.309587
item_003417,761.04,1.9,electronics,4.0,4.0,3.6166666666666667,0.6154,0.6154,2026-05-24 20:49:02.254366,2026-08-23 21:02:22.309587
item_003418,138.59,3.6,automotive,3.0,4.0,2.925,0.5455,0.2727,2026-05-24 20:49:02.254366,2026-08-23 21:02:22.309587
item_003419,344.54,3.4,home_garden,6.0,4.0,2.983333333333333,0.5854,0.1951,2026-05-24 20:49:02.254366,2026-08-23 21:02:22.309587
item_003420,114.1,3.6,toys,0.0,5.0,2.7,0.8571,0.4762,2026-05-24 20:49:02.254366,2026-08-23 21:02:22.309587
item_003421,187.64,3.1,sports,2.0,7.0,4.2,0.9444,0.7222,2026-05-24 20:49:02.254366,2026-08-23 21:02:22.309587
item_003422,42.4,3.7,toys,2.0,6.0,3.6375,0.3478,0.4783,2026-05-24 20:49:02.254366,2026-08-23 21:02:22.309587
item_003423,62.49,3.4,beauty,5.0,5.0,3.4,0.4082,0.3673,2026-05-24 20:49:02.254366,2026-08-23 21:02:22.309587
item_003424,7.46,2.9,books,4.0,3.0,2.7454545454545456,0.5,0.2812,2026-05-24 20:49:02.254366,2026-08-23 21:02:22.309587
item_003425,78.8,4.1,food,2.0,6.0,2.6142857142857143,0.7273,0.5455,2026-05-24 20:49:02.254366,2026-08-23 21:02:22.309587
item_003426,268.37,4.7,automotive,2.0,4.0,3.5500000000000003,0.3191,0.1915,2026-05-24 20:49:02.254366,2026-08-23 21:02:22.309587
item_003427,67.74,3.8,food,2.0,2.0,3.0285714285714285,0.6897,0.3448,2026-05-24 20:49:02.254366,2026-08-23 21:02:22.309587
item_003428,270.25,4.3,automotive,2.0,2.0,1.8,0.6842,0.3158,2026-05-24 20:49:02.254366,2026-08-23 21:02:22.309587
item_003429,950.58,4.3,jewelry,0.0,2.0,2.84,0.7143,0.3333,2026-05-24 20:49:02.254366,2026-08-23 21:02:22.309587
item_003430,163.2,4.9,jewelry,3.0,2.0,2.6214285714285714,0.6364,0.2955,2026-05-24 20:49:02.254366,2026-08-23 21:02:22.309587
item_003431,59.83,4.3,books,0.0,6.0,2.3636363636363638,0.4889,0.4444,2026-05-24 20:49:02.254366,2026-08-23 21:02:22.309587
item_003432,674.23,3.9,jewelry,0.0,3.0,3.642857142857143,0.65,0.35,2026-05-24 20:49:02.254366,2026-08-23 21:02:22.309587
item_003433,155.65,3.6,clothing,1.0,3.0,2.95,0.6087,0.4348,2026-05-24 20:49:02.254366,2026-08-23 21:02:22.309587
item_003434,294.27,3.3,electronics,2.0,2.0,3.1777777777777776,1.0,0.5238,2026-05-24 20:49:02.254366,2026-08-23 21:02:22.309587
item_003435,661.81,3.8,home_garden,0.0,3.0,4.2,0.5714,0.619,2026-05-24 20:49:02.254366,2026-08-23 21:02:22.309587
item_003436,33.42,4.4,food,3.0,5.0,2.655555555555556,0.8,0.44,2026-05-24 20:49:02.254366,2026-08-23 21:02:22.309587
item_003437,12.94,4.7,books,1.0,3.0,3.2,0.4286,0.2857,2026-05-24 20:49:02.254366,2026-08-23 21:02:22.309587
item_003438,51.07,3.3,food,4.0,6.0,3.2399999999999998,0.4615,0.4615,2026-05-24 20:49:02.254366,2026-08-23 21:02:22.309587
item_003439,31.21,3.4,books,2.0,4.0,3.2875,0.5806,0.5484,2026-05-24 20:49:02.254366,2026-08-23 21:02:22.309587
item_003440,301.98,4.6,automotive,4.0,5.0,2.675,0.4762,0.2857,2026-05-24 20:49:02.254366,2026-08-23 21:02:22.309587
item_003441,31.65,4.9,food,5.0,7.0,2.766666666666667,0.56,0.56,2026-05-24 20:49:02.254366,2026-08-23 21:02:22.309587
item_003442,312.14,2.5,automotive,2.0,0.0,3.3,0.2692,0.1538,2026-05-24 20:49:02.254366,2026-08-23 21:02:22.309587
item_003443,64.03,3.8,clothing,4.0,5.0,2.8666666666666667,0.4359,0.2564,2026-05-24 20:49:02.254366,2026-08-23 21:02:22.309587
item_003444,66.71,4.3,automotive,0.0,2.0,2.94,0.875,0.5625,2026-05-24 20:49:02.254366,2026-08-23 21:02:22.309587
item_003445,750.67,4.2,home_garden,3.0,2.0,1.9000000000000001,0.6923,0.2308,2026-05-24 20:49:02.254366,2026-08-23 21:02:22.309587
item_003446,2032.08,2.6,jewelry,5.0,4.0,3.4142857142857146,0.3509,0.2807,2026-05-24 20:49:02.254366,2026-08-23 21:02:22.309587
item_003447,2904.59,3.8,jewelry,4.0,6.0,3.6666666666666665,0.5217,0.4348,2026-05-24 20:49:02.254366,2026-08-23 21:02:22.309587
item_003448,3.34,3.6,food,0.0,2.0,3.1714285714285713,0.8462,0.3462,2026-05-24 20:49:02.254366,2026-08-23 21:02:22.309587
item_003449,34.58,2.8,beauty,2.0,4.0,3.542857142857143,0.359,0.4103,2026-05-24 20:49:02.254366,2026-08-23 21:02:22.309587
item_003450,494.28,4.3,sports,2.0,3.0,2.1999999999999997,0.625,0.2917,2026-05-24 20:49:02.254366,2026-08-23 21:02:22.309587
item_003451,182.27,4.7,sports,3.0,2.0,3.025,0.45,0.3,2026-05-24 20:49:02.254366,2026-08-23 21:02:22.309587
item_003452,56.14,3.8,clothing,4.0,8.0,2.9857142857142853,0.4308,0.3077,2026-05-24 20:49:02.254366,2026-08-23 21:02:22.309587
item_003453,178.73,3.6,beauty,4.0,3.0,2.5142857142857147,0.6923,0.3333,2026-05-24 20:49:02.254366,2026-08-23 21:02:22.309587
item_003454,1270.03,3.9,electronics,2.0,4.0,2.45,0.5094,0.3774,2026-05-24 20:49:02.254366,2026-08-23 21:02:22.309587
item_003455,3468.98,4.4,jewelry,2.0,3.0,2.6399999999999997,0.7391,0.3043,2026-05-24 20:49:02.254366,2026-08-23 21:02:22.309587
item_003456,168.29,2.4,beauty,0.0,1.0,3.1,0.9048,0.381,2026-05-24 20:49:02.254366,2026-08-23 21:02:22.309587
item_003457,711.64,4.8,electronics,1.0,3.0,1.4,0.3214,0.1786,2026-05-24 20:49:02.254366,2026-08-23 21:02:22.309587
item_003458,64.49,3.3,home_garden,1.0,3.0,3.325,0.6154,0.5385,2026-05-24 20:49:02.254366,2026-08-23 21:02:22.309587
item_003459,185.16,4.0,beauty,1.0,3.0,3.41,0.359,0.2308,2026-05-24 20:49:02.254366,2026-08-23 21:02:22.309587
item_003460,656.87,3.8,electronics,2.0,3.0,3.96,0.7931,0.5517,2026-05-24 20:49:02.254366,2026-08-23 21:02:22.309587
item_003461,15.55,3.4,food,0.0,3.0,2.972727272727273,0.3333,0.1875,2026-05-24 20:49:02.254366,2026-08-23 21:02:22.309587
item_003462,373.15,5.0,sports,2.0,4.0,2.7166666666666663,0.7778,0.4444,2026-05-24 20:49:02.254366,2026-08-23 21:02:22.309587
item_003463,398.58,4.3,sports,1.0,1.0,2.62,1.5625,0.6875,2026-05-24 20:49:02.254366,2026-08-23 21:02:22.309587
item_003464,344.99,4.6,sports,1.0,4.0,2.1333333333333333,0.6667,0.375,2026-05-24 20:49:02.254366,2026-08-23 21:02:22.309587
item_003465,125.39,3.1,beauty,6.0,3.0,2.685714285714286,0.5,0.3438,2026-05-24 20:49:02.254366,2026-08-23 21:02:22.309587
item_003466,627.32,4.2,home_garden,2.0,2.0,2.2857142857142856,0.5484,0.3226,2026-05-24 20:49:02.254366,2026-08-23 21:02:22.309587
item_003467,778.6,3.9,electronics,3.0,5.0,3.644444444444444,0.5161,0.3548,2026-05-24 20:49:02.254366,2026-08-23 21:02:22.309587
item_003468,1187.69,3.8,jewelry,5.0,4.0,3.56,0.3922,0.2353,2026-05-24 20:49:02.254366,2026-08-23 21:02:22.309587
item_003469,90.58,5.0,beauty,1.0,4.0,3.56,0.8235,0.2647,2026-05-24 20:49:02.254366,2026-08-23 21:02:22.309587
item_003470,46.26,3.3,food,5.0,5.0,3.0333333333333337,0.3621,0.2586,2026-05-24 20:49:02.254366,2026-08-23 21:02:22.309587
item_003471,448.38,3.0,sports,1.0,5.0,1.4000000000000001,0.2121,0.2424,2026-05-24 20:49:02.254366,2026-08-23 21:02:22.309587
item_003472,59.8,3.6,beauty,3.0,5.0,2.2,0.5,0.5,2026-05-24 20:49:02.254366,2026-08-23 21:02:22.309587
item_003473,1218.14,4.4,electronics,2.0,3.0,3.1599999999999997,0.875,0.4583,2026-05-24 20:49:02.254366,2026-08-23 21:02:22.309587
item_003474,2508.38,5.0,jewelry,4.0,8.0,2.44,0.8788,0.5758,2026-05-24 20:49:02.254366,2026-08-23 21:02:22.309587
item_003475,43.33,4.7,food,7.0,5.0,3.216666666666667,0.449,0.2857,2026-05-24 20:49:02.254366,2026-08-23 21:02:22.309587
item_003476,43.45,3.4,books,3.0,5.0,3.1,0.4848,0.303,2026-05-24 20:49:02.254366,2026-08-23 21:02:22.309587
item_003477,69.63,4.0,beauty,2.0,3.0,2.58,0.5862,0.3103,2026-05-24 20:49:02.254366,2026-08-23 21:02:22.309587
item_003478,3071.34,4.2,jewelry,1.0,4.0,1.9333333333333336,0.7037,0.3704,2026-05-24 20:49:02.254366,2026-08-23 21:02:22.309587
item_003479,3822.57,3.8,jewelry,0.0,6.0,2.9714285714285715,0.5455,0.2545,2026-05-24 20:49:02.254366,2026-08-23 21:02:22.309587
item_003480,172.49,3.8,clothing,7.0,5.0,2.96,0.6667,0.3077,2026-05-24 20:49:02.254366,2026-08-23 21:02:22.309587
item_003481,27.26,3.8,home_garden,4.0,5.0,2.82,0.8065,0.2581,2026-05-24 20:49:02.254366,2026-08-23 21:02:22.309587
item_003482,21.15,4.0,books,4.0,3.0,2.8333333333333335,0.7742,0.2903,2026-05-24 20:49:02.254366,2026-08-23 21:02:22.309587
item_003483,185.57,3.6,automotive,1.0,4.0,3.016666666666667,0.7917,0.375,2026-05-24 20:49:02.254366,2026-08-23 21:02:22.309587
item_003484,12.18,4.4,food,2.0,0.0,2.6833333333333336,0.7188,0.0938,2026-05-24 20:49:02.254366,2026-08-23 21:02:22.309587
item_003485,18.63,3.8,books,1.0,8.0,2.225,0.8,0.6667,2026-05-24 20:49:02.254366,2026-08-23 21:02:22.309587
item_003486,47.17,3.5,books,2.0,6.0,2.8857142857142857,0.6,0.36,2026-05-24 20:49:02.254366,2026-08-23 21:02:22.309587
item_003487,3866.13,3.3,jewelry,5.0,12.0,2.4272727272727277,0.4808,0.4808,2026-05-24 20:49:02.254366,2026-08-23 21:02:22.309587
item_003488,2766.61,3.7,jewelry,2.0,4.0,3.042857142857143,0.6562,0.2188,2026-05-24 20:49:02.254366,2026-08-23 21:02:22.309587
item_003489,113.29,1.4,toys,7.0,3.0,2.85,0.459,0.2295,2026-05-24 20:49:02.254366,2026-08-23 21:02:22.309587
item_003490,113.34,3.2,automotive,3.0,7.0,3.35,0.7931,0.5862,2026-05-24 20:49:02.254366,2026-08-23 21:02:22.309587
item_003491,300.34,4.9,sports,4.0,5.0,3.1,0.5217,0.4783,2026-05-24 20:49:02.254366,2026-08-23 21:02:22.309587
item_003492,209.06,4.4,sports,7.0,5.0,3.477777777777778,0.3729,0.339,2026-05-24 20:49:02.254366,2026-08-23 21:02:22.309587
item_003493,134.63,4.1,clothing,4.0,4.0,4.14,0.6,0.2,2026-05-24 20:49:02.254366,2026-08-23 21:02:22.309587
item_003494,1537.04,4.0,electronics,1.0,3.0,3.625,0.7059,0.4706,2026-05-24 20:49:02.254366,2026-08-23 21:02:22.309587
item_003495,416.15,3.7,electronics,0.0,6.0,2.042857142857143,0.8182,0.5,2026-05-24 20:49:02.254366,2026-08-23 21:02:22.309587
item_003496,261.15,3.6,home_garden,2.0,5.0,2.9625,0.5273,0.3455,2026-05-24 20:49:02.254366,2026-08-23 21:02:22.309587
item_003497,74.74,3.3,food,4.0,3.0,2.65,0.5938,0.375,2026-05-24 20:49:02.254366,2026-08-23 21:02:22.309587
item_003498,4027.49,3.7,jewelry,2.0,3.0,3.257142857142857,0.7778,0.3333,2026-05-24 20:49:02.254366,2026-08-23 21:02:22.309587
item_003499,433.25,3.6,electronics,6.0,5.0,2.9285714285714284,0.5227,0.2955,2026-05-24 20:49:02.254366,2026-08-23 21:02:22.309587
item_003500,22.75,4.4,sports,4.0,0.0,3.54,0.5714,0.2143,2026-05-24 20:49:02.254366,2026-08-23 21:02:22.309587
item_003501,610.86,4.9,electronics,2.0,7.0,2.85,1.1,0.75,2026-05-24 20:49:02.254366,2026-08-23 21:02:22.309587
item_003502,67.59,4.3,clothing,0.0,3.0,1.5499999999999998,0.7917,0.4583,2026-05-24 20:49:02.254366,2026-08-23 21:02:22.309587
item_003503,33.62,3.2,books,3.0,6.0,2.623076923076923,0.7368,0.5,2026-05-24 20:49:02.254366,2026-08-23 21:02:22.309587
item_003504,1684.14,2.6,jewelry,2.0,4.0,3.0200000000000005,0.6,0.28,2026-05-24 20:49:02.254366,2026-08-23 21:02:22.309587
item_003505,225.34,3.7,sports,0.0,4.0,2.8,0.8696,0.6087,2026-05-24 20:49:02.254366,2026-08-23 21:02:22.309587
item_003506,27.84,2.8,food,3.0,3.0,3.085714285714286,0.4444,0.1556,2026-05-24 20:49:02.254366,2026-08-23 21:02:22.309587
item_003507,622.76,3.9,home_garden,0.0,1.0,2.7199999999999998,0.6552,0.3793,2026-05-24 20:49:02.254366,2026-08-23 21:02:22.309587
item_003508,1340.19,5.0,electronics,2.0,3.0,3.511111111111111,0.3922,0.3529,2026-05-24 20:49:02.254366,2026-08-23 21:02:22.309587
item_003509,1165.97,3.3,electronics,0.0,4.0,3.3,0.4333,0.3333,2026-05-24 20:49:02.254366,2026-08-23 21:02:22.309587
item_003510,30.95,4.9,books,0.0,2.0,2.04,0.7241,0.3448,2026-05-24 20:49:02.254366,2026-08-23 21:02:22.309587
item_003511,396.35,2.6,sports,5.0,1.0,4.35,0.5862,0.3448,2026-05-24 20:49:02.254366,2026-08-23 21:02:22.309587
item_003512,275.21,3.5,sports,2.0,6.0,2.727272727272727,0.45,0.4,2026-05-24 20:49:02.254366,2026-08-23 21:02:22.309587
item_003513,3624.54,3.1,jewelry,1.0,3.0,2.0,0.8571,0.7857,2026-05-24 20:49:02.254366,2026-08-23 21:02:22.309587
item_003514,16.28,3.4,food,1.0,3.0,3.25,0.8261,0.2609,2026-05-24 20:49:02.254366,2026-08-23 21:02:22.309587
item_003515,216.8,2.1,clothing,1.0,2.0,2.625,0.5625,0.1875,2026-05-24 20:49:02.254366,2026-08-23 21:02:22.309587
item_003516,24.25,4.7,toys,2.0,3.0,1.8,0.6087,0.3478,2026-05-24 20:49:02.254366,2026-08-23 21:02:22.309587
item_003517,3839.79,5.0,jewelry,0.0,11.0,2.7800000000000002,0.625,0.7083,2026-05-24 20:49:02.254366,2026-08-23 21:02:22.309587
item_003518,12.34,2.4,automotive,1.0,3.0,2.090909090909091,0.4595,0.1622,2026-05-24 20:49:02.254366,2026-08-23 21:02:22.309587
item_003519,98.4,4.2,toys,4.0,6.0,3.37,0.4,0.3333,2026-05-24 20:49:02.254366,2026-08-23 21:02:22.309587
item_003520,274.58,2.8,sports,6.0,4.0,3.7,0.4878,0.3659,2026-05-24 20:49:02.254366,2026-08-23 21:02:22.309587
item_003521,32.72,3.2,beauty,3.0,4.0,3.822222222222222,0.434,0.2075,2026-05-24 20:49:02.254366,2026-08-23 21:02:22.309587
item_003522,161.44,4.4,automotive,5.0,2.0,3.0833333333333335,0.7073,0.3659,2026-05-24 20:49:02.254366,2026-08-23 21:02:22.309587
item_003523,2249.51,4.0,jewelry,2.0,3.0,2.1399999999999997,0.5417,0.4167,2026-05-24 20:49:02.254366,2026-08-23 21:02:22.309587
item_003524,16.45,3.9,home_garden,1.0,5.0,4.066666666666666,0.6,0.48,2026-05-24 20:49:02.254366,2026-08-23 21:02:22.309587
item_003525,448.43,4.0,home_garden,8.0,1.0,3.02,0.3438,0.2188,2026-05-24 20:49:02.254366,2026-08-23 21:02:22.309587
item_003526,62.8,4.9,toys,1.0,5.0,2.96,0.7037,0.5556,2026-05-24 20:49:02.254366,2026-08-23 21:02:22.309587
item_003527,67.02,2.1,home_garden,3.0,4.0,3.8333333333333335,0.4259,0.3704,2026-05-24 20:49:02.254366,2026-08-23 21:02:22.309587
item_003528,2031.24,3.5,jewelry,1.0,3.0,3.4,1.2778,0.5,2026-05-24 20:49:02.254366,2026-08-23 21:02:22.309587
item_003529,53.24,2.7,sports,2.0,1.0,2.95,0.25,0.1562,2026-05-24 20:49:02.254366,2026-08-23 21:02:22.309587
item_003530,3.39,3.5,food,3.0,0.0,3.15,0.5,0.1562,2026-05-24 20:49:02.254366,2026-08-23 21:02:22.309587
item_003531,862.06,4.0,jewelry,1.0,4.0,3.9,0.7391,0.4348,2026-05-24 20:49:02.254366,2026-08-23 21:02:22.309587
item_003532,222.12,4.7,clothing,2.0,4.0,2.8600000000000003,0.5909,0.3864,2026-05-24 20:49:02.254366,2026-08-23 21:02:22.309587
item_003533,36.26,3.7,food,3.0,6.0,3.8599999999999994,0.4706,0.5,2026-05-24 20:49:02.254366,2026-08-23 21:02:22.309587
item_003534,617.92,4.1,home_garden,4.0,7.0,3.46,0.64,0.26,2026-05-24 20:49:02.254366,2026-08-23 21:02:22.309587
item_003535,55.48,4.2,books,1.0,4.0,2.5818181818181816,0.8636,0.5455,2026-05-24 20:49:02.254366,2026-08-23 21:02:22.309587
item_003536,74.65,4.2,toys,7.0,6.0,3.2,0.4643,0.4643,2026-05-24 20:49:02.254366,2026-08-23 21:02:22.309587
item_003537,443.96,3.8,home_garden,1.0,5.0,2.8833333333333333,0.6552,0.3448,2026-05-24 20:49:02.254366,2026-08-23 21:02:22.309587
item_003538,339.24,2.4,automotive,1.0,6.0,2.46,0.6538,0.5,2026-05-24 20:49:02.254366,2026-08-23 21:02:22.309587
item_003539,23.31,3.4,food,3.0,3.0,3.47,0.5806,0.3548,2026-05-24 20:49:02.254366,2026-08-23 21:02:22.309587
item_003540,90.16,4.1,sports,5.0,4.0,2.8166666666666664,1.3478,0.3043,2026-05-24 20:49:02.254366,2026-08-23 21:02:22.309587
item_003541,284.14,3.6,clothing,3.0,5.0,3.1363636363636362,0.5312,0.3125,2026-05-24 20:49:02.254366,2026-08-23 21:02:22.309587
item_003542,287.1,3.9,automotive,2.0,6.0,2.5555555555555554,0.4524,0.2143,2026-05-24 20:49:02.254366,2026-08-23 21:02:22.309587
item_003543,72.77,4.1,automotive,6.0,7.0,3.7875,0.566,0.2642,2026-05-24 20:49:02.254366,2026-08-23 21:02:22.309587
item_003544,35.29,3.5,food,3.0,1.0,2.85,1.0,0.45,2026-05-24 20:49:02.254366,2026-08-23 21:02:22.309587
item_003545,1046.53,2.9,electronics,2.0,3.0,3.2,0.6364,0.2727,2026-05-24 20:49:02.254366,2026-08-23 21:02:22.309587
item_003546,743.58,2.6,home_garden,6.0,6.0,2.733333333333333,0.5263,0.3158,2026-05-24 20:49:02.254366,2026-08-23 21:02:22.309587
item_003547,144.67,4.2,beauty,3.0,4.0,2.857142857142857,0.65,0.35,2026-05-24 20:49:02.254366,2026-08-23 21:02:22.309587
item_003548,58.2,4.0,books,1.0,5.0,3.3666666666666667,0.8,0.72,2026-05-24 20:49:02.254366,2026-08-23 21:02:22.309587
item_003549,1474.79,3.0,electronics,4.0,10.0,3.683333333333333,0.3607,0.3279,2026-05-24 20:49:02.254366,2026-08-23 21:02:22.309587
item_003550,3885.75,2.5,jewelry,3.0,2.0,1.8666666666666665,0.3256,0.2791,2026-05-24 20:49:02.254366,2026-08-23 21:02:22.309587
item_003551,153.27,4.7,automotive,2.0,5.0,1.5,0.7059,0.8824,2026-05-24 20:49:02.254366,2026-08-23 21:02:22.309587
item_003552,242.88,3.3,automotive,4.0,6.0,2.725,0.5926,0.2593,2026-05-24 20:49:02.254366,2026-08-23 21:02:22.309587
item_003553,74.46,4.7,toys,4.0,3.0,2.533333333333333,0.5,0.3182,2026-05-24 20:49:02.254366,2026-08-23 21:02:22.309587
item_003554,47.01,4.1,books,6.0,7.0,3.0833333333333335,0.3571,0.2429,2026-05-24 20:49:02.254366,2026-08-23 21:02:22.309587
item_003555,128.62,4.6,clothing,1.0,4.0,2.2399999999999998,1.2105,0.5263,2026-05-24 20:49:02.254366,2026-08-23 21:02:22.309587
item_003556,693.47,4.0,home_garden,1.0,2.0,3.1500000000000004,0.5806,0.2581,2026-05-24 20:49:02.254366,2026-08-23 21:02:22.309587
item_003557,150.2,3.2,beauty,3.0,2.0,3.1666666666666665,0.7619,0.2381,2026-05-24 20:49:02.254366,2026-08-23 21:02:22.309587
item_003558,71.36,5.0,automotive,6.0,3.0,3.9,0.7742,0.3548,2026-05-24 20:49:02.254366,2026-08-23 21:02:22.309587
item_003559,32.58,3.5,clothing,5.0,4.0,3.6799999999999997,0.4576,0.2034,2026-05-24 20:49:02.254366,2026-08-23 21:02:22.309587
item_003560,64.96,4.4,food,4.0,3.0,2.375,0.6087,0.3261,2026-05-24 20:49:02.254366,2026-08-23 21:02:22.309587
item_003561,48.63,4.6,beauty,2.0,6.0,3.283333333333333,0.7742,0.3548,2026-05-24 20:49:02.254366,2026-08-23 21:02:22.309587
item_003562,67.15,3.3,toys,0.0,4.0,3.1166666666666667,0.4333,0.4333,2026-05-24 20:49:02.254366,2026-08-23 21:02:22.309587
item_003563,14.66,4.3,food,2.0,6.0,2.85,0.6176,0.5882,2026-05-24 20:49:02.254366,2026-08-23 21:02:22.309587
item_003564,112.23,4.2,home_garden,0.0,2.0,2.2,0.6,0.1714,2026-05-24 20:49:02.254366,2026-08-23 21:02:22.309587
item_003565,189.79,4.7,clothing,2.0,6.0,3.6333333333333333,0.5,0.4231,2026-05-24 20:49:02.254366,2026-08-23 21:02:22.309587
item_003566,1129.31,4.8,electronics,3.0,1.0,2.925,0.9,0.2667,2026-05-24 20:49:02.254366,2026-08-23 21:02:22.309587
item_003567,42.12,3.1,books,2.0,5.0,3.1,0.5128,0.2821,2026-05-24 20:49:02.254366,2026-08-23 21:02:22.309587
item_003568,21.52,4.0,food,0.0,9.0,3.5500000000000003,0.6,0.6333,2026-05-24 20:49:02.254366,2026-08-23 21:02:22.309587
item_003569,351.84,2.6,electronics,3.0,3.0,2.8285714285714287,0.4242,0.3939,2026-05-24 20:49:02.254366,2026-08-23 21:02:22.309587
item_003570,243.81,3.6,electronics,5.0,7.0,1.9,0.3871,0.2903,2026-05-24 20:49:02.254366,2026-08-23 21:02:22.309587
item_003571,393.27,5.0,automotive,2.0,4.0,2.983333333333333,0.4091,0.1818,2026-05-24 20:49:02.254366,2026-08-23 21:02:22.309587
item_003572,19.0,3.1,books,1.0,1.0,3.125,0.6522,0.3043,2026-05-24 20:49:02.254366,2026-08-23 21:02:22.309587
item_003573,24.05,3.6,toys,3.0,5.0,2.88,0.5946,0.3514,2026-05-24 20:49:02.254366,2026-08-23 21:02:22.309587
item_003574,41.76,3.6,books,1.0,3.0,2.9,0.7308,0.5,2026-05-24 20:49:02.254366,2026-08-23 21:02:22.309587
item_003575,75.47,2.5,food,1.0,5.0,2.7285714285714286,0.6,0.44,2026-05-24 20:49:02.254366,2026-08-23 21:02:22.309587
item_003576,52.59,5.0,toys,5.0,5.0,2.8777777777777778,0.8205,0.359,2026-05-24 20:49:02.254366,2026-08-23 21:02:22.309587
item_003577,343.77,4.0,sports,2.0,2.0,2.857142857142857,0.6154,0.3462,2026-05-24 20:49:02.254366,2026-08-23 21:02:22.309587
item_003578,1230.91,4.3,jewelry,2.0,6.0,2.375,0.3898,0.2712,2026-05-24 20:49:02.254366,2026-08-23 21:02:22.309587
item_003579,89.1,2.7,toys,7.0,4.0,2.716666666666667,0.2025,0.3038,2026-05-24 20:49:02.254366,2026-08-23 21:02:22.309587
item_003580,162.3,4.0,sports,2.0,5.0,3.0,0.3273,0.2909,2026-05-24 20:49:02.254366,2026-08-23 21:02:22.309587
item_003581,299.19,3.8,home_garden,4.0,3.0,3.5,0.5349,0.2326,2026-05-24 20:49:02.254366,2026-08-23 21:02:22.309587
item_003582,59.46,2.6,books,1.0,4.0,2.3666666666666667,0.2619,0.2381,2026-05-24 20:49:02.254366,2026-08-23 21:02:22.309587
item_003583,90.96,3.1,beauty,2.0,3.0,3.4166666666666665,0.5517,0.1724,2026-05-24 20:49:02.254366,2026-08-23 21:02:22.309587
item_003584,27.5,3.5,books,2.0,4.0,4.2,0.375,0.2292,2026-05-24 20:49:02.254366,2026-08-23 21:02:22.309587
item_003585,16.43,3.9,food,2.0,3.0,2.5,0.3462,0.2885,2026-05-24 20:49:02.254366,2026-08-23 21:02:22.309587
item_003586,453.82,3.9,sports,1.0,5.0,3.125,0.6786,0.3929,2026-05-24 20:49:02.254366,2026-08-23 21:02:22.309587
item_003587,47.04,2.7,books,2.0,0.0,3.9,0.5143,0.1429,2026-05-24 20:49:02.254366,2026-08-23 21:02:22.309587
item_003588,136.46,3.5,automotive,0.0,2.0,1.9333333333333333,0.8889,0.1667,2026-05-24 20:49:02.254366,2026-08-23 21:02:22.309587
item_003589,434.39,3.9,electronics,1.0,7.0,4.3,0.5814,0.3256,2026-05-24 20:49:02.254366,2026-08-23 21:02:22.309587
item_003590,81.83,4.0,toys,3.0,6.0,2.433333333333333,0.4894,0.3404,2026-05-24 20:49:02.254366,2026-08-23 21:02:22.309587
item_003591,44.21,2.1,books,4.0,5.0,3.3874999999999997,0.4706,0.4412,2026-05-24 20:49:02.254366,2026-08-23 21:02:22.309587
item_003592,223.66,3.0,home_garden,2.0,0.0,1.1,0.4889,0.2667,2026-05-24 20:49:02.254366,2026-08-23 21:02:22.309587
item_003593,5.91,4.5,food,3.0,1.0,2.566666666666667,0.6154,0.2692,2026-05-24 20:49:02.254366,2026-08-23 21:02:22.309587
item_003594,51.47,5.0,books,3.0,3.0,3.1285714285714286,0.6,0.44,2026-05-24 20:49:02.254366,2026-08-23 21:02:22.309587
item_003595,1906.23,3.9,electronics,2.0,3.0,2.733333333333333,0.4688,0.375,2026-05-24 20:49:02.254366,2026-08-23 21:02:22.309587
item_003596,17.7,3.7,food,3.0,2.0,3.05,0.4848,0.2121,2026-05-24 20:49:02.254366,2026-08-23 21:02:22.309587
item_003597,303.28,3.8,home_garden,1.0,5.0,3.1999999999999997,0.5312,0.3438,2026-05-24 20:49:02.254366,2026-08-23 21:02:22.309587
item_003598,36.35,4.0,food,2.0,7.0,2.88,0.5957,0.2979,2026-05-24 20:49:02.254366,2026-08-23 21:02:22.309587
item_003599,180.62,3.7,clothing,0.0,2.0,2.8666666666666667,0.7692,0.1923,2026-05-24 20:49:02.254366,2026-08-23 21:02:22.309587
item_003600,107.4,4.7,beauty,2.0,1.0,3.0,0.7931,0.2414,2026-05-24 20:49:02.254366,2026-08-23 21:02:22.309587
item_003601,4773.18,4.3,jewelry,3.0,3.0,3.3333333333333335,0.4,0.2333,2026-05-24 20:49:02.254366,2026-08-23 21:02:22.309587
item_003602,225.17,4.0,home_garden,5.0,5.0,3.5142857142857147,0.3488,0.4419,2026-05-24 20:49:02.254366,2026-08-23 21:02:22.309587
item_003603,8.09,3.7,books,2.0,4.0,2.4799999999999995,0.5385,0.3462,2026-05-24 20:49:02.254366,2026-08-23 21:02:22.309587
item_003604,183.2,3.1,clothing,6.0,9.0,2.9166666666666665,0.5106,0.3404,2026-05-24 20:49:02.254366,2026-08-23 21:02:22.309587
item_003605,47.17,4.2,books,3.0,5.0,3.488888888888889,0.5098,0.2549,2026-05-24 20:49:02.254366,2026-08-23 21:02:22.309587
item_003606,112.59,4.3,clothing,5.0,0.0,3.6,0.5135,0.1892,2026-05-24 20:49:02.254366,2026-08-23 21:02:22.309587
item_003607,408.84,3.4,home_garden,4.0,2.0,3.6666666666666665,0.8,0.16,2026-05-24 20:49:02.254366,2026-08-23 21:02:22.309587
item_003608,2640.66,4.7,jewelry,4.0,2.0,3.5799999999999996,0.75,0.4,2026-05-24 20:49:02.254366,2026-08-23 21:02:22.309587
item_003609,139.07,3.8,toys,5.0,3.0,2.733333333333334,0.6207,0.2414,2026-05-24 20:49:02.254366,2026-08-23 21:02:22.309587
item_003610,47.53,4.3,beauty,1.0,5.0,2.8333333333333335,0.9677,0.3226,2026-05-24 20:49:02.254366,2026-08-23 21:02:22.309587
item_003611,71.78,4.1,electronics,5.0,5.0,1.925,0.4286,0.3878,2026-05-24 20:49:02.254366,2026-08-23 21:02:22.309587
item_003612,6.42,3.2,beauty,2.0,1.0,3.62,0.5217,0.2391,2026-05-24 20:49:02.254366,2026-08-23 21:02:22.309587
item_003613,312.69,5.0,sports,2.0,3.0,3.483333333333333,0.913,0.2174,2026-05-24 20:49:02.254366,2026-08-23 21:02:22.309587
item_003614,30.39,3.8,books,4.0,4.0,2.7,0.7895,0.3421,2026-05-24 20:49:02.254366,2026-08-23 21:02:22.309587
item_003615,23.22,3.5,beauty,1.0,4.0,3.5999999999999996,0.625,0.375,2026-05-24 20:49:02.254366,2026-08-23 21:02:22.309587
item_003616,250.67,4.1,automotive,6.0,4.0,2.44,0.4483,0.3793,2026-05-24 20:49:02.254366,2026-08-23 21:02:22.309587
item_003617,244.7,5.0,clothing,2.0,3.0,2.5,0.9091,0.4545,2026-05-24 20:49:02.254366,2026-08-23 21:02:22.309587
item_003618,646.75,3.1,home_garden,1.0,6.0,2.6571428571428575,0.5263,0.5,2026-05-24 20:49:02.254366,2026-08-23 21:02:22.309587
item_003619,98.79,4.3,clothing,2.0,4.0,2.575,0.875,0.375,2026-05-24 20:49:02.254366,2026-08-23 21:02:22.309587
item_003620,33.13,3.6,beauty,3.0,7.0,3.075,0.5652,0.3913,2026-05-24 20:49:02.254366,2026-08-23 21:02:22.309587
item_003621,82.88,4.4,electronics,2.0,3.0,3.6333333333333333,0.5667,0.4,2026-05-24 20:49:02.254366,2026-08-23 21:02:22.309587
item_003622,124.72,4.4,toys,4.0,2.0,2.55,0.5185,0.3333,2026-05-24 20:49:02.254366,2026-08-23 21:02:22.309587
item_003623,4.6,2.8,food,4.0,3.0,2.9,0.3889,0.3056,2026-05-24 20:49:02.254366,2026-08-23 21:02:22.309587
item_003624,1311.5,3.6,jewelry,4.0,4.0,2.8666666666666667,0.4571,0.1714,2026-05-24 20:49:02.254366,2026-08-23 21:02:22.309587
item_003625,116.25,3.2,sports,1.0,3.0,3.3,1.0455,0.3182,2026-05-24 20:49:02.254366,2026-08-23 21:02:22.309587
item_003626,15.01,4.6,toys,0.0,5.0,2.66,0.7083,0.5,2026-05-24 20:49:02.254366,2026-08-23 21:02:22.309587
item_003627,87.74,4.1,toys,3.0,6.0,2.775,0.5385,0.359,2026-05-24 20:49:02.254366,2026-08-23 21:02:22.309587
item_003628,1751.43,4.7,electronics,2.0,5.0,3.427272727272727,0.5312,0.5312,2026-05-24 20:49:02.254366,2026-08-23 21:02:22.309587
item_003629,284.56,4.4,home_garden,2.0,3.0,1.9333333333333333,0.875,0.6875,2026-05-24 20:49:02.254366,2026-08-23 21:02:22.309587
item_003630,491.97,3.4,home_garden,7.0,2.0,3.0,0.5152,0.1667,2026-05-24 20:49:02.254366,2026-08-23 21:02:22.309587
item_003631,75.07,3.4,clothing,3.0,1.0,3.35,0.3913,0.2174,2026-05-24 20:49:02.254366,2026-08-23 21:02:22.309587
item_003632,40.45,4.0,books,2.0,4.0,2.7800000000000002,0.451,0.3137,2026-05-24 20:49:02.254366,2026-08-23 21:02:22.309587
item_003633,226.45,5.0,home_garden,9.0,3.0,2.963636363636364,0.4324,0.1622,2026-05-24 20:49:02.254366,2026-08-23 21:02:22.309587
item_003634,55.24,3.7,toys,3.0,9.0,3.0666666666666664,0.5,0.3947,2026-05-24 20:49:02.254366,2026-08-23 21:02:22.309587
item_003635,53.0,4.1,books,2.0,7.0,3.233333333333334,0.875,0.5417,2026-05-24 20:49:02.254366,2026-08-23 21:02:22.309587
item_003636,148.95,4.4,toys,4.0,6.0,3.611111111111111,0.6667,0.3056,2026-05-24 20:49:02.254366,2026-08-23 21:02:22.309587
item_003637,1434.99,3.8,jewelry,1.0,1.0,3.2666666666666666,0.95,0.25,2026-05-24 20:49:02.254366,2026-08-23 21:02:22.309587
item_003638,58.25,5.0,clothing,6.0,8.0,3.6500000000000004,0.7381,0.4048,2026-05-24 20:49:02.254366,2026-08-23 21:02:22.309587
item_003639,449.27,3.6,home_garden,1.0,8.0,2.4833333333333334,1.0476,0.7143,2026-05-24 20:49:02.254366,2026-08-23 21:02:22.309587
item_003640,537.89,3.0,electronics,5.0,4.0,3.0500000000000003,0.5517,0.2414,2026-05-24 20:49:02.254366,2026-08-23 21:02:22.309587
item_003641,70.52,4.4,food,7.0,9.0,2.8333333333333335,0.3898,0.322,2026-05-24 20:49:02.254366,2026-08-23 21:02:22.309587
item_003642,137.49,3.2,home_garden,0.0,3.0,3.675,0.4231,0.3462,2026-05-24 20:49:02.254366,2026-08-23 21:02:22.309587
item_003643,359.06,3.6,electronics,4.0,4.0,2.9375,0.66,0.24,2026-05-24 20:49:02.254366,2026-08-23 21:02:22.309587
item_003644,1376.76,4.0,electronics,8.0,4.0,2.2,0.6207,0.2759,2026-05-24 20:49:02.254366,2026-08-23 21:02:22.309587
item_003645,146.33,3.7,beauty,4.0,5.0,2.4,0.5238,0.4524,2026-05-24 20:49:02.254366,2026-08-23 21:02:22.309587
item_003646,252.18,3.9,automotive,5.0,2.0,2.08,0.6071,0.2857,2026-05-24 20:49:02.254366,2026-08-23 21:02:22.309587
item_003647,140.24,3.9,automotive,0.0,3.0,2.825,0.5,0.4091,2026-05-24 20:49:02.254366,2026-08-23 21:02:22.309587
item_003648,78.1,5.0,toys,3.0,8.0,2.757142857142857,0.8182,0.4545,2026-05-24 20:49:02.254366,2026-08-23 21:02:22.309587
item_003649,44.52,4.2,food,3.0,1.0,2.742857142857143,0.6176,0.3235,2026-05-24 20:49:02.254366,2026-08-23 21:02:22.309587
item_003650,724.31,3.8,home_garden,4.0,5.0,3.1666666666666665,0.3409,0.2273,2026-05-24 20:49:02.254366,2026-08-23 21:02:22.309587
item_003651,50.68,3.4,food,2.0,6.0,2.6571428571428575,0.6818,0.5,2026-05-24 20:49:02.254366,2026-08-23 21:02:22.309587
item_003652,109.52,3.5,beauty,7.0,3.0,2.6888888888888887,0.4151,0.1887,2026-05-24 20:49:02.254366,2026-08-23 21:02:22.309587
item_003653,33.72,2.5,automotive,6.0,5.0,2.8875,0.3214,0.2857,2026-05-24 20:49:02.254366,2026-08-23 21:02:22.309587
item_003654,269.95,4.8,sports,2.0,3.0,3.325,0.8378,0.3784,2026-05-24 20:49:02.254366,2026-08-23 21:02:22.309587
item_003655,107.53,3.7,jewelry,1.0,4.0,3.5,0.6471,0.5294,2026-05-24 20:49:02.254366,2026-08-23 21:02:22.309587
item_003656,495.77,4.3,sports,0.0,1.0,3.17,0.6923,0.3846,2026-05-24 20:49:02.254366,2026-08-23 21:02:22.309587
item_003657,205.43,3.9,electronics,5.0,4.0,3.233333333333333,0.4118,0.3529,2026-05-24 20:49:02.254366,2026-08-23 21:02:22.309587
item_003658,337.15,4.1,automotive,1.0,1.0,3.4000000000000004,0.4545,0.5,2026-05-24 20:49:02.254366,2026-08-23 21:02:22.309587
item_003659,175.92,3.1,beauty,0.0,3.0,2.642857142857143,0.5385,0.3462,2026-05-24 20:49:02.254366,2026-08-23 21:02:22.309587
item_003660,1931.58,4.4,electronics,5.0,7.0,2.4416666666666664,0.54,0.32,2026-05-24 20:49:02.254366,2026-08-23 21:02:22.309587
item_003661,154.86,2.8,automotive,3.0,1.0,3.08,0.5143,0.2,2026-05-24 20:49:02.254366,2026-08-23 21:02:22.309587
item_003662,108.8,3.7,sports,3.0,5.0,1.5,0.9,0.5,2026-05-24 20:49:02.254366,2026-08-23 21:02:22.309587
item_003663,4622.14,4.1,jewelry,2.0,5.0,3.16,0.5625,0.3125,2026-05-24 20:49:02.254366,2026-08-23 21:02:22.309587
item_003664,81.38,4.2,home_garden,1.0,7.0,2.8125,0.7391,0.5217,2026-05-24 20:49:02.254366,2026-08-23 21:02:22.309587
item_003665,768.84,3.5,home_garden,2.0,5.0,3.0100000000000002,0.5476,0.3333,2026-05-24 20:49:02.254366,2026-08-23 21:02:22.309587
item_003666,28.41,2.7,books,1.0,4.0,3.2399999999999998,0.8333,0.3333,2026-05-24 20:49:02.254366,2026-08-23 21:02:22.309587
item_003667,385.44,4.2,automotive,1.0,2.0,3.2125,0.7097,0.1935,2026-05-24 20:49:02.254366,2026-08-23 21:02:22.309587
item_003668,1027.0,3.5,jewelry,0.0,1.0,2.94,0.7619,0.3333,2026-05-24 20:49:02.254366,2026-08-23 21:02:22.309587
item_003669,101.43,4.2,automotive,7.0,0.0,3.033333333333333,0.5417,0.25,2026-05-24 20:49:02.254366,2026-08-23 21:02:22.309587
item_003670,55.78,3.8,clothing,0.0,1.0,2.3428571428571425,0.5714,0.4286,2026-05-24 20:49:02.254366,2026-08-23 21:02:22.309587
item_003671,214.56,2.8,automotive,1.0,4.0,3.3166666666666664,0.5172,0.4138,2026-05-24 20:49:02.254366,2026-08-23 21:02:22.309587
item_003672,127.93,4.4,toys,3.0,1.0,2.8333333333333335,0.7353,0.2059,2026-05-24 20:49:02.254366,2026-08-23 21:02:22.309587
item_003673,254.44,3.1,clothing,1.0,3.0,2.16,0.5714,0.2143,2026-05-24 20:49:02.254366,2026-08-23 21:02:22.309587
item_003674,135.25,3.4,home_garden,6.0,4.0,2.4875,0.4528,0.3019,2026-05-24 20:49:02.254366,2026-08-23 21:02:22.309587
item_003675,14.45,4.8,clothing,0.0,4.0,3.5,0.7941,0.3235,2026-05-24 20:49:02.254366,2026-08-23 21:02:22.309587
item_003676,155.51,3.8,sports,5.0,6.0,3.1181818181818177,0.5,0.1852,2026-05-24 20:49:02.254366,2026-08-23 21:02:22.309587
item_003677,187.87,3.5,beauty,1.0,2.0,3.275,0.55,0.35,2026-05-24 20:49:02.254366,2026-08-23 21:02:22.309587
item_003678,28.83,5.0,food,3.0,5.0,2.6285714285714286,0.8,0.4,2026-05-24 20:49:02.254366,2026-08-23 21:02:22.309587
item_003679,196.92,3.0,automotive,2.0,2.0,2.4,0.56,0.36,2026-05-24 20:49:02.254366,2026-08-23 21:02:22.309587
item_003680,375.54,4.6,home_garden,7.0,4.0,3.4899999999999998,0.5238,0.3333,2026-05-24 20:49:02.254366,2026-08-23 21:02:22.309587
item_003681,265.95,3.9,clothing,1.0,5.0,3.1999999999999997,0.7,0.3333,2026-05-24 20:49:02.254366,2026-08-23 21:02:22.309587
item_003682,166.9,2.6,beauty,0.0,4.0,2.4,0.8571,0.3333,2026-05-24 20:49:02.254366,2026-08-23 21:02:22.309587
item_003683,1753.5,3.6,electronics,0.0,2.0,3.1,0.6296,0.1852,2026-05-24 20:49:02.254366,2026-08-23 21:02:22.309587
item_003684,676.82,5.0,home_garden,2.0,3.0,1.0,0.6129,0.4194,2026-05-24 20:49:02.254366,2026-08-23 21:02:22.309587
item_003685,39.87,4.6,books,0.0,5.0,3.3833333333333333,0.64,0.68,2026-05-24 20:49:02.254366,2026-08-23 21:02:22.309587
item_003686,559.64,3.1,electronics,2.0,3.0,2.46,0.8571,0.4762,2026-05-24 20:49:02.254366,2026-08-23 21:02:22.309587
item_003687,1383.68,4.0,electronics,3.0,2.0,3.5666666666666664,0.5333,0.2,2026-05-24 20:49:02.254366,2026-08-23 21:02:22.309587
item_003688,18.97,3.8,clothing,1.0,4.0,3.4166666666666665,0.6364,0.5909,2026-05-24 20:49:02.254366,2026-08-23 21:02:22.309587
item_003689,19.02,3.7,beauty,2.0,4.0,3.2399999999999998,0.95,0.55,2026-05-24 20:49:02.254366,2026-08-23 21:02:22.309587
item_003690,246.62,3.4,clothing,2.0,4.0,3.12,0.619,0.7143,2026-05-24 20:49:02.254366,2026-08-23 21:02:22.309587
item_003691,58.73,3.9,food,4.0,1.0,3.4499999999999997,1.05,0.3,2026-05-24 20:49:02.254366,2026-08-23 21:02:22.309587
item_003692,81.03,3.3,toys,4.0,3.0,2.677777777777778,0.5,0.2308,2026-05-24 20:49:02.254366,2026-08-23 21:02:22.309587
item_003693,27.25,4.5,automotive,3.0,5.0,2.9444444444444446,0.5556,0.3111,2026-05-24 20:49:02.254366,2026-08-23 21:02:22.309587
item_003694,52.33,3.7,automotive,0.0,1.0,2.766666666666667,1.3333,0.5,2026-05-24 20:49:02.254366,2026-08-23 21:02:22.309587
item_003695,19.68,4.6,food,1.0,3.0,3.272727272727273,0.7667,0.2333,2026-05-24 20:49:02.254366,2026-08-23 21:02:22.309587
item_003696,40.02,3.4,toys,1.0,3.0,3.3333333333333335,0.8571,0.3571,2026-05-24 20:49:02.254366,2026-08-23 21:02:22.309587
item_003697,135.79,3.4,beauty,2.0,1.0,3.1666666666666665,1.0385,0.2692,2026-05-24 20:49:02.254366,2026-08-23 21:02:22.309587
item_003698,3196.24,3.8,jewelry,5.0,5.0,2.642857142857143,0.4,0.3,2026-05-24 20:49:02.254366,2026-08-23 21:02:22.309587
item_003699,33.58,3.3,books,1.0,4.0,3.18,0.3714,0.2286,2026-05-24 20:49:02.254366,2026-08-23 21:02:22.309587
item_003700,149.21,3.7,clothing,3.0,3.0,3.62,0.7097,0.2581,2026-05-24 20:49:02.254366,2026-08-23 21:02:22.309587
item_003701,527.86,3.3,jewelry,2.0,2.0,4.1,0.48,0.44,2026-05-24 20:49:02.254366,2026-08-23 21:02:22.309587
item_003702,33.08,4.1,beauty,5.0,4.0,1.8,0.6071,0.3571,2026-05-24 20:49:02.254366,2026-08-23 21:02:22.309587
item_003703,27.66,3.2,food,1.0,6.0,2.4,0.4062,0.3438,2026-05-24 20:49:02.254366,2026-08-23 21:02:22.309587
item_003704,297.81,4.4,home_garden,2.0,3.0,3.3000000000000003,0.5714,0.3214,2026-05-24 20:49:02.254366,2026-08-23 21:02:22.309587
item_003705,32.5,3.9,food,2.0,4.0,3.3666666666666667,0.4,0.3333,2026-05-24 20:49:02.254366,2026-08-23 21:02:22.309587
item_003706,2994.49,3.6,jewelry,6.0,2.0,2.175,0.4667,0.1333,2026-05-24 20:49:02.254366,2026-08-23 21:02:22.309587
item_003707,1577.2,3.0,jewelry,4.0,5.0,1.5,0.413,0.1957,2026-05-24 20:49:02.254366,2026-08-23 21:02:22.309587
item_003708,7.9,2.9,beauty,4.0,2.0,3.38,0.5484,0.2903,2026-05-24 20:49:02.254366,2026-08-23 21:02:22.309587
item_003709,242.67,5.0,clothing,5.0,3.0,2.675,1.0,0.2917,2026-05-24 20:49:02.254366,2026-08-23 21:02:22.309587
item_003710,96.01,4.2,toys,2.0,6.0,3.216666666666667,0.6,0.52,2026-05-24 20:49:02.254366,2026-08-23 21:02:22.309587
item_003711,144.56,4.1,sports,5.0,3.0,2.914285714285714,0.7273,0.2727,2026-05-24 20:49:02.254366,2026-08-23 21:02:22.309587
item_003712,211.65,3.4,clothing,4.0,4.0,2.38,0.7742,0.2581,2026-05-24 20:49:02.254366,2026-08-23 21:02:22.309587
item_003713,298.64,4.2,automotive,5.0,6.0,2.4499999999999997,0.7241,0.4483,2026-05-24 20:49:02.254366,2026-08-23 21:02:22.309587
item_003714,8.95,3.8,books,5.0,11.0,3.1,0.35,0.35,2026-05-24 20:49:02.254366,2026-08-23 21:02:22.309587
item_003715,167.42,3.6,home_garden,3.0,4.0,3.0,0.6538,0.3077,2026-05-24 20:49:02.254366,2026-08-23 21:02:22.309587
item_003716,18.3,3.0,toys,1.0,3.0,3.266666666666667,0.7576,0.1818,2026-05-24 20:49:02.254366,2026-08-23 21:02:22.309587
item_003717,27.47,4.1,food,1.0,1.0,1.4833333333333334,0.6,0.36,2026-05-24 20:49:02.254366,2026-08-23 21:02:22.309587
item_003718,105.3,5.0,toys,1.0,4.0,2.9272727272727277,0.871,0.2903,2026-05-24 20:49:02.254366,2026-08-23 21:02:22.309587
item_003719,118.3,4.8,toys,2.0,4.0,2.7875,0.5143,0.3143,2026-05-24 20:49:02.254366,2026-08-23 21:02:22.309587
item_003720,685.69,4.5,home_garden,1.0,2.0,2.0625,0.8182,0.2273,2026-05-24 20:49:02.254366,2026-08-23 21:02:22.309587
item_003721,46.9,3.1,food,5.0,7.0,3.3874999999999997,0.4314,0.2941,2026-05-24 20:49:02.254366,2026-08-23 21:02:22.309587
item_003722,3552.53,3.0,jewelry,2.0,6.0,4.45,0.3429,0.3714,2026-05-24 20:49:02.254366,2026-08-23 21:02:22.309587
item_003723,347.54,4.3,sports,3.0,2.0,2.75,0.6061,0.3333,2026-05-24 20:49:02.254366,2026-08-23 21:02:22.309587
item_003724,75.05,3.9,automotive,0.0,2.0,2.8636363636363638,1.3125,0.75,2026-05-24 20:49:02.254366,2026-08-23 21:02:22.309587
item_003725,4644.03,3.6,jewelry,0.0,4.0,2.4749999999999996,0.8889,0.3889,2026-05-24 20:49:02.254366,2026-08-23 21:02:22.309587
item_003726,466.81,3.5,electronics,4.0,4.0,2.9375,0.6667,0.3,2026-05-24 20:49:02.254366,2026-08-23 21:02:22.309587
item_003727,724.99,2.4,home_garden,1.0,2.0,3.9666666666666663,0.3913,0.2609,2026-05-24 20:49:02.254366,2026-08-23 21:02:22.309587
item_003728,48.06,4.2,books,3.0,6.0,2.7857142857142856,0.4151,0.3396,2026-05-24 20:49:02.254366,2026-08-23 21:02:22.309587
item_003729,735.81,3.9,electronics,3.0,3.0,3.4333333333333336,0.359,0.2821,2026-05-24 20:49:02.254366,2026-08-23 21:02:22.309587
item_003730,195.22,3.3,home_garden,1.0,9.0,3.12,0.5926,0.5926,2026-05-24 20:49:02.254366,2026-08-23 21:02:22.309587
item_003731,442.46,5.0,electronics,1.0,5.0,3.06,0.7727,0.5455,2026-05-24 20:49:02.254366,2026-08-23 21:02:22.309587
item_003732,34.17,3.1,food,3.0,4.0,3.4499999999999997,0.4865,0.2703,2026-05-24 20:49:02.254366,2026-08-23 21:02:22.309587
item_003733,55.77,3.0,toys,2.0,5.0,2.9000000000000004,0.85,0.3,2026-05-24 20:49:02.254366,2026-08-23 21:02:22.309587
item_003734,250.97,3.7,sports,3.0,6.0,2.4285714285714284,0.963,0.4815,2026-05-24 20:49:02.254366,2026-08-23 21:02:22.309587
item_003735,1263.83,4.1,electronics,1.0,5.0,2.0,0.4118,0.2647,2026-05-24 20:49:02.254366,2026-08-23 21:02:22.309587
item_003736,28.59,4.7,beauty,0.0,4.0,1.98,0.9655,0.4138,2026-05-24 20:49:02.254366,2026-08-23 21:02:22.309587
item_003737,38.69,4.0,books,1.0,2.0,3.3,0.5758,0.303,2026-05-24 20:49:02.254366,2026-08-23 21:02:22.309587
item_003738,29.37,4.4,clothing,3.0,6.0,2.983333333333333,0.5111,0.2222,2026-05-24 20:49:02.254366,2026-08-23 21:02:22.309587
item_003739,54.62,4.5,clothing,1.0,1.0,3.5125,0.52,0.48,2026-05-24 20:49:02.254366,2026-08-23 21:02:22.309587
item_003740,30.27,4.5,toys,3.0,3.0,2.5,0.4722,0.25,2026-05-24 20:49:02.254366,2026-08-23 21:02:22.309587
item_003741,58.29,4.0,food,0.0,9.0,3.4499999999999997,1.0,0.7917,2026-05-24 20:49:02.254366,2026-08-23 21:02:22.309587
item_003742,354.6,4.0,home_garden,2.0,2.0,3.0,0.7,0.2333,2026-05-24 20:49:02.254366,2026-08-23 21:02:22.309587
item_003743,386.06,3.4,automotive,4.0,4.0,3.05,0.3243,0.2973,2026-05-24 20:49:02.254366,2026-08-23 21:02:22.309587
item_003744,7.38,3.7,food,1.0,5.0,3.34,0.4545,0.3636,2026-05-24 20:49:02.254366,2026-08-23 21:02:22.309587
item_003745,64.06,3.5,toys,3.0,2.0,2.0666666666666664,0.4324,0.3243,2026-05-24 20:49:02.254366,2026-08-23 21:02:22.309587
item_003746,73.4,4.1,food,2.0,4.0,2.316666666666667,0.6364,0.2424,2026-05-24 20:49:02.254366,2026-08-23 21:02:22.309587
item_003747,54.55,4.7,toys,1.0,3.0,1.9333333333333333,0.68,0.32,2026-05-24 20:49:02.254366,2026-08-23 21:02:22.309587
item_003748,4128.95,3.5,jewelry,5.0,4.0,2.9,0.4848,0.1818,2026-05-24 20:49:02.254366,2026-08-23 21:02:22.309587
item_003749,277.64,4.3,clothing,2.0,4.0,3.18,0.9,0.4,2026-05-24 20:49:02.254366,2026-08-23 21:02:22.309587
item_003750,316.43,3.0,automotive,5.0,5.0,2.7142857142857144,0.381,0.2381,2026-05-24 20:49:02.254366,2026-08-23 21:02:22.309587
item_003751,189.07,4.4,home_garden,4.0,4.0,2.8555555555555556,0.3333,0.25,2026-05-24 20:49:02.254366,2026-08-23 21:02:22.309587
item_003752,28.58,3.2,food,2.0,6.0,2.5500000000000003,0.6129,0.4194,2026-05-24 20:49:02.254366,2026-08-23 21:02:22.309587
item_003753,88.87,5.0,toys,1.0,1.0,3.5,0.6667,0.3,2026-05-24 20:49:02.254366,2026-08-23 21:02:22.309587
item_003754,68.22,4.3,clothing,4.0,2.0,3.409090909090909,0.3778,0.2,2026-05-24 20:49:02.254366,2026-08-23 21:02:22.309587
item_003755,25.88,4.4,books,3.0,4.0,2.9799999999999995,0.6296,0.6296,2026-05-24 20:49:02.254366,2026-08-23 21:02:22.309587
item_003756,361.46,4.6,home_garden,2.0,5.0,3.125,0.4848,0.3636,2026-05-24 20:49:02.254366,2026-08-23 21:02:22.309587
item_003757,171.19,3.6,sports,5.0,3.0,3.08,0.8846,0.2308,2026-05-24 20:49:02.254366,2026-08-23 21:02:22.309587
item_003758,28.91,3.8,toys,3.0,5.0,4.0600000000000005,0.35,0.225,2026-05-24 20:49:02.254366,2026-08-23 21:02:22.309587
item_003759,12.48,2.3,food,5.0,9.0,2.6818181818181817,0.4225,0.1831,2026-05-24 20:49:02.254366,2026-08-23 21:02:22.309587
item_003760,1586.3,3.5,electronics,5.0,3.0,3.522222222222222,0.6136,0.2955,2026-05-24 20:49:02.254366,2026-08-23 21:02:22.309587
item_003761,73.88,3.5,food,4.0,4.0,3.225,0.6818,0.4091,2026-05-24 20:49:02.254366,2026-08-23 21:02:22.309587
item_003762,103.05,2.7,automotive,3.0,4.0,3.0300000000000002,0.4872,0.2821,2026-05-24 20:49:02.254366,2026-08-23 21:02:22.309587
item_003763,1800.57,4.0,electronics,5.0,1.0,1.9285714285714286,0.3333,0.2,2026-05-24 20:49:02.254366,2026-08-23 21:02:22.309587
item_003764,8.53,3.9,toys,4.0,5.0,3.12,0.4783,0.6087,2026-05-24 20:49:02.254366,2026-08-23 21:02:22.309587
item_003765,79.11,2.6,food,10.0,4.0,2.5615384615384613,0.4308,0.1538,2026-05-24 20:49:02.254366,2026-08-23 21:02:22.309587
item_003766,51.73,4.2,toys,2.0,5.0,3.0999999999999996,0.5556,0.5,2026-05-24 20:49:02.254366,2026-08-23 21:02:22.309587
item_003767,95.63,3.7,clothing,3.0,8.0,3.02,0.4545,0.2909,2026-05-24 20:49:02.254366,2026-08-23 21:02:22.309587
item_003768,65.39,3.4,automotive,4.0,2.0,2.85,0.5455,0.3636,2026-05-24 20:49:02.254366,2026-08-23 21:02:22.309587
item_003769,36.16,4.0,toys,3.0,4.0,3.1999999999999997,0.6,0.4571,2026-05-24 20:49:02.254366,2026-08-23 21:02:22.309587
item_003770,92.59,3.7,automotive,4.0,3.0,2.3714285714285714,0.4068,0.2712,2026-05-24 20:49:02.254366,2026-08-23 21:02:22.309587
item_003771,37.49,5.0,food,1.0,4.0,2.2833333333333337,0.5667,0.3667,2026-05-24 20:49:02.254366,2026-08-23 21:02:22.309587
item_003772,1449.11,5.0,jewelry,3.0,6.0,3.642857142857143,0.6207,0.5517,2026-05-24 20:49:02.254366,2026-08-23 21:02:22.309587
item_003773,1735.34,4.5,electronics,4.0,5.0,2.3600000000000003,0.2973,0.2973,2026-05-24 20:49:02.254366,2026-08-23 21:02:22.309587
item_003774,23.21,2.9,books,1.0,4.0,2.6,0.65,0.4,2026-05-24 20:49:02.254366,2026-08-23 21:02:22.309587
item_003775,30.04,4.1,books,2.0,2.0,2.1999999999999997,1.1053,0.3684,2026-05-24 20:49:02.254366,2026-08-23 21:02:22.309587
item_003776,62.76,4.3,food,3.0,0.0,2.6333333333333333,0.6207,0.4483,2026-05-24 20:49:02.254366,2026-08-23 21:02:22.309587
item_003777,1038.16,4.9,electronics,3.0,4.0,3.111111111111111,0.6226,0.2075,2026-05-24 20:49:02.254366,2026-08-23 21:02:22.309587
item_003778,3151.68,3.9,jewelry,0.0,2.0,2.4,1.2222,0.6111,2026-05-24 20:49:02.254366,2026-08-23 21:02:22.309587
item_003779,380.17,4.1,automotive,0.0,1.0,3.1,0.5,0.2812,2026-05-24 20:49:02.254366,2026-08-23 21:02:22.309587
item_003780,765.95,3.0,home_garden,3.0,1.0,3.0200000000000005,0.4242,0.1818,2026-05-24 20:49:02.254366,2026-08-23 21:02:22.309587
item_003781,2709.09,2.9,jewelry,2.0,4.0,4.2,0.4583,0.3333,2026-05-24 20:49:02.254366,2026-08-23 21:02:22.309587
item_003782,1002.79,3.2,electronics,4.0,2.0,2.7,0.587,0.1739,2026-05-24 20:49:02.254366,2026-08-23 21:02:22.309587
item_003783,754.68,3.0,jewelry,4.0,4.0,3.9333333333333336,0.5385,0.2308,2026-05-24 20:49:02.254366,2026-08-23 21:02:22.309587
item_003784,349.77,3.9,automotive,3.0,1.0,3.4000000000000004,1.0455,0.4091,2026-05-24 20:49:02.254366,2026-08-23 21:02:22.309587
item_003785,136.97,2.0,beauty,3.0,5.0,3.533333333333333,0.4565,0.2826,2026-05-24 20:49:02.254366,2026-08-23 21:02:22.309587
item_003786,356.01,3.7,automotive,2.0,7.0,2.483333333333333,0.5,0.5,2026-05-24 20:49:02.254366,2026-08-23 21:02:22.309587
item_003787,37.82,3.9,beauty,2.0,3.0,3.1916666666666664,0.6053,0.2632,2026-05-24 20:49:02.254366,2026-08-23 21:02:22.309587
item_003788,130.07,3.9,toys,0.0,3.0,1.8333333333333333,0.5625,0.2812,2026-05-24 20:49:02.254366,2026-08-23 21:02:22.309587
item_003789,180.73,4.7,clothing,5.0,8.0,2.9,0.6923,0.4872,2026-05-24 20:49:02.254366,2026-08-23 21:02:22.309587
item_003790,323.53,4.9,electronics,2.0,6.0,3.28,0.5088,0.386,2026-05-24 20:49:02.254366,2026-08-23 21:02:22.309587
item_003791,279.7,4.9,clothing,3.0,0.0,1.5333333333333332,0.6512,0.2558,2026-05-24 20:49:02.254366,2026-08-23 21:02:22.309587
item_003792,278.74,4.2,clothing,1.0,5.0,3.1,0.5,0.5769,2026-05-24 20:49:02.254366,2026-08-23 21:02:22.309587
item_003793,112.95,3.3,toys,0.0,2.0,3.185714285714286,0.7619,0.4286,2026-05-24 20:49:02.254366,2026-08-23 21:02:22.309587
item_003794,316.05,3.1,sports,1.0,3.0,3.033333333333333,0.8519,0.2222,2026-05-24 20:49:02.254366,2026-08-23 21:02:22.309587
item_003795,37.21,2.8,books,3.0,7.0,2.772727272727273,0.3971,0.25,2026-05-24 20:49:02.254366,2026-08-23 21:02:22.309587
item_003796,261.72,4.1,automotive,1.0,7.0,2.6333333333333333,0.7917,0.5417,2026-05-24 20:49:02.254366,2026-08-23 21:02:22.309587
item_003797,81.81,3.8,sports,4.0,3.0,3.2636363636363637,0.641,0.3077,2026-05-24 20:49:02.254366,2026-08-23 21:02:22.309587
item_003798,35.74,3.7,food,0.0,5.0,4.3,0.3333,0.3556,2026-05-24 20:49:02.254366,2026-08-23 21:02:22.309587
item_003799,139.26,4.4,beauty,1.0,3.0,3.5333333333333337,0.56,0.36,2026-05-24 20:49:02.254366,2026-08-23 21:02:22.309587
item_003800,1322.37,3.8,electronics,3.0,4.0,3.46,0.7143,0.6667,2026-05-24 20:49:02.254366,2026-08-23 21:02:22.309587
item_003801,30.41,5.0,toys,0.0,5.0,3.1166666666666667,1.0,0.4118,2026-05-24 20:49:02.254366,2026-08-23 21:02:22.309587
item_003802,315.54,2.8,automotive,0.0,1.0,3.4666666666666663,0.4,0.2,2026-05-24 20:49:02.254366,2026-08-23 21:02:22.309587
item_003803,317.97,3.9,automotive,1.0,6.0,3.15,1.0588,0.8235,2026-05-24 20:49:02.254366,2026-08-23 21:02:22.309587
item_003804,119.48,2.6,toys,1.0,2.0,3.9,0.8077,0.4231,2026-05-24 20:49:02.254366,2026-08-23 21:02:22.309587
item_003805,122.74,4.3,beauty,2.0,5.0,2.8333333333333335,0.5152,0.303,2026-05-24 20:49:02.254366,2026-08-23 21:02:22.309587
item_003806,2476.96,2.9,jewelry,3.0,8.0,2.5,0.6364,0.3636,2026-05-24 20:49:02.254366,2026-08-23 21:02:22.309587
item_003807,62.52,4.0,sports,5.0,5.0,4.18,0.5957,0.234,2026-05-24 20:49:02.254366,2026-08-23 21:02:22.309587
item_003808,1051.87,3.3,electronics,5.0,6.0,3.45,0.4561,0.2632,2026-05-24 20:49:02.254366,2026-08-23 21:02:22.309587
item_003809,33.67,3.2,books,0.0,7.0,2.7600000000000002,0.7241,0.4828,2026-05-24 20:49:02.254366,2026-08-23 21:02:22.309587
item_003810,189.38,3.3,sports,4.0,5.0,2.5625,0.3488,0.3721,2026-05-24 20:49:02.254366,2026-08-23 21:02:22.309587
item_003811,83.83,3.7,toys,5.0,5.0,2.2199999999999998,0.4375,0.1875,2026-05-24 20:49:02.254366,2026-08-23 21:02:22.309587
item_003812,48.53,3.0,toys,3.0,4.0,2.4,0.6875,0.4688,2026-05-24 20:49:02.254366,2026-08-23 21:02:22.309587
item_003813,602.83,2.9,home_garden,2.0,2.0,1.9666666666666668,0.5417,0.5417,2026-05-24 20:49:02.254366,2026-08-23 21:02:22.309587
item_003814,256.15,4.2,clothing,2.0,1.0,2.542857142857143,0.625,0.4167,2026-05-24 20:49:02.254366,2026-08-23 21:02:22.309587
item_003815,38.64,2.4,beauty,1.0,5.0,2.36,0.3529,0.2157,2026-05-24 20:49:02.254366,2026-08-23 21:02:22.309587
item_003816,720.93,4.0,home_garden,2.0,5.0,3.4,0.7353,0.4706,2026-05-24 20:49:02.254366,2026-08-23 21:02:22.309587
item_003817,22.5,2.5,books,3.0,2.0,3.585714285714286,0.4717,0.1887,2026-05-24 20:49:02.254366,2026-08-23 21:02:22.309587
item_003818,73.06,3.9,food,2.0,2.0,3.066666666666667,0.6818,0.3182,2026-05-24 20:49:02.254366,2026-08-23 21:02:22.309587
item_003819,14.63,3.2,books,1.0,5.0,2.6999999999999997,0.4412,0.3235,2026-05-24 20:49:02.254366,2026-08-23 21:02:22.309587
item_003820,309.58,4.3,sports,3.0,6.0,3.233333333333333,0.75,0.5833,2026-05-24 20:49:02.254366,2026-08-23 21:02:22.309587
item_003821,142.85,4.7,sports,2.0,5.0,3.091666666666667,0.6154,0.3077,2026-05-24 20:49:02.254366,2026-08-23 21:02:22.309587
item_003822,1981.04,3.6,electronics,1.0,2.0,2.86,0.8261,0.4783,2026-05-24 20:49:02.254366,2026-08-23 21:02:22.309587
item_003823,48.68,3.9,books,1.0,4.0,2.425,0.9643,0.5,2026-05-24 20:49:02.254366,2026-08-23 21:02:22.309587
item_003824,107.96,4.6,clothing,3.0,2.0,3.1999999999999997,0.6207,0.4483,2026-05-24 20:49:02.254366,2026-08-23 21:02:22.309587
item_003825,545.36,3.6,home_garden,1.0,1.0,2.983333333333333,0.6522,0.2174,2026-05-24 20:49:02.254366,2026-08-23 21:02:22.309587
item_003826,28.97,4.3,books,3.0,3.0,3.3428571428571425,0.3684,0.3158,2026-05-24 20:49:02.254366,2026-08-23 21:02:22.309587
item_003827,855.21,3.2,jewelry,4.0,3.0,2.88,0.3846,0.3462,2026-05-24 20:49:02.254366,2026-08-23 21:02:22.309587
item_003828,51.62,4.0,automotive,3.0,4.0,1.3333333333333333,0.3654,0.3462,2026-05-24 20:49:02.254366,2026-08-23 21:02:22.309587
item_003829,2152.58,4.0,jewelry,1.0,5.0,3.6333333333333333,0.6207,0.4483,2026-05-24 20:49:02.254366,2026-08-23 21:02:22.309587
item_003830,70.27,4.0,clothing,2.0,3.0,2.575,0.4688,0.375,2026-05-24 20:49:02.254366,2026-08-23 21:02:22.309587
item_003831,88.66,5.0,toys,2.0,4.0,2.6444444444444444,0.5641,0.3333,2026-05-24 20:49:02.254366,2026-08-23 21:02:22.309587
item_003832,292.86,2.5,clothing,4.0,3.0,3.516666666666667,0.7083,0.25,2026-05-24 20:49:02.254366,2026-08-23 21:02:22.309587
item_003833,191.41,4.0,home_garden,2.0,6.0,3.425,0.4286,0.3265,2026-05-24 20:49:02.254366,2026-08-23 21:02:22.309587
item_003834,17.15,4.0,books,1.0,6.0,2.5285714285714285,0.5278,0.5,2026-05-24 20:49:02.254366,2026-08-23 21:02:22.309587
item_003835,68.19,3.9,food,4.0,3.0,3.1,0.375,0.2188,2026-05-24 20:49:02.254366,2026-08-23 21:02:22.309587
item_003836,24.34,4.6,toys,4.0,2.0,4.5,0.5098,0.1765,2026-05-24 20:49:02.254366,2026-08-23 21:02:22.309587
item_003837,38.15,3.2,home_garden,4.0,2.0,3.3000000000000003,0.5714,0.4286,2026-05-24 20:49:02.254366,2026-08-23 21:02:22.309587
item_003838,180.06,4.8,beauty,4.0,1.0,2.7,0.8333,0.1667,2026-05-24 20:49:02.254366,2026-08-23 21:02:22.309587
item_003839,182.73,3.9,clothing,3.0,5.0,3.6,0.5,0.2667,2026-05-24 20:49:02.254366,2026-08-23 21:02:22.309587
item_003840,2862.4,3.0,jewelry,1.0,5.0,3.242857142857143,0.8077,0.4231,2026-05-24 20:49:02.254366,2026-08-23 21:02:22.309587
item_003841,96.12,4.0,toys,1.0,3.0,3.357142857142857,0.4545,0.2727,2026-05-24 20:49:02.254366,2026-08-23 21:02:22.309587
item_003842,267.93,4.0,clothing,2.0,4.0,2.8499999999999996,1.0,0.7059,2026-05-24 20:49:02.254366,2026-08-23 21:02:22.309587
item_003843,135.72,2.8,clothing,3.0,6.0,3.22,0.6154,0.3846,2026-05-24 20:49:02.254366,2026-08-23 21:02:22.309587
item_003844,68.86,3.8,beauty,4.0,3.0,3.141666666666667,0.4444,0.2063,2026-05-24 20:49:02.254366,2026-08-23 21:02:22.309587
item_003845,114.19,4.5,automotive,1.0,4.0,3.475,0.7037,0.3704,2026-05-24 20:49:02.254366,2026-08-23 21:02:22.309587
item_003846,354.92,4.0,automotive,1.0,3.0,3.825,0.9524,0.5714,2026-05-24 20:49:02.254366,2026-08-23 21:02:22.309587
item_003847,42.91,2.6,food,3.0,6.0,2.8625,0.619,0.3571,2026-05-24 20:49:02.254366,2026-08-23 21:02:22.309587
item_003848,730.64,3.7,electronics,3.0,8.0,2.911111111111111,0.8333,0.7083,2026-05-24 20:49:02.254366,2026-08-23 21:02:22.309587
item_003849,41.59,2.8,books,2.0,3.0,2.7,0.8276,0.3103,2026-05-24 20:49:02.254366,2026-08-23 21:02:22.309587
item_003850,101.95,3.3,clothing,4.0,3.0,3.0666666666666664,0.4444,0.2963,2026-05-24 20:49:02.254366,2026-08-23 21:02:22.309587
item_003851,41.35,5.0,food,1.0,4.0,2.95,0.64,0.32,2026-05-24 20:49:02.254366,2026-08-23 21:02:22.309587
item_003852,261.31,4.4,clothing,1.0,4.0,3.12,0.3333,0.2593,2026-05-24 20:49:02.254366,2026-08-23 21:02:22.309587
item_003853,21.44,3.6,toys,1.0,5.0,2.871428571428571,0.5806,0.3871,2026-05-24 20:49:02.254366,2026-08-23 21:02:22.309587
item_003854,57.62,4.2,beauty,4.0,4.0,4.0,0.5278,0.25,2026-05-24 20:49:02.254366,2026-08-23 21:02:22.309587
item_003855,4766.73,4.4,jewelry,1.0,3.0,3.0,0.6,0.36,2026-05-24 20:49:02.254366,2026-08-23 21:02:22.309587
item_003856,356.68,4.8,automotive,4.0,1.0,3.1,0.7083,0.2917,2026-05-24 20:49:02.254366,2026-08-23 21:02:22.309587
item_003857,807.37,4.6,electronics,1.0,3.0,3.1875,0.6829,0.3659,2026-05-24 20:49:02.254366,2026-08-23 21:02:22.309587
item_003858,235.0,4.6,electronics,1.0,5.0,3.314285714285714,0.625,0.3438,2026-05-24 20:49:02.254366,2026-08-23 21:02:22.309587
item_003859,43.28,4.3,clothing,1.0,2.0,2.48,0.52,0.24,2026-05-24 20:49:02.254366,2026-08-23 21:02:22.309587
item_003860,220.45,4.8,automotive,1.0,1.0,2.433333333333333,1.25,0.25,2026-05-24 20:49:02.254366,2026-08-23 21:02:22.309587
item_003861,46.14,3.2,books,3.0,5.0,3.766666666666667,1.3333,0.3333,2026-05-24 20:49:02.254366,2026-08-23 21:02:22.309587
item_003862,186.65,3.9,clothing,1.0,5.0,3.5,1.0,0.6471,2026-05-24 20:49:02.254366,2026-08-23 21:02:22.309587
item_003863,135.06,3.4,toys,2.0,4.0,3.4,0.3279,0.2787,2026-05-24 20:49:02.254366,2026-08-23 21:02:22.309587
item_003864,1713.46,2.4,electronics,3.0,0.0,2.6399999999999997,0.4211,0.2368,2026-05-24 20:49:02.254366,2026-08-23 21:02:22.309587
item_003865,50.19,3.9,books,2.0,4.0,2.8333333333333335,0.4138,0.5862,2026-05-24 20:49:02.254366,2026-08-23 21:02:22.309587
item_003866,219.05,3.5,automotive,2.0,4.0,0.0,0.6957,0.3913,2026-05-24 20:49:02.254366,2026-08-23 21:02:22.309587
item_003867,62.83,2.6,beauty,3.0,2.0,2.05,0.5862,0.3103,2026-05-24 20:49:02.254366,2026-08-23 21:02:22.309587
item_003868,16.95,4.2,books,3.0,3.0,3.575,0.4062,0.375,2026-05-24 20:49:02.254366,2026-08-23 21:02:22.309587
item_003869,7.34,4.0,beauty,3.0,4.0,2.733333333333333,0.3051,0.3051,2026-05-24 20:49:02.254366,2026-08-23 21:02:22.309587
item_003870,2766.67,4.0,jewelry,2.0,4.0,3.8,0.3714,0.2571,2026-05-24 20:49:02.254366,2026-08-23 21:02:22.309587
item_003871,69.56,3.3,toys,5.0,6.0,3.483333333333333,0.6222,0.3111,2026-05-24 20:49:02.254366,2026-08-23 21:02:22.309587
item_003872,1241.92,3.0,jewelry,1.0,3.0,2.1999999999999997,0.5,0.3667,2026-05-24 20:49:02.254366,2026-08-23 21:02:22.309587
item_003873,202.32,4.4,automotive,3.0,1.0,3.45,0.65,0.1,2026-05-24 20:49:02.254366,2026-08-23 21:02:22.309587
item_003874,37.34,3.6,books,2.0,4.0,3.25,0.7391,0.3913,2026-05-24 20:49:02.254366,2026-08-23 21:02:22.309587
item_003875,726.13,4.2,home_garden,4.0,4.0,1.05,1.2941,0.8235,2026-05-24 20:49:02.254366,2026-08-23 21:02:22.309587
item_003876,164.69,4.2,beauty,1.0,4.0,2.9416666666666664,0.4667,0.2833,2026-05-24 20:49:02.254366,2026-08-23 21:02:22.309587
item_003877,124.62,3.6,clothing,2.0,4.0,2.9499999999999997,0.4286,0.2143,2026-05-24 20:49:02.254366,2026-08-23 21:02:22.309587
item_003878,123.79,3.4,automotive,3.0,3.0,2.742857142857143,0.5862,0.4138,2026-05-24 20:49:02.254366,2026-08-23 21:02:22.309587
item_003879,54.1,3.7,clothing,2.0,4.0,3.1,0.75,0.2778,2026-05-24 20:49:02.254366,2026-08-23 21:02:22.309587
item_003880,156.9,4.7,home_garden,3.0,6.0,3.7000000000000006,1.0,0.7619,2026-05-24 20:49:02.254366,2026-08-23 21:02:22.309587
item_003881,20.1,2.6,food,3.0,5.0,2.75,0.3939,0.3636,2026-05-24 20:49:02.254366,2026-08-23 21:02:22.309587
item_003882,252.24,3.9,clothing,2.0,3.0,2.2399999999999998,0.8333,0.4167,2026-05-24 20:49:02.254366,2026-08-23 21:02:22.309587
item_003883,112.33,3.1,beauty,1.0,6.0,3.0142857142857147,0.3929,0.3571,2026-05-24 20:49:02.254366,2026-08-23 21:02:22.309587
item_003884,86.03,3.5,automotive,0.0,3.0,3.4000000000000004,0.4054,0.2162,2026-05-24 20:49:02.254366,2026-08-23 21:02:22.309587
item_003885,143.02,4.7,toys,2.0,6.0,3.0714285714285716,1.4615,0.7692,2026-05-24 20:49:02.254366,2026-08-23 21:02:22.309587
item_003886,108.43,3.9,toys,1.0,4.0,2.033333333333333,0.8077,0.3846,2026-05-24 20:49:02.254366,2026-08-23 21:02:22.309587
item_003887,1739.1,4.6,jewelry,1.0,4.0,2.74,0.6071,0.4286,2026-05-24 20:49:02.254366,2026-08-23 21:02:22.309587
item_003888,760.41,4.2,home_garden,1.0,9.0,2.64,0.6667,0.6667,2026-05-24 20:49:02.254366,2026-08-23 21:02:22.309587
item_003889,93.69,4.4,toys,1.0,2.0,3.433333333333333,0.4595,0.2703,2026-05-24 20:49:02.254366,2026-08-23 21:02:22.309587
item_003890,103.19,4.1,toys,2.0,2.0,2.95,0.8438,0.2812,2026-05-24 20:49:02.254366,2026-08-23 21:02:22.309587
item_003891,19.85,4.4,toys,1.0,2.0,3.45,0.6429,0.2381,2026-05-24 20:49:02.254366,2026-08-23 21:02:22.309587
item_003892,205.48,4.3,clothing,2.0,3.0,2.9222222222222225,0.9615,0.4615,2026-05-24 20:49:02.254366,2026-08-23 21:02:22.309587
item_003893,59.34,5.0,clothing,3.0,2.0,2.04,0.7368,0.4211,2026-05-24 20:49:02.254366,2026-08-23 21:02:22.309587
item_003894,165.65,3.5,clothing,3.0,0.0,3.275,0.4,0.2,2026-05-24 20:49:02.254366,2026-08-23 21:02:22.309587
item_003895,786.69,2.7,home_garden,1.0,0.0,1.0,0.4,0.2,2026-05-24 20:49:02.254366,2026-08-23 21:02:22.309587
item_003896,116.07,4.4,toys,0.0,0.0,2.275,0.8571,0.3333,2026-05-24 20:49:02.254366,2026-08-23 21:02:22.309587
item_003897,38.83,3.5,toys,4.0,3.0,2.716666666666667,0.5312,0.2812,2026-05-24 20:49:02.254366,2026-08-23 21:02:22.309587
item_003898,86.06,3.6,automotive,2.0,0.0,2.8333333333333335,0.5,0.1111,2026-05-24 20:49:02.254366,2026-08-23 21:02:22.309587
item_003899,153.3,2.9,beauty,1.0,2.0,4.466666666666666,0.4839,0.1935,2026-05-24 20:49:02.254366,2026-08-23 21:02:22.309587
item_003900,25.86,4.8,food,2.0,4.0,3.4499999999999997,1.2353,0.6471,2026-05-24 20:49:02.254366,2026-08-23 21:02:22.309587
item_003901,41.47,4.9,books,2.0,6.0,2.4,0.7333,0.3667,2026-05-24 20:49:02.254366,2026-08-23 21:02:22.309587
item_003902,761.01,3.7,home_garden,5.0,6.0,3.6000000000000005,0.4545,0.3333,2026-05-24 20:49:02.254366,2026-08-23 21:02:22.309587
item_003903,290.9,4.0,sports,1.0,3.0,2.7999999999999994,0.4348,0.4348,2026-05-24 20:49:02.254366,2026-08-23 21:02:22.309587
item_003904,2477.32,3.4,jewelry,2.0,5.0,2.066666666666667,0.6061,0.3636,2026-05-24 20:49:02.254366,2026-08-23 21:02:22.309587
item_003905,2793.44,5.0,jewelry,1.0,5.0,3.7,0.4643,0.3571,2026-05-24 20:49:02.254366,2026-08-23 21:02:22.309587
item_003906,4835.81,3.0,jewelry,1.0,3.0,2.8,0.5,0.3667,2026-05-24 20:49:02.254366,2026-08-23 21:02:22.309587
item_003907,217.77,4.1,sports,2.0,1.0,2.85,0.4333,0.3,2026-05-24 20:49:02.254366,2026-08-23 21:02:22.309587
item_003908,160.25,3.8,clothing,1.0,3.0,3.1999999999999997,0.6522,0.3043,2026-05-24 20:49:02.254366,2026-08-23 21:02:22.309587
item_003909,113.87,3.8,clothing,2.0,5.0,3.7777777777777777,0.7812,0.4062,2026-05-24 20:49:02.254366,2026-08-23 21:02:22.309587
item_003910,126.84,4.1,toys,3.0,1.0,3.2142857142857144,0.5152,0.3333,2026-05-24 20:49:02.254366,2026-08-23 21:02:22.309587
item_003911,26.25,3.0,food,0.0,4.0,3.04,0.5,0.3846,2026-05-24 20:49:02.254366,2026-08-23 21:02:22.309587
item_003912,76.86,5.0,food,1.0,2.0,2.6,0.8438,0.2812,2026-05-24 20:49:02.254366,2026-08-23 21:02:22.309587
item_003913,179.63,4.3,beauty,4.0,6.0,3.6166666666666667,0.6809,0.383,2026-05-24 20:49:02.254366,2026-08-23 21:02:22.309587
item_003914,31.72,4.1,books,0.0,4.0,2.775,0.6222,0.3556,2026-05-24 20:49:02.254366,2026-08-23 21:02:22.309587
item_003915,5.96,4.3,food,2.0,6.0,2.7285714285714286,0.3429,0.2857,2026-05-24 20:49:02.254366,2026-08-23 21:02:22.309587
item_003916,328.5,3.8,automotive,5.0,5.0,4.0,1.1053,0.4211,2026-05-24 20:49:02.254366,2026-08-23 21:02:22.309587
item_003917,349.25,4.7,sports,3.0,5.0,3.0444444444444443,0.6364,0.5455,2026-05-24 20:49:02.254366,2026-08-23 21:02:22.309587
item_003918,40.27,4.9,food,1.0,0.0,2.45,0.7826,0.2609,2026-05-24 20:49:02.254366,2026-08-23 21:02:22.309587
item_003919,109.29,3.2,home_garden,9.0,3.0,2.58,0.2466,0.1507,2026-05-24 20:49:02.254366,2026-08-23 21:02:22.309587
item_003920,1856.52,4.0,jewelry,1.0,0.0,3.8,0.6,0.4,2026-05-24 20:49:02.254366,2026-08-23 21:02:22.309587
item_003921,17.8,4.1,food,3.0,3.0,2.525,0.619,0.381,2026-05-24 20:49:02.254366,2026-08-23 21:02:22.309587
item_003922,10.33,3.2,food,2.0,3.0,3.1,0.6296,0.2222,2026-05-24 20:49:02.254366,2026-08-23 21:02:22.309587
item_003923,727.6,3.8,home_garden,0.0,1.0,3.1833333333333336,0.375,0.4167,2026-05-24 20:49:02.254366,2026-08-23 21:02:22.309587
item_003924,398.78,5.0,automotive,4.0,4.0,2.7750000000000004,0.325,0.25,2026-05-24 20:49:02.254366,2026-08-23 21:02:22.309587
item_003925,1518.09,4.5,jewelry,0.0,2.0,2.2333333333333334,0.8667,0.4,2026-05-24 20:49:02.254366,2026-08-23 21:02:22.309587
item_003926,142.12,3.8,jewelry,0.0,6.0,2.7399999999999998,0.4359,0.3333,2026-05-24 20:49:02.254366,2026-08-23 21:02:22.309587
item_003927,97.87,4.6,sports,5.0,5.0,3.3625,0.5208,0.2917,2026-05-24 20:49:02.254366,2026-08-23 21:02:22.309587
item_003928,71.42,4.4,food,3.0,7.0,3.75,0.617,0.234,2026-05-24 20:49:02.254366,2026-08-23 21:02:22.309587
item_003929,57.9,4.4,beauty,1.0,4.0,3.4749999999999996,1.0,0.4091,2026-05-24 20:49:02.254366,2026-08-23 21:02:22.309587
item_003930,443.45,2.8,sports,5.0,3.0,3.65,0.6207,0.3448,2026-05-24 20:49:02.254366,2026-08-23 21:02:22.309587
item_003931,844.9,4.2,electronics,1.0,3.0,3.216666666666667,1.0909,0.2727,2026-05-24 20:49:02.254366,2026-08-23 21:02:22.309587
item_003932,89.69,3.5,toys,0.0,4.0,4.333333333333333,0.5,0.3571,2026-05-24 20:49:02.254366,2026-08-23 21:02:22.309587
item_003933,9.22,4.0,beauty,3.0,6.0,4.3,0.7241,0.4138,2026-05-24 20:49:02.254366,2026-08-23 21:02:22.309587
item_003934,434.25,4.3,sports,4.0,5.0,3.0142857142857147,0.5405,0.3243,2026-05-24 20:49:02.254366,2026-08-23 21:02:22.309587
item_003935,614.35,3.3,home_garden,2.0,4.0,3.533333333333333,0.5652,0.2609,2026-05-24 20:49:02.254366,2026-08-23 21:02:22.309587
item_003936,73.18,3.3,automotive,3.0,2.0,3.033333333333333,0.3636,0.3182,2026-05-24 20:49:02.254366,2026-08-23 21:02:22.309587
item_003937,186.59,4.1,automotive,1.0,0.0,2.5799999999999996,0.8095,0.0,2026-05-24 20:49:02.254366,2026-08-23 21:02:22.309587
item_003938,684.26,3.1,home_garden,1.0,3.0,2.95,0.8125,0.5,2026-05-24 20:49:02.254366,2026-08-23 21:02:22.309587
item_003939,681.84,4.3,home_garden,6.0,5.0,2.8555555555555556,0.697,0.4545,2026-05-24 20:49:02.254366,2026-08-23 21:02:22.309587
item_003940,222.87,4.9,clothing,2.0,2.0,3.4200000000000004,1.16,0.52,2026-05-24 20:49:02.254366,2026-08-23 21:02:22.309587
item_003941,87.72,4.5,toys,1.0,4.0,3.9285714285714284,0.5116,0.186,2026-05-24 20:49:02.254366,2026-08-23 21:02:22.309587
item_003942,600.36,4.9,home_garden,1.0,5.0,4.2,1.1053,0.4737,2026-05-24 20:49:02.254366,2026-08-23 21:02:22.309587
item_003943,1459.62,3.7,electronics,3.0,7.0,3.0,0.4839,0.4516,2026-05-24 20:49:02.254366,2026-08-23 21:02:22.309587
item_003944,329.54,4.2,automotive,0.0,5.0,2.5999999999999996,0.5,0.4062,2026-05-24 20:49:02.254366,2026-08-23 21:02:22.309587
item_003945,12.58,4.5,food,3.0,5.0,3.5714285714285716,0.5128,0.2308,2026-05-24 20:49:02.254366,2026-08-23 21:02:22.309587
item_003946,207.53,3.0,home_garden,2.0,3.0,3.3333333333333335,0.48,0.52,2026-05-24 20:49:02.254366,2026-08-23 21:02:22.309587
item_003947,54.88,3.3,home_garden,4.0,2.0,3.5,0.3269,0.2308,2026-05-24 20:49:02.254366,2026-08-23 21:02:22.309587
item_003948,25.43,4.1,books,5.0,3.0,3.28,0.5455,0.1364,2026-05-24 20:49:02.254366,2026-08-23 21:02:22.309587
item_003949,2329.27,3.7,jewelry,2.0,5.0,2.511111111111111,0.4194,0.3226,2026-05-24 20:49:02.254366,2026-08-23 21:02:22.309587
item_003950,1534.11,2.9,jewelry,3.0,4.0,3.75,0.6087,0.5652,2026-05-24 20:49:02.254366,2026-08-23 21:02:22.309587
item_003951,799.84,3.5,jewelry,2.0,6.0,2.890909090909091,0.5079,0.2063,2026-05-24 20:49:02.254366,2026-08-23 21:02:22.309587
item_003952,290.57,3.6,home_garden,2.0,3.0,3.1333333333333333,0.7778,0.3333,2026-05-24 20:49:02.254366,2026-08-23 21:02:22.309587
item_003953,20.17,4.3,books,4.0,2.0,2.6999999999999997,0.5789,0.1579,2026-05-24 20:49:02.254366,2026-08-23 21:02:22.309587
item_003954,264.8,4.7,clothing,4.0,6.0,3.6500000000000004,0.4286,0.381,2026-05-24 20:49:02.254366,2026-08-23 21:02:22.309587
item_003955,35.6,3.4,toys,7.0,4.0,3.1333333333333333,0.561,0.3171,2026-05-24 20:49:02.254366,2026-08-23 21:02:22.309587
item_003956,76.26,3.6,food,5.0,2.0,3.95,0.5283,0.1698,2026-05-24 20:49:02.254366,2026-08-23 21:02:22.309587
item_003957,20.01,2.5,beauty,1.0,8.0,3.1125000000000003,0.5909,0.3636,2026-05-24 20:49:02.254366,2026-08-23 21:02:22.309587
item_003958,871.96,4.6,jewelry,3.0,4.0,2.575,0.8529,0.3824,2026-05-24 20:49:02.254366,2026-08-23 21:02:22.309587
item_003959,523.87,3.6,jewelry,0.0,1.0,2.8000000000000003,0.4828,0.2759,2026-05-24 20:49:02.254366,2026-08-23 21:02:22.309587
item_003960,1195.98,3.3,electronics,3.0,1.0,3.2777777777777777,0.3846,0.1923,2026-05-24 20:49:02.254366,2026-08-23 21:02:22.309587
item_003961,168.88,3.2,automotive,0.0,7.0,3.65,0.5,0.5,2026-05-24 20:49:02.254366,2026-08-23 21:02:22.309587
item_003962,203.06,5.0,home_garden,1.0,2.0,3.0833333333333335,0.9524,0.2381,2026-05-24 20:49:02.254366,2026-08-23 21:02:22.309587
item_003963,1137.8,4.7,electronics,2.0,0.0,3.033333333333333,0.8846,0.1923,2026-05-24 20:49:02.254366,2026-08-23 21:02:22.309587
item_003964,47.92,3.4,books,3.0,4.0,2.925,0.3333,0.2,2026-05-24 20:49:02.254366,2026-08-23 21:02:22.309587
item_003965,211.84,4.8,clothing,2.0,3.0,2.68,0.7778,0.3333,2026-05-24 20:49:02.254366,2026-08-23 21:02:22.309587
item_003966,1423.25,4.0,electronics,3.0,7.0,3.125,0.7778,0.4167,2026-05-24 20:49:02.254366,2026-08-23 21:02:22.309587
item_003967,13.38,4.2,books,2.0,2.0,1.5,0.5,0.3571,2026-05-24 20:49:02.254366,2026-08-23 21:02:22.309587
item_003968,97.71,3.8,automotive,3.0,5.0,2.6666666666666665,0.55,0.3,2026-05-24 20:49:02.254366,2026-08-23 21:02:22.309587
item_003969,210.36,4.0,sports,5.0,4.0,3.5444444444444443,0.4154,0.3077,2026-05-24 20:49:02.254366,2026-08-23 21:02:22.309587
item_003970,594.18,2.4,electronics,3.0,5.0,2.46,0.4828,0.2759,2026-05-24 20:49:02.254366,2026-08-23 21:02:22.309587
item_003971,79.26,3.5,clothing,3.0,3.0,2.9,0.3611,0.3056,2026-05-24 20:49:02.254366,2026-08-23 21:02:22.309587
item_003972,364.9,3.3,home_garden,1.0,3.0,3.7,0.619,0.4762,2026-05-24 20:49:02.254366,2026-08-23 21:02:22.309587
item_003973,17.42,2.7,automotive,2.0,2.0,2.2714285714285714,0.7,0.2,2026-05-24 20:49:02.254366,2026-08-23 21:02:22.309587
item_003974,319.68,3.1,sports,2.0,2.0,2.96,0.3214,0.3571,2026-05-24 20:49:02.254366,2026-08-23 21:02:22.309587
item_003975,4.88,3.7,food,3.0,3.0,2.966666666666667,0.76,0.52,2026-05-24 20:49:02.254366,2026-08-23 21:02:22.309587
item_003976,54.71,4.9,food,4.0,3.0,3.325,0.4865,0.2703,2026-05-24 20:49:02.254366,2026-08-23 21:02:22.309587
item_003977,24.38,4.1,clothing,2.0,5.0,2.875,0.8182,0.7273,2026-05-24 20:49:02.254366,2026-08-23 21:02:22.309587
item_003978,139.61,4.1,automotive,0.0,4.0,3.0599999999999996,1.0952,0.619,2026-05-24 20:49:02.254366,2026-08-23 21:02:22.309587
item_003979,36.82,3.7,food,0.0,3.0,2.8000000000000003,0.6774,0.3871,2026-05-24 20:49:02.254366,2026-08-23 21:02:22.309587
item_003980,39.92,4.6,books,2.0,2.0,2.325,0.5484,0.3871,2026-05-24 20:49:02.254366,2026-08-23 21:02:22.309587
item_003981,38.95,2.6,automotive,7.0,8.0,2.975,0.3966,0.3621,2026-05-24 20:49:02.254366,2026-08-23 21:02:22.309587
item_003982,123.89,3.5,toys,4.0,5.0,2.175,0.5,0.1714,2026-05-24 20:49:02.254366,2026-08-23 21:02:22.309587
item_003983,27.22,4.8,toys,2.0,3.0,3.4666666666666663,0.6897,0.4828,2026-05-24 20:49:02.254366,2026-08-23 21:02:22.309587
item_003984,561.24,3.6,home_garden,3.0,4.0,3.675,0.4783,0.4348,2026-05-24 20:49:02.254366,2026-08-23 21:02:22.309587
item_003985,262.16,3.8,clothing,3.0,3.0,2.48,0.6429,0.3214,2026-05-24 20:49:02.254366,2026-08-23 21:02:22.309587
item_003986,791.2,2.9,home_garden,4.0,7.0,3.033333333333333,0.2063,0.2063,2026-05-24 20:49:02.254366,2026-08-23 21:02:22.309587
item_003987,2302.46,3.9,jewelry,1.0,4.0,3.1222222222222222,0.5455,0.5909,2026-05-24 20:49:02.254366,2026-08-23 21:02:22.309587
item_003988,253.63,5.0,sports,1.0,3.0,3.5,0.7037,0.4815,2026-05-24 20:49:02.254366,2026-08-23 21:02:22.309587
item_003989,328.35,4.7,sports,4.0,4.0,3.542857142857143,1.4737,0.4211,2026-05-24 20:49:02.254366,2026-08-23 21:02:22.309587
item_003990,1220.0,5.0,electronics,1.0,2.0,0.0,0.7692,0.359,2026-05-24 20:49:02.254366,2026-08-23 21:02:22.309587
item_003991,150.18,3.2,beauty,1.0,2.0,2.575,0.5938,0.25,2026-05-24 20:49:02.254366,2026-08-23 21:02:22.309587
item_003992,350.68,3.5,home_garden,5.0,4.0,2.9,0.7667,0.3333,2026-05-24 20:49:02.254366,2026-08-23 21:02:22.309587
item_003993,712.91,3.8,electronics,7.0,6.0,2.125,0.5417,0.375,2026-05-24 20:49:02.254366,2026-08-23 21:02:22.309587
item_003994,4931.14,5.0,jewelry,8.0,7.0,2.857142857142857,0.6571,0.4857,2026-05-24 20:49:02.254366,2026-08-23 21:02:22.309587
item_003995,14.5,2.7,toys,2.0,9.0,0.0,0.5652,0.6957,2026-05-24 20:49:02.254366,2026-08-23 21:02:22.309587
item_003996,142.87,3.2,clothing,3.0,2.0,2.7800000000000002,0.9545,0.3182,2026-05-24 20:49:02.254366,2026-08-23 21:02:22.309587
item_003997,51.26,3.5,toys,2.0,4.0,3.475,0.625,0.2812,2026-05-24 20:49:02.254366,2026-08-23 21:02:22.309587
item_003998,5.15,3.3,food,1.0,5.0,3.125,0.4643,0.2857,2026-05-24 20:49:02.254366,2026-08-23 21:02:22.309587
item_003999,8.47,3.0,books,2.0,3.0,2.1,0.4516,0.3226,2026-05-24 20:49:02.254366,2026-08-23 21:02:22.309587
item_004000,1715.27,3.2,electronics,1.0,4.0,2.54,1.2353,0.5882,2026-05-24 20:49:02.254366,2026-08-23 21:02:22.309587
item_004001,89.32,3.9,beauty,3.0,1.0,3.05,0.3488,0.2093,2026-05-24 20:49:02.254366,2026-08-23 21:02:22.309587
item_004002,49.16,3.4,home_garden,2.0,8.0,3.1500000000000004,0.4154,0.3231,2026-05-24 20:49:02.254366,2026-08-23 21:02:22.309587
item_004003,59.88,4.6,beauty,1.0,5.0,3.25,1.05,0.4,2026-05-24 20:49:02.254366,2026-08-23 21:02:22.309587
item_004004,145.89,4.0,electronics,2.0,3.0,3.8600000000000003,0.8148,0.2963,2026-05-24 20:49:02.254366,2026-08-23 21:02:22.309587
item_004005,58.35,2.4,books,4.0,3.0,3.025,0.4194,0.4516,2026-05-24 20:49:02.254366,2026-08-23 21:02:22.309587
item_004006,2352.11,3.2,jewelry,3.0,5.0,3.02,0.2927,0.2683,2026-05-24 20:49:02.254366,2026-08-23 21:02:22.309587
item_004007,39.04,3.0,beauty,2.0,7.0,3.1999999999999997,0.56,0.56,2026-05-24 20:49:02.254366,2026-08-23 21:02:22.309587
item_004008,31.19,2.6,books,3.0,5.0,3.411111111111111,0.7333,0.4,2026-05-24 20:49:02.254366,2026-08-23 21:02:22.309587
item_004009,18.76,2.8,books,4.0,3.0,2.825,0.6471,0.4118,2026-05-24 20:49:02.254366,2026-08-23 21:02:22.309587
item_004010,1988.65,3.7,jewelry,3.0,3.0,3.8666666666666667,0.8095,0.4286,2026-05-24 20:49:02.254366,2026-08-23 21:02:22.309587
item_004011,25.28,4.7,automotive,0.0,6.0,2.9555555555555553,0.8333,0.6667,2026-05-24 20:49:02.254366,2026-08-23 21:02:22.309587
item_004012,354.53,3.6,automotive,1.0,7.0,2.4,0.8571,0.5357,2026-05-24 20:49:02.254366,2026-08-23 21:02:22.309587
item_004013,89.98,4.6,toys,2.0,5.0,3.18,0.4783,0.3696,2026-05-24 20:49:02.254366,2026-08-23 21:02:22.309587
item_004014,126.66,3.4,beauty,3.0,2.0,2.766666666666667,0.3333,0.2963,2026-05-24 20:49:02.254366,2026-08-23 21:02:22.309587
item_004015,28.16,3.8,books,2.0,4.0,2.942857142857143,0.5556,0.25,2026-05-24 20:49:02.254366,2026-08-23 21:02:22.309587
item_004016,274.91,4.5,jewelry,3.0,3.0,1.8,0.931,0.2069,2026-05-24 20:49:02.254366,2026-08-23 21:02:22.309587
item_004017,4931.48,3.2,jewelry,3.0,8.0,2.82,0.525,0.525,2026-05-24 20:49:02.254366,2026-08-23 21:02:22.309587
item_004018,109.44,3.9,beauty,2.0,2.0,3.1625,0.8,0.3,2026-05-24 20:49:02.254366,2026-08-23 21:02:22.309587
item_004019,550.64,5.0,electronics,1.0,2.0,1.55,0.5714,0.5714,2026-05-24 20:49:02.254366,2026-08-23 21:02:22.309587
item_004020,177.16,4.0,beauty,2.0,2.0,2.6125,0.1892,0.2973,2026-05-24 20:49:02.254366,2026-08-23 21:02:22.309587
item_004021,81.84,5.0,beauty,5.0,9.0,2.4727272727272727,0.6154,0.25,2026-05-24 20:49:02.254366,2026-08-23 21:02:22.309587
item_004022,243.22,3.8,home_garden,4.0,4.0,2.94,0.6154,0.3846,2026-05-24 20:49:02.254366,2026-08-23 21:02:22.309587
item_004023,35.85,4.0,clothing,2.0,0.0,2.475,0.5625,0.25,2026-05-24 20:49:02.254366,2026-08-23 21:02:22.309587
item_004024,54.77,4.1,books,4.0,3.0,3.1999999999999997,0.4242,0.1818,2026-05-24 20:49:02.254366,2026-08-23 21:02:22.309587
item_004025,47.24,2.9,clothing,4.0,7.0,3.4799999999999995,0.4211,0.3947,2026-05-24 20:49:02.254366,2026-08-23 21:02:22.309587
item_004026,40.37,3.7,beauty,3.0,5.0,2.9099999999999997,0.68,0.6,2026-05-24 20:49:02.254366,2026-08-23 21:02:22.309587
item_004027,443.96,3.2,sports,2.0,3.0,3.6500000000000004,0.55,0.45,2026-05-24 20:49:02.254366,2026-08-23 21:02:22.309587
item_004028,497.29,3.9,jewelry,3.0,1.0,1.4666666666666668,0.8667,0.1667,2026-05-24 20:49:02.254366,2026-08-23 21:02:22.309587
item_004029,166.6,3.0,beauty,1.0,3.0,2.957142857142857,0.4615,0.2564,2026-05-24 20:49:02.254366,2026-08-23 21:02:22.309587
item_004030,186.12,3.1,beauty,5.0,5.0,3.4545454545454546,0.377,0.2459,2026-05-24 20:49:02.254366,2026-08-23 21:02:22.309587
item_004031,23.51,4.1,toys,3.0,2.0,3.125,0.8636,0.4091,2026-05-24 20:49:02.254366,2026-08-23 21:02:22.309587
item_004032,18.98,4.3,sports,2.0,7.0,2.7333333333333334,0.96,0.56,2026-05-24 20:49:02.254366,2026-08-23 21:02:22.309587
item_004033,326.71,4.1,automotive,1.0,1.0,3.575,0.7037,0.1852,2026-05-24 20:49:02.254366,2026-08-23 21:02:22.309587
item_004034,316.02,4.1,automotive,6.0,6.0,3.5100000000000002,0.3333,0.1833,2026-05-24 20:49:02.254366,2026-08-23 21:02:22.309587
item_004035,258.83,4.4,clothing,4.0,6.0,3.2285714285714286,0.5882,0.3824,2026-05-24 20:49:02.254366,2026-08-23 21:02:22.309587
item_004036,1811.18,3.9,electronics,3.0,2.0,2.825,0.5769,0.1923,2026-05-24 20:49:02.254366,2026-08-23 21:02:22.309587
item_004037,18.77,3.2,food,4.0,10.0,2.9,0.4375,0.4062,2026-05-24 20:49:02.254366,2026-08-23 21:02:22.309587
item_004038,119.65,5.0,beauty,3.0,5.0,3.016666666666667,0.52,0.44,2026-05-24 20:49:02.254366,2026-08-23 21:02:22.309587
item_004039,42.82,3.4,books,6.0,10.0,3.2857142857142856,0.8065,0.6129,2026-05-24 20:49:02.254366,2026-08-23 21:02:22.309587
item_004040,2512.6,3.3,jewelry,1.0,3.0,2.32,1.25,0.5833,2026-05-24 20:49:02.254366,2026-08-23 21:02:22.309587
item_004041,7.72,3.0,books,2.0,3.0,2.983333333333334,0.65,0.275,2026-05-24 20:49:02.254366,2026-08-23 21:02:22.309587
item_004042,20.82,4.3,food,3.0,4.0,2.6999999999999997,0.8,0.44,2026-05-24 20:49:02.254366,2026-08-23 21:02:22.309587
item_004043,389.38,3.4,home_garden,2.0,5.0,3.033333333333333,0.8947,0.5263,2026-05-24 20:49:02.254366,2026-08-23 21:02:22.309587
item_004044,366.11,5.0,automotive,4.0,3.0,3.4,0.4524,0.2381,2026-05-24 20:49:02.254366,2026-08-23 21:02:22.309587
item_004045,130.58,3.5,beauty,4.0,4.0,2.87,0.6222,0.3333,2026-05-24 20:49:02.254366,2026-08-23 21:02:22.309587
item_004046,3598.05,3.0,jewelry,2.0,4.0,2.4166666666666665,0.4737,0.2632,2026-05-24 20:49:02.254366,2026-08-23 21:02:22.309587
item_004047,145.97,3.7,toys,6.0,7.0,3.5200000000000005,0.3962,0.3774,2026-05-24 20:49:02.254366,2026-08-23 21:02:22.309587
item_004048,3750.98,3.9,jewelry,2.0,6.0,4.15,0.6667,0.6667,2026-05-24 20:49:02.254366,2026-08-23 21:02:22.309587
item_004049,272.1,3.5,sports,4.0,5.0,2.8375,0.7097,0.2903,2026-05-24 20:49:02.254366,2026-08-23 21:02:22.309587
item_004050,279.67,3.8,home_garden,1.0,2.0,3.46,0.64,0.28,2026-05-24 20:49:02.254366,2026-08-23 21:02:22.309587
item_004051,198.46,4.4,beauty,1.0,3.0,2.6999999999999997,0.7931,0.5517,2026-05-24 20:49:02.254366,2026-08-23 21:02:22.309587
item_004052,204.06,4.5,sports,2.0,7.0,2.411111111111111,0.4545,0.2727,2026-05-24 20:49:02.254366,2026-08-23 21:02:22.309587
item_004053,1567.44,4.3,jewelry,2.0,1.0,3.6666666666666665,0.5263,0.5263,2026-05-24 20:49:02.254366,2026-08-23 21:02:22.309587
item_004054,5.35,3.9,books,1.0,3.0,3.0500000000000003,0.7333,0.3667,2026-05-24 20:49:02.254366,2026-08-23 21:02:22.309587
item_004055,22.24,3.6,toys,3.0,3.0,3.0999999999999996,0.434,0.2264,2026-05-24 20:49:02.254366,2026-08-23 21:02:22.309587
item_004056,244.78,4.2,automotive,1.0,3.0,2.6333333333333333,0.5926,0.2963,2026-05-24 20:49:02.254366,2026-08-23 21:02:22.309587
item_004057,166.24,4.3,beauty,1.0,5.0,3.3333333333333335,0.7143,0.5238,2026-05-24 20:49:02.254366,2026-08-23 21:02:22.309587
item_004058,8.31,5.0,books,4.0,0.0,3.5454545454545454,0.7105,0.2105,2026-05-24 20:49:02.254366,2026-08-23 21:02:22.309587
item_004059,1962.04,4.4,electronics,4.0,4.0,2.3181818181818183,0.5238,0.2857,2026-05-24 20:49:02.254366,2026-08-23 21:02:22.309587
item_004060,35.81,4.0,food,2.0,1.0,3.225,0.5,0.1765,2026-05-24 20:49:02.254366,2026-08-23 21:02:22.309587
item_004061,387.0,4.5,jewelry,2.0,4.0,2.466666666666667,0.3913,0.2826,2026-05-24 20:49:02.254366,2026-08-23 21:02:22.309587
item_004062,49.42,4.6,books,3.0,4.0,3.2857142857142856,0.6486,0.3514,2026-05-24 20:49:02.254366,2026-08-23 21:02:22.309587
item_004063,78.41,4.5,food,2.0,4.0,3.06,0.5556,0.2963,2026-05-24 20:49:02.254366,2026-08-23 21:02:22.309587
item_004064,2502.09,2.7,jewelry,3.0,3.0,0.0,0.6842,0.3158,2026-05-24 20:49:02.254366,2026-08-23 21:02:22.309587
item_004065,131.17,3.5,toys,3.0,2.0,2.8,0.6,0.3,2026-05-24 20:49:02.254366,2026-08-23 21:02:22.309587
item_004066,7.37,3.8,beauty,4.0,5.0,3.05,0.3621,0.1724,2026-05-24 20:49:02.254366,2026-08-23 21:02:22.309587
item_004067,11.8,4.2,automotive,3.0,1.0,3.1,0.7419,0.2903,2026-05-24 20:49:02.254366,2026-08-23 21:02:22.309587
item_004068,421.78,3.0,jewelry,2.0,2.0,2.71,0.6944,0.2778,2026-05-24 20:49:02.254366,2026-08-23 21:02:22.309587
item_004069,21.23,4.4,beauty,5.0,5.0,2.8875,0.3684,0.2632,2026-05-24 20:49:02.254366,2026-08-23 21:02:22.309587
item_004070,120.75,3.7,home_garden,5.0,5.0,2.9250000000000003,0.619,0.3095,2026-05-24 20:49:02.254366,2026-08-23 21:02:22.309587
item_004071,11.73,4.0,beauty,3.0,6.0,2.9714285714285715,0.303,0.4545,2026-05-24 20:49:02.254366,2026-08-23 21:02:22.309587
item_004072,38.35,3.6,books,5.0,6.0,3.1090909090909093,0.2571,0.2143,2026-05-24 20:49:02.254366,2026-08-23 21:02:22.309587
item_004073,4724.92,3.6,jewelry,2.0,1.0,2.75,0.5263,0.2632,2026-05-24 20:49:02.254366,2026-08-23 21:02:22.309587
item_004074,1720.18,2.7,electronics,3.0,7.0,3.3166666666666664,0.3438,0.375,2026-05-24 20:49:02.254366,2026-08-23 21:02:22.309587
item_004075,319.2,4.3,sports,8.0,3.0,3.3899999999999997,0.5,0.2143,2026-05-24 20:49:02.254366,2026-08-23 21:02:22.309587
item_004076,125.55,2.9,toys,2.0,7.0,3.3200000000000003,0.3966,0.2241,2026-05-24 20:49:02.254366,2026-08-23 21:02:22.309587
item_004077,110.83,2.4,beauty,3.0,3.0,3.283333333333333,0.4444,0.2222,2026-05-24 20:49:02.254366,2026-08-23 21:02:22.309587
item_004078,92.6,2.9,toys,5.0,4.0,3.5200000000000005,0.3953,0.2093,2026-05-24 20:49:02.254366,2026-08-23 21:02:22.309587
item_004079,1229.93,2.5,electronics,2.0,4.0,2.066666666666667,0.5833,0.3333,2026-05-24 20:49:02.254366,2026-08-23 21:02:22.309587
item_004080,60.41,5.0,food,2.0,3.0,3.1714285714285713,0.92,0.28,2026-05-24 20:49:02.254366,2026-08-23 21:02:22.309587
item_004081,52.37,3.5,sports,4.0,7.0,2.414285714285714,0.3778,0.3778,2026-05-24 20:49:02.254366,2026-08-23 21:02:22.309587
item_004082,302.32,4.7,home_garden,1.0,5.0,3.4,0.6429,0.3095,2026-05-24 20:49:02.254366,2026-08-23 21:02:22.309587
item_004083,147.07,3.4,sports,2.0,5.0,2.033333333333333,0.56,0.44,2026-05-24 20:49:02.254366,2026-08-23 21:02:22.309587
item_004084,50.36,4.2,books,2.0,5.0,3.0714285714285716,0.5,0.3,2026-05-24 20:49:02.254366,2026-08-23 21:02:22.309587
item_004085,57.33,4.7,books,1.0,5.0,3.7,0.5714,0.5714,2026-05-24 20:49:02.254366,2026-08-23 21:02:22.309587
item_004086,348.78,3.9,electronics,0.0,3.0,3.94,0.36,0.48,2026-05-24 20:49:02.254366,2026-08-23 21:02:22.309587
item_004087,289.53,4.4,sports,4.0,4.0,2.7399999999999998,0.3889,0.3889,2026-05-24 20:49:02.254366,2026-08-23 21:02:22.309587
item_004088,40.54,4.2,food,7.0,7.0,3.12,0.6167,0.3333,2026-05-24 20:49:02.254366,2026-08-23 21:02:22.309587
item_004089,64.55,5.0,clothing,2.0,2.0,3.3200000000000003,1.0476,0.3333,2026-05-24 20:49:02.254366,2026-08-23 21:02:22.309587
item_004090,22.31,4.8,sports,1.0,5.0,2.4333333333333336,0.6667,0.4444,2026-05-24 20:49:02.254366,2026-08-23 21:02:22.309587
item_004091,769.43,4.0,jewelry,1.0,3.0,2.8125,1.0556,0.4444,2026-05-24 20:49:02.254366,2026-08-23 21:02:22.309587
item_004092,47.5,4.4,books,6.0,2.0,2.566666666666667,0.3621,0.3621,2026-05-24 20:49:02.254366,2026-08-23 21:02:22.309587
item_004093,61.29,3.2,food,3.0,6.0,2.914285714285714,0.5333,0.4333,2026-05-24 20:49:02.254366,2026-08-23 21:02:22.309587
item_004094,95.17,3.4,toys,2.0,1.0,2.9555555555555557,0.963,0.3333,2026-05-24 20:49:02.254366,2026-08-23 21:02:22.309587
item_004095,110.15,4.5,toys,2.0,4.0,2.925,0.75,0.2857,2026-05-24 20:49:02.254366,2026-08-23 21:02:22.309587
item_004096,42.28,4.8,sports,3.0,2.0,3.2615384615384615,0.6667,0.2917,2026-05-24 20:49:02.254366,2026-08-23 21:02:22.309587
item_004097,146.26,3.9,clothing,2.0,5.0,2.8777777777777778,0.377,0.3115,2026-05-24 20:49:02.254366,2026-08-23 21:02:22.309587
item_004098,251.01,5.0,clothing,2.0,1.0,3.46,0.5833,0.25,2026-05-24 20:49:02.254366,2026-08-23 21:02:22.309587
item_004099,32.71,4.4,food,9.0,5.0,2.9000000000000004,0.3871,0.2742,2026-05-24 20:49:02.254366,2026-08-23 21:02:22.309587
item_004100,79.74,3.9,clothing,1.0,3.0,3.141666666666667,0.4898,0.3265,2026-05-24 20:49:02.254366,2026-08-23 21:02:22.309587
item_004101,33.84,5.0,books,3.0,3.0,3.1333333333333333,0.9048,0.4286,2026-05-24 20:49:02.254366,2026-08-23 21:02:22.309587
item_004102,62.88,4.9,food,3.0,6.0,2.7600000000000002,0.5455,0.8182,2026-05-24 20:49:02.254366,2026-08-23 21:02:22.309587
item_004103,43.31,4.2,toys,0.0,6.0,3.2,0.8333,0.5833,2026-05-24 20:49:02.254366,2026-08-23 21:02:22.309587
item_004104,44.26,5.0,toys,1.0,4.0,2.7222222222222223,0.625,0.4688,2026-05-24 20:49:02.254366,2026-08-23 21:02:22.309587
item_004105,18.78,3.4,food,4.0,6.0,3.2,0.8182,0.4545,2026-05-24 20:49:02.254366,2026-08-23 21:02:22.309587
item_004106,42.57,3.7,clothing,4.0,3.0,3.125,0.6296,0.3704,2026-05-24 20:49:02.254366,2026-08-23 21:02:22.309587
item_004107,125.73,2.7,automotive,3.0,10.0,2.6666666666666665,0.6316,0.4474,2026-05-24 20:49:02.254366,2026-08-23 21:02:22.309587
item_004108,731.02,3.3,home_garden,5.0,2.0,3.257142857142857,0.359,0.2308,2026-05-24 20:49:02.254366,2026-08-23 21:02:22.309587
item_004109,237.9,3.2,clothing,2.0,4.0,3.3166666666666664,0.5714,0.2449,2026-05-24 20:49:02.254366,2026-08-23 21:02:22.309587
item_004110,291.59,3.0,clothing,0.0,2.0,3.0,0.6842,0.3684,2026-05-24 20:49:02.254366,2026-08-23 21:02:22.309587
item_004111,65.07,5.0,toys,0.0,3.0,2.557142857142857,1.1579,0.7368,2026-05-24 20:49:02.254366,2026-08-23 21:02:22.309587
item_004112,12.85,4.6,books,2.0,7.0,2.3125,1.0,0.7083,2026-05-24 20:49:02.254366,2026-08-23 21:02:22.309587
item_004113,61.53,4.5,sports,4.0,3.0,2.5,0.5312,0.25,2026-05-24 20:49:02.254366,2026-08-23 21:02:22.309587
item_004114,162.76,3.5,sports,6.0,6.0,2.3428571428571425,0.5366,0.3659,2026-05-24 20:49:02.254366,2026-08-23 21:02:22.309587
item_004115,145.65,3.2,toys,3.0,2.0,3.5888888888888886,0.5385,0.2115,2026-05-24 20:49:02.254366,2026-08-23 21:02:22.309587
item_004116,516.97,3.2,home_garden,2.0,5.0,2.5,0.5,0.4062,2026-05-24 20:49:02.254366,2026-08-23 21:02:22.309587
item_004117,64.04,2.6,home_garden,5.0,7.0,2.225,0.6923,0.5769,2026-05-24 20:49:02.254366,2026-08-23 21:02:22.309587
item_004118,185.49,4.3,sports,3.0,7.0,3.25,0.5532,0.3617,2026-05-24 20:49:02.254366,2026-08-23 21:02:22.309587
item_004119,319.54,3.6,home_garden,1.0,7.0,3.283333333333333,0.6923,0.6154,2026-05-24 20:49:02.254366,2026-08-23 21:02:22.309587
item_004120,110.77,3.0,beauty,2.0,2.0,2.1,0.4444,0.25,2026-05-24 20:49:02.254366,2026-08-23 21:02:22.309587
item_004121,369.54,3.3,sports,1.0,1.0,2.6333333333333333,0.6667,0.1852,2026-05-24 20:49:02.254366,2026-08-23 21:02:22.309587
item_004122,149.55,3.8,beauty,1.0,2.0,2.6999999999999997,0.5417,0.2917,2026-05-24 20:49:02.254366,2026-08-23 21:02:22.309587
item_004123,3117.08,4.4,jewelry,2.0,3.0,3.1666666666666665,0.7727,0.4545,2026-05-24 20:49:02.254366,2026-08-23 21:02:22.309587
item_004124,25.95,3.5,home_garden,4.0,1.0,3.1666666666666665,1.2174,0.2609,2026-05-24 20:49:02.254366,2026-08-23 21:02:22.309587
item_004125,239.62,4.8,home_garden,2.0,3.0,2.975,0.8148,0.2963,2026-05-24 20:49:02.254366,2026-08-23 21:02:22.309587
item_004126,310.8,4.9,sports,4.0,4.0,3.725,0.434,0.283,2026-05-24 20:49:02.254366,2026-08-23 21:02:22.309587
item_004127,209.11,5.0,automotive,2.0,5.0,2.809090909090909,0.6333,0.4667,2026-05-24 20:49:02.254366,2026-08-23 21:02:22.309587
item_004128,261.41,3.6,clothing,1.0,2.0,2.7600000000000002,0.76,0.76,2026-05-24 20:49:02.254366,2026-08-23 21:02:22.309587
item_004129,85.1,4.0,toys,1.0,3.0,2.8600000000000003,0.475,0.25,2026-05-24 20:49:02.254366,2026-08-23 21:02:22.309587
item_004130,226.1,3.4,clothing,1.0,3.0,2.875,0.5185,0.1852,2026-05-24 20:49:02.254366,2026-08-23 21:02:22.309587
item_004131,304.44,3.7,home_garden,2.0,6.0,2.2375000000000003,0.5758,0.4242,2026-05-24 20:49:02.254366,2026-08-23 21:02:22.309587
item_004132,163.52,3.5,clothing,0.0,5.0,3.05,0.7667,0.4333,2026-05-24 20:49:02.254366,2026-08-23 21:02:22.309587
item_004133,2286.86,3.0,jewelry,1.0,4.0,2.8000000000000003,0.434,0.2453,2026-05-24 20:49:02.254366,2026-08-23 21:02:22.309587
item_004134,91.18,3.9,toys,0.0,5.0,4.14,0.9524,0.9048,2026-05-24 20:49:02.254366,2026-08-23 21:02:22.309587
item_004135,12.14,3.8,books,1.0,8.0,2.5,0.3778,0.2889,2026-05-24 20:49:02.254366,2026-08-23 21:02:22.309587
item_004136,53.59,4.3,books,2.0,6.0,3.483333333333333,0.3158,0.3947,2026-05-24 20:49:02.254366,2026-08-23 21:02:22.309587
item_004137,444.21,4.3,sports,2.0,6.0,4.449999999999999,0.5172,0.3793,2026-05-24 20:49:02.254366,2026-08-23 21:02:22.309587
item_004138,119.71,3.8,clothing,2.0,2.0,1.9,0.8095,0.619,2026-05-24 20:49:02.254366,2026-08-23 21:02:22.309587
item_004139,9.64,4.2,food,2.0,6.0,3.7333333333333334,0.5667,0.5,2026-05-24 20:49:02.254366,2026-08-23 21:02:22.309587
item_004140,118.51,3.7,beauty,1.0,1.0,3.7714285714285714,0.4884,0.2326,2026-05-24 20:49:02.254366,2026-08-23 21:02:22.309587
item_004141,479.23,3.2,home_garden,5.0,2.0,3.4200000000000004,0.5429,0.1429,2026-05-24 20:49:02.254366,2026-08-23 21:02:22.309587
item_004142,49.69,3.1,automotive,1.0,8.0,2.7,0.5417,0.4583,2026-05-24 20:49:02.254366,2026-08-23 21:02:22.309587
item_004143,106.34,3.3,toys,3.0,7.0,3.0,0.5357,0.6071,2026-05-24 20:49:02.254366,2026-08-23 21:02:22.309587
item_004144,128.82,3.8,clothing,6.0,5.0,3.825,1.0,0.4333,2026-05-24 20:49:02.254366,2026-08-23 21:02:22.309587
item_004145,401.17,4.4,sports,2.0,6.0,2.7800000000000002,1.0,0.4583,2026-05-24 20:49:02.254366,2026-08-23 21:02:22.309587
item_004146,50.55,2.9,books,1.0,1.0,2.1999999999999997,0.5517,0.2069,2026-05-24 20:49:02.254366,2026-08-23 21:02:22.309587
item_004147,43.55,3.1,books,6.0,1.0,3.725,0.6389,0.2778,2026-05-24 20:49:02.254366,2026-08-23 21:02:22.309587
item_004148,188.8,5.0,automotive,1.0,4.0,2.3600000000000003,0.7143,0.4286,2026-05-24 20:49:02.254366,2026-08-23 21:02:22.309587
item_004149,10.82,3.3,clothing,2.0,3.0,3.4499999999999997,0.5429,0.2,2026-05-24 20:49:02.254366,2026-08-23 21:02:22.309587
item_004150,198.2,4.9,automotive,3.0,6.0,3.4250000000000003,0.7255,0.3922,2026-05-24 20:49:02.254366,2026-08-23 21:02:22.309587
item_004151,66.94,3.3,sports,2.0,2.0,3.9,0.9333,0.2333,2026-05-24 20:49:02.254366,2026-08-23 21:02:22.309587
item_004152,345.84,3.2,home_garden,1.0,2.0,3.5,0.7333,0.3667,2026-05-24 20:49:02.254366,2026-08-23 21:02:22.309587
item_004153,257.47,4.9,automotive,1.0,2.0,2.6,0.7368,0.4737,2026-05-24 20:49:02.254366,2026-08-23 21:02:22.309587
item_004154,59.79,2.8,beauty,0.0,5.0,3.733333333333333,0.6522,0.6087,2026-05-24 20:49:02.254366,2026-08-23 21:02:22.309587
item_004155,110.71,3.9,automotive,1.0,4.0,3.0499999999999994,0.3889,0.2778,2026-05-24 20:49:02.254366,2026-08-23 21:02:22.309587
item_004156,52.28,3.0,books,2.0,6.0,2.7,0.4571,0.3143,2026-05-24 20:49:02.254366,2026-08-23 21:02:22.309587
item_004157,225.37,3.6,clothing,3.0,4.0,2.2,0.84,0.4,2026-05-24 20:49:02.254366,2026-08-23 21:02:22.309587
item_004158,110.39,2.7,toys,4.0,0.0,3.866666666666667,1.1765,0.5882,2026-05-24 20:49:02.254366,2026-08-23 21:02:22.309587
item_004159,83.52,3.8,sports,0.0,3.0,3.8000000000000003,0.625,0.2188,2026-05-24 20:49:02.254366,2026-08-23 21:02:22.309587
item_004160,316.92,2.8,sports,2.0,2.0,3.577777777777778,0.75,0.2812,2026-05-24 20:49:02.254366,2026-08-23 21:02:22.309587
item_004161,572.92,4.7,electronics,3.0,3.0,3.4285714285714284,0.5769,0.3462,2026-05-24 20:49:02.254366,2026-08-23 21:02:22.309587
item_004162,186.69,2.3,beauty,4.0,4.0,2.111111111111111,0.4783,0.2391,2026-05-24 20:49:02.254366,2026-08-23 21:02:22.309587
item_004163,155.61,3.6,beauty,3.0,6.0,2.977777777777778,0.5814,0.2558,2026-05-24 20:49:02.254366,2026-08-23 21:02:22.309587
item_004164,284.41,2.9,clothing,6.0,1.0,2.0,0.5536,0.2143,2026-05-24 20:49:02.254366,2026-08-23 21:02:22.309587
item_004165,286.8,2.6,clothing,0.0,4.0,2.7875,0.7083,0.3333,2026-05-24 20:49:02.254366,2026-08-23 21:02:22.309587
item_004166,91.26,3.0,beauty,6.0,2.0,2.7636363636363637,0.425,0.1125,2026-05-24 20:49:02.254366,2026-08-23 21:02:22.309587
item_004167,139.46,4.4,sports,1.0,5.0,3.1875,0.9286,0.3571,2026-05-24 20:49:02.254366,2026-08-23 21:02:22.309587
item_004168,628.92,3.2,home_garden,0.0,7.0,0.0,0.5909,0.7273,2026-05-24 20:49:02.254366,2026-08-23 21:02:22.309587
item_004169,791.18,3.3,home_garden,1.0,4.0,3.6714285714285713,0.5,0.3056,2026-05-24 20:49:02.254366,2026-08-23 21:02:22.309587
item_004170,41.41,4.9,books,0.0,9.0,3.275,0.6667,0.6667,2026-05-24 20:49:02.254366,2026-08-23 21:02:22.309587
item_004171,115.02,2.8,clothing,1.0,1.0,3.375,1.1875,0.25,2026-05-24 20:49:02.254366,2026-08-23 21:02:22.309587
item_004172,87.0,4.1,automotive,1.0,4.0,3.2600000000000002,0.7273,0.5455,2026-05-24 20:49:02.254366,2026-08-23 21:02:22.309587
item_004173,991.53,4.5,electronics,2.0,5.0,3.6142857142857143,0.9545,0.4545,2026-05-24 20:49:02.254366,2026-08-23 21:02:22.309587
item_004174,992.91,4.2,electronics,3.0,5.0,3.0,0.6333,0.4,2026-05-24 20:49:02.254366,2026-08-23 21:02:22.309587
item_004175,3653.76,2.7,jewelry,3.0,2.0,1.9000000000000001,0.45,0.6,2026-05-24 20:49:02.254366,2026-08-23 21:02:22.309587
item_004176,217.56,3.2,home_garden,3.0,2.0,3.06,0.3636,0.3636,2026-05-24 20:49:02.254366,2026-08-23 21:02:22.309587
item_004177,1371.05,3.5,electronics,1.0,4.0,2.9,0.6207,0.3793,2026-05-24 20:49:02.254366,2026-08-23 21:02:22.309587
item_004178,395.07,4.4,jewelry,3.0,9.0,3.075,0.5,0.4,2026-05-24 20:49:02.254366,2026-08-23 21:02:22.309587
item_004179,230.56,4.5,clothing,4.0,6.0,2.766666666666667,0.463,0.2407,2026-05-24 20:49:02.254366,2026-08-23 21:02:22.309587
item_004180,81.47,2.8,toys,2.0,0.0,3.3333333333333335,0.2424,0.2121,2026-05-24 20:49:02.254366,2026-08-23 21:02:22.309587
item_004181,47.54,4.7,food,4.0,2.0,3.5833333333333335,0.439,0.2927,2026-05-24 20:49:02.254366,2026-08-23 21:02:22.309587
item_004182,161.08,4.1,beauty,2.0,2.0,2.9200000000000004,0.7188,0.4062,2026-05-24 20:49:02.254366,2026-08-23 21:02:22.309587
item_004183,2571.03,2.2,jewelry,2.0,2.0,3.3666666666666667,0.5556,0.2222,2026-05-24 20:49:02.254366,2026-08-23 21:02:22.309587
item_004184,49.41,3.0,beauty,4.0,6.0,2.9250000000000003,1.0,0.5714,2026-05-24 20:49:02.254366,2026-08-23 21:02:22.309587
item_004185,10.69,3.5,toys,4.0,1.0,2.3166666666666664,0.4231,0.1731,2026-05-24 20:49:02.254366,2026-08-23 21:02:22.309587
item_004186,793.15,4.4,electronics,3.0,1.0,2.9125,0.5789,0.4737,2026-05-24 20:49:02.254366,2026-08-23 21:02:22.309587
item_004187,190.63,4.0,clothing,4.0,7.0,3.07,0.5294,0.2745,2026-05-24 20:49:02.254366,2026-08-23 21:02:22.309587
item_004188,40.99,4.1,books,5.0,2.0,3.0500000000000003,0.4865,0.3243,2026-05-24 20:49:02.254366,2026-08-23 21:02:22.309587
item_004189,2461.82,3.5,jewelry,1.0,5.0,2.7,0.8333,0.5,2026-05-24 20:49:02.254366,2026-08-23 21:02:22.309587
item_004190,191.57,4.5,beauty,7.0,7.0,3.358333333333333,0.2985,0.209,2026-05-24 20:49:02.254366,2026-08-23 21:02:22.309587
item_004191,13.49,4.3,books,3.0,4.0,2.54,0.3704,0.3333,2026-05-24 20:49:02.254366,2026-08-23 21:02:22.309587
item_004192,51.25,4.0,automotive,2.0,4.0,4.1,0.6552,0.5172,2026-05-24 20:49:02.254366,2026-08-23 21:02:22.309587
item_004193,53.89,4.0,clothing,1.0,1.0,4.5,1.2143,0.6429,2026-05-24 20:49:02.254366,2026-08-23 21:02:22.309587
item_004194,235.25,3.9,sports,2.0,7.0,3.5,0.4167,0.3833,2026-05-24 20:49:02.254366,2026-08-23 21:02:22.309587
item_004195,53.46,3.5,beauty,5.0,5.0,4.9,0.4762,0.3333,2026-05-24 20:49:02.254366,2026-08-23 21:02:22.309587
item_004196,350.48,3.2,sports,3.0,4.0,2.6,0.6061,0.4545,2026-05-24 20:49:02.254366,2026-08-23 21:02:22.309587
item_004197,63.53,3.6,beauty,2.0,6.0,3.0714285714285716,0.6286,0.3429,2026-05-24 20:49:02.254366,2026-08-23 21:02:22.309587
item_004198,137.89,3.0,automotive,6.0,5.0,3.75,0.3256,0.2791,2026-05-24 20:49:02.254366,2026-08-23 21:02:22.309587
item_004199,12.31,4.0,food,3.0,3.0,3.4166666666666665,1.5714,0.3333,2026-05-24 20:49:02.254366,2026-08-23 21:02:22.309587
item_004200,9.43,5.0,books,3.0,4.0,2.08,0.5263,0.3684,2026-05-24 20:49:02.254366,2026-08-23 21:02:22.309587
item_004201,44.31,4.3,automotive,4.0,6.0,2.71,0.7353,0.5,2026-05-24 20:49:02.254366,2026-08-23 21:02:22.309587
item_004202,38.49,5.0,books,1.0,6.0,2.9,0.9444,0.7222,2026-05-24 20:49:02.254366,2026-08-23 21:02:22.309587
item_004203,54.37,4.4,toys,6.0,4.0,3.04,0.383,0.2128,2026-05-24 20:49:02.254366,2026-08-23 21:02:22.309587
item_004204,193.24,2.6,beauty,4.0,2.0,2.9699999999999998,0.371,0.2258,2026-05-24 20:49:02.254366,2026-08-23 21:02:22.309587
item_004205,559.82,4.2,home_garden,3.0,9.0,2.89,0.5741,0.3704,2026-05-24 20:49:02.254366,2026-08-23 21:02:22.309587
item_004206,1877.56,4.7,jewelry,0.0,1.0,3.275,0.2963,0.2593,2026-05-24 20:49:02.254366,2026-08-23 21:02:22.309587
item_004207,146.13,2.4,automotive,2.0,1.0,2.85,0.6364,0.2727,2026-05-24 20:49:02.254366,2026-08-23 21:02:22.309587
item_004208,46.41,4.7,food,2.0,2.0,2.8999999999999995,0.6047,0.3488,2026-05-24 20:49:02.254366,2026-08-23 21:02:22.309587
item_004209,138.2,3.8,toys,8.0,3.0,3.233333333333333,0.4375,0.1875,2026-05-24 20:49:02.254366,2026-08-23 21:02:22.309587
item_004210,59.87,4.3,food,10.0,6.0,3.775,0.4182,0.2909,2026-05-24 20:49:02.254366,2026-08-23 21:02:22.309587
item_004211,108.5,4.1,toys,4.0,1.0,4.3,0.68,0.36,2026-05-24 20:49:02.254366,2026-08-23 21:02:22.309587
item_004212,26.62,3.8,automotive,2.0,1.0,3.2,0.4737,0.2632,2026-05-24 20:49:02.254366,2026-08-23 21:02:22.309587
item_004213,130.92,4.7,toys,3.0,4.0,3.45,0.8333,0.375,2026-05-24 20:49:02.254366,2026-08-23 21:02:22.309587
item_004214,1869.41,4.1,electronics,2.0,3.0,2.94,0.68,0.4,2026-05-24 20:49:02.254366,2026-08-23 21:02:22.309587
item_004215,54.35,3.3,clothing,3.0,5.0,3.042857142857143,0.5667,0.4667,2026-05-24 20:49:02.254366,2026-08-23 21:02:22.309587
item_004216,57.72,3.5,toys,2.0,4.0,3.5,0.5789,0.5263,2026-05-24 20:49:02.254366,2026-08-23 21:02:22.309587
item_004217,86.85,4.3,beauty,3.0,1.0,3.2545454545454544,0.4,0.18,2026-05-24 20:49:02.254366,2026-08-23 21:02:22.309587
item_004218,684.14,3.3,home_garden,1.0,1.0,1.9,0.5556,0.2222,2026-05-24 20:49:02.254366,2026-08-23 21:02:22.309587
item_004219,1026.11,4.8,electronics,3.0,7.0,3.1,0.6296,0.4444,2026-05-24 20:49:02.254366,2026-08-23 21:02:22.309587
item_004220,37.98,3.2,books,4.0,3.0,3.1818181818181817,0.5758,0.2727,2026-05-24 20:49:02.254366,2026-08-23 21:02:22.309587
item_004221,15.11,5.0,toys,1.0,4.0,3.28,0.8,0.36,2026-05-24 20:49:02.254366,2026-08-23 21:02:22.309587
item_004222,747.63,4.0,home_garden,1.0,1.0,3.3,0.6667,0.1852,2026-05-24 20:49:02.254366,2026-08-23 21:02:22.309587
item_004223,1140.98,3.8,electronics,4.0,4.0,3.625,0.5806,0.5161,2026-05-24 20:49:02.254366,2026-08-23 21:02:22.309587
item_004224,3835.05,5.0,jewelry,3.0,5.0,3.5199999999999996,0.3846,0.5769,2026-05-24 20:49:02.254366,2026-08-23 21:02:22.309587
item_004225,32.78,3.2,food,1.0,5.0,3.6166666666666667,1.35,0.55,2026-05-24 20:49:02.254366,2026-08-23 21:02:22.309587
item_004226,126.2,4.5,beauty,0.0,3.0,2.7,0.8077,0.4615,2026-05-24 20:49:02.254366,2026-08-23 21:02:22.309587
item_004227,262.32,5.0,automotive,1.0,5.0,2.7800000000000002,0.8571,0.4762,2026-05-24 20:49:02.254366,2026-08-23 21:02:22.309587
item_004228,36.06,3.5,jewelry,2.0,2.0,2.8857142857142857,0.8889,0.2593,2026-05-24 20:49:02.254366,2026-08-23 21:02:22.309587
item_004229,4740.88,3.8,jewelry,5.0,6.0,2.45,0.4324,0.3243,2026-05-24 20:49:02.254366,2026-08-23 21:02:22.309587
item_004230,22.43,3.6,books,0.0,6.0,2.8375,0.4865,0.2432,2026-05-24 20:49:02.254366,2026-08-23 21:02:22.309587
item_004231,42.08,3.0,clothing,4.0,6.0,2.9,0.3684,0.4474,2026-05-24 20:49:02.254366,2026-08-23 21:02:22.309587
item_004232,87.61,3.6,toys,6.0,6.0,2.6374999999999997,0.5593,0.339,2026-05-24 20:49:02.254366,2026-08-23 21:02:22.309587
item_004233,75.07,4.4,food,1.0,6.0,2.7,0.8276,0.5172,2026-05-24 20:49:02.254366,2026-08-23 21:02:22.309587
item_004234,12.28,2.9,toys,4.0,4.0,2.0,0.6296,0.3333,2026-05-24 20:49:02.254366,2026-08-23 21:02:22.309587
item_004235,39.17,4.4,food,1.0,5.0,2.5714285714285716,0.5185,0.4074,2026-05-24 20:49:02.254366,2026-08-23 21:02:22.309587
item_004236,446.58,2.6,home_garden,2.0,1.0,3.6,0.6,0.24,2026-05-24 20:49:02.254366,2026-08-23 21:02:22.309587
item_004237,152.53,3.5,sports,2.0,7.0,1.95,0.5278,0.3056,2026-05-24 20:49:02.254366,2026-08-23 21:02:22.309587
item_004238,100.28,4.0,toys,1.0,2.0,2.983333333333333,0.3548,0.2903,2026-05-24 20:49:02.254366,2026-08-23 21:02:22.309587
item_004239,8.87,4.1,books,2.0,2.0,2.8000000000000003,0.7241,0.3448,2026-05-24 20:49:02.254366,2026-08-23 21:02:22.309587
item_004240,1897.72,4.4,electronics,3.0,4.0,2.85,0.6818,0.4545,2026-05-24 20:49:02.254366,2026-08-23 21:02:22.309587
item_004241,1305.23,2.6,electronics,3.0,3.0,1.8142857142857143,0.2391,0.1087,2026-05-24 20:49:02.254366,2026-08-23 21:02:22.309587
item_004242,58.12,4.3,books,4.0,11.0,3.1000000000000005,0.5472,0.4151,2026-05-24 20:49:02.254366,2026-08-23 21:02:22.309587
item_004243,752.88,4.6,home_garden,4.0,0.0,2.75,0.8,0.32,2026-05-24 20:49:02.254366,2026-08-23 21:02:22.309587
item_004244,222.3,3.4,automotive,3.0,5.0,2.9,0.5806,0.3548,2026-05-24 20:49:02.254366,2026-08-23 21:02:22.309587
item_004245,858.26,3.8,electronics,2.0,4.0,3.04,0.4792,0.25,2026-05-24 20:49:02.254366,2026-08-23 21:02:22.309587
item_004246,237.45,4.2,clothing,2.0,7.0,2.642857142857143,0.64,0.72,2026-05-24 20:49:02.254366,2026-08-23 21:02:22.309587
item_004247,1715.6,3.6,electronics,1.0,4.0,3.3,0.5283,0.2453,2026-05-24 20:49:02.254366,2026-08-23 21:02:22.309587
item_004248,55.74,2.9,toys,2.0,4.0,2.6,1.0769,0.3846,2026-05-24 20:49:02.254366,2026-08-23 21:02:22.309587
item_004249,167.08,3.6,clothing,4.0,6.0,3.19,0.4528,0.283,2026-05-24 20:49:02.254366,2026-08-23 21:02:22.309587
item_004250,45.48,4.2,clothing,1.0,4.0,2.914285714285714,0.4615,0.3077,2026-05-24 20:49:02.254366,2026-08-23 21:02:22.309587
item_004251,44.47,3.1,beauty,0.0,3.0,2.8285714285714287,0.75,0.45,2026-05-24 20:49:02.254366,2026-08-23 21:02:22.309587
item_004252,286.13,1.3,automotive,6.0,3.0,3.95,0.4107,0.0893,2026-05-24 20:49:02.254366,2026-08-23 21:02:22.309587
item_004253,1805.26,4.8,electronics,1.0,4.0,3.0,0.5312,0.4062,2026-05-24 20:49:02.254366,2026-08-23 21:02:22.309587
item_004254,167.55,4.4,beauty,2.0,5.0,1.7333333333333334,0.4848,0.5152,2026-05-24 20:49:02.254366,2026-08-23 21:02:22.309587
item_004255,11.45,3.7,toys,4.0,2.0,1.45,0.52,0.32,2026-05-24 20:49:02.254366,2026-08-23 21:02:22.309587
item_004256,99.66,3.1,home_garden,4.0,8.0,2.6399999999999997,0.4058,0.2174,2026-05-24 20:49:02.254366,2026-08-23 21:02:22.309587
item_004257,20.07,4.1,books,4.0,3.0,3.1,0.5,0.4643,2026-05-24 20:49:02.254366,2026-08-23 21:02:22.309587
item_004258,79.67,3.3,food,3.0,3.0,3.257142857142857,0.28,0.52,2026-05-24 20:49:02.254366,2026-08-23 21:02:22.309587
item_004259,1931.81,3.1,electronics,2.0,2.0,3.96,0.4333,0.3,2026-05-24 20:49:02.254366,2026-08-23 21:02:22.309587
item_004260,676.62,3.2,home_garden,2.0,2.0,2.1399999999999997,0.6333,0.2333,2026-05-24 20:49:02.254366,2026-08-23 21:02:22.309587
item_004261,48.45,3.9,home_garden,3.0,1.0,3.5833333333333335,0.8667,0.3667,2026-05-24 20:49:02.254366,2026-08-23 21:02:22.309587
item_004262,369.8,4.2,sports,3.0,2.0,3.3428571428571425,0.6383,0.3191,2026-05-24 20:49:02.254366,2026-08-23 21:02:22.309587
item_004263,129.01,3.9,automotive,6.0,1.0,2.4,0.5556,0.2593,2026-05-24 20:49:02.254366,2026-08-23 21:02:22.309587
item_004264,79.52,4.4,food,4.0,1.0,2.266666666666667,0.4483,0.2069,2026-05-24 20:49:02.254366,2026-08-23 21:02:22.309587
item_004265,2195.71,5.0,jewelry,0.0,2.0,1.1,0.4091,0.2727,2026-05-24 20:49:02.254366,2026-08-23 21:02:22.309587
item_004266,2559.65,3.9,jewelry,2.0,2.0,3.8714285714285714,0.5172,0.1379,2026-05-24 20:49:02.254366,2026-08-23 21:02:22.309587
item_004267,28.03,4.2,clothing,1.0,5.0,2.5444444444444443,0.3793,0.3793,2026-05-24 20:49:02.254366,2026-08-23 21:02:22.309587
item_004268,1755.14,3.9,jewelry,1.0,1.0,3.5666666666666664,0.4348,0.4348,2026-05-24 20:49:02.254366,2026-08-23 21:02:22.309587
item_004269,27.36,3.4,clothing,3.0,3.0,2.7222222222222223,0.7931,0.3793,2026-05-24 20:49:02.254366,2026-08-23 21:02:22.309587
item_004270,133.74,4.0,automotive,1.0,2.0,2.975,0.8636,0.1818,2026-05-24 20:49:02.254366,2026-08-23 21:02:22.309587
item_004271,62.47,2.5,automotive,1.0,2.0,2.7199999999999998,0.6154,0.1538,2026-05-24 20:49:02.254366,2026-08-23 21:02:22.309587
item_004272,72.4,3.7,sports,2.0,3.0,3.225,0.4,0.175,2026-05-24 20:49:02.254366,2026-08-23 21:02:22.309587
item_004273,60.36,3.8,toys,6.0,5.0,3.2,0.7551,0.3265,2026-05-24 20:49:02.254366,2026-08-23 21:02:22.309587
item_004274,141.54,4.0,clothing,4.0,5.0,3.1714285714285713,0.3659,0.2927,2026-05-24 20:49:02.254366,2026-08-23 21:02:22.309587
item_004275,54.77,4.5,automotive,0.0,3.0,3.25,0.7097,0.4194,2026-05-24 20:49:02.254366,2026-08-23 21:02:22.309587
item_004276,170.08,4.1,automotive,1.0,2.0,3.225,0.4706,0.5294,2026-05-24 20:49:02.254366,2026-08-23 21:02:22.309587
item_004277,539.83,4.0,electronics,2.0,3.0,2.06,1.1429,0.9286,2026-05-24 20:49:02.254366,2026-08-23 21:02:22.309587
item_004278,254.56,3.2,automotive,0.0,3.0,2.6333333333333333,0.9091,0.3636,2026-05-24 20:49:02.254366,2026-08-23 21:02:22.309587
item_004279,46.31,4.5,food,0.0,5.0,3.425,0.8571,0.5714,2026-05-24 20:49:02.254366,2026-08-23 21:02:22.309587
item_004280,455.77,4.1,sports,2.0,5.0,3.1,1.0435,0.5652,2026-05-24 20:49:02.254366,2026-08-23 21:02:22.309587
item_004281,2374.97,4.2,jewelry,3.0,3.0,2.9375,0.6552,0.4483,2026-05-24 20:49:02.254366,2026-08-23 21:02:22.309587
item_004282,95.92,3.9,toys,4.0,5.0,2.2,1.1667,0.5,2026-05-24 20:49:02.254366,2026-08-23 21:02:22.309587
item_004283,1640.66,4.2,electronics,7.0,6.0,2.690909090909091,0.4444,0.2083,2026-05-24 20:49:02.254366,2026-08-23 21:02:22.309587
item_004284,353.43,4.1,home_garden,2.0,3.0,2.1500000000000004,0.7037,0.4074,2026-05-24 20:49:02.254366,2026-08-23 21:02:22.309587
item_004285,73.88,4.1,clothing,3.0,1.0,2.766666666666667,0.52,0.24,2026-05-24 20:49:02.254366,2026-08-23 21:02:22.309587
item_004286,94.92,3.7,clothing,5.0,5.0,2.2199999999999998,0.463,0.2222,2026-05-24 20:49:02.254366,2026-08-23 21:02:22.309587
item_004287,130.19,4.0,automotive,1.0,6.0,2.742857142857143,0.5455,0.4848,2026-05-24 20:49:02.254366,2026-08-23 21:02:22.309587
item_004288,615.0,4.2,home_garden,4.0,9.0,2.9285714285714284,0.5,0.5938,2026-05-24 20:49:02.254366,2026-08-23 21:02:22.309587
item_004289,61.93,4.1,beauty,1.0,7.0,2.65,0.8846,0.4231,2026-05-24 20:49:02.254366,2026-08-23 21:02:22.309587
item_004290,2173.32,3.1,jewelry,4.0,6.0,2.1,0.5,0.25,2026-05-24 20:49:02.254366,2026-08-23 21:02:22.309587
item_004291,203.2,3.3,electronics,1.0,4.0,4.066666666666666,0.6296,0.3704,2026-05-24 20:49:02.254366,2026-08-23 21:02:22.309587
item_004292,4915.72,4.2,jewelry,2.0,2.0,3.325,0.4375,0.2188,2026-05-24 20:49:02.254366,2026-08-23 21:02:22.309587
item_004293,74.53,3.1,toys,3.0,6.0,2.5,0.4,0.5667,2026-05-24 20:49:02.254366,2026-08-23 21:02:22.309587
item_004294,27.53,3.9,food,2.0,7.0,3.2333333333333334,0.5333,0.5667,2026-05-24 20:49:02.254366,2026-08-23 21:02:22.309587
item_004295,142.91,3.6,toys,2.0,3.0,3.242857142857143,0.4828,0.3793,2026-05-24 20:49:02.254366,2026-08-23 21:02:22.309587
item_004296,369.95,4.4,sports,8.0,2.0,2.8000000000000003,0.5273,0.1636,2026-05-24 20:49:02.254366,2026-08-23 21:02:22.309587
item_004297,41.05,4.3,books,2.0,7.0,2.8625000000000003,0.4186,0.3953,2026-05-24 20:49:02.254366,2026-08-23 21:02:22.309587
item_004298,4785.59,4.3,jewelry,2.0,4.0,2.65,0.55,0.275,2026-05-24 20:49:02.254366,2026-08-23 21:02:22.309587
item_004299,2545.93,3.5,jewelry,5.0,2.0,4.2,0.6667,0.3056,2026-05-24 20:49:02.254366,2026-08-23 21:02:22.309587
item_004300,1214.97,4.3,jewelry,3.0,4.0,1.725,0.7586,0.4828,2026-05-24 20:49:02.254366,2026-08-23 21:02:22.309587
item_004301,1883.15,4.1,electronics,2.0,8.0,2.725,0.3288,0.3425,2026-05-24 20:49:02.254366,2026-08-23 21:02:22.309587
item_004302,4413.13,3.2,jewelry,3.0,5.0,2.8833333333333333,0.3654,0.25,2026-05-24 20:49:02.254366,2026-08-23 21:02:22.309587
item_004303,84.38,2.5,electronics,1.0,7.0,3.266666666666667,0.3667,0.3,2026-05-24 20:49:02.254366,2026-08-23 21:02:22.309587
item_004304,126.86,3.6,automotive,3.0,2.0,3.56,0.4839,0.129,2026-05-24 20:49:02.254366,2026-08-23 21:02:22.309587
item_004305,248.96,4.4,automotive,4.0,7.0,2.875,0.2222,0.3611,2026-05-24 20:49:02.254366,2026-08-23 21:02:22.309587
item_004306,65.93,3.4,beauty,2.0,3.0,2.1999999999999997,0.6471,0.3235,2026-05-24 20:49:02.254366,2026-08-23 21:02:22.309587
item_004307,909.2,4.2,jewelry,0.0,3.0,3.425,0.4062,0.1562,2026-05-24 20:49:02.254366,2026-08-23 21:02:22.309587
item_004308,23.24,3.7,books,2.0,3.0,3.75,0.4615,0.2308,2026-05-24 20:49:02.254366,2026-08-23 21:02:22.309587
item_004309,47.56,4.7,toys,2.0,6.0,3.1888888888888887,0.7111,0.2889,2026-05-24 20:49:02.254366,2026-08-23 21:02:22.309587
item_004310,70.72,3.3,beauty,2.0,4.0,3.475,0.3846,0.3846,2026-05-24 20:49:02.254366,2026-08-23 21:02:22.309587
item_004311,47.87,4.3,books,5.0,4.0,3.3125,0.5789,0.3684,2026-05-24 20:49:02.254366,2026-08-23 21:02:22.309587
item_004312,31.47,3.6,toys,5.0,4.0,2.775,0.3056,0.3611,2026-05-24 20:49:02.254366,2026-08-23 21:02:22.309587
item_004313,92.13,3.4,beauty,1.0,3.0,2.84,0.2895,0.2895,2026-05-24 20:49:02.254366,2026-08-23 21:02:22.309587
item_004314,2070.1,3.9,jewelry,4.0,5.0,2.375,0.6552,0.5172,2026-05-24 20:49:02.254366,2026-08-23 21:02:22.309587
item_004315,21.14,3.4,food,2.0,5.0,2.8000000000000003,0.3704,0.1852,2026-05-24 20:49:02.254366,2026-08-23 21:02:22.309587
item_004316,998.39,3.3,electronics,3.0,2.0,3.8428571428571425,0.5526,0.2105,2026-05-24 20:49:02.254366,2026-08-23 21:02:22.309587
item_004317,254.5,4.2,home_garden,3.0,1.0,3.06,0.8667,0.3667,2026-05-24 20:49:02.254366,2026-08-23 21:02:22.309587
item_004318,99.41,4.9,toys,2.0,5.0,2.75,0.2692,0.2115,2026-05-24 20:49:02.254366,2026-08-23 21:02:22.309587
item_004319,1314.43,4.9,electronics,2.0,4.0,2.157142857142857,0.7931,0.2414,2026-05-24 20:49:02.254366,2026-08-23 21:02:22.309587
item_004320,476.19,4.2,sports,2.0,2.0,2.5727272727272728,0.8182,0.3182,2026-05-24 20:49:02.254366,2026-08-23 21:02:22.309587
item_004321,53.02,4.0,home_garden,1.0,3.0,2.6,0.4643,0.2857,2026-05-24 20:49:02.254366,2026-08-23 21:02:22.309587
item_004322,75.82,3.6,clothing,2.0,2.0,3.3846153846153846,0.4603,0.1905,2026-05-24 20:49:02.254366,2026-08-23 21:02:22.309587
item_004323,4265.65,2.8,jewelry,4.0,5.0,3.5,0.5385,0.2692,2026-05-24 20:49:02.254366,2026-08-23 21:02:22.309587
item_004324,66.86,5.0,food,3.0,4.0,3.2,0.6,0.3714,2026-05-24 20:49:02.254366,2026-08-23 21:02:22.309587
item_004325,40.66,3.3,food,2.0,1.0,2.9555555555555557,0.5172,0.2414,2026-05-24 20:49:02.254366,2026-08-23 21:02:22.309587
item_004326,147.21,4.9,sports,4.0,4.0,2.733333333333333,0.68,0.44,2026-05-24 20:49:02.254366,2026-08-23 21:02:22.309587
item_004327,233.42,3.5,home_garden,4.0,2.0,3.2142857142857144,0.7,0.2333,2026-05-24 20:49:02.254366,2026-08-23 21:02:22.309587
item_004328,50.08,3.1,food,2.0,2.0,3.25,0.6667,0.1944,2026-05-24 20:49:02.254366,2026-08-23 21:02:22.309587
item_004329,86.42,5.0,automotive,2.0,4.0,2.825,0.6957,0.5217,2026-05-24 20:49:02.254366,2026-08-23 21:02:22.309587
item_004330,299.98,4.5,automotive,2.0,7.0,1.78,0.5676,0.3243,2026-05-24 20:49:02.254366,2026-08-23 21:02:22.309587
item_004331,68.33,3.9,toys,5.0,3.0,3.7600000000000002,0.7692,0.4103,2026-05-24 20:49:02.254366,2026-08-23 21:02:22.309587
item_004332,92.2,2.7,automotive,1.0,3.0,3.3200000000000003,0.6071,0.3214,2026-05-24 20:49:02.254366,2026-08-23 21:02:22.309587
item_004333,17.47,3.5,beauty,5.0,5.0,3.1818181818181817,0.4727,0.2545,2026-05-24 20:49:02.254366,2026-08-23 21:02:22.309587
item_004334,32.71,2.9,books,4.0,4.0,2.34,0.5789,0.3947,2026-05-24 20:49:02.254366,2026-08-23 21:02:22.309587
item_004335,295.6,4.4,sports,6.0,5.0,2.7142857142857144,1.0,0.36,2026-05-24 20:49:02.254366,2026-08-23 21:02:22.309587
item_004336,429.04,3.6,jewelry,1.0,4.0,2.75,1.0,0.3333,2026-05-24 20:49:02.254366,2026-08-23 21:02:22.309587
item_004337,213.52,5.0,automotive,2.0,3.0,3.05,1.1818,0.4091,2026-05-24 20:49:02.254366,2026-08-23 21:02:22.309587
item_004338,165.61,3.6,beauty,4.0,4.0,2.566666666666667,0.5429,0.3714,2026-05-24 20:49:02.254366,2026-08-23 21:02:22.309587
item_004339,907.98,3.9,jewelry,4.0,2.0,3.3000000000000003,0.3947,0.2368,2026-05-24 20:49:02.254366,2026-08-23 21:02:22.309587
item_004340,128.47,2.9,beauty,4.0,0.0,3.033333333333333,0.5455,0.3333,2026-05-24 20:49:02.254366,2026-08-23 21:02:22.309587
item_004341,144.92,4.6,sports,0.0,1.0,2.7199999999999998,1.2,0.6667,2026-05-24 20:49:02.254366,2026-08-23 21:02:22.309587
item_004342,65.88,3.8,food,2.0,4.0,3.0500000000000003,0.6,0.2,2026-05-24 20:49:02.254366,2026-08-23 21:02:22.309587
item_004343,107.71,4.1,toys,5.0,6.0,2.91,0.2727,0.2576,2026-05-24 20:49:02.254366,2026-08-23 21:02:22.309587
item_004344,203.51,3.8,home_garden,6.0,2.0,2.2333333333333334,0.7083,0.375,2026-05-24 20:49:02.254366,2026-08-23 21:02:22.309587
item_004345,438.19,2.7,sports,1.0,4.0,2.0999999999999996,0.5833,0.375,2026-05-24 20:49:02.254366,2026-08-23 21:02:22.309587
item_004346,205.67,4.2,clothing,4.0,3.0,1.9666666666666668,0.4043,0.3191,2026-05-24 20:49:02.254366,2026-08-23 21:02:22.309587
item_004347,3386.38,4.4,jewelry,1.0,4.0,3.8499999999999996,0.625,0.4062,2026-05-24 20:49:02.254366,2026-08-23 21:02:22.309587
item_004348,853.56,4.1,electronics,2.0,5.0,3.9857142857142853,0.9375,0.625,2026-05-24 20:49:02.254366,2026-08-23 21:02:22.309587
item_004349,166.05,4.8,sports,9.0,6.0,2.6666666666666665,0.5962,0.5385,2026-05-24 20:49:02.254366,2026-08-23 21:02:22.309587
item_004350,518.12,3.8,home_garden,3.0,3.0,2.6818181818181817,0.4375,0.2917,2026-05-24 20:49:02.254366,2026-08-23 21:02:22.309587
item_004351,100.35,2.8,electronics,1.0,7.0,3.975,0.7188,0.3438,2026-05-24 20:49:02.254366,2026-08-23 21:02:22.309587
item_004352,15.88,3.8,books,4.0,4.0,3.788888888888889,0.697,0.5455,2026-05-24 20:49:02.254366,2026-08-23 21:02:22.309587
item_004353,46.42,3.8,books,0.0,4.0,4.1000000000000005,1.0,0.4231,2026-05-24 20:49:02.254366,2026-08-23 21:02:22.309587
item_004354,57.37,4.1,books,2.0,5.0,2.875,0.4889,0.2889,2026-05-24 20:49:02.254366,2026-08-23 21:02:22.309587
item_004355,473.6,3.2,sports,4.0,2.0,2.775,0.5769,0.1154,2026-05-24 20:49:02.254366,2026-08-23 21:02:22.309587
item_004356,226.08,5.0,automotive,1.0,2.0,2.0,1.125,0.25,2026-05-24 20:49:02.254366,2026-08-23 21:02:22.309587
item_004357,361.63,3.9,automotive,1.0,2.0,2.98,0.9444,0.2222,2026-05-24 20:49:02.254366,2026-08-23 21:02:22.309587
item_004358,14.87,3.7,beauty,5.0,8.0,2.9499999999999997,0.4694,0.3469,2026-05-24 20:49:02.254366,2026-08-23 21:02:22.309587
item_004359,368.63,4.2,home_garden,3.0,7.0,4.1,0.8182,0.7273,2026-05-24 20:49:02.254366,2026-08-23 21:02:22.309587
item_004360,100.04,3.5,toys,4.0,4.0,3.5,0.6389,0.4722,2026-05-24 20:49:02.254366,2026-08-23 21:02:22.309587
item_004361,48.88,3.2,automotive,4.0,3.0,2.414285714285714,0.3043,0.2174,2026-05-24 20:49:02.254366,2026-08-23 21:02:22.309587
item_004362,2997.27,2.8,jewelry,1.0,4.0,3.0,0.7391,0.3913,2026-05-24 20:49:02.254366,2026-08-23 21:02:22.309587
item_004363,9.99,4.0,beauty,1.0,5.0,2.8874999999999997,0.4444,0.3704,2026-05-24 20:49:02.254366,2026-08-23 21:02:22.309587
item_004364,21.19,4.3,automotive,1.0,5.0,2.3666666666666667,0.7576,0.3333,2026-05-24 20:49:02.254366,2026-08-23 21:02:22.309587
item_004365,112.02,3.0,automotive,1.0,5.0,2.1399999999999997,0.6667,0.5667,2026-05-24 20:49:02.254366,2026-08-23 21:02:22.309587
item_004366,138.87,5.0,beauty,4.0,3.0,2.8,0.9231,0.1538,2026-05-24 20:49:02.254366,2026-08-23 21:02:22.309587
item_004367,3043.39,1.8,jewelry,4.0,3.0,2.425,0.38,0.26,2026-05-24 20:49:02.254366,2026-08-23 21:02:22.309587
item_004368,197.04,3.3,sports,4.0,5.0,3.9,0.225,0.425,2026-05-24 20:49:02.254366,2026-08-23 21:02:22.309587
item_004369,493.07,3.6,sports,2.0,1.0,2.9,0.6667,0.1818,2026-05-24 20:49:02.254366,2026-08-23 21:02:22.309587
item_004370,2419.45,5.0,jewelry,4.0,2.0,3.54,0.4815,0.1481,2026-05-24 20:49:02.254366,2026-08-23 21:02:22.309587
item_004371,49.21,3.9,books,6.0,3.0,2.5,0.4884,0.3023,2026-05-24 20:49:02.254366,2026-08-23 21:02:22.309587
item_004372,147.64,4.3,home_garden,3.0,3.0,3.566666666666667,0.4,0.1818,2026-05-24 20:49:02.254366,2026-08-23 21:02:22.309587
item_004373,375.36,3.3,automotive,2.0,4.0,3.1333333333333333,0.4615,0.2115,2026-05-24 20:49:02.254366,2026-08-23 21:02:22.309587
item_004374,45.45,3.9,books,3.0,4.0,2.533333333333333,0.9259,0.4444,2026-05-24 20:49:02.254366,2026-08-23 21:02:22.309587
item_004375,98.02,3.8,clothing,4.0,4.0,3.1571428571428575,0.5556,0.2889,2026-05-24 20:49:02.254366,2026-08-23 21:02:22.309587
item_004376,1994.74,2.4,electronics,2.0,4.0,3.533333333333333,0.5806,0.3548,2026-05-24 20:49:02.254366,2026-08-23 21:02:22.309587
item_004377,20.59,4.7,toys,1.0,8.0,3.45,0.4688,0.5938,2026-05-24 20:49:02.254366,2026-08-23 21:02:22.309587
item_004378,293.99,4.5,automotive,3.0,3.0,3.4166666666666665,1.0,0.6842,2026-05-24 20:49:02.254366,2026-08-23 21:02:22.309587
item_004379,43.14,3.0,sports,3.0,7.0,2.8000000000000003,0.7,0.4,2026-05-24 20:49:02.254366,2026-08-23 21:02:22.309587
item_004380,206.78,4.0,clothing,2.0,2.0,3.6700000000000004,0.7179,0.3333,2026-05-24 20:49:02.254366,2026-08-23 21:02:22.309587
item_004381,152.16,3.6,jewelry,0.0,1.0,3.7,0.8333,0.3333,2026-05-24 20:49:02.254366,2026-08-23 21:02:22.309587
item_004382,46.71,3.7,food,4.0,4.0,2.8,0.5429,0.2571,2026-05-24 20:49:02.254366,2026-08-23 21:02:22.309587
item_004383,10.64,4.4,books,4.0,5.0,2.4875000000000003,0.7188,0.3125,2026-05-24 20:49:02.254366,2026-08-23 21:02:22.309587
item_004384,183.13,4.9,clothing,1.0,2.0,3.325,0.7143,0.3214,2026-05-24 20:49:02.254366,2026-08-23 21:02:22.309587
item_004385,46.97,3.7,food,2.0,9.0,3.063636363636364,0.5333,0.2833,2026-05-24 20:49:02.254366,2026-08-23 21:02:22.309587
item_004386,348.87,4.0,electronics,2.0,4.0,3.0875000000000004,0.5,0.2174,2026-05-24 20:49:02.254366,2026-08-23 21:02:22.309587
item_004387,15.57,4.2,books,7.0,9.0,2.8625,0.5909,0.4318,2026-05-24 20:49:02.254366,2026-08-23 21:02:22.309587
item_004388,164.16,3.7,clothing,1.0,6.0,2.033333333333333,0.6429,0.4643,2026-05-24 20:49:02.254366,2026-08-23 21:02:22.309587
item_004389,22.8,4.3,food,5.0,5.0,2.6,0.4035,0.193,2026-05-24 20:49:02.254366,2026-08-23 21:02:22.309587
item_004390,2770.54,4.5,jewelry,2.0,1.0,3.0,0.6087,0.5217,2026-05-24 20:49:02.254366,2026-08-23 21:02:22.309587
item_004391,1809.57,4.4,electronics,6.0,7.0,2.788888888888889,0.3478,0.3768,2026-05-24 20:49:02.254366,2026-08-23 21:02:22.309587
item_004392,7.98,4.5,beauty,2.0,3.0,2.5833333333333335,0.4,0.35,2026-05-24 20:49:02.254366,2026-08-23 21:02:22.309587
item_004393,641.4,2.3,jewelry,0.0,3.0,1.4,0.5,0.2143,2026-05-24 20:49:02.254366,2026-08-23 21:02:22.309587
item_004394,429.77,3.2,home_garden,3.0,2.0,3.4499999999999997,0.5556,0.2222,2026-05-24 20:49:02.254366,2026-08-23 21:02:22.309587
item_004395,51.99,3.3,food,3.0,3.0,3.8000000000000003,0.5926,0.4074,2026-05-24 20:49:02.254366,2026-08-23 21:02:22.309587
item_004396,348.91,3.7,automotive,3.0,0.0,1.525,0.2969,0.0625,2026-05-24 20:49:02.254366,2026-08-23 21:02:22.309587
item_004397,49.3,3.6,toys,3.0,4.0,3.8,0.9565,0.5217,2026-05-24 20:49:02.254366,2026-08-23 21:02:22.309587
item_004398,13.88,4.8,toys,3.0,4.0,3.6399999999999997,0.5484,0.2903,2026-05-24 20:49:02.254366,2026-08-23 21:02:22.309587
item_004399,251.64,2.6,automotive,2.0,7.0,2.966666666666667,0.4839,0.5161,2026-05-24 20:49:02.254366,2026-08-23 21:02:22.309587
item_004400,125.42,4.7,automotive,3.0,4.0,3.475,0.4444,0.2963,2026-05-24 20:49:02.254366,2026-08-23 21:02:22.309587
item_004401,173.9,3.1,clothing,2.0,6.0,2.575,0.3611,0.3889,2026-05-24 20:49:02.254366,2026-08-23 21:02:22.309587
item_004402,3005.98,3.6,jewelry,0.0,5.0,2.1,1.0,0.8,2026-05-24 20:49:02.254366,2026-08-23 21:02:22.309587
item_004403,15.73,3.4,beauty,4.0,4.0,2.9250000000000003,0.2258,0.3226,2026-05-24 20:49:02.254366,2026-08-23 21:02:22.309587
item_004404,153.48,3.7,automotive,2.0,4.0,1.9,0.8667,0.6667,2026-05-24 20:49:02.254366,2026-08-23 21:02:22.309587
item_004405,124.68,3.0,home_garden,1.0,3.0,2.8166666666666664,0.5161,0.1613,2026-05-24 20:49:02.254366,2026-08-23 21:02:22.309587
item_004406,249.37,3.8,automotive,2.0,4.0,2.65,0.3571,0.4048,2026-05-24 20:49:02.254366,2026-08-23 21:02:22.309587
item_004407,15.82,3.5,food,1.0,4.0,2.4000000000000004,0.3056,0.2778,2026-05-24 20:49:02.254366,2026-08-23 21:02:22.309587
item_004408,148.34,4.1,clothing,1.0,2.0,3.34,0.6071,0.2857,2026-05-24 20:49:02.254366,2026-08-23 21:02:22.309587
item_004409,158.33,4.4,clothing,1.0,1.0,2.966666666666667,0.6364,0.2727,2026-05-24 20:49:02.254366,2026-08-23 21:02:22.309587
item_004410,70.52,3.4,home_garden,2.0,3.0,2.9846153846153842,0.4706,0.2941,2026-05-24 20:49:02.254366,2026-08-23 21:02:22.309587
item_004411,20.55,5.0,beauty,2.0,3.0,2.6166666666666667,0.92,0.4,2026-05-24 20:49:02.254366,2026-08-23 21:02:22.309587
item_004412,1008.77,3.4,jewelry,2.0,5.0,3.72,0.4634,0.3171,2026-05-24 20:49:02.254366,2026-08-23 21:02:22.309587
item_004413,311.09,2.8,home_garden,2.0,2.0,1.2,0.5909,0.2727,2026-05-24 20:49:02.254366,2026-08-23 21:02:22.309587
item_004414,184.65,4.5,sports,3.0,6.0,3.05,0.5128,0.3077,2026-05-24 20:49:02.254366,2026-08-23 21:02:22.309587
item_004415,117.24,4.4,home_garden,5.0,5.0,2.283333333333333,0.5102,0.2653,2026-05-24 20:49:02.254366,2026-08-23 21:02:22.309587
item_004416,422.04,4.7,electronics,3.0,3.0,3.12,0.4643,0.3571,2026-05-24 20:49:02.254366,2026-08-23 21:02:22.309587
item_004417,778.83,4.3,electronics,1.0,9.0,2.675,0.6,0.42,2026-05-24 20:49:02.254366,2026-08-23 21:02:22.309587
item_004418,356.59,3.7,automotive,2.0,1.0,2.6,0.6512,0.2558,2026-05-24 20:49:02.254366,2026-08-23 21:02:22.309587
item_004419,47.08,3.8,clothing,1.0,0.0,2.525,0.5172,0.2069,2026-05-24 20:49:02.254366,2026-08-23 21:02:22.309587
item_004420,1682.15,2.7,electronics,2.0,5.0,2.3874999999999997,0.7333,0.3333,2026-05-24 20:49:02.254366,2026-08-23 21:02:22.309587
item_004421,179.03,2.3,clothing,3.0,4.0,3.15,0.7917,0.5417,2026-05-24 20:49:02.254366,2026-08-23 21:02:22.309587
item_004422,34.43,4.5,books,8.0,6.0,3.142857142857143,0.2714,0.2143,2026-05-24 20:49:02.254366,2026-08-23 21:02:22.309587
item_004423,146.07,3.5,beauty,5.0,5.0,3.1571428571428575,0.4694,0.2449,2026-05-24 20:49:02.254366,2026-08-23 21:02:22.309587
item_004424,67.71,4.9,toys,2.0,3.0,1.8,0.8,0.56,2026-05-24 20:49:02.254366,2026-08-23 21:02:22.309587
item_004425,259.16,3.6,sports,1.0,7.0,3.772727272727273,0.7586,0.4828,2026-05-24 20:49:02.254366,2026-08-23 21:02:22.309587
item_004426,154.11,3.6,sports,1.0,5.0,2.875,0.2857,0.3429,2026-05-24 20:49:02.254366,2026-08-23 21:02:22.309587
item_004427,554.68,3.5,electronics,2.0,5.0,1.8,0.76,0.52,2026-05-24 20:49:02.254366,2026-08-23 21:02:22.309587
item_004428,57.09,4.3,toys,2.0,5.0,3.15,1.05,0.45,2026-05-24 20:49:02.254366,2026-08-23 21:02:22.309587
item_004429,17.29,2.9,food,4.0,7.0,2.44,0.4407,0.2712,2026-05-24 20:49:02.254366,2026-08-23 21:02:22.309587
item_004430,120.79,3.4,toys,0.0,4.0,2.7750000000000004,0.6,0.4333,2026-05-24 20:49:02.254366,2026-08-23 21:02:22.309587
item_004431,31.52,4.9,toys,5.0,2.0,3.141666666666666,0.4444,0.3611,2026-05-24 20:49:02.254366,2026-08-23 21:02:22.309587
item_004432,27.85,3.7,food,4.0,1.0,3.22,0.6222,0.2667,2026-05-24 20:49:02.254366,2026-08-23 21:02:22.309587
item_004433,85.4,4.4,clothing,2.0,4.0,4.7,0.9048,0.5714,2026-05-24 20:49:02.254366,2026-08-23 21:02:22.309587
item_004434,540.89,3.9,home_garden,3.0,7.0,3.8,0.4651,0.3023,2026-05-24 20:49:02.254366,2026-08-23 21:02:22.309587
item_004435,761.71,4.8,home_garden,1.0,1.0,2.9875,0.75,0.2857,2026-05-24 20:49:02.254366,2026-08-23 21:02:22.309587
item_004436,32.38,4.0,books,2.0,5.0,3.3444444444444446,0.4,0.34,2026-05-24 20:49:02.254366,2026-08-23 21:02:22.309587
item_004437,297.71,5.0,clothing,1.0,2.0,2.9375,0.4545,0.4091,2026-05-24 20:49:02.254366,2026-08-23 21:02:22.309587
item_004438,90.93,3.6,clothing,2.0,3.0,2.6285714285714286,0.6667,0.5238,2026-05-24 20:49:02.254366,2026-08-23 21:02:22.309587
item_004439,32.39,4.8,food,2.0,0.0,2.0,0.5938,0.0625,2026-05-24 20:49:02.254366,2026-08-23 21:02:22.309587
item_004440,3468.04,2.1,jewelry,4.0,2.0,2.5,0.7037,0.2963,2026-05-24 20:49:02.254366,2026-08-23 21:02:22.309587
item_004441,33.92,2.5,books,2.0,3.0,2.025,0.4474,0.5,2026-05-24 20:49:02.254366,2026-08-23 21:02:22.309587
item_004442,287.13,3.8,automotive,1.0,5.0,1.4000000000000001,0.75,0.4583,2026-05-24 20:49:02.254366,2026-08-23 21:02:22.309587
item_004443,66.05,3.0,sports,5.0,4.0,3.157142857142857,0.5303,0.2273,2026-05-24 20:49:02.254366,2026-08-23 21:02:22.309587
item_004444,280.27,4.4,automotive,1.0,4.0,4.475,0.8333,0.6667,2026-05-24 20:49:02.254366,2026-08-23 21:02:22.309587
item_004445,1372.87,5.0,electronics,1.0,5.0,3.12,0.7586,0.3793,2026-05-24 20:49:02.254366,2026-08-23 21:02:22.309587
item_004446,67.62,3.9,sports,3.0,3.0,2.525,0.7407,0.3333,2026-05-24 20:49:02.254366,2026-08-23 21:02:22.309587
item_004447,44.48,4.2,sports,6.0,3.0,1.9714285714285713,0.5,0.3478,2026-05-24 20:49:02.254366,2026-08-23 21:02:22.309587
item_004448,52.46,4.4,clothing,2.0,5.0,3.0833333333333335,0.6364,0.5455,2026-05-24 20:49:02.254366,2026-08-23 21:02:22.309587
item_004449,386.26,4.3,home_garden,2.0,5.0,2.1666666666666665,0.7027,0.3514,2026-05-24 20:49:02.254366,2026-08-23 21:02:22.309587
item_004450,194.29,3.3,automotive,0.0,5.0,2.1399999999999997,0.4333,0.4333,2026-05-24 20:49:02.254366,2026-08-23 21:02:22.309587
item_004451,427.79,4.0,electronics,3.0,4.0,2.3,0.4186,0.3023,2026-05-24 20:49:02.254366,2026-08-23 21:02:22.309587
item_004452,711.81,4.2,electronics,2.0,7.0,4.5,0.8667,0.3667,2026-05-24 20:49:02.254366,2026-08-23 21:02:22.309587
item_004453,45.33,3.1,books,4.0,6.0,2.2666666666666666,0.4242,0.3939,2026-05-24 20:49:02.254366,2026-08-23 21:02:22.309587
item_004454,52.52,4.0,books,6.0,6.0,2.2833333333333337,0.2143,0.2571,2026-05-24 20:49:02.254366,2026-08-23 21:02:22.309587
item_004455,115.24,4.5,beauty,2.0,11.0,3.0,0.5435,0.4783,2026-05-24 20:49:02.254366,2026-08-23 21:02:22.309587
item_004456,247.45,4.3,sports,5.0,5.0,3.185714285714286,0.6042,0.3125,2026-05-24 20:49:02.254366,2026-08-23 21:02:22.309587
item_004457,67.89,3.5,automotive,2.0,1.0,3.233333333333333,0.52,0.36,2026-05-24 20:49:02.254366,2026-08-23 21:02:22.309587
item_004458,1544.43,5.0,electronics,5.0,5.0,1.95,0.3889,0.3611,2026-05-24 20:49:02.254366,2026-08-23 21:02:22.309587
item_004459,32.97,4.1,toys,1.0,4.0,4.3999999999999995,0.4062,0.3438,2026-05-24 20:49:02.254366,2026-08-23 21:02:22.309587
item_004460,63.56,2.7,beauty,2.0,1.0,3.15,1.4,0.6,2026-05-24 20:49:02.254366,2026-08-23 21:02:22.309587
item_004461,9.99,4.7,books,7.0,3.0,2.725,0.7368,0.3421,2026-05-24 20:49:02.254366,2026-08-23 21:02:22.309587
item_004462,4242.84,3.4,jewelry,0.0,5.0,4.2,0.4643,0.3571,2026-05-24 20:49:02.254366,2026-08-23 21:02:22.309587
item_004463,1186.84,3.5,jewelry,2.0,8.0,3.283333333333333,0.8,0.64,2026-05-24 20:49:02.254366,2026-08-23 21:02:22.309587
item_004464,47.33,3.4,toys,1.0,5.0,1.9375,0.4516,0.3548,2026-05-24 20:49:02.254366,2026-08-23 21:02:22.309587
item_004465,186.46,3.1,home_garden,2.0,2.0,3.375,0.5517,0.3448,2026-05-24 20:49:02.254366,2026-08-23 21:02:22.309587
item_004466,737.57,4.9,electronics,0.0,6.0,3.2599999999999993,1.4211,0.6842,2026-05-24 20:49:02.254366,2026-08-23 21:02:22.309587
item_004467,360.07,4.0,automotive,3.0,2.0,2.08,0.8095,0.2857,2026-05-24 20:49:02.254366,2026-08-23 21:02:22.309587
item_004468,174.55,3.7,automotive,5.0,2.0,3.3666666666666667,0.7188,0.4062,2026-05-24 20:49:02.254366,2026-08-23 21:02:22.309587
item_004469,102.24,3.1,toys,1.0,2.0,3.0500000000000003,0.6176,0.3824,2026-05-24 20:49:02.254366,2026-08-23 21:02:22.309587
item_004470,425.11,4.6,home_garden,2.0,2.0,3.25,1.0714,0.4286,2026-05-24 20:49:02.254366,2026-08-23 21:02:22.309587
item_004471,41.68,4.4,books,3.0,2.0,2.6,0.5882,0.3529,2026-05-24 20:49:02.254366,2026-08-23 21:02:22.309587
item_004472,228.32,4.6,clothing,0.0,3.0,3.1,0.7037,0.4444,2026-05-24 20:49:02.254366,2026-08-23 21:02:22.309587
item_004473,614.17,4.5,home_garden,7.0,5.0,3.3000000000000003,0.4828,0.2759,2026-05-24 20:49:02.254366,2026-08-23 21:02:22.309587
item_004474,3303.33,3.9,jewelry,4.0,5.0,2.8333333333333335,0.5429,0.2857,2026-05-24 20:49:02.254366,2026-08-23 21:02:22.309587
item_004475,25.03,5.0,toys,1.0,6.0,2.625,0.9394,0.3636,2026-05-24 20:49:02.254366,2026-08-23 21:02:22.309587
item_004476,3.62,4.2,food,6.0,11.0,3.5,0.4531,0.2969,2026-05-24 20:49:02.254366,2026-08-23 21:02:22.309587
item_004477,278.59,4.7,home_garden,2.0,2.0,2.025,0.7647,0.4118,2026-05-24 20:49:02.254366,2026-08-23 21:02:22.309587
item_004478,130.34,4.5,sports,4.0,3.0,3.058333333333333,0.9655,0.4483,2026-05-24 20:49:02.254366,2026-08-23 21:02:22.309587
item_004479,19.15,4.3,books,0.0,5.0,3.1,1.087,0.5217,2026-05-24 20:49:02.254366,2026-08-23 21:02:22.309587
item_004480,136.34,4.5,beauty,0.0,10.0,3.1333333333333333,0.5143,0.6857,2026-05-24 20:49:02.254366,2026-08-23 21:02:22.309587
item_004481,4.14,3.2,food,5.0,2.0,3.1333333333333333,0.4062,0.2812,2026-05-24 20:49:02.254366,2026-08-23 21:02:22.309587
item_004482,76.7,3.2,beauty,2.0,2.0,2.475,0.359,0.2821,2026-05-24 20:49:02.254366,2026-08-23 21:02:22.309587
item_004483,124.31,4.0,toys,0.0,4.0,4.220000000000001,0.4884,0.3023,2026-05-24 20:49:02.254366,2026-08-23 21:02:22.309587
item_004484,138.88,3.4,toys,8.0,2.0,2.9699999999999998,0.4894,0.3191,2026-05-24 20:49:02.254366,2026-08-23 21:02:22.309587
item_004485,44.77,4.6,books,3.0,8.0,2.8076923076923075,0.5294,0.4706,2026-05-24 20:49:02.254366,2026-08-23 21:02:22.309587
item_004486,99.87,3.7,home_garden,1.0,5.0,3.15,0.4524,0.3095,2026-05-24 20:49:02.254366,2026-08-23 21:02:22.309587
item_004487,336.45,3.3,sports,2.0,1.0,2.96,0.6176,0.2059,2026-05-24 20:49:02.254366,2026-08-23 21:02:22.309587
item_004488,121.71,5.0,sports,3.0,5.0,2.742857142857143,0.4091,0.3182,2026-05-24 20:49:02.254366,2026-08-23 21:02:22.309587
item_004489,252.9,3.2,sports,5.0,2.0,3.9714285714285715,1.16,0.16,2026-05-24 20:49:02.254366,2026-08-23 21:02:22.309587
item_004490,53.15,3.7,food,3.0,5.0,2.8666666666666667,0.6667,0.4,2026-05-24 20:49:02.254366,2026-08-23 21:02:22.309587
item_004491,4470.09,4.3,jewelry,3.0,4.0,4.449999999999999,0.5,0.5357,2026-05-24 20:49:02.254366,2026-08-23 21:02:22.309587
item_004492,38.11,3.1,books,9.0,1.0,2.58,0.3137,0.1765,2026-05-24 20:49:02.254366,2026-08-23 21:02:22.309587
item_004493,76.59,3.0,food,5.0,3.0,2.75,0.8387,0.3548,2026-05-24 20:49:02.254366,2026-08-23 21:02:22.309587
item_004494,554.83,5.0,jewelry,2.0,1.0,3.05,0.84,0.36,2026-05-24 20:49:02.254366,2026-08-23 21:02:22.309587
item_004495,105.45,3.8,clothing,3.0,3.0,2.885714285714286,0.5172,0.3103,2026-05-24 20:49:02.254366,2026-08-23 21:02:22.309587
item_004496,307.27,3.9,sports,5.0,4.0,3.025,0.5357,0.5,2026-05-24 20:49:02.254366,2026-08-23 21:02:22.309587
item_004497,53.17,4.2,beauty,2.0,6.0,3.6333333333333333,0.75,0.2708,2026-05-24 20:49:02.254366,2026-08-23 21:02:22.309587
item_004498,540.52,3.6,home_garden,2.0,2.0,3.5500000000000003,0.55,0.3,2026-05-24 20:49:02.254366,2026-08-23 21:02:22.309587
item_004499,57.65,4.0,clothing,3.0,3.0,3.5714285714285716,0.7778,0.2593,2026-05-24 20:49:02.254366,2026-08-23 21:02:22.309587
item_004500,23.63,2.6,home_garden,0.0,4.0,2.5142857142857147,0.6818,0.3636,2026-05-24 20:49:02.254366,2026-08-23 21:02:22.309587
item_004501,386.9,4.3,sports,3.0,8.0,2.32,0.5938,0.4375,2026-05-24 20:49:02.254366,2026-08-23 21:02:22.309587
item_004502,10.61,4.0,books,1.0,3.0,3.0799999999999996,0.8261,0.5217,2026-05-24 20:49:02.254366,2026-08-23 21:02:22.309587
item_004503,10.57,4.5,books,3.0,3.0,3.96,0.7727,0.4545,2026-05-24 20:49:02.254366,2026-08-23 21:02:22.309587
item_004504,35.63,3.6,toys,4.0,3.0,2.6833333333333336,0.4286,0.3929,2026-05-24 20:49:02.254366,2026-08-23 21:02:22.309587
item_004505,40.16,4.5,books,1.0,3.0,2.675,0.5806,0.4194,2026-05-24 20:49:02.254366,2026-08-23 21:02:22.309587
item_004506,140.41,2.9,clothing,2.0,2.0,2.5,0.5667,0.4333,2026-05-24 20:49:02.254366,2026-08-23 21:02:22.309587
item_004507,49.38,3.1,food,1.0,4.0,2.7555555555555555,0.6,0.32,2026-05-24 20:49:02.254366,2026-08-23 21:02:22.309587
item_004508,111.65,3.6,beauty,0.0,7.0,2.4499999999999997,0.7273,0.8636,2026-05-24 20:49:02.254366,2026-08-23 21:02:22.309587
item_004509,245.35,3.7,clothing,4.0,9.0,2.06,0.5,0.4118,2026-05-24 20:49:02.254366,2026-08-23 21:02:22.309587
item_004510,43.24,3.9,beauty,4.0,4.0,3.0142857142857147,0.7692,0.3846,2026-05-24 20:49:02.254366,2026-08-23 21:02:22.309587
item_004511,841.7,4.1,electronics,1.0,4.0,2.566666666666667,1.08,0.36,2026-05-24 20:49:02.254366,2026-08-23 21:02:22.309587
item_004512,117.18,3.0,beauty,1.0,1.0,2.766666666666667,0.6087,0.3913,2026-05-24 20:49:02.254366,2026-08-23 21:02:22.309587
item_004513,508.14,4.1,home_garden,0.0,3.0,2.533333333333333,0.6087,0.4783,2026-05-24 20:49:02.254366,2026-08-23 21:02:22.309587
item_004514,269.74,4.9,electronics,4.0,0.0,3.625,0.5588,0.2941,2026-05-24 20:49:02.254366,2026-08-23 21:02:22.309587
item_004515,346.07,4.3,automotive,5.0,3.0,2.7875,0.434,0.2642,2026-05-24 20:49:02.254366,2026-08-23 21:02:22.309587
item_004516,16.9,4.5,books,2.0,4.0,3.357142857142857,0.6667,0.4333,2026-05-24 20:49:02.254366,2026-08-23 21:02:22.309587
item_004517,36.03,3.1,toys,0.0,3.0,2.466666666666667,0.5714,0.3429,2026-05-24 20:49:02.254366,2026-08-23 21:02:22.309587
item_004518,368.03,3.3,sports,6.0,7.0,2.6,0.6667,0.3077,2026-05-24 20:49:02.254366,2026-08-23 21:02:22.309587
item_004519,149.87,4.3,sports,0.0,4.0,4.375,0.9,0.6,2026-05-24 20:49:02.254366,2026-08-23 21:02:22.309587
item_004520,479.18,3.7,jewelry,4.0,3.0,2.8,0.8889,0.4444,2026-05-24 20:49:02.254366,2026-08-23 21:02:22.309587
item_004521,92.42,3.9,clothing,2.0,6.0,3.3,0.6176,0.4412,2026-05-24 20:49:02.254366,2026-08-23 21:02:22.309587
item_004522,95.09,3.6,sports,0.0,1.0,2.8833333333333333,0.8,0.4,2026-05-24 20:49:02.254366,2026-08-23 21:02:22.309587
item_004523,270.46,3.2,automotive,0.0,1.0,3.3,0.75,0.3125,2026-05-24 20:49:02.254366,2026-08-23 21:02:22.309587
item_004524,37.25,4.1,books,5.0,1.0,3.314285714285714,0.6053,0.2368,2026-05-24 20:49:02.254366,2026-08-23 21:02:22.309587
item_004525,165.59,4.2,home_garden,3.0,6.0,2.35,0.4545,0.4242,2026-05-24 20:49:02.254366,2026-08-23 21:02:22.309587
item_004526,665.01,3.4,home_garden,1.0,6.0,3.6142857142857143,0.9412,0.7647,2026-05-24 20:49:02.254366,2026-08-23 21:02:22.309587
item_004527,61.99,3.2,toys,1.0,3.0,3.1571428571428575,0.9545,0.4545,2026-05-24 20:49:02.254366,2026-08-23 21:02:22.309587
item_004528,287.12,3.6,jewelry,3.0,5.0,3.6333333333333337,0.3617,0.2979,2026-05-24 20:49:02.254366,2026-08-23 21:02:22.309587
item_004529,25.78,3.4,sports,2.0,5.0,3.71,0.5111,0.3111,2026-05-24 20:49:02.254366,2026-08-23 21:02:22.309587
item_004530,46.89,2.5,automotive,2.0,0.0,3.02,1.2667,0.1333,2026-05-24 20:49:02.254366,2026-08-23 21:02:22.309587
item_004531,261.52,4.0,sports,2.0,7.0,2.8375,0.5476,0.3571,2026-05-24 20:49:02.254366,2026-08-23 21:02:22.309587
item_004532,139.7,4.4,toys,1.0,4.0,2.766666666666667,0.6,0.6,2026-05-24 20:49:02.254366,2026-08-23 21:02:22.309587
item_004533,64.32,3.3,food,5.0,8.0,3.1,0.4375,0.5625,2026-05-24 20:49:02.254366,2026-08-23 21:02:22.309587
item_004534,53.25,4.7,automotive,2.0,2.0,2.05,0.88,0.2,2026-05-24 20:49:02.254366,2026-08-23 21:02:22.309587
item_004535,142.47,4.4,toys,0.0,5.0,3.78,0.7826,0.6087,2026-05-24 20:49:02.254366,2026-08-23 21:02:22.309587
item_004536,82.45,3.4,toys,2.0,3.0,1.9285714285714286,1.1429,0.7857,2026-05-24 20:49:02.254366,2026-08-23 21:02:22.309587
item_004537,1145.96,2.9,electronics,4.0,4.0,3.4333333333333336,0.5349,0.3023,2026-05-24 20:49:02.254366,2026-08-23 21:02:22.309587
item_004538,621.22,3.5,jewelry,5.0,2.0,3.6750000000000003,0.4412,0.2647,2026-05-24 20:49:02.254366,2026-08-23 21:02:22.309587
item_004539,38.56,3.4,beauty,4.0,2.0,3.3249999999999997,0.7778,0.3704,2026-05-24 20:49:02.254366,2026-08-23 21:02:22.309587
item_004540,1049.72,3.3,electronics,4.0,5.0,3.525,0.3871,0.3871,2026-05-24 20:49:02.254366,2026-08-23 21:02:22.309587
item_004541,53.17,3.7,books,1.0,4.0,2.477777777777778,0.5263,0.3158,2026-05-24 20:49:02.254366,2026-08-23 21:02:22.309587
item_004542,141.32,3.2,clothing,0.0,2.0,3.2,0.5278,0.2222,2026-05-24 20:49:02.254366,2026-08-23 21:02:22.309587
item_004543,44.84,3.9,books,2.0,8.0,2.893333333333333,0.5745,0.3404,2026-05-24 20:49:02.254366,2026-08-23 21:02:22.309587
item_004544,1836.39,4.3,jewelry,4.0,3.0,3.6727272727272724,0.4038,0.1346,2026-05-24 20:49:02.254366,2026-08-23 21:02:22.309587
item_004545,1577.16,3.1,jewelry,1.0,5.0,3.4444444444444446,0.375,0.3333,2026-05-24 20:49:02.254366,2026-08-23 21:02:22.309587
item_004546,101.57,3.6,home_garden,2.0,3.0,3.0714285714285716,0.7037,0.4444,2026-05-24 20:49:02.254366,2026-08-23 21:02:22.309587
item_004547,1622.91,2.4,electronics,2.0,3.0,2.775,0.6786,0.2857,2026-05-24 20:49:02.254366,2026-08-23 21:02:22.309587
item_004548,142.96,3.9,clothing,1.0,5.0,3.1999999999999997,0.6957,0.3913,2026-05-24 20:49:02.254366,2026-08-23 21:02:22.309587
item_004549,143.43,3.9,toys,0.0,3.0,2.88,0.3182,0.4545,2026-05-24 20:49:02.254366,2026-08-23 21:02:22.309587
item_004550,49.62,3.2,books,2.0,4.0,2.7,0.8261,0.6522,2026-05-24 20:49:02.254366,2026-08-23 21:02:22.309587
item_004551,24.08,4.1,books,3.0,7.0,3.3285714285714287,0.5556,0.4815,2026-05-24 20:49:02.254366,2026-08-23 21:02:22.309587
item_004552,313.1,2.8,jewelry,6.0,5.0,2.8833333333333333,0.6585,0.3659,2026-05-24 20:49:02.254366,2026-08-23 21:02:22.309587
item_004553,85.52,4.0,toys,1.0,5.0,2.1500000000000004,0.7647,0.4118,2026-05-24 20:49:02.254366,2026-08-23 21:02:22.309587
item_004554,32.87,2.4,books,3.0,3.0,3.7,0.4412,0.2647,2026-05-24 20:49:02.254366,2026-08-23 21:02:22.309587
item_004555,1741.45,4.2,jewelry,2.0,2.0,3.1,0.6176,0.2353,2026-05-24 20:49:02.254366,2026-08-23 21:02:22.309587
item_004556,130.96,3.9,beauty,3.0,1.0,2.625,0.48,0.24,2026-05-24 20:49:02.254366,2026-08-23 21:02:22.309587
item_004557,43.52,3.0,books,5.0,3.0,2.38,0.5667,0.3667,2026-05-24 20:49:02.254366,2026-08-23 21:02:22.309587
item_004558,93.32,4.1,home_garden,3.0,7.0,2.966666666666667,0.5366,0.5122,2026-05-24 20:49:02.254366,2026-08-23 21:02:22.309587
item_004559,147.2,3.2,toys,1.0,1.0,2.466666666666667,0.6538,0.3846,2026-05-24 20:49:02.254366,2026-08-23 21:02:22.309587
item_004560,928.61,3.8,electronics,0.0,5.0,3.54,0.84,0.48,2026-05-24 20:49:02.254366,2026-08-23 21:02:22.309587
item_004561,351.94,4.9,automotive,6.0,3.0,3.45,0.375,0.25,2026-05-24 20:49:02.254366,2026-08-23 21:02:22.309587
item_004562,187.53,4.8,electronics,4.0,3.0,2.5846153846153848,0.5667,0.4667,2026-05-24 20:49:02.254366,2026-08-23 21:02:22.309587
item_004563,937.76,4.2,electronics,2.0,7.0,3.516666666666667,0.6,0.6,2026-05-24 20:49:02.254366,2026-08-23 21:02:22.309587
item_004564,66.26,4.6,food,4.0,8.0,2.57,0.5185,0.4815,2026-05-24 20:49:02.254366,2026-08-23 21:02:22.309587
item_004565,722.22,2.5,electronics,2.0,4.0,2.5142857142857147,0.2903,0.2903,2026-05-24 20:49:02.254366,2026-08-23 21:02:22.309587
item_004566,4052.65,4.6,jewelry,1.0,0.0,2.725,1.0667,0.3333,2026-05-24 20:49:02.254366,2026-08-23 21:02:22.309587
item_004567,779.29,3.6,electronics,2.0,3.0,3.0285714285714285,0.4118,0.3529,2026-05-24 20:49:02.254366,2026-08-23 21:02:22.309587
item_004568,413.03,3.8,home_garden,3.0,4.0,3.6142857142857143,0.3846,0.359,2026-05-24 20:49:02.254366,2026-08-23 21:02:22.309587
item_004569,79.12,3.5,sports,6.0,7.0,3.3000000000000003,0.549,0.4118,2026-05-24 20:49:02.254366,2026-08-23 21:02:22.309587
item_004570,49.8,3.8,books,2.0,6.0,2.522222222222222,0.5556,0.4074,2026-05-24 20:49:02.254366,2026-08-23 21:02:22.309587
item_004571,2093.53,3.5,jewelry,1.0,4.0,2.4625,0.2632,0.2895,2026-05-24 20:49:02.254366,2026-08-23 21:02:22.309587
item_004572,45.88,5.0,beauty,2.0,4.0,2.56,0.3793,0.5172,2026-05-24 20:49:02.254366,2026-08-23 21:02:22.309587
item_004573,20.88,3.5,books,2.0,3.0,2.8,0.85,0.65,2026-05-24 20:49:02.254366,2026-08-23 21:02:22.309587
item_004574,33.04,3.6,sports,7.0,2.0,2.4625,0.32,0.22,2026-05-24 20:49:02.254366,2026-08-23 21:02:22.309587
item_004575,16.21,3.0,beauty,3.0,6.0,3.3444444444444446,0.6111,0.3889,2026-05-24 20:49:02.254366,2026-08-23 21:02:22.309587
item_004576,315.74,4.3,automotive,4.0,8.0,2.3600000000000003,0.6667,0.6667,2026-05-24 20:49:02.254366,2026-08-23 21:02:22.309587
item_004577,199.74,4.4,beauty,1.0,6.0,3.242857142857143,0.95,0.75,2026-05-24 20:49:02.254366,2026-08-23 21:02:22.309587
item_004578,53.26,4.1,books,2.0,3.0,4.050000000000001,0.3667,0.2667,2026-05-24 20:49:02.254366,2026-08-23 21:02:22.309587
item_004579,170.01,3.6,clothing,6.0,5.0,2.55,0.4528,0.4151,2026-05-24 20:49:02.254366,2026-08-23 21:02:22.309587
item_004580,132.77,3.8,toys,1.0,9.0,2.771428571428572,0.463,0.3148,2026-05-24 20:49:02.254366,2026-08-23 21:02:22.309587
item_004581,70.57,3.2,toys,4.0,2.0,3.227272727272727,0.6061,0.2121,2026-05-24 20:49:02.254366,2026-08-23 21:02:22.309587
item_004582,34.42,4.7,books,5.0,7.0,4.2,0.88,0.72,2026-05-24 20:49:02.254366,2026-08-23 21:02:22.309587
item_004583,499.67,4.3,sports,0.0,5.0,3.7875,0.72,0.64,2026-05-24 20:49:02.254366,2026-08-23 21:02:22.309587
item_004584,1334.45,3.3,electronics,1.0,3.0,2.942857142857143,0.619,0.4762,2026-05-24 20:49:02.254366,2026-08-23 21:02:22.309587
item_004585,1765.46,3.6,jewelry,6.0,5.0,3.2000000000000006,0.8621,0.2759,2026-05-24 20:49:02.254366,2026-08-23 21:02:22.309587
item_004586,348.59,3.4,sports,4.0,3.0,2.766666666666667,0.5676,0.2973,2026-05-24 20:49:02.254366,2026-08-23 21:02:22.309587
item_004587,24.83,3.5,clothing,1.0,5.0,3.3285714285714287,0.6552,0.4483,2026-05-24 20:49:02.254366,2026-08-23 21:02:22.309587
item_004588,39.63,2.9,books,5.0,9.0,3.1,0.566,0.283,2026-05-24 20:49:02.254366,2026-08-23 21:02:22.309587
item_004589,53.56,3.9,books,4.0,6.0,2.6,0.625,0.375,2026-05-24 20:49:02.254366,2026-08-23 21:02:22.309587
item_004590,27.13,3.6,books,1.0,0.0,3.04,0.6207,0.4138,2026-05-24 20:49:02.254366,2026-08-23 21:02:22.309587
item_004591,2807.69,4.1,jewelry,2.0,2.0,2.8,0.75,0.3333,2026-05-24 20:49:02.254366,2026-08-23 21:02:22.309587
item_004592,433.79,2.8,home_garden,0.0,4.0,3.275,0.2424,0.2727,2026-05-24 20:49:02.254366,2026-08-23 21:02:22.309587
item_004593,233.7,4.1,sports,2.0,3.0,3.3000000000000003,0.4138,0.3103,2026-05-24 20:49:02.254366,2026-08-23 21:02:22.309587
item_004594,122.66,4.7,toys,4.0,4.0,2.857142857142857,0.7045,0.3409,2026-05-24 20:49:02.254366,2026-08-23 21:02:22.309587
item_004595,1553.44,4.2,electronics,2.0,5.0,3.1166666666666667,0.7857,0.4643,2026-05-24 20:49:02.254366,2026-08-23 21:02:22.309587
item_004596,209.51,5.0,clothing,1.0,4.0,3.8625,0.5862,0.4828,2026-05-24 20:49:02.254366,2026-08-23 21:02:22.309587
item_004597,390.38,3.4,home_garden,4.0,1.0,3.3857142857142857,0.4167,0.25,2026-05-24 20:49:02.254366,2026-08-23 21:02:22.309587
item_004598,743.18,2.3,home_garden,3.0,6.0,2.914285714285714,0.8182,0.3636,2026-05-24 20:49:02.254366,2026-08-23 21:02:22.309587
item_004599,76.11,3.6,toys,1.0,3.0,3.6,0.9524,0.4762,2026-05-24 20:49:02.254366,2026-08-23 21:02:22.309587
item_004600,117.98,4.5,beauty,3.0,3.0,3.425,0.4576,0.2034,2026-05-24 20:49:02.254366,2026-08-23 21:02:22.309587
item_004601,239.07,3.4,sports,4.0,3.0,3.4799999999999995,0.2381,0.1905,2026-05-24 20:49:02.254366,2026-08-23 21:02:22.309587
item_004602,183.59,3.9,beauty,2.0,4.0,3.4,0.6809,0.3404,2026-05-24 20:49:02.254366,2026-08-23 21:02:22.309587
item_004603,2541.37,4.2,jewelry,1.0,5.0,3.4625,0.2885,0.3269,2026-05-24 20:49:02.254366,2026-08-23 21:02:22.309587
item_004604,53.44,4.7,clothing,1.0,2.0,2.2,1.1538,1.0769,2026-05-24 20:49:02.254366,2026-08-23 21:02:22.309587
item_004605,56.39,4.2,automotive,2.0,2.0,2.95,0.3333,0.2222,2026-05-24 20:49:02.254366,2026-08-23 21:02:22.309587
item_004606,120.33,4.2,automotive,6.0,5.0,4.16,0.7,0.5667,2026-05-24 20:49:02.254366,2026-08-23 21:02:22.309587
item_004607,1618.3,4.1,electronics,3.0,5.0,3.6,0.6429,0.3929,2026-05-24 20:49:02.254366,2026-08-23 21:02:22.309587
item_004608,71.13,4.6,toys,0.0,4.0,2.9200000000000004,0.4878,0.3415,2026-05-24 20:49:02.254366,2026-08-23 21:02:22.309587
item_004609,488.9,3.2,sports,0.0,5.0,3.314285714285714,0.6522,0.4348,2026-05-24 20:49:02.254366,2026-08-23 21:02:22.309587
item_004610,186.49,3.0,sports,2.0,3.0,3.0555555555555554,0.3333,0.3333,2026-05-24 20:49:02.254366,2026-08-23 21:02:22.309587
item_004611,184.68,3.6,clothing,1.0,2.0,2.6714285714285713,0.6923,0.6154,2026-05-24 20:49:02.254366,2026-08-23 21:02:22.309587
item_004612,49.14,4.5,books,0.0,1.0,2.8285714285714283,0.7778,0.2222,2026-05-24 20:49:02.254366,2026-08-23 21:02:22.309587
item_004613,28.22,4.0,sports,3.0,2.0,3.04,1.0,0.55,2026-05-24 20:49:02.254366,2026-08-23 21:02:22.309587
item_004614,104.78,5.0,automotive,3.0,2.0,3.28,0.4828,0.2069,2026-05-24 20:49:02.254366,2026-08-23 21:02:22.309587
item_004615,43.38,3.6,sports,2.0,5.0,1.8,0.7857,0.5,2026-05-24 20:49:02.254366,2026-08-23 21:02:22.309587
item_004616,244.88,3.4,sports,2.0,1.0,2.7375,0.4333,0.3333,2026-05-24 20:49:02.254366,2026-08-23 21:02:22.309587
item_004617,1646.69,2.8,electronics,2.0,3.0,3.88,0.4667,0.3333,2026-05-24 20:49:02.254366,2026-08-23 21:02:22.309587
item_004618,835.89,4.3,electronics,5.0,4.0,2.733333333333334,1.3333,0.6111,2026-05-24 20:49:02.254366,2026-08-23 21:02:22.309587
item_004619,4270.49,4.8,jewelry,2.0,3.0,2.6,1.0,0.5625,2026-05-24 20:49:02.254366,2026-08-23 21:02:22.309587
item_004620,471.6,4.3,sports,1.0,5.0,3.72,1.1765,0.5294,2026-05-24 20:49:02.254366,2026-08-23 21:02:22.309587
item_004621,193.86,3.8,clothing,2.0,2.0,3.45,0.5556,0.2593,2026-05-24 20:49:02.254366,2026-08-23 21:02:22.309587
item_004622,840.36,3.2,jewelry,3.0,5.0,3.2,0.5278,0.2778,2026-05-24 20:49:02.254366,2026-08-23 21:02:22.309587
item_004623,73.31,4.3,toys,3.0,6.0,2.888888888888889,0.5088,0.2632,2026-05-24 20:49:02.254366,2026-08-23 21:02:22.309587
item_004624,1377.46,3.2,electronics,0.0,3.0,2.8625,0.7917,0.3333,2026-05-24 20:49:02.254366,2026-08-23 21:02:22.309587
item_004625,1344.13,4.1,electronics,2.0,5.0,2.925,0.8846,0.3462,2026-05-24 20:49:02.254366,2026-08-23 21:02:22.309587
item_004626,240.47,3.8,clothing,2.0,4.0,3.1333333333333333,0.4878,0.3171,2026-05-24 20:49:02.254366,2026-08-23 21:02:22.309587
item_004627,1765.29,2.4,jewelry,4.0,4.0,2.12,0.5517,0.3103,2026-05-24 20:49:02.254366,2026-08-23 21:02:22.309587
item_004628,254.8,3.7,clothing,3.0,5.0,3.857142857142857,0.3611,0.2778,2026-05-24 20:49:02.254366,2026-08-23 21:02:22.309587
item_004629,32.65,3.8,books,4.0,2.0,3.642857142857143,0.6667,0.3704,2026-05-24 20:49:02.254366,2026-08-23 21:02:22.309587
item_004630,208.53,3.3,sports,2.0,5.0,2.8,0.6667,0.375,2026-05-24 20:49:02.254366,2026-08-23 21:02:22.309587
item_004631,7.36,3.6,books,4.0,4.0,3.3666666666666667,0.6071,0.4286,2026-05-24 20:49:02.254366,2026-08-23 21:02:22.309587
item_004632,193.73,3.7,clothing,7.0,4.0,3.7,0.8261,0.4348,2026-05-24 20:49:02.254366,2026-08-23 21:02:22.309587
item_004633,51.55,4.3,books,3.0,0.0,2.125,0.4138,0.1034,2026-05-24 20:49:02.254366,2026-08-23 21:02:22.309587
item_004634,39.56,3.9,books,0.0,2.0,3.65,0.8947,0.6316,2026-05-24 20:49:02.254366,2026-08-23 21:02:22.309587
item_004635,47.7,3.3,automotive,3.0,5.0,3.6,0.48,0.28,2026-05-24 20:49:02.254366,2026-08-23 21:02:22.309587
item_004636,143.86,4.6,toys,2.0,1.0,2.6999999999999997,0.9545,0.4545,2026-05-24 20:49:02.254366,2026-08-23 21:02:22.309587
item_004637,1576.64,3.4,electronics,4.0,2.0,3.4666666666666663,0.64,0.28,2026-05-24 20:49:02.254366,2026-08-23 21:02:22.309587
item_004638,154.84,3.4,home_garden,2.0,5.0,3.95,0.8571,0.4286,2026-05-24 20:49:02.254366,2026-08-23 21:02:22.309587
item_004639,179.67,5.0,clothing,2.0,4.0,3.6,0.8966,0.4483,2026-05-24 20:49:02.254366,2026-08-23 21:02:22.309587
item_004640,1546.03,3.9,jewelry,6.0,4.0,3.3166666666666664,0.2821,0.2821,2026-05-24 20:49:02.254366,2026-08-23 21:02:22.309587
item_004641,91.89,2.0,toys,1.0,5.0,2.6399999999999997,0.5957,0.3191,2026-05-24 20:49:02.254366,2026-08-23 21:02:22.309587
item_004642,183.15,4.4,beauty,3.0,4.0,3.5,0.8065,0.6129,2026-05-24 20:49:02.254366,2026-08-23 21:02:22.309587
item_004643,707.21,3.8,electronics,0.0,3.0,3.225,0.6296,0.2963,2026-05-24 20:49:02.254366,2026-08-23 21:02:22.309587
item_004644,24.28,3.3,clothing,5.0,3.0,3.2857142857142856,0.6364,0.3182,2026-05-24 20:49:02.254366,2026-08-23 21:02:22.309587
item_004645,3320.97,3.7,jewelry,4.0,4.0,3.6375,0.5,0.2,2026-05-24 20:49:02.254366,2026-08-23 21:02:22.309587
item_004646,179.92,3.7,clothing,0.0,2.0,4.46,0.64,0.28,2026-05-24 20:49:02.254366,2026-08-23 21:02:22.309587
item_004647,172.87,3.1,automotive,2.0,2.0,3.3000000000000003,0.56,0.2,2026-05-24 20:49:02.254366,2026-08-23 21:02:22.309587
item_004648,253.64,3.6,clothing,5.0,2.0,3.22,0.7576,0.4242,2026-05-24 20:49:02.254366,2026-08-23 21:02:22.309587
item_004649,51.23,3.5,food,8.0,7.0,2.5500000000000003,0.4359,0.3333,2026-05-24 20:49:02.254366,2026-08-23 21:02:22.309587
item_004650,27.23,3.8,books,1.0,4.0,2.809090909090909,1.0526,0.7895,2026-05-24 20:49:02.254366,2026-08-23 21:02:22.309587
item_004651,162.09,4.6,jewelry,2.0,3.0,2.62,0.5,0.45,2026-05-24 20:49:02.254366,2026-08-23 21:02:22.309587
item_004652,156.46,3.5,clothing,2.0,2.0,3.0,0.6571,0.2857,2026-05-24 20:49:02.254366,2026-08-23 21:02:22.309587
item_004653,2403.1,4.0,jewelry,1.0,1.0,3.7,0.3462,0.1923,2026-05-24 20:49:02.254366,2026-08-23 21:02:22.309587
item_004654,159.22,4.2,clothing,2.0,1.0,3.35,0.5185,0.4074,2026-05-24 20:49:02.254366,2026-08-23 21:02:22.309587
item_004655,118.68,4.9,automotive,1.0,3.0,3.96,0.76,0.36,2026-05-24 20:49:02.254366,2026-08-23 21:02:22.309587
item_004656,745.71,3.9,home_garden,3.0,3.0,2.7555555555555555,0.48,0.36,2026-05-24 20:49:02.254366,2026-08-23 21:02:22.309587
item_004657,39.49,3.8,clothing,2.0,7.0,3.7,0.9524,0.6667,2026-05-24 20:49:02.254366,2026-08-23 21:02:22.309587
item_004658,1681.6,3.1,jewelry,1.0,8.0,2.875,0.4186,0.2791,2026-05-24 20:49:02.254366,2026-08-23 21:02:22.309587
item_004659,47.57,3.9,books,5.0,5.0,3.6,0.6364,0.3333,2026-05-24 20:49:02.254366,2026-08-23 21:02:22.309587
item_004660,68.45,4.5,food,3.0,6.0,3.13,0.5849,0.2453,2026-05-24 20:49:02.254366,2026-08-23 21:02:22.309587
item_004661,24.77,3.6,books,4.0,4.0,2.6,1.4286,0.9286,2026-05-24 20:49:02.254366,2026-08-23 21:02:22.309587
item_004662,348.76,5.0,sports,5.0,1.0,3.3,0.7429,0.2571,2026-05-24 20:49:02.254366,2026-08-23 21:02:22.309587
item_004663,15.93,3.6,sports,4.0,5.0,2.6666666666666665,0.5,0.3235,2026-05-24 20:49:02.254366,2026-08-23 21:02:22.309587
item_004664,14.6,3.5,toys,1.0,6.0,2.2600000000000002,0.3333,0.5185,2026-05-24 20:49:02.254366,2026-08-23 21:02:22.309587
item_004665,244.43,3.6,automotive,0.0,1.0,3.3400000000000007,0.8182,0.5455,2026-05-24 20:49:02.254366,2026-08-23 21:02:22.309587
item_004666,55.44,3.8,books,5.0,1.0,3.2600000000000002,0.64,0.28,2026-05-24 20:49:02.254366,2026-08-23 21:02:22.309587
item_004667,1369.55,3.9,electronics,1.0,5.0,3.4799999999999995,0.64,0.44,2026-05-24 20:49:02.254366,2026-08-23 21:02:22.309587
item_004668,269.7,3.7,sports,3.0,5.0,2.8777777777777778,0.2927,0.122,2026-05-24 20:49:02.254366,2026-08-23 21:02:22.309587
item_004669,50.88,3.0,toys,0.0,2.0,3.5500000000000003,0.8214,0.25,2026-05-24 20:49:02.254366,2026-08-23 21:02:22.309587
item_004670,197.4,3.4,clothing,3.0,3.0,2.6285714285714286,0.3784,0.2432,2026-05-24 20:49:02.254366,2026-08-23 21:02:22.309587
item_004671,135.24,4.0,automotive,4.0,3.0,2.55,0.6154,0.1923,2026-05-24 20:49:02.254366,2026-08-23 21:02:22.309587
item_004672,2486.82,3.9,jewelry,1.0,2.0,3.5200000000000005,0.9444,0.2778,2026-05-24 20:49:02.254366,2026-08-23 21:02:22.309587
item_004673,16.49,4.1,automotive,0.0,3.0,2.85,0.5758,0.3636,2026-05-24 20:49:02.254366,2026-08-23 21:02:22.309587
item_004674,313.95,4.4,electronics,4.0,6.0,2.65,0.8571,0.6786,2026-05-24 20:49:02.254366,2026-08-23 21:02:22.309587
item_004675,15.07,2.8,clothing,1.0,4.0,2.8363636363636364,0.5484,0.2581,2026-05-24 20:49:02.254366,2026-08-23 21:02:22.309587
item_004676,49.11,3.3,food,1.0,2.0,2.72,0.6667,0.2667,2026-05-24 20:49:02.254366,2026-08-23 21:02:22.309587
item_004677,768.38,4.1,home_garden,1.0,4.0,2.46,0.875,0.5833,2026-05-24 20:49:02.254366,2026-08-23 21:02:22.309587
item_004678,36.77,4.6,books,2.0,3.0,3.6333333333333333,0.5714,0.3333,2026-05-24 20:49:02.254366,2026-08-23 21:02:22.309587
item_004679,528.9,4.8,electronics,1.0,4.0,2.4166666666666665,1.12,0.52,2026-05-24 20:49:02.254366,2026-08-23 21:02:22.309587
item_004680,33.89,4.6,food,1.0,6.0,3.45,1.0,0.56,2026-05-24 20:49:02.254366,2026-08-23 21:02:22.309587
item_004681,2219.58,4.4,jewelry,3.0,0.0,1.8,1.12,0.36,2026-05-24 20:49:02.254366,2026-08-23 21:02:22.309587
item_004682,23.61,3.7,automotive,0.0,8.0,3.675,0.6444,0.3556,2026-05-24 20:49:02.254366,2026-08-23 21:02:22.309587
item_004683,3700.96,4.2,jewelry,3.0,4.0,2.6599999999999997,0.6897,0.2414,2026-05-24 20:49:02.254366,2026-08-23 21:02:22.309587
item_004684,190.49,3.3,automotive,2.0,3.0,3.4625,0.9667,0.5667,2026-05-24 20:49:02.254366,2026-08-23 21:02:22.309587
item_004685,334.73,3.8,sports,6.0,0.0,3.744444444444445,0.6216,0.2432,2026-05-24 20:49:02.254366,2026-08-23 21:02:22.309587
item_004686,291.72,4.3,sports,3.0,4.0,2.9,0.4706,0.3137,2026-05-24 20:49:02.254366,2026-08-23 21:02:22.309587
item_004687,491.64,4.3,sports,2.0,1.0,3.4,0.5926,0.2593,2026-05-24 20:49:02.254366,2026-08-23 21:02:22.309587
item_004688,3.46,3.3,food,1.0,2.0,3.8200000000000003,0.6316,0.3158,2026-05-24 20:49:02.254366,2026-08-23 21:02:22.309587
item_004689,227.02,3.0,sports,5.0,5.0,3.3625,0.7105,0.4211,2026-05-24 20:49:02.254366,2026-08-23 21:02:22.309587
item_004690,59.83,2.5,books,0.0,2.0,2.183333333333333,0.6154,0.3846,2026-05-24 20:49:02.254366,2026-08-23 21:02:22.309587
item_004691,39.45,5.0,beauty,3.0,2.0,2.95,0.96,0.56,2026-05-24 20:49:02.254366,2026-08-23 21:02:22.309587
item_004692,86.85,2.7,automotive,2.0,3.0,3.3000000000000003,0.3077,0.2692,2026-05-24 20:49:02.254366,2026-08-23 21:02:22.309587
item_004693,1748.47,4.1,electronics,1.0,4.0,3.6666666666666665,1.3889,0.6111,2026-05-24 20:49:02.254366,2026-08-23 21:02:22.309587
item_004694,178.69,3.6,automotive,2.0,6.0,3.075,0.3333,0.4,2026-05-24 20:49:02.254366,2026-08-23 21:02:22.309587
item_004695,1986.66,3.8,jewelry,6.0,8.0,3.1916666666666664,0.3673,0.449,2026-05-24 20:49:02.254366,2026-08-23 21:02:22.309587
item_004696,692.54,3.2,jewelry,3.0,3.0,2.1,0.6667,0.1667,2026-05-24 20:49:02.254366,2026-08-23 21:02:22.309587
item_004697,31.51,4.1,automotive,1.0,2.0,4.16,0.5,0.2812,2026-05-24 20:49:02.254366,2026-08-23 21:02:22.309587
item_004698,192.08,4.1,beauty,1.0,3.0,4.3,0.5667,0.3333,2026-05-24 20:49:02.254366,2026-08-23 21:02:22.309587
item_004699,36.08,4.8,food,1.0,2.0,3.1142857142857143,0.5862,0.2759,2026-05-24 20:49:02.254366,2026-08-23 21:02:22.309587
item_004700,409.18,4.4,sports,3.0,9.0,2.8909090909090907,0.6279,0.4186,2026-05-24 20:49:02.254366,2026-08-23 21:02:22.309587
item_004701,39.76,3.9,food,5.0,3.0,2.725,0.5088,0.2807,2026-05-24 20:49:02.254366,2026-08-23 21:02:22.309587
item_004702,56.63,3.8,books,7.0,7.0,2.5,0.52,0.34,2026-05-24 20:49:02.254366,2026-08-23 21:02:22.309587
item_004703,137.87,4.0,electronics,1.0,2.0,3.4800000000000004,0.6296,0.3704,2026-05-24 20:49:02.254366,2026-08-23 21:02:22.309587
item_004704,723.13,4.4,electronics,3.0,5.0,2.6,0.4615,0.25,2026-05-24 20:49:02.254366,2026-08-23 21:02:22.309587
item_004705,4203.25,3.1,jewelry,3.0,10.0,2.3428571428571425,0.4468,0.3617,2026-05-24 20:49:02.254366,2026-08-23 21:02:22.309587
item_004706,48.37,3.3,food,3.0,2.0,2.857142857142857,0.7188,0.3438,2026-05-24 20:49:02.254366,2026-08-23 21:02:22.309587
item_004707,58.16,2.7,books,1.0,6.0,2.95,1.2222,0.6667,2026-05-24 20:49:02.254366,2026-08-23 21:02:22.309587
item_004708,56.88,3.7,food,3.0,5.0,4.033333333333333,0.625,0.3333,2026-05-24 20:49:02.254366,2026-08-23 21:02:22.309587
item_004709,15.69,2.9,food,1.0,2.0,3.766666666666667,0.8571,0.3214,2026-05-24 20:49:02.254366,2026-08-23 21:02:22.309587
item_004710,175.01,3.9,beauty,2.0,3.0,3.0200000000000005,0.8966,0.3448,2026-05-24 20:49:02.254366,2026-08-23 21:02:22.309587
item_004711,190.52,4.7,automotive,2.0,5.0,3.6999999999999997,1.0833,1.0,2026-05-24 20:49:02.254366,2026-08-23 21:02:22.309587
item_004712,694.76,3.4,electronics,4.0,2.0,3.090909090909091,0.5952,0.381,2026-05-24 20:49:02.254366,2026-08-23 21:02:22.309587
item_004713,377.07,4.5,automotive,0.0,6.0,2.52,0.5758,0.3333,2026-05-24 20:49:02.254366,2026-08-23 21:02:22.309587
item_004714,552.47,4.3,electronics,0.0,4.0,2.68,0.85,0.6,2026-05-24 20:49:02.254366,2026-08-23 21:02:22.309587
item_004715,142.97,3.6,home_garden,6.0,7.0,3.3,0.6316,0.4737,2026-05-24 20:49:02.254366,2026-08-23 21:02:22.309587
item_004716,156.5,4.3,clothing,6.0,4.0,2.8833333333333333,0.5333,0.3333,2026-05-24 20:49:02.254366,2026-08-23 21:02:22.309587
item_004717,656.43,4.1,electronics,5.0,8.0,3.02,0.3509,0.2456,2026-05-24 20:49:02.254366,2026-08-23 21:02:22.309587
item_004718,66.87,2.4,food,1.0,4.0,3.1399999999999997,0.9615,0.3846,2026-05-24 20:49:02.254366,2026-08-23 21:02:22.309587
item_004719,112.56,4.8,beauty,1.0,9.0,2.766666666666667,1.0,0.7273,2026-05-24 20:49:02.254366,2026-08-23 21:02:22.309587
item_004720,27.12,4.2,automotive,1.0,5.0,3.725,0.5789,0.6842,2026-05-24 20:49:02.254366,2026-08-23 21:02:22.309587
item_004721,158.62,4.2,automotive,1.0,5.0,4.3,0.7,0.4667,2026-05-24 20:49:02.254366,2026-08-23 21:02:22.309587
item_004722,11.95,3.1,toys,1.0,2.0,2.48,0.4167,0.2917,2026-05-24 20:49:02.254366,2026-08-23 21:02:22.309587
item_004723,1246.51,3.8,electronics,0.0,3.0,4.24,0.3824,0.2353,2026-05-24 20:49:02.254366,2026-08-23 21:02:22.309587
item_004724,382.02,4.9,automotive,3.0,5.0,2.857142857142857,0.4524,0.3333,2026-05-24 20:49:02.254366,2026-08-23 21:02:22.309587
item_004725,115.9,3.8,automotive,2.0,4.0,3.5999999999999996,0.3333,0.1905,2026-05-24 20:49:02.254366,2026-08-23 21:02:22.309587
item_004726,254.58,3.2,automotive,2.0,1.0,3.3200000000000003,0.7727,0.3182,2026-05-24 20:49:02.254366,2026-08-23 21:02:22.309587
item_004727,91.45,4.1,toys,2.0,6.0,3.1363636363636362,0.7273,0.6364,2026-05-24 20:49:02.254366,2026-08-23 21:02:22.309587
item_004728,41.42,3.9,toys,2.0,3.0,2.86,0.8333,0.6667,2026-05-24 20:49:02.254366,2026-08-23 21:02:22.309587
item_004729,441.15,3.8,sports,2.0,7.0,2.9571428571428577,0.6667,0.5152,2026-05-24 20:49:02.254366,2026-08-23 21:02:22.309587
item_004730,116.88,3.9,toys,1.0,9.0,3.0875,0.431,0.2414,2026-05-24 20:49:02.254366,2026-08-23 21:02:22.309587
item_004731,27.77,3.9,toys,3.0,4.0,3.5,0.8667,0.3333,2026-05-24 20:49:02.254366,2026-08-23 21:02:22.309587
item_004732,68.45,4.7,toys,2.0,6.0,2.8285714285714287,0.9524,0.619,2026-05-24 20:49:02.254366,2026-08-23 21:02:22.309587
item_004733,490.33,3.5,jewelry,2.0,1.0,2.8,0.44,0.32,2026-05-24 20:49:02.254366,2026-08-23 21:02:22.309587
item_004734,53.36,4.7,toys,3.0,3.0,4.08,0.4783,0.3478,2026-05-24 20:49:02.254366,2026-08-23 21:02:22.309587
item_004735,2054.78,3.1,jewelry,2.0,1.0,3.18,0.3824,0.2647,2026-05-24 20:49:02.254366,2026-08-23 21:02:22.309587
item_004736,91.03,4.3,automotive,2.0,2.0,3.1,0.3571,0.25,2026-05-24 20:49:02.254366,2026-08-23 21:02:22.309587
item_004737,10.16,4.2,books,1.0,5.0,1.9833333333333334,0.2857,0.3714,2026-05-24 20:49:02.254366,2026-08-23 21:02:22.309587
item_004738,11.07,3.4,automotive,0.0,2.0,3.84,0.4737,0.5263,2026-05-24 20:49:02.254366,2026-08-23 21:02:22.309587
item_004739,393.06,3.4,electronics,5.0,1.0,2.5285714285714285,0.5161,0.2258,2026-05-24 20:49:02.254366,2026-08-23 21:02:22.309587
item_004740,603.13,4.4,electronics,3.0,4.0,2.766666666666667,0.275,0.325,2026-05-24 20:49:02.254366,2026-08-23 21:02:22.309587
item_004741,112.93,3.6,beauty,2.0,4.0,1.8,0.75,0.45,2026-05-24 20:49:02.254366,2026-08-23 21:02:22.309587
item_004742,49.05,4.4,automotive,1.0,1.0,2.1,1.1667,0.5,2026-05-24 20:49:02.254366,2026-08-23 21:02:22.309587
item_004743,27.84,4.0,food,5.0,1.0,3.7399999999999998,0.5294,0.2353,2026-05-24 20:49:02.254366,2026-08-23 21:02:22.309587
item_004744,55.67,3.5,books,3.0,0.0,3.475,1.0,0.2273,2026-05-24 20:49:02.254366,2026-08-23 21:02:22.309587
item_004745,343.4,4.3,electronics,3.0,2.0,3.1666666666666665,0.4211,0.2368,2026-05-24 20:49:02.254366,2026-08-23 21:02:22.309587
item_004746,524.09,5.0,home_garden,3.0,4.0,3.511111111111111,0.8095,0.4762,2026-05-24 20:49:02.254366,2026-08-23 21:02:22.309587
item_004747,208.52,4.9,home_garden,5.0,5.0,2.6799999999999997,0.6042,0.3958,2026-05-24 20:49:02.254366,2026-08-23 21:02:22.309587
item_004748,208.61,3.5,automotive,2.0,1.0,3.3666666666666667,0.7727,0.2273,2026-05-24 20:49:02.254366,2026-08-23 21:02:22.309587
item_004749,75.82,2.6,clothing,1.0,4.0,2.96,0.6818,0.5,2026-05-24 20:49:02.254366,2026-08-23 21:02:22.309587
item_004750,53.5,4.7,sports,3.0,8.0,3.6222222222222222,0.4595,0.4595,2026-05-24 20:49:02.254366,2026-08-23 21:02:22.309587
item_004751,9.37,4.3,books,4.0,8.0,3.2,0.3953,0.5116,2026-05-24 20:49:02.254366,2026-08-23 21:02:22.309587
item_004752,219.94,4.0,clothing,10.0,5.0,3.4,0.551,0.2041,2026-05-24 20:49:02.254366,2026-08-23 21:02:22.309587
item_004753,930.74,3.8,electronics,2.0,3.0,3.5,0.3846,0.3462,2026-05-24 20:49:02.254366,2026-08-23 21:02:22.309587
item_004754,194.26,4.7,sports,2.0,5.0,3.033333333333333,0.7742,0.3548,2026-05-24 20:49:02.254366,2026-08-23 21:02:22.309587
item_004755,1534.7,3.9,jewelry,0.0,2.0,3.325,0.8519,0.2963,2026-05-24 20:49:02.254366,2026-08-23 21:02:22.309587
item_004756,39.59,3.9,books,6.0,5.0,2.85,0.7222,0.25,2026-05-24 20:49:02.254366,2026-08-23 21:02:22.309587
item_004757,2633.15,4.0,jewelry,2.0,4.0,1.9142857142857144,0.7097,0.4516,2026-05-24 20:49:02.254366,2026-08-23 21:02:22.309587
item_004758,52.66,4.2,sports,3.0,3.0,3.2555555555555555,0.3,0.3333,2026-05-24 20:49:02.254366,2026-08-23 21:02:22.309587
item_004759,50.12,5.0,books,1.0,4.0,3.2399999999999998,0.6944,0.3333,2026-05-24 20:49:02.254366,2026-08-23 21:02:22.309587
item_004760,17.75,3.8,food,3.0,7.0,1.9,0.5926,0.5926,2026-05-24 20:49:02.254366,2026-08-23 21:02:22.309587
item_004761,553.03,2.2,electronics,2.0,6.0,3.1375,0.5357,0.3571,2026-05-24 20:49:02.254366,2026-08-23 21:02:22.309587
item_004762,108.18,5.0,beauty,3.0,4.0,2.75,1.0,0.5,2026-05-24 20:49:02.254366,2026-08-23 21:02:22.309587
item_004763,378.06,4.0,home_garden,2.0,1.0,3.1142857142857143,0.75,0.5,2026-05-24 20:49:02.254366,2026-08-23 21:02:22.309587
item_004764,49.37,3.8,automotive,5.0,3.0,3.72,1.6364,0.2273,2026-05-24 20:49:02.254366,2026-08-23 21:02:22.309587
item_004765,338.74,4.5,sports,7.0,4.0,2.9555555555555557,0.5116,0.2558,2026-05-24 20:49:02.254366,2026-08-23 21:02:22.309587
item_004766,3856.99,5.0,jewelry,2.0,7.0,3.5,0.5714,0.3571,2026-05-24 20:49:02.254366,2026-08-23 21:02:22.309587
item_004767,38.59,3.3,food,2.0,4.0,1.75,0.5862,0.4138,2026-05-24 20:49:02.254366,2026-08-23 21:02:22.309587
item_004768,619.46,3.3,home_garden,2.0,8.0,2.6999999999999997,0.8,0.55,2026-05-24 20:49:02.254366,2026-08-23 21:02:22.309587
item_004769,786.99,3.3,electronics,4.0,6.0,2.3249999999999997,0.5192,0.3654,2026-05-24 20:49:02.254366,2026-08-23 21:02:22.309587
item_004770,28.86,4.4,books,2.0,4.0,3.0,0.56,0.28,2026-05-24 20:49:02.254366,2026-08-23 21:02:22.309587
item_004771,15.59,4.0,clothing,4.0,5.0,2.9,0.3061,0.3469,2026-05-24 20:49:02.254366,2026-08-23 21:02:22.309587
item_004772,296.23,5.0,clothing,2.0,5.0,2.266666666666667,0.4444,0.4444,2026-05-24 20:49:02.254366,2026-08-23 21:02:22.309587
item_004773,257.8,2.6,automotive,3.0,5.0,2.914285714285714,0.3396,0.2264,2026-05-24 20:49:02.254366,2026-08-23 21:02:22.309587
item_004774,516.65,4.6,home_garden,6.0,2.0,4.6,0.3492,0.3333,2026-05-24 20:49:02.254366,2026-08-23 21:02:22.309587
item_004775,19.3,3.7,food,1.0,1.0,2.84,1.0,0.36,2026-05-24 20:49:02.254366,2026-08-23 21:02:22.309587
item_004776,610.19,3.5,home_garden,1.0,4.0,1.9333333333333333,0.9545,0.6818,2026-05-24 20:49:02.254366,2026-08-23 21:02:22.309587
item_004777,571.21,3.4,home_garden,1.0,2.0,3.35,0.6522,0.2174,2026-05-24 20:49:02.254366,2026-08-23 21:02:22.309587
item_004778,398.22,3.4,automotive,4.0,5.0,2.6500000000000004,0.4194,0.3226,2026-05-24 20:49:02.254366,2026-08-23 21:02:22.309587
item_004779,2951.19,2.8,jewelry,4.0,3.0,2.82,0.6667,0.1481,2026-05-24 20:49:02.254366,2026-08-23 21:02:22.309587
item_004780,1490.92,3.6,electronics,7.0,7.0,3.5333333333333337,0.3333,0.2609,2026-05-24 20:49:02.254366,2026-08-23 21:02:22.309587
item_004781,38.82,4.5,books,5.0,5.0,2.94,0.5106,0.4468,2026-05-24 20:49:02.254366,2026-08-23 21:02:22.309587
item_004782,227.71,3.9,clothing,1.0,3.0,2.5,0.3793,0.4138,2026-05-24 20:49:02.254366,2026-08-23 21:02:22.309587
item_004783,17.7,3.8,clothing,2.0,2.0,3.4166666666666665,0.6129,0.2581,2026-05-24 20:49:02.254366,2026-08-23 21:02:22.309587
item_004784,240.09,3.1,automotive,1.0,5.0,3.6799999999999997,0.8182,0.6364,2026-05-24 20:49:02.254366,2026-08-23 21:02:22.309587
item_004785,20.36,3.2,clothing,2.0,3.0,4.114285714285715,0.6333,0.3333,2026-05-24 20:49:02.254366,2026-08-23 21:02:22.309587
item_004786,11.64,4.3,automotive,4.0,3.0,2.88,0.4889,0.2667,2026-05-24 20:49:02.254366,2026-08-23 21:02:22.309587
item_004787,101.61,3.7,beauty,3.0,7.0,2.283333333333333,0.6579,0.3947,2026-05-24 20:49:02.254366,2026-08-23 21:02:22.309587
item_004788,4333.79,5.0,jewelry,3.0,2.0,2.55,0.64,0.24,2026-05-24 20:49:02.254366,2026-08-23 21:02:22.309587
item_004789,78.34,3.0,automotive,0.0,6.0,3.0428571428571423,0.6538,0.5769,2026-05-24 20:49:02.254366,2026-08-23 21:02:22.309587
item_004790,110.81,5.0,beauty,1.0,2.0,4.666666666666667,0.6364,0.4545,2026-05-24 20:49:02.254366,2026-08-23 21:02:22.309587
item_004791,29.04,3.0,books,5.0,1.0,2.9333333333333336,0.4286,0.2857,2026-05-24 20:49:02.254366,2026-08-23 21:02:22.309587
item_004792,128.13,4.1,clothing,1.0,3.0,2.5,1.0,0.9333,2026-05-24 20:49:02.254366,2026-08-23 21:02:22.309587
item_004793,485.07,2.4,home_garden,2.0,1.0,2.9,0.4333,0.4333,2026-05-24 20:49:02.254366,2026-08-23 21:02:22.309587
item_004794,585.58,3.8,home_garden,1.0,5.0,3.8333333333333335,0.875,0.6875,2026-05-24 20:49:02.254366,2026-08-23 21:02:22.309587
item_004795,53.18,3.3,automotive,1.0,6.0,2.8,0.25,0.25,2026-05-24 20:49:02.254366,2026-08-23 21:02:22.309587
item_004796,79.79,3.8,toys,1.0,4.0,3.1399999999999997,0.3214,0.3214,2026-05-24 20:49:02.254366,2026-08-23 21:02:22.309587
item_004797,332.58,3.8,sports,5.0,5.0,2.725,0.4,0.48,2026-05-24 20:49:02.254366,2026-08-23 21:02:22.309587
item_004798,70.87,3.1,food,6.0,4.0,2.9,0.4524,0.2619,2026-05-24 20:49:02.254366,2026-08-23 21:02:22.309587
item_004799,33.6,3.1,books,6.0,4.0,3.3000000000000003,0.339,0.2373,2026-05-24 20:49:02.254366,2026-08-23 21:02:22.309587
item_004800,278.19,4.2,sports,3.0,3.0,3.4799999999999995,0.5357,0.3214,2026-05-24 20:49:02.254366,2026-08-23 21:02:22.309587
item_004801,217.05,3.8,home_garden,2.0,2.0,3.2399999999999998,0.2424,0.303,2026-05-24 20:49:02.254366,2026-08-23 21:02:22.309587
item_004802,224.71,3.6,clothing,0.0,4.0,2.8,0.625,0.4375,2026-05-24 20:49:02.254366,2026-08-23 21:02:22.309587
item_004803,207.67,3.8,clothing,4.0,3.0,3.1,0.5758,0.3333,2026-05-24 20:49:02.254366,2026-08-23 21:02:22.309587
item_004804,8.89,3.7,books,3.0,4.0,2.5166666666666666,0.4242,0.3636,2026-05-24 20:49:02.254366,2026-08-23 21:02:22.309587
item_004805,90.75,3.1,sports,4.0,8.0,3.016666666666667,0.3673,0.3469,2026-05-24 20:49:02.254366,2026-08-23 21:02:22.309587
item_004806,144.43,2.3,toys,1.0,3.0,2.5999999999999996,0.913,0.2609,2026-05-24 20:49:02.254366,2026-08-23 21:02:22.309587
item_004807,258.55,2.3,automotive,1.0,2.0,3.0125,0.6061,0.1818,2026-05-24 20:49:02.254366,2026-08-23 21:02:22.309587
item_004808,127.39,3.3,beauty,3.0,4.0,2.23,0.4186,0.2326,2026-05-24 20:49:02.254366,2026-08-23 21:02:22.309587
item_004809,53.6,4.7,toys,2.0,3.0,2.9333333333333336,0.9524,0.4286,2026-05-24 20:49:02.254366,2026-08-23 21:02:22.309587
item_004810,625.03,4.6,electronics,2.0,4.0,2.6875,0.6522,0.6087,2026-05-24 20:49:02.254366,2026-08-23 21:02:22.309587
item_004811,247.96,4.5,sports,2.0,3.0,2.9222222222222225,0.4727,0.3636,2026-05-24 20:49:02.254366,2026-08-23 21:02:22.309587
item_004812,118.38,4.3,toys,3.0,1.0,2.5545454545454547,0.85,0.6,2026-05-24 20:49:02.254366,2026-08-23 21:02:22.309587
item_004813,37.39,5.0,food,3.0,2.0,2.6454545454545455,0.3889,0.1944,2026-05-24 20:49:02.254366,2026-08-23 21:02:22.309587
item_004814,268.26,4.2,automotive,2.0,2.0,3.85,0.625,0.375,2026-05-24 20:49:02.254366,2026-08-23 21:02:22.309587
item_004815,163.05,3.8,home_garden,0.0,4.0,2.3857142857142857,0.7778,0.4074,2026-05-24 20:49:02.254366,2026-08-23 21:02:22.309587
item_004816,28.82,2.7,toys,5.0,3.0,3.45,0.3881,0.1642,2026-05-24 20:49:02.254366,2026-08-23 21:02:22.309587
item_004817,274.99,4.0,sports,5.0,5.0,3.62,0.3929,0.5,2026-05-24 20:49:02.254366,2026-08-23 21:02:22.309587
item_004818,1793.77,3.5,jewelry,2.0,3.0,4.266666666666667,0.48,0.4,2026-05-24 20:49:02.254366,2026-08-23 21:02:22.309587
item_004819,140.66,3.8,clothing,2.0,2.0,3.0,1.0526,0.3158,2026-05-24 20:49:02.254366,2026-08-23 21:02:22.309587
item_004820,168.22,4.6,sports,8.0,5.0,2.04,0.8036,0.3214,2026-05-24 20:49:02.254366,2026-08-23 21:02:22.309587
item_004821,2452.34,4.3,jewelry,1.0,4.0,3.1666666666666665,1.0,0.6154,2026-05-24 20:49:02.254366,2026-08-23 21:02:22.309587
item_004822,51.68,4.2,beauty,2.0,5.0,2.94,0.5385,0.3077,2026-05-24 20:49:02.254366,2026-08-23 21:02:22.309587
item_004823,4599.16,3.6,jewelry,2.0,3.0,2.85,0.5385,0.2692,2026-05-24 20:49:02.254366,2026-08-23 21:02:22.309587
item_004824,278.36,4.1,clothing,2.0,3.0,3.1125000000000003,0.5,0.25,2026-05-24 20:49:02.254366,2026-08-23 21:02:22.309587
item_004825,425.45,5.0,electronics,2.0,4.0,3.2600000000000002,0.675,0.3,2026-05-24 20:49:02.254366,2026-08-23 21:02:22.309587
item_004826,12.33,4.7,books,2.0,4.0,2.5,0.9565,0.8261,2026-05-24 20:49:02.254366,2026-08-23 21:02:22.309587
item_004827,397.17,3.4,sports,0.0,5.0,3.2750000000000004,0.5833,0.375,2026-05-24 20:49:02.254366,2026-08-23 21:02:22.309587
item_004828,424.5,3.9,home_garden,0.0,5.0,3.375,0.9565,0.3913,2026-05-24 20:49:02.254366,2026-08-23 21:02:22.309587
item_004829,223.33,4.0,automotive,3.0,2.0,3.888888888888889,0.4419,0.2791,2026-05-24 20:49:02.254366,2026-08-23 21:02:22.309587
item_004830,147.47,3.7,toys,2.0,2.0,2.6999999999999997,0.4412,0.2647,2026-05-24 20:49:02.254366,2026-08-23 21:02:22.309587
item_004831,147.74,5.0,beauty,3.0,6.0,2.98,0.6944,0.3333,2026-05-24 20:49:02.254366,2026-08-23 21:02:22.309587
item_004832,229.0,3.8,automotive,1.0,7.0,3.1,0.5625,0.5938,2026-05-24 20:49:02.254366,2026-08-23 21:02:22.309587
item_004833,242.54,4.0,clothing,1.0,7.0,3.0999999999999996,1.4118,0.8235,2026-05-24 20:49:02.254366,2026-08-23 21:02:22.309587
item_004834,3265.77,4.6,jewelry,2.0,7.0,3.733333333333333,0.4348,0.7391,2026-05-24 20:49:02.254366,2026-08-23 21:02:22.309587
item_004835,49.54,3.8,toys,0.0,5.0,2.3000000000000003,0.5806,0.5161,2026-05-24 20:49:02.254366,2026-08-23 21:02:22.309587
item_004836,98.15,3.0,beauty,4.0,2.0,3.6100000000000003,0.4286,0.0893,2026-05-24 20:49:02.254366,2026-08-23 21:02:22.309587
item_004837,177.13,3.3,automotive,3.0,4.0,3.3333333333333335,0.4231,0.2308,2026-05-24 20:49:02.254366,2026-08-23 21:02:22.309587
item_004838,58.56,3.3,toys,4.0,5.0,3.3499999999999996,0.6471,0.2647,2026-05-24 20:49:02.254366,2026-08-23 21:02:22.309587
item_004839,270.82,3.8,home_garden,4.0,6.0,3.75,0.3421,0.3947,2026-05-24 20:49:02.254366,2026-08-23 21:02:22.309587
item_004840,105.21,3.9,beauty,1.0,3.0,3.725,0.8824,0.2941,2026-05-24 20:49:02.254366,2026-08-23 21:02:22.309587
item_004841,71.46,2.8,beauty,6.0,3.0,2.814285714285714,0.3548,0.1452,2026-05-24 20:49:02.254366,2026-08-23 21:02:22.309587
item_004842,378.22,4.9,electronics,1.0,4.0,2.8666666666666667,0.8148,0.3704,2026-05-24 20:49:02.254366,2026-08-23 21:02:22.309587
item_004843,76.04,3.8,toys,0.0,7.0,2.7444444444444445,1.0,0.6154,2026-05-24 20:49:02.254366,2026-08-23 21:02:22.309587
item_004844,471.82,4.1,sports,4.0,7.0,2.542857142857143,0.5385,0.4872,2026-05-24 20:49:02.254366,2026-08-23 21:02:22.309587
item_004845,481.59,3.6,sports,3.0,4.0,2.3600000000000003,0.2667,0.3667,2026-05-24 20:49:02.254366,2026-08-23 21:02:22.309587
item_004846,2726.06,4.1,jewelry,1.0,2.0,3.0500000000000003,0.5306,0.3061,2026-05-24 20:49:02.254366,2026-08-23 21:02:22.309587
item_004847,465.06,3.7,home_garden,3.0,4.0,2.0875,0.5116,0.186,2026-05-24 20:49:02.254366,2026-08-23 21:02:22.309587
item_004848,215.04,3.6,home_garden,2.0,3.0,3.533333333333333,0.4615,0.3077,2026-05-24 20:49:02.254366,2026-08-23 21:02:22.309587
item_004849,215.26,2.8,clothing,6.0,3.0,3.1750000000000003,0.4815,0.1667,2026-05-24 20:49:02.254366,2026-08-23 21:02:22.309587
item_004850,101.21,5.0,clothing,1.0,2.0,2.62,0.7778,0.4074,2026-05-24 20:49:02.254366,2026-08-23 21:02:22.309587
item_004851,31.16,4.1,toys,5.0,2.0,3.515384615384615,0.386,0.1579,2026-05-24 20:49:02.254366,2026-08-23 21:02:22.309587
item_004852,291.16,3.3,electronics,4.0,4.0,2.7555555555555555,0.4286,0.3143,2026-05-24 20:49:02.254366,2026-08-23 21:02:22.309587
item_004853,82.16,3.1,beauty,0.0,1.0,3.175,0.7692,0.2308,2026-05-24 20:49:02.254366,2026-08-23 21:02:22.309587
item_004854,52.21,3.4,food,0.0,5.0,3.3166666666666664,0.4138,0.3793,2026-05-24 20:49:02.254366,2026-08-23 21:02:22.309587
item_004855,2840.97,3.3,jewelry,2.0,3.0,3.7666666666666666,0.3208,0.2264,2026-05-24 20:49:02.254366,2026-08-23 21:02:22.309587
item_004856,60.1,2.4,toys,3.0,4.0,2.5285714285714285,0.9,0.5,2026-05-24 20:49:02.254366,2026-08-23 21:02:22.309587
item_004857,11.56,4.7,books,3.0,2.0,3.075,0.5385,0.1154,2026-05-24 20:49:02.254366,2026-08-23 21:02:22.309587
item_004858,155.05,4.4,automotive,1.0,2.0,2.925,0.4242,0.3333,2026-05-24 20:49:02.254366,2026-08-23 21:02:22.309587
item_004859,52.02,3.7,home_garden,2.0,5.0,2.94,0.9524,0.5714,2026-05-24 20:49:02.254366,2026-08-23 21:02:22.309587
item_004860,247.01,4.3,home_garden,2.0,2.0,2.85,0.4783,0.3913,2026-05-24 20:49:02.254366,2026-08-23 21:02:22.309587
item_004861,28.06,4.3,toys,2.0,5.0,3.1599999999999997,0.5897,0.2564,2026-05-24 20:49:02.254366,2026-08-23 21:02:22.309587
item_004862,630.52,3.5,jewelry,1.0,7.0,2.3666666666666667,0.5254,0.2542,2026-05-24 20:49:02.254366,2026-08-23 21:02:22.309587
item_004863,1245.33,4.7,jewelry,6.0,5.0,3.3625,0.8065,0.5484,2026-05-24 20:49:02.254366,2026-08-23 21:02:22.309587
item_004864,119.09,3.1,beauty,0.0,6.0,3.242857142857143,0.9583,0.625,2026-05-24 20:49:02.254366,2026-08-23 21:02:22.309587
item_004865,3065.96,3.0,jewelry,1.0,9.0,3.5714285714285716,0.9091,0.6818,2026-05-24 20:49:02.254366,2026-08-23 21:02:22.309587
item_004866,36.21,4.6,automotive,2.0,2.0,3.5428571428571423,0.72,0.56,2026-05-24 20:49:02.254366,2026-08-23 21:02:22.309587
item_004867,52.83,4.0,food,1.0,7.0,4.025,0.7778,0.5926,2026-05-24 20:49:02.254366,2026-08-23 21:02:22.309587
item_004868,28.24,3.3,toys,6.0,8.0,2.914285714285714,0.6038,0.3019,2026-05-24 20:49:02.254366,2026-08-23 21:02:22.309587
item_004869,637.34,3.8,home_garden,3.0,1.0,3.0142857142857147,0.4286,0.1905,2026-05-24 20:49:02.254366,2026-08-23 21:02:22.309587
item_004870,74.91,3.7,clothing,4.0,4.0,2.4,0.4615,0.2308,2026-05-24 20:49:02.254366,2026-08-23 21:02:22.309587
item_004871,707.01,3.7,home_garden,1.0,4.0,2.86,0.5217,0.4348,2026-05-24 20:49:02.254366,2026-08-23 21:02:22.309587
item_004872,536.8,3.3,electronics,0.0,2.0,3.0,0.75,0.5,2026-05-24 20:49:02.254366,2026-08-23 21:02:22.309587
item_004873,481.03,3.3,electronics,2.0,1.0,3.5714285714285716,0.525,0.225,2026-05-24 20:49:02.254366,2026-08-23 21:02:22.309587
item_004874,16.47,4.5,automotive,7.0,3.0,3.6,0.413,0.3043,2026-05-24 20:49:02.254366,2026-08-23 21:02:22.309587
item_004875,1358.24,3.6,electronics,3.0,3.0,3.4875,1.0,0.35,2026-05-24 20:49:02.254366,2026-08-23 21:02:22.309587
item_004876,142.05,4.5,beauty,1.0,1.0,2.7857142857142856,0.5357,0.2143,2026-05-24 20:49:02.254366,2026-08-23 21:02:22.309587
item_004877,43.47,2.7,books,2.0,2.0,2.7142857142857144,0.7826,0.3043,2026-05-24 20:49:02.254366,2026-08-23 21:02:22.309587
item_004878,89.16,4.3,beauty,2.0,3.0,3.55,0.625,0.325,2026-05-24 20:49:02.254366,2026-08-23 21:02:22.309587
item_004879,95.91,3.1,toys,0.0,6.0,2.8,0.7143,0.5238,2026-05-24 20:49:02.254366,2026-08-23 21:02:22.309587
item_004880,1601.24,5.0,jewelry,1.0,5.0,2.9499999999999997,0.6667,0.4583,2026-05-24 20:49:02.254366,2026-08-23 21:02:22.309587
item_004881,1930.89,4.2,jewelry,1.0,2.0,2.0333333333333337,0.4348,0.2174,2026-05-24 20:49:02.254366,2026-08-23 21:02:22.309587
item_004882,323.01,3.1,electronics,1.0,6.0,3.033333333333333,0.4889,0.4444,2026-05-24 20:49:02.254366,2026-08-23 21:02:22.309587
item_004883,37.7,4.3,books,2.0,6.0,1.9,0.5306,0.4082,2026-05-24 20:49:02.254366,2026-08-23 21:02:22.309587
item_004884,181.03,3.0,sports,3.0,6.0,3.2857142857142856,0.325,0.3,2026-05-24 20:49:02.254366,2026-08-23 21:02:22.309587
item_004885,39.97,3.7,toys,2.0,6.0,2.68,1.15,0.6,2026-05-24 20:49:02.254366,2026-08-23 21:02:22.309587
item_004886,137.49,2.5,clothing,2.0,10.0,2.825,0.359,0.4359,2026-05-24 20:49:02.254366,2026-08-23 21:02:22.309587
item_004887,113.84,2.8,automotive,1.0,4.0,3.6875,0.4186,0.2093,2026-05-24 20:49:02.254366,2026-08-23 21:02:22.309587
item_004888,4480.34,3.4,jewelry,3.0,5.0,3.8333333333333335,0.7391,0.4783,2026-05-24 20:49:02.254366,2026-08-23 21:02:22.309587
item_004889,588.42,4.5,home_garden,5.0,2.0,2.677777777777778,0.4333,0.3667,2026-05-24 20:49:02.254366,2026-08-23 21:02:22.309587
item_004890,694.77,2.8,home_garden,8.0,6.0,2.8000000000000003,0.3148,0.4444,2026-05-24 20:49:02.254366,2026-08-23 21:02:22.309587
item_004891,135.02,4.5,toys,1.0,4.0,4.666666666666667,0.4,0.3143,2026-05-24 20:49:02.254366,2026-08-23 21:02:22.309587
item_004892,331.8,2.6,automotive,3.0,3.0,2.5666666666666664,0.4375,0.1875,2026-05-24 20:49:02.254366,2026-08-23 21:02:22.309587
item_004893,38.62,4.5,toys,3.0,3.0,2.9,0.4688,0.25,2026-05-24 20:49:02.254366,2026-08-23 21:02:22.309587
item_004894,3156.43,3.5,jewelry,3.0,8.0,3.22,0.5484,0.5806,2026-05-24 20:49:02.254366,2026-08-23 21:02:22.309587
item_004895,118.4,3.2,clothing,4.0,1.0,4.6,0.3939,0.2424,2026-05-24 20:49:02.254366,2026-08-23 21:02:22.309587
item_004896,920.75,4.8,jewelry,1.0,6.0,2.5166666666666666,1.0,0.4348,2026-05-24 20:49:02.254366,2026-08-23 21:02:22.309587
item_004897,1499.49,5.0,electronics,4.0,2.0,4.233333333333333,0.7805,0.3659,2026-05-24 20:49:02.254366,2026-08-23 21:02:22.309587
item_004898,46.53,3.7,automotive,3.0,4.0,3.45,0.5862,0.3448,2026-05-24 20:49:02.254366,2026-08-23 21:02:22.309587
item_004899,63.52,4.1,food,5.0,0.0,2.6,0.8148,0.3704,2026-05-24 20:49:02.254366,2026-08-23 21:02:22.309587
item_004900,380.92,3.5,automotive,1.0,5.0,3.38,0.5588,0.2941,2026-05-24 20:49:02.254366,2026-08-23 21:02:22.309587
item_004901,133.55,4.6,automotive,2.0,2.0,3.25,0.963,0.2963,2026-05-24 20:49:02.254366,2026-08-23 21:02:22.309587
item_004902,283.54,4.2,home_garden,0.0,5.0,2.8285714285714287,0.5952,0.2857,2026-05-24 20:49:02.254366,2026-08-23 21:02:22.309587
item_004903,228.23,4.2,sports,5.0,5.0,3.6999999999999997,0.5938,0.4688,2026-05-24 20:49:02.254366,2026-08-23 21:02:22.309587
item_004904,365.86,3.8,automotive,5.0,2.0,3.4,0.3864,0.1591,2026-05-24 20:49:02.254366,2026-08-23 21:02:22.309587
item_004905,135.5,4.0,toys,1.0,5.0,2.9499999999999997,0.5455,0.3636,2026-05-24 20:49:02.254366,2026-08-23 21:02:22.309587
item_004906,100.34,3.8,sports,1.0,2.0,3.65,0.5588,0.2647,2026-05-24 20:49:02.254366,2026-08-23 21:02:22.309587
item_004907,961.69,3.7,jewelry,6.0,2.0,2.68,0.3243,0.1892,2026-05-24 20:49:02.254366,2026-08-23 21:02:22.309587
item_004908,69.59,4.5,automotive,2.0,1.0,1.9285714285714286,0.4545,0.2121,2026-05-24 20:49:02.254366,2026-08-23 21:02:22.309587
item_004909,339.19,4.2,home_garden,3.0,3.0,1.65,0.5,0.25,2026-05-24 20:49:02.254366,2026-08-23 21:02:22.309587
item_004910,120.87,3.4,toys,1.0,4.0,3.375,0.2545,0.3091,2026-05-24 20:49:02.254366,2026-08-23 21:02:22.309587
item_004911,180.74,4.5,automotive,3.0,6.0,3.3000000000000003,0.6364,0.6818,2026-05-24 20:49:02.254366,2026-08-23 21:02:22.309587
item_004912,206.52,4.1,automotive,0.0,3.0,3.3875,1.1667,0.2778,2026-05-24 20:49:02.254366,2026-08-23 21:02:22.309587
item_004913,239.74,4.1,automotive,2.0,3.0,3.7,0.6071,0.5357,2026-05-24 20:49:02.254366,2026-08-23 21:02:22.309587
item_004914,648.68,3.7,home_garden,3.0,3.0,3.1999999999999997,0.3889,0.2222,2026-05-24 20:49:02.254366,2026-08-23 21:02:22.309587
item_004915,2.9,3.0,food,7.0,5.0,2.77,0.3889,0.2361,2026-05-24 20:49:02.254366,2026-08-23 21:02:22.309587
item_004916,1313.79,4.4,electronics,0.0,1.0,2.46,0.6154,0.4231,2026-05-24 20:49:02.254366,2026-08-23 21:02:22.309587
item_004917,108.6,4.7,clothing,3.0,2.0,2.8,0.875,0.1667,2026-05-24 20:49:02.254366,2026-08-23 21:02:22.309587
item_004918,76.8,3.3,toys,4.0,4.0,3.16,0.3913,0.1739,2026-05-24 20:49:02.254366,2026-08-23 21:02:22.309587
item_004919,253.75,3.5,automotive,3.0,2.0,3.4166666666666665,0.5909,0.2273,2026-05-24 20:49:02.254366,2026-08-23 21:02:22.309587
item_004920,446.36,3.3,home_garden,2.0,7.0,3.6666666666666665,0.6667,0.5714,2026-05-24 20:49:02.254366,2026-08-23 21:02:22.309587
item_004921,342.76,2.8,home_garden,6.0,4.0,3.435714285714286,0.5,0.2273,2026-05-24 20:49:02.254366,2026-08-23 21:02:22.309587
item_004922,1159.84,5.0,electronics,3.0,4.0,2.522222222222222,0.6585,0.2683,2026-05-24 20:49:02.254366,2026-08-23 21:02:22.309587
item_004923,103.68,3.5,home_garden,3.0,2.0,3.56,0.7692,0.4615,2026-05-24 20:49:02.254366,2026-08-23 21:02:22.309587
item_004924,347.95,4.4,sports,3.0,4.0,3.4714285714285715,0.4583,0.375,2026-05-24 20:49:02.254366,2026-08-23 21:02:22.309587
item_004925,434.01,4.6,sports,1.0,6.0,2.5749999999999997,0.8571,0.5714,2026-05-24 20:49:02.254366,2026-08-23 21:02:22.309587
item_004926,41.53,3.1,books,3.0,5.0,2.575,0.4211,0.1579,2026-05-24 20:49:02.254366,2026-08-23 21:02:22.309587
item_004927,8.57,4.9,beauty,4.0,9.0,3.225,0.55,0.35,2026-05-24 20:49:02.254366,2026-08-23 21:02:22.309587
item_004928,1761.41,3.6,jewelry,1.0,2.0,4.4,1.0,0.4286,2026-05-24 20:49:02.254366,2026-08-23 21:02:22.309587
item_004929,228.36,4.4,automotive,1.0,3.0,2.0166666666666666,0.6296,0.3333,2026-05-24 20:49:02.254366,2026-08-23 21:02:22.309587
item_004930,4184.11,4.6,jewelry,1.0,7.0,2.7750000000000004,0.5517,0.5172,2026-05-24 20:49:02.254366,2026-08-23 21:02:22.309587
item_004931,59.45,3.5,food,5.0,2.0,3.2454545454545456,0.6296,0.2222,2026-05-24 20:49:02.254366,2026-08-23 21:02:22.309587
item_004932,181.43,3.1,automotive,0.0,1.0,3.9857142857142853,0.6429,0.1429,2026-05-24 20:49:02.254366,2026-08-23 21:02:22.309587
item_004933,2076.75,3.3,jewelry,3.0,2.0,3.533333333333333,0.4667,0.3,2026-05-24 20:49:02.254366,2026-08-23 21:02:22.309587
item_004934,18.07,4.4,food,4.0,5.0,2.8000000000000003,0.7941,0.3235,2026-05-24 20:49:02.254366,2026-08-23 21:02:22.309587
item_004935,2875.45,5.0,jewelry,6.0,3.0,2.4833333333333334,0.7727,0.3864,2026-05-24 20:49:02.254366,2026-08-23 21:02:22.309587
item_004936,5.44,3.7,books,1.0,5.0,2.6555555555555554,0.75,0.3571,2026-05-24 20:49:02.254366,2026-08-23 21:02:22.309587
item_004937,1839.6,3.5,electronics,2.0,3.0,2.3000000000000003,0.913,0.2609,2026-05-24 20:49:02.254366,2026-08-23 21:02:22.309587
item_004938,24.7,5.0,clothing,3.0,11.0,3.0,0.5714,1.1429,2026-05-24 20:49:02.254366,2026-08-23 21:02:22.309587
item_004939,4154.74,4.3,jewelry,3.0,6.0,2.65,0.3939,0.3636,2026-05-24 20:49:02.254366,2026-08-23 21:02:22.309587
item_004940,259.45,2.9,clothing,3.0,2.0,3.0875,0.2812,0.2031,2026-05-24 20:49:02.254366,2026-08-23 21:02:22.309587
item_004941,326.66,3.2,sports,2.0,8.0,2.9222222222222225,0.5714,0.5357,2026-05-24 20:49:02.254366,2026-08-23 21:02:22.309587
item_004942,3206.36,2.7,jewelry,1.0,2.0,1.6,0.5,0.3571,2026-05-24 20:49:02.254366,2026-08-23 21:02:22.309587
item_004943,134.25,4.0,toys,1.0,3.0,3.1666666666666665,0.9,0.3333,2026-05-24 20:49:02.254366,2026-08-23 21:02:22.309587
item_004944,97.64,3.8,toys,2.0,4.0,2.9499999999999997,0.5758,0.4848,2026-05-24 20:49:02.254366,2026-08-23 21:02:22.309587
item_004945,127.93,3.6,automotive,1.0,3.0,3.2,0.4222,0.2,2026-05-24 20:49:02.254366,2026-08-23 21:02:22.309587
item_004946,31.27,2.9,automotive,2.0,4.0,2.625,0.5517,0.2759,2026-05-24 20:49:02.254366,2026-08-23 21:02:22.309587
item_004947,61.48,3.3,toys,1.0,4.0,3.316666666666667,0.5714,0.4286,2026-05-24 20:49:02.254366,2026-08-23 21:02:22.309587
item_004948,149.67,3.8,toys,4.0,2.0,3.25,0.4333,0.3,2026-05-24 20:49:02.254366,2026-08-23 21:02:22.309587
item_004949,18.45,3.8,books,2.0,4.0,2.6727272727272724,0.4878,0.3415,2026-05-24 20:49:02.254366,2026-08-23 21:02:22.309587
item_004950,269.65,4.3,home_garden,2.0,2.0,3.1999999999999997,0.4,0.3143,2026-05-24 20:49:02.254366,2026-08-23 21:02:22.309587
item_004951,700.33,2.6,electronics,1.0,2.0,3.7750000000000004,0.6429,0.1071,2026-05-24 20:49:02.254366,2026-08-23 21:02:22.309587
item_004952,710.23,4.4,home_garden,0.0,4.0,2.5,0.5556,0.4074,2026-05-24 20:49:02.254366,2026-08-23 21:02:22.309587
item_004953,27.8,3.3,beauty,3.0,7.0,3.46,0.3462,0.3077,2026-05-24 20:49:02.254366,2026-08-23 21:02:22.309587
item_004954,26.58,4.0,home_garden,3.0,3.0,3.2,1.04,0.44,2026-05-24 20:49:02.254366,2026-08-23 21:02:22.309587
item_004955,107.77,4.9,beauty,2.0,4.0,2.4,0.5,0.2391,2026-05-24 20:49:02.254366,2026-08-23 21:02:22.309587
item_004956,15.09,3.7,food,2.0,5.0,2.75,1.0,0.75,2026-05-24 20:49:02.254366,2026-08-23 21:02:22.309587
item_004957,34.83,4.8,food,0.0,3.0,2.5375,0.68,0.52,2026-05-24 20:49:02.254366,2026-08-23 21:02:22.309587
item_004958,13.09,5.0,books,7.0,7.0,4.05,0.4091,0.3409,2026-05-24 20:49:02.254366,2026-08-23 21:02:22.309587
item_004959,128.49,3.8,clothing,2.0,4.0,3.25,0.8235,0.7647,2026-05-24 20:49:02.254366,2026-08-23 21:02:22.309587
item_004960,70.54,5.0,automotive,5.0,4.0,2.766666666666667,0.4524,0.3333,2026-05-24 20:49:02.254366,2026-08-23 21:02:22.309587
item_004961,489.52,3.2,jewelry,1.0,1.0,2.1666666666666665,0.619,0.2381,2026-05-24 20:49:02.254366,2026-08-23 21:02:22.309587
item_004962,27.29,4.1,books,0.0,5.0,2.8125,0.6429,0.5357,2026-05-24 20:49:02.254366,2026-08-23 21:02:22.309587
item_004963,168.59,3.6,sports,2.0,5.0,3.7125,1.4375,0.875,2026-05-24 20:49:02.254366,2026-08-23 21:02:22.309587
item_004964,417.73,3.9,sports,0.0,2.0,2.533333333333333,1.0455,0.3636,2026-05-24 20:49:02.254366,2026-08-23 21:02:22.309587
item_004965,197.18,3.6,clothing,2.0,5.0,2.1666666666666665,0.9565,0.5217,2026-05-24 20:49:02.254366,2026-08-23 21:02:22.309587
item_004966,288.11,2.5,clothing,4.0,4.0,3.05,0.3962,0.2453,2026-05-24 20:49:02.254366,2026-08-23 21:02:22.309587
item_004967,163.59,4.0,beauty,2.0,4.0,4.566666666666666,0.5714,0.2857,2026-05-24 20:49:02.254366,2026-08-23 21:02:22.309587
item_004968,277.1,3.4,clothing,3.0,6.0,2.0,0.6316,0.6316,2026-05-24 20:49:02.254366,2026-08-23 21:02:22.309587
item_004969,40.09,4.4,books,7.0,3.0,3.161538461538462,0.4127,0.1587,2026-05-24 20:49:02.254366,2026-08-23 21:02:22.309587
item_004970,187.66,4.7,clothing,2.0,4.0,2.4,0.7419,0.4516,2026-05-24 20:49:02.254366,2026-08-23 21:02:22.309587
item_004971,93.37,3.2,toys,3.0,3.0,2.54,0.4839,0.3226,2026-05-24 20:49:02.254366,2026-08-23 21:02:22.309587
item_004972,16.8,2.9,clothing,4.0,1.0,2.8600000000000003,0.7576,0.2727,2026-05-24 20:49:02.254366,2026-08-23 21:02:22.309587
item_004973,34.93,3.2,toys,4.0,7.0,3.085714285714286,0.425,0.4,2026-05-24 20:49:02.254366,2026-08-23 21:02:22.309587
item_004974,103.71,3.1,toys,2.0,4.0,2.4,1.25,0.5833,2026-05-24 20:49:02.254366,2026-08-23 21:02:22.309587
item_004975,113.5,3.3,toys,2.0,5.0,3.85,0.5556,0.3056,2026-05-24 20:49:02.254366,2026-08-23 21:02:22.309587
item_004976,536.51,3.7,home_garden,0.0,8.0,2.4,0.52,0.32,2026-05-24 20:49:02.254366,2026-08-23 21:02:22.309587
item_004977,98.46,4.4,beauty,2.0,8.0,3.35,0.8889,0.5185,2026-05-24 20:49:02.254366,2026-08-23 21:02:22.309587
item_004978,781.37,4.8,home_garden,1.0,6.0,3.4333333333333336,0.96,0.64,2026-05-24 20:49:02.254366,2026-08-23 21:02:22.309587
item_004979,44.63,4.5,food,0.0,4.0,2.9333333333333336,0.75,0.4286,2026-05-24 20:49:02.254366,2026-08-23 21:02:22.309587
item_004980,30.18,5.0,beauty,2.0,3.0,2.466666666666667,0.7368,0.5789,2026-05-24 20:49:02.254366,2026-08-23 21:02:22.309587
item_004981,132.16,3.0,sports,2.0,5.0,2.4499999999999997,0.5926,0.4074,2026-05-24 20:49:02.254366,2026-08-23 21:02:22.309587
item_004982,13.29,3.7,books,0.0,5.0,3.5400000000000005,0.7619,0.5714,2026-05-24 20:49:02.254366,2026-08-23 21:02:22.309587
item_004983,4760.53,3.2,jewelry,1.0,8.0,3.1500000000000004,0.4091,0.4091,2026-05-24 20:49:02.254366,2026-08-23 21:02:22.309587
item_004984,77.44,4.5,toys,2.0,0.0,2.625,1.1579,0.3684,2026-05-24 20:49:02.254366,2026-08-23 21:02:22.309587
item_004985,159.5,3.9,clothing,1.0,2.0,3.2600000000000002,0.8261,0.6957,2026-05-24 20:49:02.254366,2026-08-23 21:02:22.309587
item_004986,257.85,3.3,clothing,0.0,3.0,3.2285714285714286,0.6,0.24,2026-05-24 20:49:02.254366,2026-08-23 21:02:22.309587
item_004987,4673.04,4.4,jewelry,2.0,3.0,2.1500000000000004,0.3571,0.5,2026-05-24 20:49:02.254366,2026-08-23 21:02:22.309587
item_004988,241.3,4.5,clothing,1.0,5.0,1.9875,0.5185,0.4074,2026-05-24 20:49:02.254366,2026-08-23 21:02:22.309587
item_004989,79.66,3.6,toys,3.0,3.0,3.6666666666666665,0.3953,0.2558,2026-05-24 20:49:02.254366,2026-08-23 21:02:22.309587
item_004990,63.13,4.2,toys,2.0,7.0,3.6,0.3667,0.5667,2026-05-24 20:49:02.254366,2026-08-23 21:02:22.309587
item_004991,88.46,3.8,automotive,1.0,3.0,3.3000000000000003,0.7727,0.2727,2026-05-24 20:49:02.254366,2026-08-23 21:02:22.309587
item_004992,34.0,3.6,books,4.0,2.0,2.283333333333333,0.5385,0.1154,2026-05-24 20:49:02.254366,2026-08-23 21:02:22.309587
item_004993,61.32,3.6,clothing,0.0,5.0,2.2666666666666666,0.7143,0.5714,2026-05-24 20:49:02.254366,2026-08-23 21:02:22.309587
item_004994,251.83,3.4,clothing,2.0,3.0,2.75,0.3529,0.2941,2026-05-24 20:49:02.254366,2026-08-23 21:02:22.309587
item_004995,279.72,4.0,sports,4.0,1.0,3.6,0.625,0.4167,2026-05-24 20:49:02.254366,2026-08-23 21:02:22.309587
item_004996,17.21,3.7,beauty,2.0,1.0,3.5599999999999996,0.76,0.16,2026-05-24 20:49:02.254366,2026-08-23 21:02:22.309587
item_004997,415.33,4.2,sports,2.0,3.0,3.85,0.75,0.2917,2026-05-24 20:49:02.254366,2026-08-23 21:02:22.309587
item_004998,959.42,2.2,electronics,8.0,3.0,3.533333333333333,0.5079,0.2222,2026-05-24 20:49:02.254366,2026-08-23 21:02:22.309587
item_004999,64.36,4.2,food,1.0,2.0,3.5545454545454547,0.625,0.3125,2026-05-24 20:49:02.254366,2026-08-23 21:02:22.309587
