user_id,age,gender,country,preferred_categories,account_age_days,is_premium
user_000000,40,M,DE,"clothing,electronics,sports",1509,True
user_000001,33,M,UK,"automotive,clothing,toys",448,False
user_000002,42,F,IN,"electronics,automotive,home_garden",860,False
user_000003,53,F,AU,"sports,electronics,books",570,False
user_000004,32,M,AU,"clothing,jewelry",1736,False
user_000005,32,F,JP,"electronics,food",162,False
user_000006,53,F,US,"jewelry,beauty,home_garden",1355,False
user_000007,44,F,JP,"clothing,home_garden",570,False
user_000008,29,M,CA,"books,beauty",1438,False
user_000009,41,M,JP,"clothing,books,home_garden",553,False
user_000010,29,F,US,"automotive,home_garden,beauty",470,False
user_000011,29,M,MX,"toys,sports",1795,False
user_000012,37,M,BR,food,293,False
user_000013,18,F,MX,automotive,878,False
user_000014,18,Other,DE,"beauty,home_garden",1044,False
user_000015,28,M,DE,clothing,1623,False
user_000016,22,F,BR,"clothing,toys,automotive",1084,False
user_000017,38,F,AU,"electronics,clothing,sports",229,False
user_000018,24,M,CA,food,1026,False
user_000019,18,M,DE,"clothing,sports,home_garden",1105,False
user_000020,52,M,AU,"electronics,beauty,food",1800,False
user_000021,32,M,MX,"home_garden,electronics",162,True
user_000022,35,F,DE,"clothing,automotive",1352,False
user_000023,18,Other,IN,"books,sports,toys",1547,False
user_000024,28,M,AU,sports,898,False
user_000025,36,M,AU,"clothing,home_garden",44,False
user_000026,21,M,UK,jewelry,1450,False
user_000027,39,F,AU,clothing,146,False
user_000028,27,F,MX,"food,home_garden",1181,False
user_000029,31,M,JP,"toys,home_garden",726,False
user_000030,27,M,AU,"electronics,clothing",1640,False
user_000031,57,M,BR,home_garden,288,False
user_000032,34,F,UK,"food,home_garden",908,False
user_000033,22,Other,FR,"clothing,electronics,automotive",341,False
user_000034,44,F,DE,"home_garden,toys",777,True
user_000035,20,M,IN,"sports,food",1356,False
user_000036,37,M,US,home_garden,1187,False
user_000037,18,M,MX,beauty,977,False
user_000038,19,F,UK,"books,electronics,clothing",1219,True
user_000039,37,M,MX,toys,505,False
user_000040,43,M,MX,jewelry,1158,False
user_000041,37,M,JP,"home_garden,beauty",269,False
user_000042,33,F,UK,"food,beauty",20,False
user_000043,31,F,DE,"clothing,jewelry,home_garden",715,False
user_000044,18,M,BR,beauty,1708,False
user_000045,26,M,IN,"jewelry,automotive",614,False
user_000046,29,M,UK,books,1521,False
user_000047,47,F,FR,"sports,home_garden",1408,False
user_000048,39,M,US,"automotive,food",190,False
user_000049,18,M,DE,"electronics,jewelry",1305,False
user_000050,38,F,JP,food,1149,True
user_000051,30,F,AU,books,1193,False
user_000052,26,M,US,"books,electronics",733,False
user_000053,42,M,IN,clothing,1811,False
user_000054,47,Other,DE,"books,home_garden,jewelry",1806,False
user_000055,46,F,JP,beauty,1643,False
user_000056,24,F,UK,"home_garden,sports,books",784,False
user_000057,31,F,BR,"home_garden,jewelry",717,False
user_000058,38,M,FR,home_garden,817,False
user_000059,46,M,IN,sports,819,False
user_000060,29,F,CA,"beauty,electronics,clothing",366,False
user_000061,32,F,AU,"electronics,clothing",1493,False
user_000062,21,M,MX,"jewelry,automotive",390,False
user_000063,20,M,UK,"toys,electronics,home_garden",1361,False
user_000064,44,F,JP,"beauty,clothing,sports",669,False
user_000065,51,M,JP,"automotive,books",1388,False
user_000066,34,F,JP,jewelry,1123,False
user_000067,47,M,MX,"sports,home_garden",1243,False
user_000068,39,F,IN,"food,jewelry",970,False
user_000069,27,F,MX,"books,clothing,sports",687,True
user_000070,39,M,FR,sports,302,True
user_000071,53,F,UK,food,933,False
user_000072,34,F,FR,"jewelry,home_garden,toys",303,False
user_000073,53,F,FR,clothing,361,False
user_000074,18,F,UK,"automotive,food,electronics",935,True
user_000075,44,F,BR,"automotive,jewelry",1255,False
user_000076,36,F,BR,"toys,automotive,food",922,False
user_000077,31,F,IN,sports,993,False
user_000078,36,F,FR,"food,clothing",557,False
user_000079,18,M,DE,"clothing,books,automotive",1447,False
user_000080,32,F,JP,"toys,beauty",128,False
user_000081,39,F,MX,"toys,electronics",780,False
user_000082,52,F,JP,"sports,toys",1103,False
user_000083,28,M,JP,"jewelry,home_garden,food",995,True
user_000084,25,F,DE,"toys,books",1275,False
user_000085,28,M,JP,"jewelry,electronics",278,False
user_000086,45,M,AU,electronics,434,False
user_000087,38,F,JP,"toys,sports",517,False
user_000088,28,M,AU,"electronics,automotive",460,False
user_000089,41,M,US,"electronics,jewelry,home_garden",1273,False
user_000090,36,F,MX,food,447,False
user_000091,46,F,UK,"beauty,books",1593,False
user_000092,26,F,MX,"clothing,electronics",1388,False
user_000093,31,M,FR,"toys,home_garden",209,False
user_000094,30,F,MX,"jewelry,clothing",1603,True
user_000095,18,F,AU,"toys,beauty,clothing",26,False
user_000096,38,Other,BR,"clothing,toys",1449,False
user_000097,38,Other,CA,automotive,1262,False
user_000098,35,F,MX,"food,jewelry,toys",550,False
user_000099,32,M,BR,clothing,500,False
user_000100,18,M,AU,"jewelry,toys,beauty",373,False
user_000101,29,M,MX,"sports,beauty",1437,False
user_000102,30,M,JP,"electronics,automotive,home_garden",1001,False
user_000103,25,F,BR,food,918,False
user_000104,33,M,FR,sports,628,False
user_000105,39,F,JP,"food,automotive",1528,False
user_000106,57,M,FR,"food,sports",248,False
user_000107,37,F,DE,"clothing,automotive",393,False
user_000108,38,F,UK,"sports,automotive",1706,False
user_000109,34,M,US,beauty,1451,False
user_000110,18,F,DE,"electronics,jewelry",1307,False
user_000111,34,F,BR,"clothing,electronics",981,False
user_000112,35,M,BR,electronics,234,False
user_000113,64,F,US,"food,clothing",311,True
user_000114,32,M,JP,"sports,clothing,home_garden",1242,False
user_000115,38,M,BR,"home_garden,automotive,toys",609,False
user_000116,34,F,UK,"sports,electronics",1563,False
user_000117,20,F,DE,sports,492,False
user_000118,48,M,BR,books,1412,False
user_000119,44,M,CA,"electronics,home_garden",1440,False
user_000120,44,F,MX,home_garden,1355,False
user_000121,24,M,FR,toys,1327,True
user_000122,51,M,CA,"books,clothing",1219,False
user_000123,18,M,CA,"sports,food,clothing",1434,False
user_000124,42,F,UK,"automotive,jewelry",1225,True
user_000125,61,M,FR,"beauty,sports",1381,False
user_000126,23,F,DE,"jewelry,electronics,sports",964,False
user_000127,28,Other,JP,"sports,books",1301,False
user_000128,36,M,AU,food,658,False
user_000129,28,M,BR,beauty,591,False
user_000130,18,M,AU,"automotive,electronics",517,False
user_000131,35,F,IN,"automotive,electronics",947,False
user_000132,22,M,BR,automotive,1281,False
user_000133,40,M,DE,home_garden,590,False
user_000134,23,Other,MX,"food,clothing,electronics",1637,False
user_000135,53,F,IN,sports,836,True
user_000136,25,F,DE,food,1021,False
user_000137,31,M,BR,"automotive,sports",968,False
user_000138,44,F,IN,"books,toys,home_garden",1529,False
user_000139,20,F,JP,sports,697,False
user_000140,37,F,MX,"sports,electronics,jewelry",1188,False
user_000141,50,F,AU,"books,food",681,False
user_000142,18,F,FR,"toys,food,beauty",1172,False
user_000143,37,F,JP,"electronics,beauty",791,False
user_000144,38,M,MX,"books,food,electronics",680,False
user_000145,44,F,US,"clothing,automotive",1480,True
user_000146,20,F,CA,"books,clothing,food",694,False
user_000147,19,F,IN,"clothing,beauty",779,False
user_000148,41,F,FR,"food,automotive,electronics",1293,False
user_000149,38,M,UK,"home_garden,clothing",1558,False
user_000150,38,M,CA,food,60,True
user_000151,39,M,JP,sports,299,False
user_000152,26,M,UK,"jewelry,books",1249,False
user_000153,37,M,CA,"home_garden,food,books",942,False
user_000154,38,F,IN,food,324,True
user_000155,26,F,JP,"jewelry,sports",1414,False
user_000156,57,F,UK,"home_garden,toys",486,False
user_000157,40,Other,CA,"jewelry,sports",45,False
user_000158,20,F,US,"toys,sports,electronics",1242,False
user_000159,42,M,FR,"home_garden,beauty",1272,False
user_000160,23,M,BR,"books,clothing,electronics",69,False
user_000161,44,M,JP,"books,clothing,sports",360,False
user_000162,48,F,CA,"beauty,automotive,sports",1689,False
user_000163,25,M,UK,"beauty,clothing",289,False
user_000164,46,Other,IN,toys,750,True
user_000165,39,F,BR,"electronics,sports",755,False
user_000166,44,M,FR,"sports,toys,beauty",966,True
user_000167,57,F,BR,"beauty,home_garden,clothing",1436,False
user_000168,32,M,US,"clothing,books",624,False
user_000169,25,M,IN,clothing,278,False
user_000170,24,F,DE,"automotive,toys",1814,False
user_000171,25,F,CA,food,68,False
user_000172,34,M,FR,food,1752,False
user_000173,39,M,CA,"beauty,automotive,jewelry",389,False
user_000174,38,F,MX,"clothing,home_garden",44,True
user_000175,44,F,FR,"home_garden,books",141,False
user_000176,35,M,DE,"home_garden,jewelry,automotive",1616,False
user_000177,52,F,DE,sports,267,False
user_000178,31,F,US,clothing,270,True
user_000179,67,M,DE,jewelry,544,True
user_000180,42,F,BR,"toys,automotive,clothing",919,False
user_000181,24,F,MX,"jewelry,clothing,food",89,False
user_000182,22,F,US,"automotive,sports,food",125,False
user_000183,40,F,BR,"toys,clothing",151,False
user_000184,32,M,CA,"jewelry,books",1279,False
user_000185,43,M,MX,"beauty,toys,sports",882,True
user_000186,40,M,FR,"clothing,automotive,home_garden",848,False
user_000187,34,F,AU,"toys,jewelry",875,False
user_000188,24,F,BR,"beauty,books",138,True
user_000189,18,M,AU,clothing,1663,True
user_000190,29,F,IN,jewelry,676,False
user_000191,45,F,US,"beauty,toys",590,False
user_000192,37,M,BR,"clothing,automotive",460,False
user_000193,20,M,CA,"automotive,beauty",1176,False
user_000194,37,M,CA,"automotive,jewelry",60,False
user_000195,39,M,DE,"sports,beauty,automotive",1160,False
user_000196,24,F,US,books,188,False
user_000197,36,M,AU,toys,323,False
user_000198,35,M,MX,"beauty,clothing,electronics",102,False
user_000199,21,F,BR,"food,toys",849,False
user_000200,39,M,MX,"clothing,beauty,toys",997,False
user_000201,41,M,MX,"electronics,home_garden",113,True
user_000202,47,F,CA,"home_garden,books",672,True
user_000203,47,M,IN,"toys,books",1442,False
user_000204,18,F,US,"beauty,clothing,toys",894,True
user_000205,23,F,MX,beauty,829,False
user_000206,41,M,AU,"sports,clothing",352,False
user_000207,41,M,UK,"food,beauty,clothing",499,False
user_000208,41,M,CA,"automotive,clothing",1528,False
user_000209,80,F,UK,"books,clothing",1087,False
user_000210,41,M,DE,"beauty,books",525,False
user_000211,48,F,BR,"books,clothing,jewelry",951,False
user_000212,46,M,UK,"food,beauty,automotive",961,False
user_000213,42,M,UK,"sports,electronics",636,False
user_000214,31,M,CA,electronics,158,False
user_000215,44,F,JP,jewelry,948,False
user_000216,25,M,BR,"electronics,food,home_garden",1027,False
user_000217,32,M,AU,food,1463,True
user_000218,29,F,BR,"books,electronics,home_garden",1074,False
user_000219,35,M,CA,beauty,794,False
user_000220,62,F,AU,"jewelry,electronics",135,False
user_000221,18,F,MX,"toys,sports,automotive",1789,False
user_000222,43,F,AU,jewelry,636,False
user_000223,18,M,JP,"toys,books,clothing",1318,False
user_000224,29,M,JP,automotive,1042,False
user_000225,48,F,AU,"sports,books",1570,False
user_000226,35,M,CA,books,1730,False
user_000227,22,F,MX,"automotive,jewelry,electronics",269,False
user_000228,26,M,MX,books,1657,False
user_000229,43,M,FR,"food,electronics,toys",910,False
user_000230,26,M,BR,"food,home_garden,automotive",1711,False
user_000231,37,F,JP,"jewelry,food,automotive",1030,False
user_000232,35,F,DE,home_garden,1788,False
user_000233,27,F,IN,"food,beauty,clothing",1744,True
user_000234,60,M,IN,books,302,False
user_000235,42,F,AU,home_garden,55,False
user_000236,18,M,UK,"automotive,beauty",768,False
user_000237,37,F,DE,"clothing,beauty",79,False
user_000238,27,M,US,"books,food",163,True
user_000239,45,F,MX,books,1081,False
user_000240,25,M,FR,"home_garden,sports",860,False
user_000241,33,F,BR,"food,clothing,automotive",1223,False
user_000242,41,M,US,"automotive,home_garden,books",1260,False
user_000243,45,F,AU,"toys,books,clothing",139,False
user_000244,20,M,BR,"automotive,jewelry,electronics",90,False
user_000245,30,M,UK,"sports,electronics",707,False
user_000246,29,M,IN,"clothing,beauty,books",694,False
user_000247,27,Other,BR,food,1294,False
user_000248,56,F,BR,clothing,76,False
user_000249,39,F,AU,home_garden,636,False
user_000250,19,F,FR,"food,sports,electronics",586,False
user_000251,46,M,AU,beauty,895,False
user_000252,60,Other,BR,"food,toys,beauty",1418,False
user_000253,47,M,MX,"sports,clothing,toys",1685,False
user_000254,18,M,CA,"beauty,clothing",628,False
user_000255,29,M,US,"toys,books,food",1489,False
user_000256,50,M,US,"jewelry,toys",154,False
user_000257,26,F,DE,"beauty,automotive",64,True
user_000258,40,M,AU,"food,electronics,books",742,False
user_000259,44,F,AU,"electronics,books,food",910,False
user_000260,23,M,CA,"books,automotive,beauty",512,False
user_000261,34,F,JP,books,1151,True
user_000262,18,Other,CA,"food,home_garden",1422,False
user_000263,22,M,UK,"home_garden,clothing",926,False
user_000264,31,F,UK,"food,clothing,beauty",1127,False
user_000265,20,F,IN,"books,jewelry",460,True
user_000266,54,M,BR,books,54,False
user_000267,18,F,UK,"beauty,food,books",135,False
user_000268,29,F,MX,"food,automotive,toys",152,True
user_000269,36,M,IN,"clothing,food",706,True
user_000270,52,M,US,"jewelry,books,automotive",1703,True
user_000271,18,M,AU,sports,1453,False
user_000272,48,M,IN,"sports,clothing,jewelry",563,True
user_000273,35,M,DE,"jewelry,automotive",1213,False
user_000274,23,F,MX,books,692,False
user_000275,40,M,MX,"electronics,jewelry,clothing",543,False
user_000276,37,F,IN,"toys,electronics,food",594,False
user_000277,27,F,JP,"food,home_garden",610,False
user_000278,35,M,BR,"electronics,books,food",418,False
user_000279,30,F,AU,beauty,1504,False
user_000280,36,F,IN,"toys,books",1151,True
user_000281,42,M,BR,food,508,True
user_000282,54,F,MX,sports,857,False
user_000283,20,F,AU,beauty,389,False
user_000284,60,F,CA,"automotive,food",1019,True
user_000285,18,Other,FR,"automotive,food",1195,False
user_000286,33,F,BR,sports,586,False
user_000287,42,M,CA,toys,1490,False
user_000288,38,M,MX,"beauty,electronics",1151,False
user_000289,27,F,IN,"sports,clothing,toys",573,False
user_000290,32,Other,JP,"jewelry,clothing,books",765,False
user_000291,29,F,FR,"automotive,beauty",1234,False
user_000292,27,M,AU,"electronics,jewelry,automotive",1647,False
user_000293,45,M,MX,"books,automotive",653,False
user_000294,39,F,CA,"sports,beauty,food",973,False
user_000295,26,Other,MX,"beauty,clothing",631,False
user_000296,45,Other,MX,"electronics,food,sports",1183,False
user_000297,38,F,IN,jewelry,1289,False
user_000298,44,M,UK,"books,home_garden",391,True
user_000299,42,M,FR,"toys,books",841,False
user_000300,25,F,IN,"food,electronics,books",666,False
user_000301,28,M,DE,"automotive,toys",942,False
user_000302,43,F,CA,"automotive,beauty",1250,False
user_000303,42,F,FR,sports,610,False
user_000304,34,M,IN,"home_garden,food,beauty",1629,False
user_000305,36,M,JP,"clothing,automotive",1677,False
user_000306,50,M,UK,sports,710,False
user_000307,27,M,IN,"sports,food,home_garden",556,False
user_000308,41,F,MX,"sports,books,clothing",491,False
user_000309,32,M,JP,"automotive,home_garden,jewelry",677,False
user_000310,32,M,IN,books,324,False
user_000311,48,F,CA,"food,home_garden",658,False
user_000312,44,F,FR,clothing,1096,False
user_000313,44,M,DE,books,75,False
user_000314,50,F,CA,"food,books",1796,True
user_000315,35,F,AU,"jewelry,clothing",583,False
user_000316,43,F,DE,"automotive,jewelry,food",1743,False
user_000317,31,M,BR,"home_garden,clothing",1328,False
user_000318,38,F,CA,electronics,1163,False
user_000319,33,F,JP,books,1694,False
user_000320,36,F,DE,"clothing,toys",288,False
user_000321,42,M,FR,electronics,915,False
user_000322,25,M,AU,"sports,electronics",1419,False
user_000323,60,M,IN,"clothing,food,sports",1819,False
user_000324,22,M,FR,"clothing,sports",449,False
user_000325,20,F,MX,"books,food",766,False
user_000326,48,F,MX,"food,automotive,home_garden",1789,False
user_000327,44,M,MX,"food,automotive,beauty",230,True
user_000328,42,M,IN,"automotive,home_garden,books",905,True
user_000329,42,F,IN,jewelry,913,False
user_000330,34,M,MX,"books,automotive",119,False
user_000331,24,M,US,"sports,electronics,toys",1528,False
user_000332,35,M,UK,electronics,1109,False
user_000333,26,M,JP,food,369,False
user_000334,46,M,JP,"toys,beauty,jewelry",770,True
user_000335,33,M,IN,"automotive,books,beauty",805,False
user_000336,25,Other,BR,"home_garden,electronics,automotive",1380,False
user_000337,31,F,FR,"automotive,toys",944,False
user_000338,39,M,JP,"home_garden,clothing",1260,False
user_000339,28,M,UK,home_garden,1217,True
user_000340,25,M,FR,"electronics,home_garden,jewelry",1106,False
user_000341,37,F,CA,books,480,False
user_000342,37,M,DE,"jewelry,beauty,automotive",1353,False
user_000343,28,M,MX,"sports,jewelry",1802,False
user_000344,29,F,US,toys,706,False
user_000345,37,F,JP,"toys,automotive,beauty",306,False
user_000346,18,M,FR,automotive,616,False
user_000347,18,F,IN,food,846,False
user_000348,26,M,FR,"automotive,books,toys",677,False
user_000349,32,F,FR,"beauty,clothing",106,False
user_000350,38,M,MX,"jewelry,electronics,clothing",1484,False
user_000351,52,M,AU,food,621,False
user_000352,45,F,UK,home_garden,1530,False
user_000353,33,M,FR,"home_garden,jewelry",1131,False
user_000354,34,F,AU,"toys,food",632,False
user_000355,22,F,BR,"food,jewelry,clothing",1560,False
user_000356,34,M,US,beauty,1153,False
user_000357,31,F,MX,"books,electronics,sports",1187,False
user_000358,38,M,JP,"books,home_garden",1167,False
user_000359,25,M,BR,"automotive,beauty",1482,False
user_000360,41,F,AU,"food,books",347,True
user_000361,53,F,UK,"food,books,electronics",1676,False
user_000362,33,M,FR,toys,140,False
user_000363,39,F,AU,home_garden,124,False
user_000364,43,M,IN,"jewelry,food,automotive",1130,False
user_000365,30,F,IN,automotive,588,True
user_000366,37,F,IN,"toys,books,clothing",305,False
user_000367,35,M,JP,"automotive,sports,beauty",162,False
user_000368,36,Other,FR,"food,home_garden",615,False
user_000369,25,M,JP,electronics,773,False
user_000370,35,F,UK,electronics,1024,False
user_000371,40,M,MX,"beauty,clothing,electronics",974,False
user_000372,52,F,MX,sports,1348,True
user_000373,46,F,JP,"electronics,home_garden",158,False
user_000374,60,M,DE,"home_garden,toys,beauty",1619,False
user_000375,25,M,JP,"clothing,automotive,beauty",476,False
user_000376,45,Other,AU,"jewelry,toys",61,False
user_000377,37,M,JP,"food,home_garden",885,False
user_000378,61,F,UK,"toys,clothing,sports",169,False
user_000379,25,M,UK,"books,toys",188,True
user_000380,24,F,UK,"food,beauty",272,True
user_000381,27,F,JP,"food,automotive",212,True
user_000382,18,F,AU,"automotive,clothing",1769,False
user_000383,28,F,IN,"toys,jewelry",498,False
user_000384,25,M,CA,toys,617,False
user_000385,36,M,CA,clothing,863,False
user_000386,39,M,FR,beauty,1477,False
user_000387,57,M,CA,"jewelry,home_garden,food",14,False
user_000388,46,F,AU,"jewelry,toys",902,False
user_000389,28,M,FR,"jewelry,books,sports",982,False
user_000390,24,F,BR,"beauty,sports",1180,False
user_000391,40,F,JP,"toys,sports",748,True
user_000392,19,F,IN,"home_garden,automotive,books",56,False
user_000393,56,F,UK,"home_garden,food",1678,False
user_000394,49,F,FR,"food,books",518,False
user_000395,29,M,MX,"toys,jewelry,clothing",982,False
user_000396,18,F,AU,"automotive,toys,electronics",1437,False
user_000397,51,F,AU,"jewelry,clothing,automotive",341,False
user_000398,33,Other,JP,jewelry,1542,False
user_000399,49,M,FR,"clothing,electronics",1046,False
user_000400,18,M,BR,"jewelry,home_garden,food",1582,False
user_000401,27,Other,BR,"automotive,books,beauty",215,False
user_000402,35,F,DE,clothing,714,False
user_000403,35,F,BR,"home_garden,automotive",200,False
user_000404,29,M,UK,"food,beauty,clothing",47,False
user_000405,42,F,IN,"clothing,books,home_garden",328,False
user_000406,22,F,DE,"food,home_garden",382,False
user_000407,33,F,FR,"toys,electronics",921,False
user_000408,36,M,UK,"electronics,home_garden",1183,True
user_000409,41,M,UK,"books,beauty,automotive",538,False
user_000410,43,F,MX,"automotive,beauty",804,False
user_000411,21,F,CA,"beauty,food",1259,False
user_000412,18,M,UK,"books,beauty,clothing",375,False
user_000413,50,M,MX,automotive,283,False
user_000414,38,F,DE,"books,food",1137,False
user_000415,26,M,BR,"books,jewelry",1269,True
user_000416,53,M,JP,"electronics,food",1151,False
user_000417,36,M,BR,"toys,food",1001,False
user_000418,49,M,FR,"electronics,home_garden,sports",1102,False
user_000419,35,F,UK,"jewelry,food",1173,True
user_000420,59,F,BR,"beauty,automotive,electronics",1119,False
user_000421,56,M,US,"clothing,home_garden",922,False
user_000422,32,F,UK,food,1589,False
user_000423,46,F,MX,jewelry,1296,False
user_000424,42,F,MX,"books,home_garden,automotive",719,False
user_000425,51,Other,CA,"automotive,books,beauty",593,False
user_000426,23,F,CA,"clothing,books,toys",1776,False
user_000427,43,F,FR,"books,home_garden,jewelry",1560,False
user_000428,47,F,CA,"food,books",1286,False
user_000429,18,M,CA,"clothing,jewelry",1423,False
user_000430,20,M,US,"food,jewelry",1780,False
user_000431,18,F,IN,"clothing,food,beauty",815,False
user_000432,31,M,CA,"home_garden,food",692,False
user_000433,43,F,AU,jewelry,1398,False
user_000434,53,F,BR,clothing,34,True
user_000435,35,M,JP,food,415,False
user_000436,54,M,CA,sports,192,False
user_000437,18,F,DE,"clothing,beauty",107,False
user_000438,18,F,UK,"home_garden,toys",3,False
user_000439,34,F,IN,books,1393,False
user_000440,39,F,JP,beauty,1422,True
user_000441,34,M,UK,home_garden,212,False
user_000442,18,F,DE,"books,toys",1314,False
user_000443,33,F,US,clothing,1250,False
user_000444,19,F,DE,"beauty,home_garden",844,False
user_000445,43,F,DE,"home_garden,clothing",1542,True
user_000446,39,M,DE,"toys,beauty,jewelry",508,False
user_000447,23,F,MX,home_garden,1477,False
user_000448,28,F,IN,"electronics,sports,home_garden",387,False
user_000449,22,F,UK,"electronics,home_garden",494,False
user_000450,34,Other,AU,"clothing,automotive,electronics",271,False
user_000451,46,F,UK,"toys,beauty,books",35,False
user_000452,23,M,US,sports,1617,False
user_000453,41,M,JP,"automotive,toys",169,False
user_000454,28,M,UK,"jewelry,books,sports",1048,False
user_000455,25,M,MX,automotive,1300,False
user_000456,33,F,FR,"clothing,sports,toys",119,False
user_000457,22,F,US,"clothing,food",634,False
user_000458,28,F,US,"books,clothing,electronics",336,False
user_000459,20,F,CA,"automotive,jewelry",342,False
user_000460,58,M,JP,"sports,clothing,electronics",558,False
user_000461,35,F,IN,"jewelry,clothing",738,True
user_000462,26,M,UK,"books,beauty,jewelry",1176,False
user_000463,37,F,US,home_garden,91,False
user_000464,33,M,AU,home_garden,785,False
user_000465,32,F,JP,electronics,460,False
user_000466,42,F,MX,"beauty,sports",764,True
user_000467,44,F,US,"electronics,books,home_garden",822,True
user_000468,28,M,IN,"sports,jewelry",936,True
user_000469,28,F,CA,sports,1515,False
user_000470,31,Other,FR,"beauty,food",1501,False
user_000471,18,M,JP,books,49,False
user_000472,18,M,JP,"electronics,beauty",1739,False
user_000473,51,F,FR,"clothing,home_garden",860,False
user_000474,54,F,UK,books,90,False
user_000475,32,Other,UK,"toys,beauty,food",1190,True
user_000476,41,M,MX,toys,128,False
user_000477,38,M,AU,home_garden,1641,False
user_000478,71,M,UK,"beauty,jewelry,food",416,True
user_000479,48,M,BR,"clothing,books,jewelry",644,False
user_000480,33,M,CA,"beauty,home_garden,food",1746,True
user_000481,23,F,MX,sports,83,False
user_000482,18,F,AU,"books,clothing",812,False
user_000483,37,M,JP,"sports,jewelry,books",1751,False
user_000484,25,M,DE,"automotive,home_garden,clothing",249,True
user_000485,18,M,JP,books,763,False
user_000486,27,M,UK,"clothing,sports,jewelry",405,False
user_000487,22,F,AU,"books,clothing",251,True
user_000488,55,F,JP,"electronics,books",1683,False
user_000489,45,F,DE,"electronics,toys",725,False
user_000490,34,M,DE,sports,71,False
user_000491,52,M,IN,"home_garden,sports,food",982,True
user_000492,35,M,IN,"toys,books",511,False
user_000493,24,M,BR,"electronics,toys,beauty",705,False
user_000494,53,M,AU,"beauty,toys,sports",1223,False
user_000495,41,F,MX,"electronics,food",477,False
user_000496,22,F,CA,home_garden,1093,False
user_000497,32,M,DE,"electronics,home_garden,toys",361,False
user_000498,24,F,AU,"beauty,electronics",1163,False
user_000499,18,M,US,"home_garden,food,sports",185,True
user_000500,46,M,MX,"home_garden,electronics,food",413,False
user_000501,57,M,DE,"books,beauty",1202,False
user_000502,18,F,AU,clothing,149,False
user_000503,41,M,DE,"toys,clothing,beauty",323,False
user_000504,27,M,IN,"food,beauty",1421,False
user_000505,29,M,CA,"beauty,home_garden,books",261,False
user_000506,27,M,MX,jewelry,67,False
user_000507,24,F,UK,"jewelry,home_garden",1017,True
user_000508,35,Other,DE,"clothing,home_garden,beauty",1303,False
user_000509,25,M,CA,beauty,430,False
user_000510,38,M,UK,beauty,1476,True
user_000511,34,Other,JP,"food,toys",1010,False
user_000512,32,M,BR,"automotive,toys",1616,False
user_000513,24,M,US,"home_garden,books,food",604,True
user_000514,28,M,JP,"clothing,jewelry",330,False
user_000515,44,F,JP,"clothing,beauty,food",1339,False
user_000516,41,M,FR,"books,electronics",390,False
user_000517,23,M,UK,"automotive,sports,jewelry",102,False
user_000518,36,M,JP,"food,books,electronics",180,False
user_000519,44,M,FR,"jewelry,food,home_garden",350,False
user_000520,18,F,CA,food,1608,False
user_000521,41,F,JP,"sports,clothing",379,False
user_000522,27,M,CA,"beauty,books",901,False
user_000523,41,F,DE,sports,1541,False
user_000524,25,F,IN,clothing,848,False
user_000525,18,F,IN,"home_garden,automotive,electronics",858,False
user_000526,18,M,JP,"food,home_garden,jewelry",1749,False
user_000527,35,M,BR,"jewelry,automotive,books",355,False
user_000528,38,F,DE,home_garden,88,False
user_000529,24,F,CA,"toys,home_garden,books",655,False
user_000530,42,M,JP,clothing,1131,False
user_000531,18,F,US,"automotive,food",1611,False
user_000532,34,M,DE,"automotive,toys,clothing",1161,False
user_000533,20,F,UK,clothing,1610,False
user_000534,27,M,BR,"beauty,toys,sports",1172,False
user_000535,35,M,DE,books,1267,False
user_000536,24,F,AU,"toys,electronics,jewelry",1415,False
user_000537,30,M,CA,"food,sports,beauty",637,False
user_000538,47,M,BR,"clothing,home_garden",1586,False
user_000539,28,M,FR,"toys,clothing",1688,False
user_000540,45,F,IN,"automotive,beauty",1621,False
user_000541,21,M,IN,"automotive,toys",1801,False
user_000542,41,F,FR,home_garden,1715,True
user_000543,52,M,AU,food,1444,False
user_000544,18,M,UK,"food,automotive",1396,True
user_000545,25,M,BR,"food,jewelry",1202,False
user_000546,41,F,UK,"books,sports",584,True
user_000547,32,F,FR,books,1756,False
user_000548,39,M,JP,home_garden,1052,True
user_000549,27,F,MX,"electronics,food,books",1641,True
user_000550,36,F,CA,"jewelry,sports",868,False
user_000551,33,M,CA,"food,sports",1387,False
user_000552,49,F,AU,"toys,clothing,electronics",1150,False
user_000553,38,F,AU,"sports,jewelry,clothing",567,False
user_000554,39,M,IN,"sports,jewelry",1568,False
user_000555,30,M,AU,jewelry,1395,True
user_000556,29,Other,CA,food,858,False
user_000557,29,F,FR,"electronics,home_garden,beauty",1406,False
user_000558,39,M,DE,"beauty,automotive",1722,False
user_000559,29,M,CA,"books,sports,clothing",1486,False
user_000560,38,F,FR,beauty,728,False
user_000561,59,M,MX,"toys,beauty",603,False
user_000562,45,M,MX,food,1189,False
user_000563,31,F,IN,food,246,False
user_000564,49,M,DE,"automotive,sports",282,False
user_000565,30,M,DE,"toys,food",1596,True
user_000566,18,F,US,"books,beauty",926,False
user_000567,22,F,BR,jewelry,1609,False
user_000568,18,F,JP,books,827,False
user_000569,30,M,FR,"toys,electronics",1497,False
user_000570,35,F,IN,beauty,391,True
user_000571,55,M,AU,home_garden,640,True
user_000572,38,M,US,"automotive,sports",611,False
user_000573,32,M,DE,"automotive,jewelry",702,False
user_000574,44,M,JP,"beauty,home_garden",40,False
user_000575,18,F,DE,"books,home_garden,electronics",253,False
user_000576,37,F,MX,"electronics,toys,sports",100,False
user_000577,44,F,US,clothing,99,False
user_000578,18,M,CA,"food,toys",972,False
user_000579,48,M,UK,electronics,1357,False
user_000580,39,F,UK,"jewelry,books,toys",1048,False
user_000581,30,M,UK,sports,1020,False
user_000582,42,F,FR,sports,734,False
user_000583,62,F,FR,"books,electronics",1410,False
user_000584,37,M,UK,"home_garden,electronics",227,False
user_000585,37,F,UK,"food,books,clothing",1482,False
user_000586,29,Other,CA,"home_garden,food",541,False
user_000587,24,F,CA,books,738,False
user_000588,44,M,US,"toys,clothing",20,False
user_000589,24,F,MX,"books,beauty,automotive",550,False
user_000590,35,F,DE,beauty,234,False
user_000591,29,F,BR,"sports,toys",1639,False
user_000592,40,M,US,clothing,1730,False
user_000593,39,F,BR,"jewelry,food",372,False
user_000594,47,F,DE,"jewelry,electronics",990,False
user_000595,28,M,UK,toys,536,False
user_000596,31,F,MX,automotive,1483,False
user_000597,23,M,FR,"beauty,automotive,clothing",987,False
user_000598,29,M,DE,"toys,books,electronics",1036,False
user_000599,39,F,AU,"books,clothing",494,False
user_000600,44,M,JP,"electronics,automotive",826,False
user_000601,23,M,MX,food,918,True
user_000602,45,M,BR,"food,beauty",1527,False
user_000603,51,M,IN,toys,1125,True
user_000604,39,Other,CA,jewelry,1823,False
user_000605,57,F,AU,food,1691,True
user_000606,25,M,MX,food,1229,False
user_000607,20,M,FR,"beauty,food,clothing",5,False
user_000608,18,F,US,"sports,automotive,beauty",337,False
user_000609,52,F,FR,"toys,clothing,sports",248,False
user_000610,42,F,FR,"home_garden,food",1468,False
user_000611,34,F,BR,"electronics,clothing",937,False
user_000612,38,F,US,"books,food,electronics",1134,False
user_000613,21,F,DE,"food,automotive,books",1497,False
user_000614,64,F,MX,toys,1808,False
user_000615,36,M,AU,"toys,home_garden",603,False
user_000616,36,M,IN,books,613,False
user_000617,43,M,MX,"beauty,automotive,home_garden",1464,False
user_000618,40,F,AU,"books,jewelry",1455,True
user_000619,37,F,JP,"automotive,food",1381,False
user_000620,25,F,US,"sports,toys,electronics",781,True
user_000621,40,F,DE,"electronics,home_garden,sports",587,False
user_000622,57,F,CA,electronics,418,False
user_000623,51,F,UK,beauty,1262,False
user_000624,54,M,CA,"automotive,home_garden,toys",1420,False
user_000625,28,F,AU,"toys,jewelry",1131,True
user_000626,23,F,AU,"sports,home_garden,food",1547,False
user_000627,33,M,DE,"jewelry,home_garden,automotive",1399,True
user_000628,35,M,US,automotive,878,False
user_000629,48,F,CA,"books,jewelry",12,False
user_000630,18,F,MX,"books,electronics,jewelry",105,False
user_000631,53,F,IN,"jewelry,sports,food",734,True
user_000632,33,F,IN,"beauty,automotive,home_garden",140,False
user_000633,29,F,JP,toys,189,False
user_000634,22,M,CA,beauty,448,False
user_000635,18,M,AU,"automotive,food,electronics",913,False
user_000636,44,F,AU,"jewelry,home_garden,electronics",782,False
user_000637,35,M,CA,toys,51,False
user_000638,19,M,US,"automotive,jewelry",608,False
user_000639,19,F,UK,beauty,343,False
user_000640,30,M,FR,"automotive,electronics,clothing",1772,False
user_000641,55,F,JP,home_garden,1325,False
user_000642,31,M,AU,books,78,True
user_000643,18,F,IN,books,145,False
user_000644,32,M,BR,sports,1291,False
user_000645,31,F,IN,"electronics,toys",13,False
user_000646,18,M,IN,"clothing,electronics,jewelry",218,False
user_000647,34,F,BR,"sports,clothing,jewelry",782,False
user_000648,32,F,DE,"electronics,food,books",1530,False
user_000649,43,F,AU,"sports,books,jewelry",23,False
user_000650,57,M,MX,"books,clothing,electronics",808,False
user_000651,48,M,AU,sports,434,False
user_000652,31,M,MX,"automotive,books,jewelry",1710,False
user_000653,21,F,MX,books,1746,True
user_000654,65,M,UK,"food,automotive,clothing",514,True
user_000655,35,M,FR,"jewelry,food,beauty",205,False
user_000656,35,M,BR,home_garden,673,False
user_000657,34,F,AU,"jewelry,books",1655,False
user_000658,37,M,FR,"books,electronics",1459,False
user_000659,33,M,AU,"sports,beauty",1798,False
user_000660,28,F,UK,"beauty,sports",360,False
user_000661,28,F,DE,sports,1104,False
user_000662,34,F,US,"clothing,jewelry,electronics",1665,False
user_000663,28,F,IN,"jewelry,home_garden",534,False
user_000664,26,M,MX,"food,books,beauty",1502,False
user_000665,36,F,UK,food,813,False
user_000666,31,F,MX,home_garden,1402,False
user_000667,53,M,MX,"books,food,jewelry",1351,False
user_000668,18,F,US,food,449,False
user_000669,48,M,FR,clothing,88,False
user_000670,49,F,US,"beauty,toys,food",82,False
user_000671,18,F,CA,"clothing,automotive",1710,False
user_000672,30,F,AU,"automotive,books,toys",1204,False
user_000673,30,M,FR,automotive,1058,False
user_000674,18,F,US,"food,jewelry",1028,False
user_000675,25,M,CA,"books,home_garden",434,False
user_000676,21,F,UK,beauty,1354,False
user_000677,56,F,BR,"clothing,food",432,False
user_000678,46,M,MX,"toys,electronics,home_garden",1214,False
user_000679,50,M,CA,"automotive,electronics,books",369,False
user_000680,43,F,CA,"jewelry,electronics",176,False
user_000681,21,M,JP,"food,jewelry,books",1231,True
user_000682,28,M,AU,"books,automotive,sports",929,False
user_000683,40,M,DE,home_garden,223,True
user_000684,20,F,DE,"automotive,toys,books",975,False
user_000685,43,M,DE,"electronics,automotive,clothing",1236,False
user_000686,32,F,AU,toys,1792,True
user_000687,30,F,JP,"toys,home_garden,food",718,False
user_000688,43,M,BR,"jewelry,clothing,toys",1569,False
user_000689,40,F,IN,sports,837,False
user_000690,30,F,UK,electronics,1065,True
user_000691,48,M,DE,"home_garden,beauty,toys",873,False
user_000692,22,M,AU,"sports,automotive",1254,False
user_000693,42,F,IN,"toys,home_garden,jewelry",989,False
user_000694,42,Other,MX,"automotive,food,sports",706,False
user_000695,31,F,BR,"books,clothing",1604,False
user_000696,38,M,JP,clothing,1610,False
user_000697,19,M,US,"jewelry,electronics,books",1648,True
user_000698,46,F,JP,food,181,True
user_000699,32,M,US,beauty,1484,False
user_000700,28,M,MX,"jewelry,automotive",118,False
user_000701,47,M,FR,food,1742,False
user_000702,26,F,IN,"sports,home_garden,electronics",1057,False
user_000703,18,M,US,"books,electronics,beauty",323,True
user_000704,18,F,JP,"toys,beauty",1201,False
user_000705,42,F,IN,clothing,583,False
user_000706,19,Other,CA,"jewelry,beauty,automotive",464,False
user_000707,56,F,MX,food,10,False
user_000708,18,F,IN,"automotive,clothing",603,False
user_000709,55,F,IN,automotive,1666,False
user_000710,37,F,FR,"food,toys",1552,False
user_000711,33,F,CA,"food,electronics",139,False
user_000712,28,F,JP,home_garden,724,False
user_000713,39,M,UK,sports,818,False
user_000714,34,F,BR,"clothing,automotive",643,False
user_000715,48,F,FR,"sports,books,home_garden",481,False
user_000716,36,M,FR,"home_garden,jewelry",1713,False
user_000717,36,M,UK,clothing,1385,False
user_000718,30,F,IN,"jewelry,electronics",87,False
user_000719,34,F,MX,"jewelry,beauty",1780,False
user_000720,38,M,FR,automotive,1537,False
user_000721,18,F,BR,automotive,1108,True
user_000722,18,M,UK,"toys,books",1431,False
user_000723,43,F,JP,"electronics,jewelry",1190,True
user_000724,37,M,CA,"jewelry,sports",486,False
user_000725,32,F,FR,"beauty,jewelry,books",859,False
user_000726,35,M,DE,"beauty,toys",1171,True
user_000727,39,F,IN,"home_garden,clothing,sports",886,False
user_000728,28,F,DE,books,969,False
user_000729,25,F,IN,toys,1094,False
user_000730,37,F,MX,"sports,jewelry",98,False
user_000731,23,F,BR,"books,electronics,home_garden",1719,False
user_000732,39,M,IN,"beauty,sports",1142,False
user_000733,18,M,AU,"beauty,electronics",1777,False
user_000734,47,Other,CA,"home_garden,automotive,books",728,False
user_000735,40,M,CA,"food,jewelry,clothing",950,False
user_000736,38,F,AU,books,864,False
user_000737,46,M,FR,"toys,clothing,automotive",643,False
user_000738,54,M,BR,"sports,toys",1600,False
user_000739,47,Other,JP,"jewelry,automotive",343,False
user_000740,18,F,CA,books,1524,False
user_000741,19,M,UK,home_garden,196,True
user_000742,27,M,JP,"automotive,electronics",1074,False
user_000743,35,M,DE,clothing,173,False
user_000744,41,M,CA,"sports,home_garden",908,False
user_000745,26,F,US,automotive,72,False
user_000746,37,Other,IN,"food,jewelry",558,False
user_000747,25,M,MX,automotive,936,False
user_000748,27,F,BR,"jewelry,toys,sports",1106,False
user_000749,18,M,JP,food,533,False
user_000750,23,F,DE,electronics,705,False
user_000751,18,M,JP,"electronics,food,automotive",1635,False
user_000752,23,F,FR,electronics,844,False
user_000753,47,M,JP,"toys,home_garden",1697,False
user_000754,23,F,IN,"clothing,toys",1566,False
user_000755,66,M,UK,"sports,jewelry,automotive",374,True
user_000756,40,F,CA,food,1435,False
user_000757,37,M,US,beauty,1096,True
user_000758,24,M,BR,sports,1490,True
user_000759,43,M,FR,books,701,False
user_000760,28,F,US,"beauty,food",677,True
user_000761,36,M,JP,electronics,147,False
user_000762,65,F,CA,home_garden,1674,False
user_000763,33,Other,FR,clothing,789,False
user_000764,48,M,UK,"home_garden,electronics",1068,False
user_000765,26,M,CA,food,662,False
user_000766,34,M,CA,"electronics,automotive,clothing",407,False
user_000767,56,Other,FR,home_garden,1297,False
user_000768,27,F,MX,books,246,False
user_000769,56,Other,MX,electronics,1605,False
user_000770,43,F,FR,"jewelry,books,beauty",323,False
user_000771,28,M,DE,"jewelry,beauty,electronics",1437,False
user_000772,42,F,AU,books,1144,False
user_000773,46,M,JP,"food,home_garden",734,False
user_000774,42,F,IN,"electronics,food",604,False
user_000775,18,F,AU,"home_garden,books",1500,False
user_000776,26,F,BR,"automotive,books,clothing",606,False
user_000777,32,F,IN,"beauty,food,electronics",777,False
user_000778,34,F,MX,jewelry,490,False
user_000779,42,F,FR,automotive,1074,False
user_000780,37,M,AU,"books,sports,beauty",227,True
user_000781,18,M,US,"clothing,electronics,books",414,True
user_000782,39,M,JP,clothing,1348,False
user_000783,42,M,MX,"jewelry,sports,electronics",1471,True
user_000784,41,F,UK,food,959,False
user_000785,47,F,JP,beauty,1684,False
user_000786,45,F,CA,"electronics,sports,jewelry",160,False
user_000787,40,F,FR,"clothing,jewelry,home_garden",396,False
user_000788,34,F,DE,jewelry,1144,False
user_000789,18,F,JP,"clothing,beauty",1809,True
user_000790,40,M,AU,automotive,1347,False
user_000791,37,F,AU,"food,beauty,automotive",1731,False
user_000792,38,F,FR,"toys,beauty,home_garden",769,False
user_000793,19,M,JP,"sports,beauty,food",1,False
user_000794,22,F,CA,"jewelry,electronics",14,False
user_000795,47,F,US,home_garden,1581,False
user_000796,34,M,BR,"sports,automotive,books",729,False
user_000797,43,M,CA,"beauty,home_garden",189,False
user_000798,35,F,DE,"home_garden,clothing,beauty",1000,False
user_000799,35,M,MX,"jewelry,clothing,sports",782,True
user_000800,46,M,JP,beauty,854,False
user_000801,28,F,MX,home_garden,24,False
user_000802,36,F,AU,"toys,electronics,sports",1106,False
user_000803,29,M,JP,"automotive,home_garden",913,False
user_000804,29,M,JP,"automotive,clothing,home_garden",304,True
user_000805,31,F,US,food,1123,False
user_000806,37,F,DE,toys,1561,True
user_000807,29,F,FR,"home_garden,food,toys",1150,False
user_000808,50,M,JP,"automotive,home_garden,jewelry",663,False
user_000809,24,M,AU,"clothing,jewelry,toys",391,False
user_000810,32,Other,MX,"electronics,sports,books",1683,False
user_000811,29,M,FR,"jewelry,books",409,False
user_000812,52,M,US,clothing,498,False
user_000813,37,M,UK,sports,625,False
user_000814,47,M,IN,beauty,434,False
user_000815,18,F,DE,"sports,automotive,food",1424,False
user_000816,38,F,IN,toys,90,False
user_000817,45,M,MX,sports,556,True
user_000818,35,F,AU,"electronics,clothing,toys",1771,True
user_000819,47,Other,IN,"toys,home_garden",1454,True
user_000820,28,M,FR,"food,automotive",1026,False
user_000821,51,F,CA,"electronics,jewelry,home_garden",684,False
user_000822,62,F,AU,"books,electronics,beauty",1281,False
user_000823,30,F,US,"sports,electronics,jewelry",1137,False
user_000824,29,M,JP,books,1346,True
user_000825,52,M,MX,"toys,automotive,home_garden",313,False
user_000826,53,M,DE,"jewelry,beauty",424,False
user_000827,28,M,IN,"automotive,home_garden,books",277,False
user_000828,29,F,AU,jewelry,139,False
user_000829,31,F,DE,"clothing,books,beauty",1490,True
user_000830,18,M,CA,"toys,jewelry",312,False
user_000831,23,M,MX,books,1264,False
user_000832,22,M,US,"jewelry,home_garden,automotive",736,True
user_000833,25,F,BR,"books,automotive",1459,False
user_000834,34,F,DE,toys,336,False
user_000835,37,F,US,toys,553,False
user_000836,53,F,UK,home_garden,363,False
user_000837,23,F,BR,"jewelry,food",1818,False
user_000838,46,F,JP,"electronics,toys",1253,False
user_000839,32,F,BR,"jewelry,automotive,electronics",936,False
user_000840,34,F,JP,home_garden,1506,True
user_000841,43,M,BR,"automotive,electronics",816,False
user_000842,21,M,MX,"food,books",112,False
user_000843,39,F,BR,food,186,False
user_000844,36,F,IN,books,278,False
user_000845,40,M,MX,"food,electronics",1460,False
user_000846,38,M,DE,"clothing,sports",1472,False
user_000847,64,F,AU,clothing,175,False
user_000848,27,M,JP,"automotive,books",90,False
user_000849,28,M,DE,"jewelry,books",367,False
user_000850,27,M,BR,toys,592,False
user_000851,28,Other,US,books,1276,False
user_000852,27,F,BR,food,1114,False
user_000853,49,F,BR,"food,home_garden,automotive",930,False
user_000854,52,F,FR,jewelry,1807,False
user_000855,28,M,US,"automotive,home_garden,electronics",1338,False
user_000856,25,F,MX,electronics,612,False
user_000857,40,M,DE,electronics,331,False
user_000858,28,Other,MX,"jewelry,automotive,books",738,False
user_000859,42,M,JP,sports,1680,True
user_000860,37,M,DE,"automotive,clothing",250,False
user_000861,18,M,FR,"beauty,automotive",1426,False
user_000862,53,F,IN,clothing,180,False
user_000863,56,F,AU,"jewelry,sports,toys",532,False
user_000864,27,F,BR,"beauty,books,food",1009,False
user_000865,30,M,US,"home_garden,sports,jewelry",953,False
user_000866,38,F,JP,home_garden,848,True
user_000867,39,M,FR,"automotive,home_garden",1414,False
user_000868,42,M,IN,sports,664,False
user_000869,59,M,MX,beauty,1262,False
user_000870,32,M,AU,home_garden,1378,False
user_000871,25,F,BR,"electronics,books",1772,False
user_000872,18,F,US,"food,toys",1711,False
user_000873,26,M,AU,"beauty,automotive,electronics",1638,False
user_000874,34,M,US,"clothing,books",695,False
user_000875,56,M,UK,"automotive,books,toys",1771,False
user_000876,28,M,UK,"beauty,electronics",1018,False
user_000877,37,M,CA,"food,sports",359,True
user_000878,34,F,BR,home_garden,1037,True
user_000879,49,M,BR,"automotive,books",1501,False
user_000880,65,F,UK,"beauty,books",1684,False
user_000881,28,M,IN,"books,home_garden,electronics",238,True
user_000882,29,F,AU,jewelry,957,False
user_000883,47,F,CA,automotive,47,False
user_000884,43,M,CA,"home_garden,beauty",567,False
user_000885,57,M,CA,"clothing,sports",235,True
user_000886,42,M,AU,"automotive,jewelry,clothing",1126,False
user_000887,30,F,DE,sports,146,False
user_000888,42,M,US,"automotive,food",965,False
user_000889,48,M,UK,clothing,874,False
user_000890,44,M,FR,"jewelry,food,beauty",1461,False
user_000891,41,M,BR,"clothing,food,books",200,False
user_000892,47,F,DE,"food,jewelry,home_garden",1764,False
user_000893,49,M,AU,"beauty,toys",1616,False
user_000894,51,M,BR,"food,jewelry",232,False
user_000895,42,F,MX,"books,sports",1177,True
user_000896,32,F,UK,toys,668,False
user_000897,36,F,JP,sports,1210,False
user_000898,49,Other,JP,"home_garden,automotive,books",136,False
user_000899,25,F,AU,"jewelry,toys,automotive",1116,False
user_000900,39,F,MX,clothing,1714,False
user_000901,30,F,BR,"jewelry,food,beauty",361,False
user_000902,35,F,MX,"clothing,jewelry",1580,False
user_000903,50,M,DE,"food,electronics",1818,False
user_000904,37,M,CA,"electronics,books,automotive",799,False
user_000905,35,F,AU,"home_garden,jewelry",614,False
user_000906,18,Other,MX,"sports,toys,beauty",17,False
user_000907,43,M,IN,"toys,books,sports",109,True
user_000908,42,F,FR,"beauty,clothing,sports",885,False
user_000909,60,M,JP,"beauty,toys",1117,False
user_000910,31,M,IN,food,788,False
user_000911,37,M,DE,"toys,books",276,True
user_000912,37,F,DE,"electronics,books,food",174,True
user_000913,53,F,BR,"food,toys",1044,False
user_000914,33,M,JP,"toys,beauty",1239,True
user_000915,38,M,IN,"home_garden,automotive",1181,False
user_000916,42,F,AU,jewelry,232,False
user_000917,37,M,UK,"clothing,books,sports",1072,False
user_000918,29,M,UK,home_garden,1401,False
user_000919,37,F,US,"sports,electronics,beauty",961,False
user_000920,47,M,CA,"jewelry,beauty",593,False
user_000921,22,M,BR,"jewelry,sports,automotive",1185,False
user_000922,36,F,MX,sports,56,False
user_000923,26,F,CA,books,517,True
user_000924,49,M,UK,"sports,jewelry",1237,False
user_000925,18,F,CA,"books,food,beauty",1603,False
user_000926,28,F,AU,"books,automotive",173,False
user_000927,39,F,FR,"books,food,toys",1354,False
user_000928,53,M,CA,"books,home_garden,beauty",1548,False
user_000929,34,M,BR,books,618,False
user_000930,28,M,DE,"home_garden,toys,automotive",1087,False
user_000931,57,F,BR,sports,783,False
user_000932,18,F,JP,"electronics,clothing,beauty",1251,False
user_000933,18,M,UK,"beauty,sports",523,False
user_000934,40,F,MX,"food,home_garden",1578,False
user_000935,28,F,US,"books,beauty",1704,True
user_000936,22,M,BR,"clothing,automotive",720,False
user_000937,43,M,MX,"sports,home_garden",189,True
user_000938,37,M,MX,"home_garden,clothing,automotive",267,False
user_000939,28,F,CA,"jewelry,books,clothing",604,False
user_000940,19,F,CA,food,1576,False
user_000941,45,F,CA,"beauty,sports,books",1592,True
user_000942,42,M,CA,"beauty,electronics",365,False
user_000943,33,M,BR,"home_garden,toys",223,True
user_000944,57,F,CA,"home_garden,clothing",212,True
user_000945,22,F,BR,jewelry,39,False
user_000946,18,F,JP,electronics,546,False
user_000947,26,F,BR,"toys,electronics",980,False
user_000948,34,M,BR,"clothing,automotive,home_garden",249,False
user_000949,37,M,UK,"beauty,sports",749,False
user_000950,32,F,CA,"clothing,food",1327,False
user_000951,39,M,JP,"electronics,toys,home_garden",219,False
user_000952,19,F,BR,"food,clothing",1506,False
user_000953,52,M,MX,home_garden,489,False
user_000954,34,F,BR,automotive,1094,False
user_000955,48,M,AU,"electronics,jewelry",1614,False
user_000956,39,F,IN,"clothing,home_garden",939,False
user_000957,40,M,DE,"books,home_garden,clothing",1002,False
user_000958,41,M,DE,"jewelry,electronics",30,False
user_000959,40,F,UK,sports,935,False
user_000960,42,F,MX,"clothing,jewelry,automotive",452,True
user_000961,50,M,JP,toys,665,True
user_000962,37,M,FR,"jewelry,automotive,books",1566,True
user_000963,43,M,CA,beauty,290,False
user_000964,33,F,BR,beauty,499,False
user_000965,52,M,MX,books,771,False
user_000966,26,M,US,food,368,False
user_000967,56,F,BR,"jewelry,sports,toys",1418,True
user_000968,34,F,JP,sports,490,False
user_000969,18,F,UK,"electronics,books,food",1285,False
user_000970,36,M,FR,"beauty,toys",394,True
user_000971,26,M,FR,"clothing,beauty,home_garden",567,True
user_000972,45,F,BR,books,1019,False
user_000973,27,M,JP,"electronics,jewelry,beauty",515,False
user_000974,29,F,IN,"electronics,clothing",361,False
user_000975,18,F,UK,food,482,False
user_000976,29,M,AU,"jewelry,beauty,toys",472,False
user_000977,18,M,JP,"home_garden,clothing",1782,False
user_000978,18,M,BR,clothing,112,False
user_000979,44,F,BR,home_garden,365,False
user_000980,44,F,AU,food,553,False
user_000981,40,F,US,electronics,575,True
user_000982,23,M,AU,"food,toys",451,False
user_000983,34,M,IN,"books,jewelry,home_garden",1002,False
user_000984,34,M,BR,jewelry,572,True
user_000985,21,M,MX,"home_garden,jewelry",456,False
user_000986,53,Other,US,"books,electronics,toys",964,False
user_000987,45,M,UK,"electronics,toys,automotive",927,False
user_000988,32,F,JP,automotive,447,True
user_000989,35,M,CA,"home_garden,clothing",332,False
user_000990,37,M,DE,"jewelry,electronics,food",1791,False
user_000991,18,F,US,beauty,1763,False
user_000992,32,M,JP,"beauty,automotive",1542,False
user_000993,26,F,AU,"automotive,home_garden,clothing",1507,False
user_000994,22,M,BR,"beauty,electronics,clothing",1268,True
user_000995,31,F,IN,"books,automotive",1453,False
user_000996,56,M,UK,beauty,1330,False
user_000997,42,M,CA,"home_garden,jewelry,beauty",1032,False
user_000998,28,M,BR,"electronics,clothing",996,False
user_000999,41,F,IN,food,599,False
user_001000,51,F,BR,"clothing,home_garden",179,True
user_001001,46,F,UK,sports,224,False
user_001002,35,F,FR,books,1067,False
user_001003,27,M,IN,sports,271,False
user_001004,43,M,UK,"food,electronics",46,False
user_001005,39,F,JP,automotive,1186,False
user_001006,45,M,MX,"beauty,food,automotive",271,False
user_001007,42,M,AU,"books,sports",591,False
user_001008,47,M,BR,books,341,False
user_001009,28,M,DE,automotive,1719,False
user_001010,50,M,AU,"books,jewelry,home_garden",1177,True
user_001011,37,M,US,"beauty,books",1364,False
user_001012,59,M,DE,"books,beauty",1093,False
user_001013,26,F,DE,toys,939,False
user_001014,55,Other,IN,electronics,1040,False
user_001015,37,Other,MX,"sports,food,jewelry",1366,True
user_001016,27,F,US,"food,beauty,clothing",286,False
user_001017,29,M,MX,sports,1723,False
user_001018,31,M,FR,"clothing,beauty",1195,False
user_001019,40,M,BR,"home_garden,electronics",1387,False
user_001020,41,M,BR,automotive,651,False
user_001021,28,M,JP,"electronics,beauty,toys",758,False
user_001022,34,M,CA,sports,913,False
user_001023,60,F,BR,home_garden,1519,False
user_001024,55,F,JP,"sports,books",1493,False
user_001025,40,F,DE,jewelry,426,False
user_001026,35,M,JP,"beauty,clothing,toys",1309,False
user_001027,36,M,MX,"books,automotive",1547,False
user_001028,42,F,CA,books,1135,False
user_001029,22,F,BR,"jewelry,sports",460,True
user_001030,31,M,BR,books,255,False
user_001031,18,F,FR,"toys,books",59,True
user_001032,39,F,AU,"food,clothing",1191,False
user_001033,42,Other,UK,"sports,food",765,False
user_001034,29,F,DE,"electronics,sports,books",655,False
user_001035,53,M,AU,"books,beauty,jewelry",860,False
user_001036,20,M,UK,"electronics,sports",1053,False
user_001037,18,F,AU,"books,clothing,jewelry",1694,False
user_001038,37,M,MX,"sports,beauty",721,False
user_001039,47,F,AU,books,1595,False
user_001040,55,M,IN,"books,clothing",453,False
user_001041,29,M,UK,"jewelry,automotive,clothing",239,False
user_001042,47,M,AU,food,285,False
user_001043,34,F,US,"automotive,beauty,books",1525,False
user_001044,32,F,DE,books,1410,False
user_001045,45,M,UK,home_garden,871,False
user_001046,42,M,BR,clothing,1552,False
user_001047,18,M,IN,clothing,1215,True
user_001048,52,M,CA,sports,1368,True
user_001049,51,F,FR,clothing,1204,False
user_001050,27,M,DE,beauty,1733,False
user_001051,39,M,IN,"jewelry,beauty",1600,False
user_001052,40,F,UK,automotive,1679,False
user_001053,38,M,FR,automotive,578,False
user_001054,28,F,BR,"electronics,clothing,home_garden",751,False
user_001055,26,F,UK,food,371,False
user_001056,34,F,JP,"toys,home_garden",232,False
user_001057,49,M,DE,"clothing,food",1016,False
user_001058,41,M,BR,"sports,automotive,electronics",237,False
user_001059,30,F,BR,"jewelry,sports",463,False
user_001060,44,F,BR,"toys,home_garden",1391,False
user_001061,18,F,JP,food,898,False
user_001062,48,M,MX,"clothing,jewelry,books",209,False
user_001063,18,M,FR,clothing,694,False
user_001064,30,F,BR,"clothing,home_garden",571,False
user_001065,21,M,MX,"jewelry,sports,toys",829,False
user_001066,19,M,CA,"sports,books,food",1003,False
user_001067,48,F,UK,"books,electronics,clothing",1021,False
user_001068,29,F,AU,toys,313,False
user_001069,39,F,FR,"clothing,jewelry,food",602,False
user_001070,34,F,IN,"automotive,sports",1120,True
user_001071,40,F,UK,toys,786,False
user_001072,35,M,DE,"food,jewelry",1141,False
user_001073,19,M,CA,"books,food",1466,False
user_001074,46,F,IN,jewelry,1404,False
user_001075,29,F,IN,"food,automotive",115,False
user_001076,18,F,AU,"jewelry,toys",1570,False
user_001077,29,F,DE,"electronics,jewelry",1715,False
user_001078,53,M,JP,"jewelry,electronics,beauty",707,False
user_001079,45,F,FR,"beauty,electronics",481,False
user_001080,30,M,DE,"clothing,jewelry,sports",41,False
user_001081,30,F,JP,food,1164,False
user_001082,31,F,MX,"sports,electronics",46,False
user_001083,59,M,UK,"jewelry,toys",1656,False
user_001084,39,F,AU,"home_garden,beauty,food",342,False
user_001085,40,F,UK,"toys,home_garden",1722,False
user_001086,47,M,CA,sports,1175,False
user_001087,37,F,UK,jewelry,1470,False
user_001088,31,M,UK,jewelry,1161,False
user_001089,32,M,UK,"toys,home_garden",1335,False
user_001090,34,M,JP,"sports,toys,beauty",515,False
user_001091,34,F,IN,"automotive,books",1767,False
user_001092,43,M,IN,"home_garden,food",1657,False
user_001093,35,F,AU,"jewelry,electronics",948,True
user_001094,43,F,JP,sports,653,False
user_001095,34,F,CA,home_garden,1687,False
user_001096,35,F,FR,sports,832,False
user_001097,18,M,CA,home_garden,951,False
user_001098,45,M,CA,"toys,electronics",280,True
user_001099,39,F,US,"automotive,books",1480,False
user_001100,46,F,UK,electronics,643,False
user_001101,18,F,UK,toys,813,False
user_001102,60,F,IN,"books,home_garden,clothing",248,False
user_001103,33,F,FR,"automotive,sports,food",1229,True
user_001104,48,F,FR,"beauty,toys",867,False
user_001105,22,M,CA,books,901,False
user_001106,42,F,UK,"electronics,food,beauty",649,False
user_001107,22,F,DE,"home_garden,sports",744,False
user_001108,27,F,MX,"sports,electronics",72,False
user_001109,57,F,CA,"electronics,home_garden,sports",1309,False
user_001110,32,F,BR,"clothing,automotive",796,True
user_001111,37,M,FR,"sports,jewelry",610,False
user_001112,45,F,JP,food,1617,True
user_001113,40,M,JP,food,1723,False
user_001114,36,F,IN,"clothing,books",136,False
user_001115,39,F,US,"automotive,beauty,food",1314,False
user_001116,63,M,CA,"food,books,electronics",643,False
user_001117,34,M,DE,books,1735,False
user_001118,37,M,DE,"beauty,food",534,False
user_001119,47,M,AU,"beauty,sports,home_garden",373,False
user_001120,48,M,US,"jewelry,home_garden",1144,False
user_001121,49,M,DE,"home_garden,clothing,food",102,False
user_001122,42,M,AU,"jewelry,sports",349,False
user_001123,21,F,JP,electronics,1584,False
user_001124,54,M,FR,"food,clothing",391,False
user_001125,21,M,JP,"sports,food",1754,False
user_001126,38,F,FR,sports,857,False
user_001127,25,M,CA,electronics,483,False
user_001128,34,F,BR,beauty,176,True
user_001129,38,Other,JP,beauty,1407,False
user_001130,38,M,IN,"toys,sports",121,True
user_001131,40,F,MX,food,1374,False
user_001132,54,F,JP,"electronics,jewelry,sports",620,False
user_001133,40,F,CA,"beauty,books,electronics",348,False
user_001134,32,M,IN,"food,books",887,True
user_001135,46,M,DE,beauty,1023,False
user_001136,49,M,CA,"beauty,toys",1256,False
user_001137,20,M,DE,"automotive,beauty",647,False
user_001138,42,F,BR,"books,automotive",109,False
user_001139,43,M,BR,home_garden,533,False
user_001140,31,Other,BR,"toys,clothing",84,False
user_001141,51,F,DE,"automotive,food,jewelry",254,False
user_001142,33,M,DE,sports,1536,False
user_001143,36,F,US,"jewelry,home_garden",1078,False
user_001144,32,F,FR,toys,1574,False
user_001145,35,M,UK,beauty,808,False
user_001146,21,M,UK,beauty,943,False
user_001147,18,F,US,"food,jewelry,sports",675,False
user_001148,54,F,MX,"jewelry,food,beauty",265,False
user_001149,24,M,US,sports,1524,True
user_001150,23,M,FR,"toys,clothing,jewelry",1579,False
user_001151,18,F,DE,electronics,796,False
user_001152,27,M,JP,"books,clothing",1508,False
user_001153,19,M,UK,"jewelry,books",1705,False
user_001154,54,M,JP,food,976,False
user_001155,47,F,MX,"toys,clothing,jewelry",382,False
user_001156,26,F,BR,"clothing,electronics",1386,False
user_001157,62,M,JP,"books,food,clothing",163,False
user_001158,46,Other,CA,"sports,books",1724,False
user_001159,31,F,US,"sports,electronics",1052,True
user_001160,18,M,MX,"toys,clothing",1665,False
user_001161,62,F,US,"jewelry,clothing",234,False
user_001162,18,F,US,"books,jewelry",171,False
user_001163,18,F,BR,"sports,beauty,food",1278,False
user_001164,47,M,MX,"books,home_garden",532,False
user_001165,64,F,US,toys,809,True
user_001166,51,M,JP,food,1780,False
user_001167,41,F,MX,"jewelry,food,sports",739,False
user_001168,42,M,US,"toys,sports,clothing",391,True
user_001169,45,F,FR,home_garden,986,False
user_001170,44,M,BR,"home_garden,toys,jewelry",304,False
user_001171,38,M,DE,clothing,1514,False
user_001172,36,F,MX,"food,electronics",497,False
user_001173,34,M,JP,"toys,electronics,beauty",852,False
user_001174,25,M,JP,"jewelry,automotive,sports",996,False
user_001175,31,F,IN,"jewelry,food,home_garden",39,False
user_001176,18,M,JP,"automotive,clothing",1821,False
user_001177,33,M,JP,"jewelry,beauty",43,False
user_001178,23,M,IN,"home_garden,food,beauty",450,False
user_001179,21,F,JP,"beauty,food,books",854,False
user_001180,37,F,CA,"beauty,food,books",1415,False
user_001181,51,M,MX,"food,books,automotive",1008,True
user_001182,46,M,IN,"food,sports",97,False
user_001183,18,F,DE,"sports,beauty",1696,False
user_001184,23,M,MX,"electronics,clothing,beauty",465,True
user_001185,46,M,AU,food,1608,False
user_001186,23,M,DE,automotive,1748,False
user_001187,32,F,BR,"jewelry,clothing,electronics",1637,False
user_001188,41,F,MX,clothing,1602,False
user_001189,23,M,UK,automotive,343,False
user_001190,36,M,CA,beauty,1451,False
user_001191,18,F,AU,"food,clothing,books",1678,True
user_001192,27,Other,US,food,503,False
user_001193,38,F,UK,"beauty,sports",545,False
user_001194,18,M,IN,"beauty,home_garden",864,False
user_001195,40,M,JP,toys,940,False
user_001196,34,M,US,"beauty,electronics,food",1470,False
user_001197,41,M,JP,clothing,1582,False
user_001198,37,F,DE,toys,1177,True
user_001199,51,M,IN,"automotive,sports,toys",1790,False
user_001200,36,F,IN,"beauty,jewelry,electronics",1251,False
user_001201,29,F,MX,"toys,food,home_garden",1615,False
user_001202,36,F,CA,"beauty,toys",173,True
user_001203,41,F,IN,"toys,books",582,False
user_001204,35,F,DE,"automotive,sports,beauty",48,True
user_001205,35,F,CA,"jewelry,sports,home_garden",1488,False
user_001206,26,M,IN,"clothing,electronics,beauty",726,True
user_001207,27,F,US,"clothing,food,sports",929,False
user_001208,18,F,IN,jewelry,1730,False
user_001209,55,F,MX,"sports,jewelry",1378,True
user_001210,20,M,IN,"automotive,home_garden",1193,False
user_001211,26,M,JP,"food,clothing",1697,False
user_001212,26,M,DE,electronics,976,False
user_001213,45,F,JP,beauty,1205,False
user_001214,31,F,BR,"sports,food",1412,False
user_001215,49,M,DE,"toys,books",993,False
user_001216,26,F,UK,automotive,1423,False
user_001217,38,F,AU,"electronics,books",244,False
user_001218,24,M,CA,"clothing,jewelry",83,False
user_001219,60,M,AU,beauty,622,False
user_001220,20,M,MX,books,864,True
user_001221,38,M,BR,"sports,home_garden",5,True
user_001222,42,M,MX,"clothing,electronics",635,False
user_001223,39,F,MX,"toys,food",272,False
user_001224,32,M,AU,"food,jewelry,automotive",183,False
user_001225,33,M,JP,"jewelry,toys,automotive",695,False
user_001226,35,F,US,"food,sports,clothing",1172,False
user_001227,33,F,UK,"sports,automotive,clothing",395,False
user_001228,46,F,IN,"jewelry,electronics,home_garden",39,True
user_001229,61,F,FR,"books,electronics,sports",1700,False
user_001230,28,M,US,"food,clothing,beauty",1007,False
user_001231,18,M,JP,beauty,50,False
user_001232,33,M,UK,"toys,sports",1110,False
user_001233,65,M,UK,books,316,False
user_001234,25,F,AU,"books,electronics",372,True
user_001235,54,M,AU,sports,292,False
user_001236,55,F,UK,"sports,toys",107,False
user_001237,28,F,IN,"jewelry,home_garden,food",789,False
user_001238,41,M,JP,"electronics,beauty",135,False
user_001239,54,M,MX,"home_garden,electronics",1383,True
user_001240,30,M,IN,"books,sports,toys",417,False
user_001241,32,F,DE,beauty,1602,False
user_001242,28,M,BR,"automotive,food",1699,False
user_001243,22,F,BR,"books,electronics,automotive",560,False
user_001244,27,F,IN,"toys,beauty,home_garden",577,True
user_001245,20,M,UK,"automotive,clothing,sports",1701,True
user_001246,35,F,AU,"sports,toys,home_garden",1811,False
user_001247,25,M,AU,"sports,food",700,False
user_001248,37,F,US,"beauty,electronics,books",1247,False
user_001249,18,M,BR,books,1562,False
user_001250,38,F,BR,clothing,1377,True
user_001251,45,M,US,"jewelry,beauty",256,False
user_001252,18,M,US,food,1554,False
user_001253,39,F,CA,"beauty,home_garden,clothing",1656,False
user_001254,49,Other,US,food,575,False
user_001255,20,M,JP,"jewelry,home_garden,electronics",228,False
user_001256,55,F,MX,"automotive,food,books",1377,False
user_001257,40,F,DE,"books,clothing,jewelry",532,False
user_001258,26,F,CA,automotive,393,False
user_001259,34,F,IN,automotive,1809,False
user_001260,41,M,JP,"electronics,beauty",562,True
user_001261,35,F,US,"food,jewelry,beauty",1811,False
user_001262,41,F,IN,sports,920,False
user_001263,23,M,MX,"home_garden,beauty",1655,True
user_001264,37,F,FR,"home_garden,toys,clothing",337,False
user_001265,18,M,JP,clothing,1655,True
user_001266,33,M,FR,"beauty,sports,home_garden",698,False
user_001267,24,F,MX,"automotive,home_garden",1269,False
user_001268,26,F,UK,food,125,False
user_001269,49,F,US,"beauty,clothing",1644,False
user_001270,48,M,US,"jewelry,toys",1146,True
user_001271,42,F,JP,"toys,clothing",478,False
user_001272,21,M,JP,"jewelry,electronics,food",1803,False
user_001273,31,F,US,beauty,930,False
user_001274,49,M,UK,"home_garden,clothing,automotive",1215,False
user_001275,36,M,IN,jewelry,525,False
user_001276,62,M,DE,"jewelry,food",1633,True
user_001277,39,F,IN,sports,1335,False
user_001278,37,F,DE,"jewelry,automotive",962,False
user_001279,31,Other,IN,"sports,beauty",1202,False
user_001280,36,M,IN,electronics,1759,True
user_001281,33,F,FR,"home_garden,jewelry",1609,True
user_001282,43,F,BR,food,1229,False
user_001283,46,M,DE,"jewelry,beauty,sports",215,False
user_001284,25,M,US,food,1309,False
user_001285,19,F,FR,food,985,False
user_001286,18,M,US,"toys,home_garden",744,True
user_001287,41,M,CA,"electronics,automotive",902,False
user_001288,21,M,CA,"beauty,electronics,automotive",357,False
user_001289,18,F,FR,"books,beauty",366,False
user_001290,39,F,US,sports,1703,False
user_001291,64,F,CA,"clothing,beauty",935,False
user_001292,34,Other,MX,"books,automotive",1806,False
user_001293,45,F,DE,"clothing,jewelry,books",1628,False
user_001294,35,F,FR,"toys,beauty,automotive",95,False
user_001295,33,F,AU,"home_garden,automotive,sports",507,True
user_001296,46,Other,BR,"books,automotive",429,False
user_001297,31,M,JP,"jewelry,clothing",1539,False
user_001298,38,M,AU,"beauty,food,automotive",1077,False
user_001299,38,F,MX,"food,jewelry,sports",1331,True
user_001300,26,M,FR,home_garden,811,False
user_001301,46,F,AU,"toys,books",522,False
user_001302,32,M,IN,clothing,721,False
user_001303,25,F,AU,food,873,False
user_001304,41,F,AU,"toys,beauty",560,False
user_001305,24,M,UK,food,736,False
user_001306,35,F,UK,"automotive,jewelry",1610,False
user_001307,34,M,AU,clothing,79,False
user_001308,48,M,CA,"home_garden,beauty",391,False
user_001309,40,F,US,automotive,1578,False
user_001310,34,F,US,"toys,jewelry",967,False
user_001311,44,M,FR,toys,972,False
user_001312,51,M,UK,"automotive,food,jewelry",642,False
user_001313,41,M,IN,"toys,home_garden",62,False
user_001314,35,F,AU,"books,sports,electronics",696,False
user_001315,19,M,MX,"toys,automotive",48,False
user_001316,22,M,AU,books,1164,False
user_001317,31,M,JP,"jewelry,toys,automotive",131,False
user_001318,27,M,MX,food,925,False
user_001319,32,M,IN,"clothing,books",364,True
user_001320,35,M,UK,"jewelry,food,electronics",791,False
user_001321,41,F,UK,sports,932,True
user_001322,34,F,JP,"electronics,books,beauty",801,False
user_001323,40,F,BR,books,1522,True
user_001324,35,F,CA,books,886,False
user_001325,18,F,IN,"food,books,sports",1468,False
user_001326,23,Other,BR,"home_garden,electronics",132,False
user_001327,33,F,BR,"home_garden,automotive,beauty",943,False
user_001328,20,M,BR,clothing,711,False
user_001329,42,M,DE,"sports,toys,books",1266,False
user_001330,53,F,UK,"toys,books",806,False
user_001331,49,F,DE,home_garden,561,False
user_001332,32,F,JP,"sports,clothing,home_garden",1561,False
user_001333,52,F,AU,"clothing,jewelry",840,False
user_001334,36,M,US,"home_garden,automotive",150,False
user_001335,30,F,FR,"food,toys,beauty",813,True
user_001336,27,M,BR,"clothing,books",993,False
user_001337,31,F,BR,automotive,288,False
user_001338,30,F,MX,"books,jewelry",206,False
user_001339,37,F,DE,automotive,159,False
user_001340,36,M,AU,sports,365,False
user_001341,35,M,US,automotive,1714,False
user_001342,40,M,MX,"clothing,toys,sports",10,True
user_001343,49,M,FR,"home_garden,jewelry",410,True
user_001344,46,M,FR,"electronics,jewelry",1393,False
user_001345,18,F,DE,clothing,1483,False
user_001346,18,F,AU,"automotive,clothing",1152,False
user_001347,46,F,UK,"home_garden,automotive,toys",476,False
user_001348,18,M,AU,"beauty,books",25,False
user_001349,32,F,CA,"home_garden,clothing",1332,False
user_001350,20,F,JP,clothing,618,False
user_001351,18,F,MX,"clothing,automotive",352,False
user_001352,41,M,JP,jewelry,1389,False
user_001353,44,F,AU,"books,beauty,jewelry",1744,False
user_001354,28,M,MX,beauty,920,False
user_001355,18,M,MX,"home_garden,automotive,electronics",1555,False
user_001356,28,F,MX,"home_garden,toys",163,True
user_001357,39,M,JP,"food,sports",419,False
user_001358,18,Other,BR,jewelry,1514,False
user_001359,37,M,US,sports,1067,False
user_001360,34,M,AU,"sports,electronics",702,False
user_001361,41,F,JP,"electronics,home_garden,automotive",1068,False
user_001362,36,F,UK,"electronics,clothing",395,True
user_001363,23,M,DE,home_garden,1214,False
user_001364,49,F,JP,home_garden,1485,False
user_001365,33,M,DE,home_garden,1241,False
user_001366,34,Other,FR,"jewelry,food",557,False
user_001367,23,M,DE,"clothing,beauty",965,False
user_001368,29,F,BR,"jewelry,toys,books",41,False
user_001369,24,F,DE,"clothing,sports",1133,False
user_001370,32,M,CA,"toys,food",769,False
user_001371,55,M,BR,"clothing,beauty",401,False
user_001372,18,M,IN,electronics,1496,False
user_001373,18,F,AU,"toys,jewelry",787,False
user_001374,52,F,UK,"jewelry,clothing,toys",789,False
user_001375,32,F,CA,home_garden,1580,False
user_001376,26,F,AU,"beauty,automotive,food",1427,True
user_001377,47,M,US,"toys,home_garden",1666,False
user_001378,27,F,DE,"electronics,books,sports",521,False
user_001379,56,F,JP,"books,electronics,clothing",815,False
user_001380,43,F,JP,automotive,340,False
user_001381,29,Other,JP,"sports,automotive",1201,False
user_001382,60,F,AU,"clothing,jewelry",1668,True
user_001383,27,M,DE,"home_garden,toys,sports",1672,False
user_001384,43,F,JP,clothing,1076,False
user_001385,38,M,DE,"toys,books",1442,True
user_001386,50,F,BR,"books,automotive",1162,False
user_001387,53,M,DE,home_garden,1658,False
user_001388,35,F,MX,"toys,food",224,False
user_001389,25,M,JP,clothing,256,False
user_001390,40,M,UK,"electronics,home_garden",20,True
user_001391,26,F,US,jewelry,199,False
user_001392,59,F,CA,toys,996,False
user_001393,36,M,AU,"jewelry,toys",646,False
user_001394,30,F,AU,"toys,jewelry",1789,False
user_001395,37,M,JP,electronics,1486,False
user_001396,18,F,IN,electronics,573,False
user_001397,23,M,BR,beauty,1055,False
user_001398,49,Other,AU,electronics,35,False
user_001399,27,F,FR,beauty,1243,False
user_001400,22,M,BR,"jewelry,clothing,beauty",1349,False
user_001401,41,M,FR,toys,1459,True
user_001402,49,M,UK,"jewelry,automotive,electronics",618,False
user_001403,43,F,BR,"food,books,jewelry",1358,False
user_001404,46,M,UK,home_garden,217,False
user_001405,25,F,CA,"electronics,books,beauty",452,False
user_001406,18,F,BR,"food,clothing,books",186,False
user_001407,53,F,JP,"home_garden,clothing",1470,False
user_001408,31,F,FR,"toys,automotive,jewelry",531,True
user_001409,31,M,MX,clothing,386,False
user_001410,50,M,AU,jewelry,779,False
user_001411,41,M,IN,sports,389,False
user_001412,40,F,DE,"beauty,jewelry",1065,False
user_001413,60,M,BR,"home_garden,clothing,toys",648,True
user_001414,27,F,DE,"home_garden,food",1232,False
user_001415,46,F,UK,"electronics,beauty,sports",561,False
user_001416,35,F,JP,"jewelry,food,home_garden",121,False
user_001417,38,F,FR,"books,home_garden",1435,False
user_001418,53,F,CA,food,1670,False
user_001419,41,F,AU,electronics,866,False
user_001420,41,M,CA,"toys,jewelry",579,False
user_001421,47,M,DE,automotive,663,False
user_001422,30,F,MX,"electronics,sports,food",282,False
user_001423,24,M,FR,"sports,books",1506,False
user_001424,22,F,DE,"jewelry,clothing",772,False
user_001425,18,M,BR,"books,electronics",368,False
user_001426,59,F,MX,automotive,889,False
user_001427,21,M,JP,"toys,home_garden,electronics",1001,False
user_001428,32,F,JP,"books,toys,clothing",564,False
user_001429,31,M,UK,"beauty,electronics",250,False
user_001430,38,F,MX,"automotive,home_garden,electronics",983,False
user_001431,44,F,JP,"clothing,books,toys",612,False
user_001432,45,M,IN,beauty,379,False
user_001433,28,M,MX,"electronics,toys,food",1104,False
user_001434,32,M,MX,"clothing,home_garden,jewelry",1424,False
user_001435,38,M,MX,"food,beauty,clothing",423,False
user_001436,32,M,US,automotive,174,False
user_001437,54,M,US,"sports,beauty,books",509,False
user_001438,40,M,BR,"sports,automotive,food",1424,False
user_001439,43,F,UK,"jewelry,automotive",1358,False
user_001440,42,M,CA,electronics,1754,False
user_001441,49,F,MX,jewelry,736,False
user_001442,37,F,CA,"jewelry,toys,clothing",782,False
user_001443,19,M,CA,toys,1386,False
user_001444,39,M,CA,"books,automotive,home_garden",1297,False
user_001445,27,F,IN,beauty,1239,False
user_001446,28,Other,JP,beauty,777,True
user_001447,42,M,UK,"home_garden,clothing,sports",1401,False
user_001448,49,F,AU,beauty,684,False
user_001449,35,M,UK,home_garden,773,False
user_001450,38,F,UK,toys,360,False
user_001451,55,M,AU,"jewelry,food",1435,False
user_001452,37,F,US,"automotive,sports",350,False
user_001453,66,F,IN,"books,beauty",1130,False
user_001454,41,M,IN,"food,books",1461,False
user_001455,18,M,CA,books,109,False
user_001456,44,F,DE,"beauty,home_garden,toys",899,False
user_001457,39,M,JP,"automotive,sports",1067,False
user_001458,50,F,UK,sports,626,False
user_001459,43,M,FR,"clothing,jewelry",192,False
user_001460,33,F,IN,clothing,1010,False
user_001461,20,F,DE,toys,983,False
user_001462,32,M,FR,"automotive,clothing,toys",1703,False
user_001463,24,M,IN,"toys,automotive,beauty",1401,False
user_001464,28,M,AU,"food,books,home_garden",1720,True
user_001465,42,F,DE,"electronics,toys",765,False
user_001466,55,F,UK,"home_garden,automotive",595,False
user_001467,39,M,MX,"sports,home_garden",807,False
user_001468,20,F,MX,"automotive,electronics",1738,False
user_001469,40,M,AU,"electronics,food",220,True
user_001470,49,M,JP,"books,toys,beauty",1008,False
user_001471,27,M,BR,"automotive,books,toys",15,False
user_001472,33,M,CA,"sports,home_garden,food",747,False
user_001473,35,F,UK,automotive,899,False
user_001474,25,M,JP,"books,jewelry",12,False
user_001475,42,M,DE,"home_garden,clothing,jewelry",809,False
user_001476,33,F,BR,"electronics,books",1363,False
user_001477,40,F,BR,toys,1639,False
user_001478,24,F,JP,beauty,1028,False
user_001479,29,F,US,"toys,books,clothing",259,False
user_001480,43,F,AU,"electronics,home_garden,jewelry",880,False
user_001481,30,M,BR,"electronics,toys,food",170,False
user_001482,55,M,IN,jewelry,383,False
user_001483,30,Other,FR,sports,1365,False
user_001484,37,F,UK,food,1436,False
user_001485,46,M,DE,"books,home_garden,jewelry",822,True
user_001486,18,M,MX,books,409,True
user_001487,18,M,CA,toys,1434,False
user_001488,18,M,BR,home_garden,126,False
user_001489,50,M,CA,"electronics,sports,clothing",719,False
user_001490,28,F,DE,beauty,84,True
user_001491,65,M,MX,"beauty,home_garden,sports",207,False
user_001492,28,M,UK,"food,beauty",199,False
user_001493,37,M,AU,"automotive,books,beauty",1522,False
user_001494,53,F,FR,"jewelry,beauty,home_garden",1197,False
user_001495,59,F,MX,books,247,True
user_001496,59,F,UK,"home_garden,jewelry,food",1120,False
user_001497,49,F,DE,"food,home_garden",90,True
user_001498,47,F,IN,"automotive,sports",712,False
user_001499,42,M,JP,"clothing,toys",1073,False
user_001500,44,F,DE,"electronics,books,sports",594,True
user_001501,28,F,IN,"electronics,home_garden,toys",1783,False
user_001502,25,M,IN,books,787,False
user_001503,34,M,US,"toys,sports",328,False
user_001504,32,F,IN,"electronics,automotive,food",531,False
user_001505,29,F,IN,sports,244,False
user_001506,43,M,US,automotive,1310,True
user_001507,46,F,US,"books,sports",1316,False
user_001508,36,M,AU,automotive,1296,False
user_001509,52,F,IN,"beauty,clothing",541,False
user_001510,21,M,US,"jewelry,sports",1282,False
user_001511,32,M,US,"home_garden,sports",1101,False
user_001512,26,F,MX,"clothing,toys,sports",1129,False
user_001513,18,M,MX,"home_garden,beauty",1290,False
user_001514,34,M,JP,"books,food",755,True
user_001515,33,M,DE,"clothing,food",1671,False
user_001516,53,F,DE,jewelry,1327,False
user_001517,42,F,MX,"books,jewelry",385,True
user_001518,22,M,JP,toys,206,False
user_001519,57,F,JP,electronics,787,True
user_001520,49,M,UK,electronics,549,True
user_001521,41,F,UK,"jewelry,electronics,automotive",1111,False
user_001522,32,M,MX,"clothing,home_garden",910,False
user_001523,23,M,US,"beauty,food",1114,False
user_001524,30,F,UK,"automotive,clothing,electronics",1116,False
user_001525,48,F,US,"toys,books,electronics",465,False
user_001526,57,F,FR,beauty,1801,False
user_001527,53,Other,FR,"clothing,food,books",209,False
user_001528,29,F,UK,"beauty,clothing",739,False
user_001529,21,F,DE,electronics,878,False
user_001530,36,F,CA,"books,toys,jewelry",1280,False
user_001531,18,F,AU,"clothing,sports",544,False
user_001532,38,F,DE,"clothing,electronics,books",656,True
user_001533,33,M,JP,"food,clothing",1489,False
user_001534,29,Other,DE,beauty,1572,False
user_001535,18,F,JP,"food,toys",1233,False
user_001536,41,M,IN,"books,home_garden",1019,False
user_001537,28,F,JP,"automotive,jewelry",172,False
user_001538,20,F,FR,"automotive,home_garden",741,True
user_001539,18,F,DE,beauty,226,True
user_001540,34,M,DE,"beauty,books",1711,False
user_001541,56,F,US,"home_garden,jewelry",1530,True
user_001542,54,F,JP,"books,toys,electronics",762,True
user_001543,29,M,MX,jewelry,1783,False
user_001544,27,M,FR,beauty,158,True
user_001545,40,M,DE,"books,jewelry",1533,False
user_001546,23,F,BR,"food,toys",1601,False
user_001547,38,M,US,sports,1805,False
user_001548,44,M,JP,"books,automotive,jewelry",1393,False
user_001549,49,F,IN,"automotive,sports",627,False
user_001550,33,Other,IN,"books,sports",774,False
user_001551,32,M,US,home_garden,449,False
user_001552,24,M,JP,"automotive,clothing,food",1695,False
user_001553,25,F,FR,beauty,553,True
user_001554,32,F,AU,beauty,58,False
user_001555,39,M,FR,automotive,1223,True
user_001556,45,M,US,"home_garden,automotive",493,False
user_001557,25,M,AU,"jewelry,electronics,food",191,False
user_001558,52,F,JP,beauty,1025,False
user_001559,31,F,UK,"beauty,books",679,False
user_001560,34,M,JP,"automotive,clothing,books",977,False
user_001561,26,M,BR,sports,162,False
user_001562,18,F,DE,home_garden,1575,False
user_001563,45,M,DE,"automotive,jewelry,beauty",695,False
user_001564,43,M,MX,"toys,electronics,jewelry",1243,True
user_001565,31,F,BR,jewelry,200,False
user_001566,35,F,UK,sports,1022,True
user_001567,41,M,CA,"books,sports",1181,False
user_001568,18,M,BR,clothing,529,False
user_001569,28,F,MX,"food,books",1000,True
user_001570,44,F,DE,"toys,jewelry",903,False
user_001571,19,F,IN,"beauty,jewelry,clothing",922,False
user_001572,38,F,IN,"electronics,jewelry,home_garden",17,False
user_001573,18,M,MX,sports,818,False
user_001574,40,F,UK,toys,715,False
user_001575,34,M,UK,"automotive,food,clothing",813,False
user_001576,18,M,AU,toys,702,False
user_001577,48,M,BR,"home_garden,food",79,False
user_001578,26,M,US,"books,home_garden",1232,False
user_001579,25,F,BR,beauty,438,True
user_001580,37,M,DE,toys,172,True
user_001581,48,M,BR,"toys,clothing",1785,False
user_001582,22,M,US,sports,190,False
user_001583,35,M,AU,"beauty,sports",859,False
user_001584,40,F,MX,"books,toys,beauty",797,False
user_001585,43,F,MX,"jewelry,home_garden,clothing",1263,True
user_001586,37,F,DE,"beauty,electronics,books",1023,False
user_001587,30,M,US,toys,923,False
user_001588,25,F,MX,food,200,True
user_001589,36,F,FR,"home_garden,toys,books",713,False
user_001590,22,F,AU,jewelry,1667,False
user_001591,18,F,UK,"sports,automotive",1433,False
user_001592,40,M,IN,"toys,jewelry",873,False
user_001593,45,M,AU,"clothing,books",363,False
user_001594,18,M,CA,automotive,1731,False
user_001595,22,Other,UK,"toys,sports,clothing",184,False
user_001596,42,F,MX,"toys,clothing,food",1116,True
user_001597,59,F,JP,"automotive,electronics",434,False
user_001598,35,M,BR,"automotive,toys",255,False
user_001599,26,M,AU,"toys,jewelry",1602,False
user_001600,32,M,JP,"sports,jewelry",1379,False
user_001601,51,M,AU,"electronics,jewelry",1722,False
user_001602,27,M,MX,"jewelry,beauty,automotive",881,False
user_001603,25,F,MX,"home_garden,toys",879,True
user_001604,29,F,IN,"toys,books,jewelry",325,False
user_001605,23,F,MX,books,1607,False
user_001606,36,F,FR,"sports,automotive,books",191,True
user_001607,54,M,IN,"electronics,books",162,False
user_001608,38,Other,AU,books,383,False
user_001609,31,M,FR,sports,1488,False
user_001610,31,M,DE,"sports,electronics",1285,True
user_001611,18,F,UK,"clothing,jewelry,food",220,True
user_001612,45,M,AU,"books,clothing",1717,False
user_001613,34,F,JP,food,151,False
user_001614,32,M,AU,"clothing,home_garden,toys",1298,False
user_001615,73,M,DE,books,1351,False
user_001616,38,Other,BR,"electronics,clothing,beauty",1258,False
user_001617,25,F,CA,books,250,False
user_001618,29,M,IN,automotive,1559,False
user_001619,48,M,DE,"clothing,home_garden",451,True
user_001620,36,F,UK,"books,sports,automotive",714,False
user_001621,18,M,JP,"sports,food,automotive",396,False
user_001622,46,Other,UK,sports,1196,False
user_001623,26,F,BR,"sports,books,home_garden",888,False
user_001624,57,F,MX,"jewelry,sports",221,False
user_001625,47,M,UK,"home_garden,beauty",921,False
user_001626,29,M,JP,automotive,602,False
user_001627,50,M,DE,"automotive,beauty,toys",1657,False
user_001628,35,M,FR,beauty,1346,False
user_001629,45,M,AU,beauty,1410,True
user_001630,40,F,AU,"home_garden,food",477,False
user_001631,24,F,UK,"sports,home_garden",1149,False
user_001632,27,M,AU,"clothing,toys,automotive",406,False
user_001633,47,Other,JP,"food,electronics",245,True
user_001634,30,M,JP,jewelry,485,False
user_001635,30,F,CA,"electronics,jewelry",269,False
user_001636,23,F,US,"electronics,automotive",691,False
user_001637,40,M,JP,food,1482,False
user_001638,59,M,AU,"beauty,toys",1012,False
user_001639,22,F,UK,"sports,food",1727,False
user_001640,35,M,US,"clothing,electronics,home_garden",285,True
user_001641,51,M,FR,"toys,home_garden",1483,False
user_001642,34,F,US,"automotive,electronics",532,False
user_001643,40,M,CA,clothing,154,False
user_001644,22,F,DE,"jewelry,toys,sports",1195,False
user_001645,40,F,MX,beauty,1819,False
user_001646,32,F,FR,"food,clothing",1184,False
user_001647,46,F,BR,"sports,beauty",463,True
user_001648,49,F,FR,"clothing,beauty",1351,False
user_001649,66,M,BR,clothing,124,False
user_001650,41,M,UK,"home_garden,food,toys",698,False
user_001651,38,F,CA,"automotive,jewelry,beauty",1452,False
user_001652,37,M,DE,automotive,449,False
user_001653,30,M,JP,"food,automotive",385,True
user_001654,39,F,MX,"books,sports",1328,True
user_001655,31,M,BR,"clothing,jewelry",384,False
user_001656,37,M,UK,"automotive,food",1128,True
user_001657,50,M,JP,"home_garden,books",1041,False
user_001658,22,M,JP,"sports,beauty",1500,False
user_001659,48,M,DE,sports,1217,False
user_001660,50,M,US,"food,automotive,toys",1324,False
user_001661,33,M,US,home_garden,1179,False
user_001662,18,M,FR,automotive,1808,False
user_001663,27,M,CA,"toys,jewelry,automotive",1015,False
user_001664,50,F,MX,beauty,590,False
user_001665,34,F,MX,books,977,False
user_001666,23,F,DE,"home_garden,books,beauty",384,False
user_001667,28,F,JP,"books,electronics",685,True
user_001668,45,F,US,"clothing,books",1217,False
user_001669,41,F,FR,"jewelry,electronics",968,True
user_001670,32,F,CA,jewelry,1711,False
user_001671,30,M,AU,"books,jewelry,clothing",927,False
user_001672,30,F,CA,"automotive,sports",747,False
user_001673,23,F,MX,"sports,beauty",992,True
user_001674,54,Other,FR,"automotive,electronics,books",1351,False
user_001675,31,M,JP,"food,electronics",737,False
user_001676,49,F,JP,home_garden,1309,True
user_001677,53,Other,IN,"automotive,food",359,False
user_001678,46,F,CA,"beauty,jewelry,toys",634,False
user_001679,29,M,BR,"automotive,beauty,clothing",1161,False
user_001680,39,Other,BR,"sports,clothing",1404,True
user_001681,34,F,DE,"books,automotive,sports",622,False
user_001682,24,M,US,sports,446,False
user_001683,38,M,JP,"clothing,electronics,food",722,False
user_001684,20,M,AU,electronics,1800,False
user_001685,49,F,DE,"automotive,books,clothing",1502,False
user_001686,29,M,AU,"clothing,sports,home_garden",510,False
user_001687,37,Other,UK,"toys,jewelry,automotive",536,False
user_001688,38,F,AU,"sports,books,toys",1648,False
user_001689,31,M,FR,"home_garden,sports,books",617,False
user_001690,42,F,JP,"jewelry,food",1603,False
user_001691,29,F,AU,"clothing,books",1032,False
user_001692,45,M,JP,"beauty,food,jewelry",841,False
user_001693,18,F,MX,"electronics,toys,clothing",620,False
user_001694,36,F,MX,"automotive,beauty,books",1798,False
user_001695,58,F,BR,"books,toys",1654,False
user_001696,22,M,UK,"food,electronics,clothing",683,False
user_001697,26,F,US,"jewelry,food",249,False
user_001698,41,F,IN,"automotive,electronics,home_garden",1517,False
user_001699,37,F,DE,home_garden,617,False
user_001700,39,M,US,"electronics,food,home_garden",314,False
user_001701,40,M,FR,automotive,213,False
user_001702,42,F,CA,"food,toys,electronics",829,False
user_001703,48,F,IN,home_garden,534,False
user_001704,39,M,US,"food,clothing,toys",379,True
user_001705,32,M,CA,"home_garden,books,jewelry",593,False
user_001706,43,M,UK,"food,beauty,sports",951,False
user_001707,57,M,UK,"books,electronics",1156,False
user_001708,33,M,AU,"sports,electronics,food",286,False
user_001709,23,Other,AU,"food,sports,electronics",1026,False
user_001710,48,F,DE,"home_garden,beauty,toys",1344,False
user_001711,33,F,DE,"jewelry,beauty,food",571,False
user_001712,18,F,BR,"sports,toys,clothing",772,False
user_001713,45,M,AU,"books,automotive,sports",1206,False
user_001714,28,M,US,"jewelry,toys",1745,False
user_001715,33,F,BR,clothing,1392,False
user_001716,38,M,DE,home_garden,1492,False
user_001717,37,F,UK,"clothing,electronics",77,False
user_001718,43,F,MX,food,1293,False
user_001719,29,M,BR,beauty,774,True
user_001720,41,M,BR,"jewelry,automotive,home_garden",897,False
user_001721,31,F,JP,home_garden,1667,False
user_001722,43,F,UK,clothing,417,True
user_001723,42,M,JP,electronics,1164,False
user_001724,23,M,IN,beauty,1017,False
user_001725,48,F,IN,jewelry,722,False
user_001726,28,M,JP,"books,clothing,food",1790,True
user_001727,44,F,CA,books,207,True
user_001728,39,F,AU,electronics,47,False
user_001729,57,F,UK,"sports,toys",1787,False
user_001730,32,F,IN,"clothing,automotive",1252,False
user_001731,30,F,UK,"jewelry,electronics",1194,False
user_001732,34,M,CA,"electronics,jewelry",411,False
user_001733,31,M,AU,books,1552,False
user_001734,44,F,MX,home_garden,1250,False
user_001735,18,Other,JP,beauty,1226,False
user_001736,22,M,DE,automotive,555,False
user_001737,22,F,FR,electronics,1332,False
user_001738,46,M,US,"sports,home_garden",54,False
user_001739,55,F,JP,automotive,1397,False
user_001740,33,F,JP,automotive,1569,False
user_001741,32,F,IN,toys,283,True
user_001742,35,Other,AU,jewelry,721,False
user_001743,48,M,MX,"electronics,home_garden",21,False
user_001744,23,F,FR,"automotive,electronics,jewelry",1665,True
user_001745,37,M,CA,books,90,False
user_001746,46,F,BR,"home_garden,sports,books",1347,True
user_001747,41,M,IN,clothing,422,False
user_001748,37,F,AU,"beauty,home_garden,food",1598,False
user_001749,47,M,IN,"home_garden,automotive,sports",1032,True
user_001750,18,M,FR,"toys,food",281,False
user_001751,43,M,DE,"home_garden,sports,jewelry",74,False
user_001752,27,M,US,"food,jewelry,clothing",554,False
user_001753,18,M,MX,"sports,clothing",787,False
user_001754,41,M,FR,"toys,food",777,False
user_001755,51,F,US,"automotive,electronics",1110,False
user_001756,33,F,AU,jewelry,1697,False
user_001757,46,F,MX,"home_garden,electronics,beauty",889,False
user_001758,54,F,CA,"electronics,clothing,toys",1759,False
user_001759,50,M,JP,"food,toys,sports",958,False
user_001760,54,F,CA,books,1638,False
user_001761,43,F,CA,"clothing,home_garden",692,False
user_001762,35,M,CA,jewelry,1351,False
user_001763,18,M,AU,"jewelry,electronics,clothing",1713,False
user_001764,32,M,BR,food,19,False
user_001765,24,M,US,"food,automotive",1187,False
user_001766,61,M,UK,"jewelry,automotive",903,False
user_001767,32,M,DE,"sports,food",301,False
user_001768,36,F,DE,"electronics,home_garden,clothing",1402,False
user_001769,41,M,FR,"jewelry,beauty",125,False
user_001770,35,F,AU,"sports,electronics",1107,False
user_001771,55,M,BR,"home_garden,beauty,clothing",232,False
user_001772,27,M,AU,home_garden,1699,False
user_001773,37,F,DE,"clothing,toys",51,False
user_001774,26,F,AU,"beauty,toys",964,False
user_001775,19,M,US,"jewelry,electronics",596,False
user_001776,27,F,IN,"electronics,clothing,home_garden",1466,False
user_001777,34,M,MX,"jewelry,beauty,home_garden",67,False
user_001778,29,F,UK,toys,159,False
user_001779,26,F,MX,jewelry,1291,False
user_001780,18,F,IN,"automotive,clothing",1635,True
user_001781,34,M,CA,"automotive,jewelry",400,False
user_001782,18,M,AU,"home_garden,beauty",473,False
user_001783,44,F,JP,"clothing,home_garden,food",742,True
user_001784,35,F,MX,"automotive,clothing,beauty",472,False
user_001785,18,F,FR,"home_garden,books",1591,False
user_001786,31,F,AU,"jewelry,books,sports",643,True
user_001787,25,Other,MX,"toys,automotive",1013,False
user_001788,38,F,US,books,342,True
user_001789,51,F,DE,"automotive,food",1781,True
user_001790,18,Other,DE,"electronics,books",1055,False
user_001791,36,M,IN,"toys,beauty",495,False
user_001792,33,F,AU,beauty,1212,False
user_001793,43,M,AU,electronics,920,False
user_001794,37,F,DE,"food,toys,sports",1503,False
user_001795,25,F,MX,"automotive,clothing,books",1215,False
user_001796,31,M,IN,"food,toys,beauty",1480,False
user_001797,25,M,AU,home_garden,99,False
user_001798,47,M,JP,"jewelry,automotive,toys",653,False
user_001799,35,F,FR,electronics,882,False
user_001800,57,M,DE,"jewelry,beauty,clothing",243,False
user_001801,34,F,CA,"food,home_garden",532,False
user_001802,26,F,DE,home_garden,197,False
user_001803,18,F,IN,"books,electronics,automotive",1102,False
user_001804,18,F,US,food,757,False
user_001805,18,F,CA,"toys,food,books",225,False
user_001806,38,F,BR,food,539,True
user_001807,41,F,UK,sports,725,False
user_001808,18,M,AU,"home_garden,clothing,beauty",566,False
user_001809,45,F,US,"automotive,clothing,beauty",888,True
user_001810,29,F,US,"automotive,beauty,home_garden",1300,False
user_001811,36,F,FR,books,1380,False
user_001812,54,F,BR,"books,food",579,True
user_001813,45,M,UK,"clothing,automotive,home_garden",1005,False
user_001814,31,M,CA,books,1257,False
user_001815,24,F,DE,"home_garden,beauty,food",1798,False
user_001816,18,F,BR,sports,1632,False
user_001817,26,M,FR,"beauty,automotive,food",231,False
user_001818,32,M,JP,"toys,food",238,False
user_001819,23,F,DE,"clothing,beauty",1585,False
user_001820,33,F,US,"jewelry,toys",596,False
user_001821,35,M,AU,toys,536,False
user_001822,32,M,CA,"toys,food",112,False
user_001823,27,M,JP,"home_garden,beauty,electronics",454,False
user_001824,37,M,UK,automotive,1257,False
user_001825,40,F,US,jewelry,1644,False
user_001826,21,F,IN,"beauty,jewelry,clothing",432,False
user_001827,51,F,JP,books,1761,False
user_001828,33,M,FR,"books,beauty",1133,False
user_001829,35,F,IN,electronics,210,False
user_001830,43,M,US,"electronics,books",472,False
user_001831,37,F,JP,"home_garden,electronics,sports",1343,False
user_001832,46,M,JP,"sports,clothing,automotive",42,True
user_001833,38,F,JP,"jewelry,books,clothing",398,False
user_001834,27,F,US,"beauty,toys",619,False
user_001835,39,M,MX,clothing,966,False
user_001836,21,Other,IN,"clothing,home_garden",571,False
user_001837,36,M,BR,"automotive,jewelry,home_garden",1491,False
user_001838,34,M,MX,"automotive,clothing",51,False
user_001839,32,M,MX,food,224,False
user_001840,33,M,DE,"books,clothing",426,False
user_001841,18,M,JP,"jewelry,home_garden",1263,False
user_001842,28,F,CA,"jewelry,home_garden,electronics",844,False
user_001843,36,M,MX,"books,electronics",1227,False
user_001844,36,F,IN,sports,1628,False
user_001845,22,M,BR,"beauty,home_garden",1054,False
user_001846,50,F,JP,"clothing,jewelry,toys",261,False
user_001847,24,F,DE,automotive,405,False
user_001848,46,F,BR,electronics,350,False
user_001849,40,M,CA,"food,books,toys",241,False
user_001850,27,M,AU,"sports,automotive",1155,False
user_001851,56,F,FR,sports,1645,False
user_001852,20,M,FR,"beauty,automotive,sports",677,False
user_001853,46,M,JP,"books,jewelry,food",368,False
user_001854,47,M,FR,electronics,409,False
user_001855,26,M,BR,"food,beauty,clothing",1218,False
user_001856,51,M,US,"automotive,home_garden",395,False
user_001857,31,M,JP,"jewelry,sports",522,False
user_001858,38,M,FR,"home_garden,clothing,books",574,False
user_001859,38,M,MX,"clothing,books,toys",1239,False
user_001860,33,M,FR,"jewelry,food,home_garden",444,True
user_001861,44,M,US,"books,jewelry,automotive",663,True
user_001862,44,F,BR,books,872,False
user_001863,18,F,FR,"sports,automotive",1148,False
user_001864,50,M,IN,"food,beauty",650,False
user_001865,18,F,JP,"home_garden,books,sports",1148,False
user_001866,47,F,DE,"sports,clothing,toys",52,False
user_001867,48,M,IN,"beauty,toys",1795,False
user_001868,21,M,US,toys,402,False
user_001869,30,M,AU,"home_garden,electronics,sports",520,False
user_001870,21,M,CA,jewelry,1315,False
user_001871,32,M,US,sports,1172,False
user_001872,31,M,IN,"food,jewelry,automotive",1654,True
user_001873,44,F,DE,"electronics,books",1784,False
user_001874,50,F,UK,toys,115,False
user_001875,51,F,CA,"electronics,beauty,clothing",1747,False
user_001876,28,F,DE,"electronics,beauty,automotive",1202,False
user_001877,32,F,JP,"automotive,electronics",853,False
user_001878,18,F,IN,"electronics,clothing,home_garden",303,False
user_001879,25,M,CA,books,1247,False
user_001880,46,M,IN,"toys,books,electronics",719,True
user_001881,54,F,BR,"jewelry,clothing",181,True
user_001882,20,F,DE,books,651,False
user_001883,27,F,FR,books,1307,False
user_001884,34,M,FR,home_garden,1531,False
user_001885,38,M,CA,sports,365,False
user_001886,25,F,CA,"beauty,toys,home_garden",1810,False
user_001887,40,M,BR,"sports,food",728,False
user_001888,29,F,DE,"automotive,food",76,False
user_001889,34,Other,JP,"toys,books,home_garden",711,False
user_001890,41,F,IN,"sports,home_garden,beauty",1130,False
user_001891,35,F,CA,"clothing,automotive",447,False
user_001892,29,F,DE,clothing,974,True
user_001893,33,F,US,"beauty,jewelry,toys",661,False
user_001894,33,M,AU,"beauty,electronics,books",690,False
user_001895,30,F,CA,books,334,False
user_001896,31,M,MX,electronics,935,False
user_001897,54,F,CA,"toys,jewelry,food",1482,False
user_001898,41,M,FR,"food,toys",1563,False
user_001899,31,F,MX,"clothing,toys,automotive",821,False
user_001900,43,M,CA,automotive,1816,False
user_001901,30,M,AU,"automotive,home_garden,books",1615,False
user_001902,49,F,DE,sports,1642,False
user_001903,39,M,DE,"books,food",411,False
user_001904,33,M,FR,"sports,clothing",895,True
user_001905,40,F,AU,books,11,False
user_001906,18,F,JP,"clothing,food",1432,False
user_001907,21,F,UK,"toys,food",794,True
user_001908,20,F,CA,toys,1679,False
user_001909,36,F,AU,"jewelry,toys",1001,False
user_001910,55,F,AU,"electronics,home_garden,books",742,False
user_001911,61,F,JP,jewelry,159,False
user_001912,42,M,FR,food,619,False
user_001913,41,M,CA,"toys,books",638,False
user_001914,18,F,JP,"electronics,sports",368,False
user_001915,28,F,AU,"automotive,clothing,food",1406,False
user_001916,25,M,MX,"toys,electronics,books",1039,False
user_001917,27,F,JP,"electronics,food",866,False
user_001918,32,F,UK,"toys,sports",1237,False
user_001919,29,F,AU,"automotive,beauty",1729,False
user_001920,18,Other,IN,"clothing,books",1556,False
user_001921,43,M,MX,"clothing,books,electronics",529,False
user_001922,22,M,US,"food,toys,electronics",249,False
user_001923,37,F,AU,"beauty,electronics",517,False
user_001924,59,M,AU,"sports,electronics,jewelry",855,True
user_001925,23,F,AU,"sports,electronics",1499,True
user_001926,18,M,UK,"toys,home_garden,books",259,False
user_001927,31,M,BR,"food,toys,sports",1412,False
user_001928,48,M,AU,"automotive,food,electronics",79,True
user_001929,58,M,CA,"clothing,toys,jewelry",866,False
user_001930,20,F,UK,sports,1714,False
user_001931,40,F,CA,home_garden,1261,False
user_001932,29,M,BR,electronics,441,False
user_001933,33,M,US,"sports,books",1239,False
user_001934,66,M,JP,sports,425,True
user_001935,18,M,MX,"books,sports",1619,False
user_001936,38,M,AU,"clothing,home_garden",453,True
user_001937,40,F,MX,"jewelry,food",674,False
user_001938,48,M,AU,"automotive,electronics",710,False
user_001939,36,F,BR,food,432,False
user_001940,38,M,US,toys,1354,False
user_001941,30,F,AU,food,171,False
user_001942,38,F,BR,"beauty,sports,automotive",1382,False
user_001943,30,F,MX,jewelry,721,False
user_001944,42,F,BR,"electronics,sports",481,False
user_001945,30,M,FR,"books,toys,clothing",433,False
user_001946,39,F,JP,"sports,books,automotive",1127,False
user_001947,34,F,CA,toys,655,False
user_001948,48,M,JP,"clothing,beauty,toys",1014,False
user_001949,34,F,DE,"food,books",820,False
user_001950,18,F,UK,"beauty,food,books",786,False
user_001951,50,M,US,"toys,jewelry",1268,False
user_001952,24,F,JP,"jewelry,automotive,clothing",47,False
user_001953,27,F,BR,books,1402,True
user_001954,27,F,FR,"electronics,toys",1742,False
user_001955,51,M,FR,"beauty,home_garden",661,True
user_001956,18,M,BR,electronics,941,False
user_001957,72,Other,IN,"food,home_garden,books",1314,True
user_001958,47,M,UK,"beauty,books,home_garden",15,False
user_001959,37,F,UK,"toys,automotive,food",1604,False
user_001960,34,F,MX,"automotive,clothing",1326,False
user_001961,38,F,US,"electronics,food,automotive",600,False
user_001962,41,F,IN,"electronics,beauty,toys",1289,False
user_001963,42,M,CA,"clothing,jewelry",1553,False
user_001964,41,M,AU,books,291,False
user_001965,36,M,UK,"home_garden,sports",939,False
user_001966,32,M,BR,"home_garden,sports",678,False
user_001967,33,F,DE,"sports,jewelry,electronics",1069,False
user_001968,32,F,CA,beauty,629,False
user_001969,48,F,BR,jewelry,1461,False
user_001970,42,M,CA,"books,jewelry",1760,False
user_001971,18,F,DE,"home_garden,electronics,jewelry",1197,True
user_001972,42,M,MX,"automotive,jewelry",349,False
user_001973,37,F,JP,"books,automotive,beauty",1773,False
user_001974,34,M,JP,"books,automotive,food",30,False
user_001975,30,M,FR,beauty,460,False
user_001976,48,F,MX,"clothing,home_garden,beauty",1308,False
user_001977,46,M,US,"automotive,home_garden,jewelry",817,False
user_001978,25,M,IN,"automotive,clothing",1734,False
user_001979,39,M,IN,electronics,508,False
user_001980,23,F,BR,"books,home_garden,automotive",364,True
user_001981,18,M,FR,"sports,automotive,jewelry",1502,False
user_001982,27,F,US,books,426,False
user_001983,45,M,US,"jewelry,food,automotive",654,False
user_001984,46,M,BR,home_garden,171,False
user_001985,41,F,MX,automotive,998,False
user_001986,43,M,UK,jewelry,1475,False
user_001987,41,M,JP,"home_garden,food,electronics",1232,False
user_001988,27,F,CA,"books,beauty,food",542,False
user_001989,40,M,IN,beauty,1031,False
user_001990,44,F,AU,"clothing,books",1044,False
user_001991,44,M,JP,books,1379,False
user_001992,49,F,FR,"beauty,automotive",1595,True
user_001993,43,M,CA,home_garden,656,False
user_001994,39,F,FR,"clothing,sports",1170,False
user_001995,47,F,DE,"books,home_garden",1746,False
user_001996,34,F,JP,"books,beauty,food",1597,False
user_001997,24,M,CA,sports,760,True
user_001998,33,M,JP,"beauty,jewelry",1154,False
user_001999,26,M,JP,"electronics,toys",725,False
user_002000,26,F,US,food,1677,False
user_002001,33,M,AU,sports,49,False
user_002002,25,F,FR,"beauty,automotive",1634,False
user_002003,31,M,DE,"food,sports,clothing",667,False
user_002004,18,F,JP,"jewelry,food,electronics",1409,False
user_002005,37,Other,MX,"food,home_garden,sports",769,True
user_002006,35,M,AU,beauty,898,False
user_002007,25,M,UK,food,665,False
user_002008,42,F,MX,"toys,books,automotive",410,False
user_002009,46,F,CA,"home_garden,beauty",1141,False
user_002010,18,F,UK,"electronics,books",1784,False
user_002011,25,F,FR,"beauty,jewelry,food",378,False
user_002012,25,M,FR,food,1388,False
user_002013,23,M,JP,"sports,electronics",876,False
user_002014,44,M,IN,"electronics,automotive",765,True
user_002015,32,F,AU,"electronics,automotive",1619,False
user_002016,31,F,UK,"jewelry,beauty",1158,True
user_002017,18,F,UK,"clothing,automotive,books",1176,False
user_002018,42,F,BR,"home_garden,clothing,toys",925,False
user_002019,20,M,MX,"books,beauty,clothing",696,False
user_002020,35,F,US,"toys,electronics,jewelry",1278,False
user_002021,38,M,JP,electronics,309,False
user_002022,51,F,AU,jewelry,1091,False
user_002023,19,M,DE,"home_garden,beauty,books",423,False
user_002024,18,F,US,electronics,1597,True
user_002025,37,F,FR,"clothing,beauty",1348,False
user_002026,56,Other,FR,"books,toys",445,False
user_002027,49,F,BR,books,253,False
user_002028,37,F,FR,"electronics,food",780,True
user_002029,29,M,JP,"toys,home_garden",1209,False
user_002030,44,F,MX,books,1484,False
user_002031,23,M,BR,home_garden,1517,False
user_002032,40,M,UK,"beauty,toys,home_garden",1638,False
user_002033,41,M,BR,"sports,automotive",34,True
user_002034,47,M,CA,"toys,clothing",1714,True
user_002035,68,F,JP,"sports,home_garden,clothing",1794,False
user_002036,39,M,FR,"beauty,electronics",364,False
user_002037,28,M,BR,automotive,1562,True
user_002038,34,F,DE,"home_garden,sports,beauty",859,False
user_002039,18,F,UK,"books,jewelry,beauty",1611,False
user_002040,26,M,AU,"home_garden,sports",1724,False
user_002041,30,M,BR,"electronics,jewelry",71,False
user_002042,28,M,JP,toys,1562,False
user_002043,36,M,FR,"books,jewelry,clothing",189,False
user_002044,25,Other,BR,clothing,851,False
user_002045,48,M,BR,"food,books,electronics",527,True
user_002046,35,M,MX,"automotive,beauty,clothing",402,True
user_002047,34,F,UK,"books,jewelry,home_garden",1469,False
user_002048,31,M,CA,"clothing,home_garden,automotive",674,False
user_002049,36,F,CA,"jewelry,automotive",1557,False
user_002050,44,F,MX,"toys,beauty",1509,False
user_002051,24,F,FR,toys,374,True
user_002052,27,M,US,"electronics,home_garden,books",1172,False
user_002053,31,M,FR,"home_garden,toys",929,False
user_002054,18,F,IN,"food,clothing,sports",691,False
user_002055,25,M,BR,sports,1582,False
user_002056,29,M,AU,"clothing,beauty,sports",874,False
user_002057,45,Other,UK,"books,clothing,home_garden",247,False
user_002058,38,M,JP,"books,beauty",1134,False
user_002059,37,M,IN,automotive,400,True
user_002060,45,F,AU,"home_garden,electronics,jewelry",1077,False
user_002061,33,F,IN,jewelry,97,False
user_002062,39,F,IN,"automotive,home_garden",342,False
user_002063,33,F,MX,books,464,False
user_002064,38,F,CA,"books,automotive,toys",101,False
user_002065,28,F,JP,"sports,toys",976,False
user_002066,18,M,CA,sports,1451,False
user_002067,33,M,JP,"home_garden,clothing",288,True
user_002068,52,M,DE,home_garden,1324,False
user_002069,46,M,CA,"home_garden,jewelry,beauty",288,False
user_002070,46,F,DE,jewelry,422,False
user_002071,49,F,IN,"sports,beauty,electronics",638,False
user_002072,36,F,CA,"jewelry,food,home_garden",1684,True
user_002073,37,M,AU,"jewelry,food,books",1793,False
user_002074,27,F,CA,toys,232,False
user_002075,31,F,BR,"jewelry,books",1554,False
user_002076,42,M,BR,"clothing,jewelry,beauty",1714,False
user_002077,49,F,CA,"toys,electronics",1726,False
user_002078,33,M,CA,"sports,automotive",731,True
user_002079,29,M,BR,food,454,False
user_002080,35,F,MX,"sports,clothing,food",770,False
user_002081,42,F,UK,"toys,electronics,clothing",1179,True
user_002082,18,F,MX,beauty,864,False
user_002083,18,F,MX,"electronics,beauty,food",1769,False
user_002084,28,M,DE,"toys,electronics",50,False
user_002085,20,F,US,"clothing,sports",1494,False
user_002086,28,M,FR,"beauty,jewelry",567,False
user_002087,33,M,CA,beauty,1575,False
user_002088,29,F,IN,automotive,1328,False
user_002089,52,F,UK,"beauty,books",684,False
user_002090,38,M,UK,"home_garden,beauty,sports",1310,False
user_002091,38,M,BR,"food,books,toys",719,False
user_002092,42,F,AU,"beauty,books",33,True
user_002093,21,F,IN,"sports,automotive,jewelry",365,False
user_002094,47,M,MX,"clothing,home_garden,jewelry",1796,False
user_002095,34,F,JP,"books,beauty",273,False
user_002096,43,F,UK,sports,664,False
user_002097,22,F,CA,"electronics,home_garden",54,False
user_002098,18,M,FR,"home_garden,jewelry,automotive",298,True
user_002099,44,F,BR,electronics,1717,False
user_002100,39,M,IN,"automotive,home_garden,toys",1190,False
user_002101,24,F,CA,"toys,sports,beauty",884,False
user_002102,24,F,UK,beauty,1420,True
user_002103,48,M,IN,"home_garden,automotive,books",1451,False
user_002104,20,F,IN,"clothing,home_garden",1682,False
user_002105,54,M,BR,"sports,electronics",1019,False
user_002106,24,M,BR,books,1145,False
user_002107,42,M,AU,"food,books",134,False
user_002108,31,F,US,"jewelry,sports",1462,False
user_002109,42,M,BR,"books,toys",635,False
user_002110,28,F,IN,"sports,beauty,home_garden",834,True
user_002111,33,Other,US,"jewelry,beauty,electronics",1459,False
user_002112,35,F,DE,"clothing,jewelry,automotive",1501,False
user_002113,22,F,BR,"books,jewelry,electronics",1493,True
user_002114,43,F,MX,clothing,1436,False
user_002115,28,F,DE,"toys,jewelry",1736,False
user_002116,32,M,JP,sports,1801,False
user_002117,23,M,FR,books,465,False
user_002118,18,F,IN,"clothing,beauty,food",528,True
user_002119,32,F,UK,"electronics,automotive,jewelry",346,True
user_002120,63,M,US,"electronics,jewelry,beauty",1639,False
user_002121,44,M,MX,"beauty,clothing,books",1021,False
user_002122,34,M,DE,beauty,1229,False
user_002123,31,F,DE,food,1040,True
user_002124,35,F,UK,"electronics,jewelry",1654,False
user_002125,41,F,MX,"clothing,beauty",1062,False
user_002126,20,M,DE,food,1256,False
user_002127,48,F,UK,"automotive,toys",1370,False
user_002128,43,M,BR,"home_garden,beauty",386,False
user_002129,43,M,BR,beauty,1661,False
user_002130,40,F,AU,"jewelry,clothing,automotive",1080,False
user_002131,35,F,FR,"automotive,jewelry,toys",579,False
user_002132,43,F,JP,"home_garden,sports",828,False
user_002133,42,M,UK,food,659,False
user_002134,30,Other,CA,"toys,sports,food",1579,False
user_002135,28,F,FR,automotive,183,False
user_002136,36,F,US,"jewelry,automotive,books",1095,True
user_002137,53,M,IN,"toys,home_garden",108,False
user_002138,20,F,US,"toys,automotive,books",440,True
user_002139,18,F,UK,home_garden,1463,False
user_002140,36,F,US,jewelry,93,False
user_002141,35,F,US,clothing,493,False
user_002142,37,F,AU,"books,toys",1716,False
user_002143,37,F,MX,books,1370,False
user_002144,32,M,CA,"jewelry,sports",839,False
user_002145,52,M,FR,"toys,jewelry",1673,False
user_002146,18,F,JP,"jewelry,electronics",86,False
user_002147,25,M,UK,"books,home_garden",237,False
user_002148,33,F,DE,"clothing,books",1516,False
user_002149,18,M,MX,"toys,sports,automotive",536,True
user_002150,32,F,FR,toys,178,False
user_002151,54,F,US,"home_garden,books",961,False
user_002152,35,M,JP,home_garden,378,True
user_002153,37,F,BR,"clothing,home_garden,toys",1513,True
user_002154,19,F,AU,"electronics,automotive,home_garden",90,False
user_002155,27,F,CA,beauty,360,False
user_002156,30,M,DE,electronics,598,False
user_002157,31,F,AU,books,1348,False
user_002158,50,M,FR,food,1233,False
user_002159,41,M,UK,"books,jewelry,beauty",840,False
user_002160,21,F,AU,jewelry,759,True
user_002161,37,M,US,home_garden,1153,True
user_002162,40,F,US,"jewelry,clothing",1155,False
user_002163,48,F,JP,food,579,False
user_002164,53,F,MX,"food,home_garden",513,False
user_002165,22,M,AU,"food,jewelry,books",459,True
user_002166,25,F,AU,"books,toys,sports",1516,True
user_002167,19,M,IN,"books,electronics",1745,False
user_002168,32,M,JP,"books,beauty",863,False
user_002169,40,F,BR,"food,jewelry",745,False
user_002170,46,M,FR,"toys,books,home_garden",1165,False
user_002171,34,F,JP,"jewelry,beauty,food",768,False
user_002172,31,M,UK,toys,1112,False
user_002173,36,M,FR,"jewelry,toys",692,False
user_002174,24,F,JP,toys,370,False
user_002175,60,M,DE,home_garden,560,False
user_002176,18,F,FR,"jewelry,books,toys",309,False
user_002177,37,F,BR,"home_garden,books",648,False
user_002178,59,F,UK,"automotive,electronics,clothing",44,True
user_002179,35,F,AU,beauty,731,False
user_002180,32,M,UK,home_garden,744,False
user_002181,30,M,DE,"jewelry,food",594,False
user_002182,32,M,IN,"books,jewelry,automotive",1267,False
user_002183,51,F,FR,"automotive,food,sports",233,False
user_002184,18,M,US,food,278,False
user_002185,53,M,US,"toys,food",1201,False
user_002186,18,M,US,"food,books",1008,False
user_002187,31,F,UK,"beauty,jewelry,clothing",363,True
user_002188,29,M,FR,"toys,books",1299,False
user_002189,42,M,MX,"clothing,beauty,food",856,False
user_002190,18,F,IN,"sports,home_garden",49,False
user_002191,40,F,CA,electronics,539,False
user_002192,59,M,BR,"beauty,electronics",1351,True
user_002193,18,F,US,"electronics,books,jewelry",620,False
user_002194,37,M,CA,"toys,jewelry",1428,False
user_002195,27,M,AU,"automotive,toys",272,False
user_002196,40,F,CA,"sports,automotive,home_garden",171,False
user_002197,35,M,DE,"clothing,beauty,jewelry",1652,False
user_002198,27,M,UK,clothing,316,False
user_002199,40,F,US,clothing,1481,True
user_002200,56,M,BR,"jewelry,clothing",1293,False
user_002201,32,F,FR,"clothing,jewelry,electronics",1528,False
user_002202,43,F,UK,clothing,8,False
user_002203,19,F,JP,"home_garden,jewelry,electronics",657,False
user_002204,23,F,BR,food,1240,False
user_002205,40,M,IN,"sports,electronics",13,True
user_002206,52,M,IN,sports,1179,False
user_002207,39,M,AU,"clothing,jewelry,home_garden",1549,False
user_002208,31,F,MX,toys,608,False
user_002209,34,M,AU,"sports,home_garden,toys",1507,False
user_002210,19,M,DE,sports,133,True
user_002211,42,F,JP,"beauty,electronics",164,False
user_002212,45,M,AU,"food,electronics,clothing",1430,False
user_002213,29,M,BR,"clothing,sports,beauty",759,False
user_002214,29,Other,FR,"beauty,automotive",468,False
user_002215,38,M,BR,beauty,665,False
user_002216,29,M,DE,"food,jewelry",1512,False
user_002217,34,F,JP,"electronics,books",1783,False
user_002218,60,M,DE,"beauty,electronics",310,False
user_002219,32,M,JP,home_garden,968,True
user_002220,30,F,DE,"home_garden,electronics",622,False
user_002221,27,F,BR,"sports,home_garden,automotive",887,False
user_002222,43,Other,US,food,724,False
user_002223,32,F,MX,beauty,593,True
user_002224,27,F,CA,"food,home_garden,toys",1294,False
user_002225,50,F,IN,"sports,toys,clothing",578,False
user_002226,52,F,BR,"books,beauty",130,True
user_002227,27,M,AU,"toys,home_garden",1410,False
user_002228,18,F,MX,"food,sports",1626,False
user_002229,47,Other,MX,books,469,False
user_002230,26,F,US,"home_garden,jewelry,food",642,False
user_002231,44,F,MX,toys,659,True
user_002232,18,M,JP,"food,sports",1593,False
user_002233,45,F,US,"books,beauty",971,False
user_002234,20,F,BR,"electronics,beauty,automotive",1151,True
user_002235,43,Other,MX,"beauty,food",1809,False
user_002236,35,F,FR,"home_garden,clothing,sports",1073,False
user_002237,23,M,US,"home_garden,toys",611,False
user_002238,30,M,JP,sports,162,False
user_002239,43,F,IN,food,322,False
user_002240,36,M,FR,"clothing,sports",1447,False
user_002241,42,M,US,"books,jewelry",254,True
user_002242,58,M,AU,"automotive,food",1704,False
user_002243,18,M,AU,"electronics,toys,beauty",1256,False
user_002244,54,M,MX,sports,81,False
user_002245,36,F,UK,books,287,False
user_002246,24,F,AU,"books,home_garden,clothing",693,True
user_002247,19,M,US,"clothing,food",1075,False
user_002248,32,F,FR,"books,automotive",919,False
user_002249,46,M,IN,"home_garden,jewelry",50,True
user_002250,33,M,FR,"home_garden,food,electronics",313,False
user_002251,53,M,JP,automotive,1549,False
user_002252,18,F,BR,"electronics,automotive",49,False
user_002253,34,M,MX,"toys,automotive,clothing",74,False
user_002254,19,F,MX,"food,electronics,beauty",1806,False
user_002255,39,M,IN,toys,16,False
user_002256,45,F,IN,"jewelry,sports,automotive",796,False
user_002257,29,M,FR,jewelry,670,False
user_002258,18,M,BR,"clothing,sports",1236,False
user_002259,37,M,US,"automotive,toys,home_garden",794,False
user_002260,40,F,FR,"home_garden,jewelry,sports",1816,False
user_002261,39,M,FR,"beauty,food",1161,False
user_002262,49,M,US,"home_garden,automotive",444,False
user_002263,22,F,JP,"home_garden,food",1475,False
user_002264,43,F,BR,"jewelry,books",1149,False
user_002265,49,F,US,"home_garden,clothing,automotive",1269,True
user_002266,18,F,CA,sports,912,False
user_002267,38,M,FR,"books,clothing,electronics",867,False
user_002268,28,M,US,"clothing,sports",610,False
user_002269,34,M,BR,sports,1818,False
user_002270,39,F,US,clothing,1803,False
user_002271,29,M,FR,"books,electronics",933,False
user_002272,26,M,MX,"automotive,sports,jewelry",983,True
user_002273,35,M,JP,"books,home_garden,clothing",62,True
user_002274,21,M,US,"food,toys",1182,False
user_002275,21,F,FR,"clothing,sports,automotive",1643,False
user_002276,43,F,US,"sports,home_garden,automotive",1332,True
user_002277,21,F,US,"toys,automotive,food",587,False
user_002278,42,F,AU,"beauty,food,automotive",1349,False
user_002279,40,M,AU,"automotive,jewelry,books",834,False
user_002280,18,Other,CA,"beauty,food",303,False
user_002281,26,M,JP,"automotive,toys",178,False
user_002282,49,F,BR,beauty,924,False
user_002283,23,F,DE,"books,electronics,beauty",1227,False
user_002284,29,F,JP,"books,jewelry,home_garden",168,False
user_002285,40,F,IN,automotive,213,False
user_002286,44,F,AU,"automotive,books",1002,True
user_002287,31,F,JP,"beauty,automotive,toys",449,False
user_002288,27,F,BR,"toys,clothing,home_garden",319,False
user_002289,52,F,IN,electronics,1639,True
user_002290,55,F,CA,clothing,496,False
user_002291,46,F,FR,"home_garden,automotive",49,True
user_002292,36,M,UK,"clothing,home_garden",138,False
user_002293,25,F,JP,toys,22,False
user_002294,25,M,CA,"beauty,toys",878,False
user_002295,41,F,US,"jewelry,electronics",1024,False
user_002296,40,F,JP,sports,1542,False
user_002297,51,F,MX,toys,1804,False
user_002298,42,M,BR,"food,electronics,toys",1555,False
user_002299,18,M,FR,"sports,automotive",1484,False
user_002300,47,F,FR,"clothing,food,toys",1237,False
user_002301,23,M,BR,beauty,444,False
user_002302,30,F,MX,electronics,1767,False
user_002303,38,M,IN,automotive,372,False
user_002304,58,M,UK,"jewelry,toys,electronics",1430,False
user_002305,72,M,DE,food,82,False
user_002306,42,F,UK,"toys,clothing",408,False
user_002307,32,M,DE,electronics,1583,False
user_002308,41,M,MX,"books,home_garden",1732,False
user_002309,45,M,DE,"food,clothing,automotive",1517,False
user_002310,31,F,JP,"jewelry,electronics,food",43,False
user_002311,56,M,US,"beauty,automotive,clothing",572,False
user_002312,37,M,AU,"toys,clothing,automotive",973,False
user_002313,40,M,DE,books,177,False
user_002314,42,F,BR,"home_garden,food,beauty",137,False
user_002315,40,F,FR,"books,toys,clothing",415,True
user_002316,45,M,US,toys,1045,False
user_002317,27,F,MX,automotive,1087,True
user_002318,28,F,BR,beauty,1641,False
user_002319,21,M,DE,"food,jewelry,automotive",795,False
user_002320,40,F,IN,"automotive,clothing,books",298,False
user_002321,44,F,UK,food,1160,False
user_002322,40,F,JP,"toys,beauty,home_garden",123,False
user_002323,55,F,US,beauty,395,False
user_002324,34,F,FR,"toys,food",1534,False
user_002325,43,F,DE,"jewelry,automotive",495,False
user_002326,21,M,US,"food,clothing",855,True
user_002327,30,F,US,books,757,False
user_002328,43,M,IN,"food,beauty",1240,False
user_002329,45,F,MX,"food,automotive",1424,False
user_002330,31,M,BR,"jewelry,books,food",702,False
user_002331,34,F,CA,"clothing,sports,automotive",1218,False
user_002332,18,F,AU,"beauty,home_garden",628,False
user_002333,30,M,MX,"automotive,toys",869,False
user_002334,45,F,DE,jewelry,1643,False
user_002335,41,F,IN,"home_garden,beauty",658,False
user_002336,41,M,CA,"jewelry,automotive",1308,False
user_002337,35,M,JP,"beauty,books,food",992,False
user_002338,35,M,MX,"food,automotive,beauty",148,False
user_002339,27,M,FR,"automotive,toys",1663,False
user_002340,43,F,CA,"food,automotive",1047,False
user_002341,40,M,JP,sports,1287,False
user_002342,40,M,UK,"clothing,food,toys",287,False
user_002343,28,F,CA,"electronics,jewelry",221,False
user_002344,18,F,JP,"books,clothing",420,True
user_002345,48,M,MX,"jewelry,electronics,automotive",1474,False
user_002346,29,M,MX,"home_garden,jewelry",1169,False
user_002347,24,M,MX,"beauty,home_garden,books",649,False
user_002348,43,M,MX,toys,36,False
user_002349,30,F,CA,jewelry,1658,False
user_002350,47,F,FR,home_garden,496,False
user_002351,42,F,CA,books,220,True
user_002352,43,M,FR,"sports,toys,automotive",206,False
user_002353,18,M,JP,"food,jewelry",1743,False
user_002354,49,F,FR,"electronics,automotive",1806,False
user_002355,38,M,BR,"automotive,beauty",1040,False
user_002356,30,M,UK,"jewelry,home_garden",1231,False
user_002357,36,M,AU,"toys,books,jewelry",724,False
user_002358,18,F,JP,sports,1230,False
user_002359,39,M,UK,jewelry,927,False
user_002360,22,F,AU,toys,781,True
user_002361,18,M,CA,"food,toys",714,False
user_002362,18,M,FR,"sports,food",1749,False
user_002363,48,F,JP,"jewelry,automotive,home_garden",747,True
user_002364,27,F,DE,clothing,190,False
user_002365,53,F,CA,"electronics,sports,clothing",928,True
user_002366,28,M,DE,toys,470,False
user_002367,18,M,UK,automotive,1272,True
user_002368,21,F,DE,"books,sports,food",484,True
user_002369,49,F,UK,jewelry,1583,True
user_002370,33,M,BR,automotive,1134,False
user_002371,28,M,US,"books,jewelry,automotive",667,False
user_002372,36,F,US,"automotive,electronics",807,True
user_002373,41,M,DE,food,496,False
user_002374,48,M,BR,"jewelry,sports",359,False
user_002375,52,M,JP,"home_garden,books,electronics",279,True
user_002376,30,F,JP,"automotive,food",1128,False
user_002377,19,Other,IN,"automotive,food",725,False
user_002378,30,M,BR,"toys,sports,jewelry",259,False
user_002379,38,F,AU,clothing,1725,False
user_002380,23,M,US,"toys,jewelry,automotive",645,False
user_002381,23,M,DE,home_garden,922,False
user_002382,39,M,US,"books,sports,toys",466,False
user_002383,34,M,BR,"food,toys",761,False
user_002384,35,F,FR,"books,toys",299,False
user_002385,25,M,AU,sports,953,False
user_002386,32,M,IN,"toys,clothing,sports",1130,False
user_002387,23,M,CA,"clothing,beauty",1038,False
user_002388,45,F,IN,books,553,True
user_002389,47,M,JP,"home_garden,automotive,beauty",685,False
user_002390,18,M,US,"beauty,jewelry",1641,False
user_002391,23,F,JP,food,1564,False
user_002392,18,Other,DE,"automotive,jewelry,clothing",1690,False
user_002393,27,M,FR,"food,sports,books",191,False
user_002394,33,M,CA,"toys,home_garden",25,False
user_002395,18,F,JP,toys,1638,False
user_002396,23,F,CA,toys,432,True
user_002397,22,F,CA,books,1490,False
user_002398,37,M,DE,home_garden,1378,False
user_002399,35,F,AU,food,1264,False
user_002400,26,F,IN,"food,sports",1822,False
user_002401,37,F,MX,"beauty,jewelry,books",1066,False
user_002402,28,M,CA,"home_garden,jewelry,electronics",673,False
user_002403,31,M,MX,"food,toys",616,False
user_002404,55,F,FR,"clothing,books",1804,False
user_002405,51,F,IN,"books,clothing",744,False
user_002406,19,M,FR,"toys,beauty",333,False
user_002407,44,M,JP,"clothing,beauty,electronics",316,False
user_002408,44,F,UK,beauty,631,False
user_002409,21,M,FR,"toys,home_garden",587,False
user_002410,44,M,AU,beauty,1216,False
user_002411,53,M,US,clothing,308,False
user_002412,21,Other,US,"clothing,books",966,False
user_002413,23,Other,AU,sports,1391,False
user_002414,47,M,CA,"beauty,clothing,electronics",677,True
user_002415,38,F,FR,"clothing,electronics,automotive",1617,False
user_002416,41,M,CA,"food,clothing",1261,False
user_002417,39,M,UK,jewelry,947,False
user_002418,39,M,MX,"books,automotive",459,False
user_002419,19,F,DE,toys,1424,False
user_002420,47,M,JP,"beauty,automotive",857,False
user_002421,49,F,FR,sports,493,False
user_002422,32,M,UK,"books,electronics,clothing",303,True
user_002423,34,F,CA,"books,jewelry",1578,False
user_002424,18,F,JP,"jewelry,home_garden",840,True
user_002425,41,F,US,"automotive,sports,home_garden",746,False
user_002426,41,M,US,beauty,1723,False
user_002427,34,F,BR,"toys,books",1349,False
user_002428,48,F,JP,"beauty,food,books",1349,False
user_002429,30,F,JP,"books,electronics,jewelry",191,False
user_002430,41,F,FR,"books,electronics",1051,False
user_002431,22,M,US,"home_garden,books",1294,False
user_002432,34,M,UK,"jewelry,beauty",989,False
user_002433,32,M,IN,"home_garden,jewelry,books",561,False
user_002434,37,F,US,"jewelry,home_garden,toys",932,False
user_002435,30,M,AU,"automotive,sports,food",37,False
user_002436,33,F,MX,"clothing,food,toys",1172,False
user_002437,44,M,CA,"jewelry,home_garden",1336,False
user_002438,29,M,CA,jewelry,9,False
user_002439,18,F,BR,home_garden,490,False
user_002440,55,F,CA,"electronics,clothing",1097,False
user_002441,51,F,US,"toys,electronics,sports",1018,False
user_002442,19,F,CA,automotive,1597,True
user_002443,43,F,AU,toys,363,False
user_002444,28,F,UK,electronics,674,False
user_002445,38,M,CA,"electronics,clothing",347,False
user_002446,38,F,FR,"sports,toys,books",1494,False
user_002447,32,M,IN,sports,1417,False
user_002448,25,Other,UK,clothing,1748,False
user_002449,26,F,CA,clothing,367,True
user_002450,24,F,IN,"beauty,clothing",953,False
user_002451,25,F,AU,"jewelry,sports",1616,True
user_002452,34,F,IN,toys,513,False
user_002453,26,M,DE,"clothing,jewelry,books",1070,False
user_002454,43,M,JP,"home_garden,food,beauty",1624,False
user_002455,52,F,JP,automotive,435,False
user_002456,28,F,BR,"food,clothing,home_garden",1142,False
user_002457,37,M,US,"beauty,jewelry",75,False
user_002458,40,M,AU,jewelry,1329,False
user_002459,40,M,UK,"electronics,beauty,food",1218,False
user_002460,35,M,BR,jewelry,1134,False
user_002461,43,F,AU,"beauty,clothing,electronics",504,False
user_002462,40,F,US,"sports,electronics",615,False
user_002463,20,F,DE,sports,575,False
user_002464,45,M,BR,"clothing,automotive",632,False
user_002465,45,Other,AU,"electronics,jewelry",379,False
user_002466,25,F,UK,automotive,743,True
user_002467,35,F,DE,"beauty,jewelry",1181,False
user_002468,43,M,CA,home_garden,1724,False
user_002469,32,F,CA,"clothing,automotive,sports",206,False
user_002470,47,F,JP,sports,191,False
user_002471,63,M,MX,"electronics,books",9,True
user_002472,25,F,JP,"electronics,food",1110,True
user_002473,18,F,FR,jewelry,168,False
user_002474,38,F,UK,jewelry,1292,False
user_002475,43,M,IN,"home_garden,books",489,False
user_002476,32,F,MX,automotive,1628,False
user_002477,52,F,US,food,881,False
user_002478,18,M,JP,"toys,home_garden,sports",1210,False
user_002479,43,F,UK,"sports,jewelry,home_garden",1448,False
user_002480,27,Other,JP,"jewelry,food,electronics",1210,False
user_002481,55,F,MX,"books,jewelry",246,False
user_002482,58,F,FR,books,512,False
user_002483,25,Other,CA,"clothing,toys,books",231,False
user_002484,28,M,AU,"home_garden,clothing,electronics",423,False
user_002485,45,F,AU,clothing,842,False
user_002486,30,F,DE,"sports,food,home_garden",424,False
user_002487,34,F,CA,home_garden,896,True
user_002488,35,M,US,toys,1601,False
user_002489,18,F,FR,food,847,True
user_002490,34,M,JP,"books,sports",1576,True
user_002491,26,M,FR,"clothing,food,beauty",921,False
user_002492,29,M,BR,"food,toys",452,False
user_002493,52,F,BR,electronics,788,False
user_002494,19,M,AU,"automotive,books,clothing",1070,False
user_002495,44,F,IN,sports,1638,False
user_002496,31,F,UK,"electronics,clothing",495,False
user_002497,31,F,MX,"home_garden,automotive",1637,False
user_002498,44,Other,US,food,306,False
user_002499,39,F,US,"automotive,toys",986,False
user_002500,41,F,JP,sports,515,False
user_002501,46,F,MX,"jewelry,home_garden",1158,False
user_002502,31,M,FR,toys,1824,False
user_002503,27,M,FR,beauty,1091,False
user_002504,21,F,US,toys,1413,True
user_002505,25,F,FR,"books,home_garden,toys",957,False
user_002506,70,F,FR,"clothing,jewelry,food",1512,False
user_002507,49,M,MX,"clothing,electronics",838,True
user_002508,18,F,UK,"jewelry,food",698,False
user_002509,19,F,IN,"clothing,jewelry,sports",1529,False
user_002510,40,M,CA,electronics,1109,False
user_002511,41,F,AU,"electronics,food,home_garden",205,True
user_002512,41,M,AU,"home_garden,sports,electronics",731,False
user_002513,31,Other,MX,"books,electronics,clothing",44,False
user_002514,33,F,FR,books,1511,True
user_002515,38,F,FR,home_garden,272,False
user_002516,36,M,DE,food,65,True
user_002517,18,F,JP,"home_garden,beauty,sports",316,False
user_002518,32,M,DE,food,768,True
user_002519,24,M,DE,toys,434,True
user_002520,37,M,DE,"clothing,toys",546,False
user_002521,70,F,DE,"automotive,jewelry,beauty",1698,False
user_002522,39,M,MX,"jewelry,home_garden,food",1714,False
user_002523,31,F,US,"beauty,sports",402,False
user_002524,46,F,MX,"automotive,food",237,False
user_002525,40,M,IN,electronics,1756,True
user_002526,40,M,DE,"toys,books",1104,False
user_002527,42,F,IN,home_garden,1758,False
user_002528,59,F,UK,home_garden,695,False
user_002529,21,M,IN,sports,279,False
user_002530,40,F,FR,toys,287,False
user_002531,23,F,MX,clothing,906,True
user_002532,41,M,CA,"automotive,clothing,beauty",1736,False
user_002533,23,F,US,electronics,1768,False
user_002534,29,M,MX,clothing,167,True
user_002535,31,F,UK,food,900,False
user_002536,46,F,AU,"beauty,electronics,automotive",641,False
user_002537,46,F,CA,automotive,535,False
user_002538,20,M,IN,"books,automotive,food",1573,True
user_002539,35,F,US,sports,644,False
user_002540,26,M,US,automotive,91,False
user_002541,19,F,JP,sports,708,False
user_002542,32,F,CA,beauty,1086,True
user_002543,31,M,DE,"jewelry,clothing",1634,False
user_002544,64,M,US,beauty,750,False
user_002545,40,M,US,jewelry,1132,False
user_002546,18,M,JP,"food,electronics,toys",1234,False
user_002547,28,F,IN,"food,beauty,electronics",379,True
user_002548,47,F,UK,sports,1773,False
user_002549,60,M,CA,"clothing,automotive,electronics",1756,False
user_002550,18,F,JP,"food,jewelry,home_garden",1471,False
user_002551,18,M,UK,"clothing,toys,sports",290,False
user_002552,57,M,DE,"sports,books,jewelry",43,False
user_002553,39,F,IN,"books,beauty",883,False
user_002554,24,M,US,"sports,clothing",1684,False
user_002555,41,F,AU,"toys,books,beauty",1552,False
user_002556,18,M,FR,books,1477,False
user_002557,35,M,US,"automotive,books",1370,True
user_002558,38,F,CA,"sports,toys",1051,False
user_002559,46,F,AU,"automotive,electronics,home_garden",495,False
user_002560,22,M,DE,"automotive,books,sports",954,False
user_002561,36,M,US,"electronics,beauty,jewelry",1747,False
user_002562,23,M,AU,home_garden,398,False
user_002563,38,F,UK,"jewelry,beauty",809,False
user_002564,24,M,MX,clothing,932,False
user_002565,30,F,FR,"clothing,automotive,electronics",494,False
user_002566,23,M,AU,"home_garden,food,jewelry",463,True
user_002567,42,F,MX,"electronics,clothing",1560,False
user_002568,45,M,IN,"toys,clothing",1758,False
user_002569,32,F,FR,"automotive,electronics,jewelry",1681,True
user_002570,35,M,JP,jewelry,230,False
user_002571,18,F,AU,"automotive,electronics,home_garden",968,False
user_002572,31,F,MX,"sports,jewelry",246,False
user_002573,34,M,MX,"electronics,home_garden",1623,False
user_002574,66,M,UK,clothing,1656,True
user_002575,21,F,FR,"jewelry,sports,clothing",474,False
user_002576,52,F,JP,"beauty,electronics",399,False
user_002577,46,M,BR,"books,home_garden,jewelry",564,False
user_002578,38,M,US,"clothing,jewelry",1425,False
user_002579,56,F,US,"sports,books,toys",1699,False
user_002580,39,M,JP,beauty,878,False
user_002581,39,M,DE,"electronics,automotive,clothing",874,False
user_002582,34,F,US,electronics,1066,False
user_002583,49,F,UK,"toys,jewelry",1676,False
user_002584,48,M,BR,toys,149,False
user_002585,27,F,CA,"home_garden,clothing,books",698,False
user_002586,19,M,MX,"automotive,jewelry",223,False
user_002587,32,F,DE,"toys,automotive",1273,False
user_002588,25,M,CA,"sports,jewelry,electronics",1136,True
user_002589,34,M,BR,"food,home_garden,beauty",1768,False
user_002590,49,M,FR,"automotive,books,toys",1322,False
user_002591,29,F,BR,"clothing,electronics,jewelry",1416,False
user_002592,34,Other,MX,"electronics,automotive,beauty",1450,True
user_002593,35,F,BR,"sports,books",523,False
user_002594,45,F,MX,toys,1278,False
user_002595,18,F,CA,"jewelry,toys",1701,False
user_002596,27,F,CA,"jewelry,food,clothing",298,False
user_002597,37,F,MX,"jewelry,toys",509,True
user_002598,49,F,CA,"clothing,sports,electronics",1167,False
user_002599,29,F,UK,books,379,False
user_002600,18,F,JP,sports,828,False
user_002601,42,F,US,toys,1143,False
user_002602,27,F,US,"clothing,food",1315,False
user_002603,20,F,FR,"home_garden,sports,jewelry",668,False
user_002604,27,F,IN,"beauty,home_garden,books",1551,True
user_002605,32,Other,UK,"electronics,beauty",292,False
user_002606,27,M,DE,"jewelry,toys,beauty",832,False
user_002607,18,M,CA,"automotive,books",192,False
user_002608,45,M,UK,"jewelry,toys",1699,False
user_002609,50,F,DE,"food,toys,clothing",1570,False
user_002610,42,M,FR,"beauty,jewelry,clothing",1592,False
user_002611,21,F,CA,"books,home_garden,sports",1283,False
user_002612,32,M,FR,books,3,True
user_002613,34,M,US,"toys,jewelry,automotive",240,False
user_002614,42,M,FR,"automotive,home_garden",1668,False
user_002615,43,F,JP,electronics,1081,True
user_002616,26,F,UK,"sports,clothing,jewelry",1757,False
user_002617,35,M,DE,food,1768,False
user_002618,40,F,JP,jewelry,1285,True
user_002619,52,M,BR,"beauty,home_garden,sports",903,False
user_002620,43,M,BR,"toys,books",1814,True
user_002621,44,F,AU,"toys,books",40,False
user_002622,36,F,BR,food,788,False
user_002623,51,F,MX,jewelry,137,False
user_002624,39,F,IN,"electronics,toys",539,True
user_002625,24,M,FR,home_garden,183,False
user_002626,51,M,JP,"beauty,books",223,False
user_002627,43,M,DE,food,1389,True
user_002628,29,M,JP,"books,electronics,toys",488,False
user_002629,29,F,MX,"beauty,books,food",707,False
user_002630,38,M,IN,home_garden,608,False
user_002631,40,M,JP,"electronics,books,beauty",603,False
user_002632,37,M,US,toys,485,False
user_002633,38,M,UK,"sports,clothing,toys",291,False
user_002634,55,F,UK,"food,automotive,books",29,False
user_002635,47,M,FR,"clothing,food,books",535,False
user_002636,37,M,BR,"books,automotive",1607,False
user_002637,46,F,FR,"food,home_garden,toys",1792,False
user_002638,22,F,DE,clothing,1114,False
user_002639,39,M,MX,"toys,electronics",1537,False
user_002640,56,M,UK,"electronics,food,toys",929,False
user_002641,32,F,BR,toys,484,False
user_002642,24,F,JP,"books,electronics,beauty",1108,True
user_002643,27,F,AU,"books,jewelry,home_garden",1381,False
user_002644,21,F,IN,"beauty,electronics",917,False
user_002645,25,F,IN,"sports,toys,books",1334,False
user_002646,30,Other,DE,clothing,671,False
user_002647,18,F,IN,"jewelry,electronics",1583,False
user_002648,35,F,IN,toys,592,False
user_002649,45,M,US,books,1743,False
user_002650,24,F,FR,jewelry,1357,False
user_002651,53,F,CA,"jewelry,sports",1328,True
user_002652,41,F,CA,"beauty,automotive,clothing",711,False
user_002653,47,F,BR,"automotive,food,electronics",188,False
user_002654,27,F,JP,home_garden,917,False
user_002655,45,F,DE,automotive,54,False
user_002656,21,F,MX,"sports,toys",131,False
user_002657,45,M,DE,"food,jewelry,automotive",1756,False
user_002658,37,F,DE,"automotive,food",1715,False
user_002659,41,F,US,"automotive,home_garden",1620,False
user_002660,20,M,DE,"automotive,electronics",1398,False
user_002661,24,M,CA,beauty,1809,True
user_002662,42,F,AU,"toys,jewelry",1405,False
user_002663,23,F,DE,electronics,573,False
user_002664,40,F,CA,beauty,515,False
user_002665,18,M,AU,"toys,food,jewelry",1693,False
user_002666,45,F,DE,"books,home_garden",1400,False
user_002667,20,F,FR,"sports,toys,home_garden",1119,False
user_002668,41,M,UK,"clothing,beauty,toys",1402,False
user_002669,42,F,BR,"books,automotive",365,False
user_002670,26,Other,DE,"toys,books",827,False
user_002671,41,M,MX,home_garden,1601,False
user_002672,38,F,IN,home_garden,218,False
user_002673,28,M,BR,"beauty,jewelry",1063,False
user_002674,22,M,AU,"automotive,beauty",1549,False
user_002675,18,M,CA,"sports,jewelry,home_garden",1287,False
user_002676,39,F,MX,"automotive,clothing,jewelry",992,False
user_002677,18,F,AU,automotive,1192,False
user_002678,36,F,FR,clothing,808,False
user_002679,31,M,AU,"sports,food",415,True
user_002680,43,F,BR,"books,beauty,home_garden",1491,False
user_002681,31,M,AU,"clothing,home_garden,toys",94,True
user_002682,31,M,UK,"sports,books,clothing",73,False
user_002683,43,M,IN,food,250,False
user_002684,39,F,DE,"food,automotive,electronics",1552,False
user_002685,38,M,IN,"beauty,books",1079,False
user_002686,40,F,AU,"toys,books",1142,False
user_002687,18,F,MX,"toys,electronics",1038,False
user_002688,44,M,DE,"automotive,food",284,False
user_002689,42,Other,CA,"automotive,beauty",1109,False
user_002690,22,F,AU,"jewelry,toys,beauty",1614,False
user_002691,32,M,MX,"sports,books,automotive",244,False
user_002692,34,M,US,"toys,beauty,electronics",1808,True
user_002693,33,M,FR,sports,1201,False
user_002694,39,F,DE,clothing,1317,False
user_002695,52,F,UK,beauty,427,True
user_002696,47,F,JP,"food,electronics",1138,False
user_002697,19,M,IN,"clothing,sports,automotive",1075,False
user_002698,42,M,FR,"jewelry,food",867,False
user_002699,50,M,US,"food,sports,toys",266,False
user_002700,39,M,UK,"books,beauty,sports",1077,False
user_002701,48,F,UK,automotive,1510,True
user_002702,59,M,DE,books,1800,False
user_002703,47,F,US,sports,773,False
user_002704,37,M,CA,automotive,1003,False
user_002705,47,M,DE,"automotive,food,beauty",1571,False
user_002706,36,F,AU,"clothing,food,books",984,False
user_002707,35,F,BR,"beauty,automotive",278,False
user_002708,30,F,IN,"electronics,beauty,books",1673,False
user_002709,53,F,JP,"food,toys,home_garden",109,False
user_002710,25,Other,BR,food,360,True
user_002711,53,F,FR,"home_garden,jewelry,food",1157,False
user_002712,40,M,DE,electronics,318,False
user_002713,18,F,UK,"jewelry,home_garden,toys",1501,False
user_002714,39,F,FR,"jewelry,clothing",1133,False
user_002715,18,M,AU,books,1439,False
user_002716,42,F,CA,"automotive,home_garden,beauty",547,False
user_002717,45,M,JP,"food,jewelry",594,False
user_002718,27,M,CA,jewelry,1183,False
user_002719,36,M,BR,"jewelry,clothing",1237,False
user_002720,58,F,BR,"food,electronics,books",144,False
user_002721,28,F,BR,"home_garden,food",1473,True
user_002722,22,F,IN,"beauty,books",1063,False
user_002723,52,F,UK,electronics,276,False
user_002724,58,M,US,"electronics,automotive",1810,True
user_002725,35,M,FR,"food,jewelry,automotive",1420,False
user_002726,47,M,IN,"beauty,automotive,jewelry",808,False
user_002727,51,M,CA,home_garden,484,False
user_002728,26,M,AU,"clothing,beauty,jewelry",1711,False
user_002729,29,F,UK,jewelry,47,False
user_002730,49,F,UK,"jewelry,books,beauty",621,False
user_002731,55,M,FR,"automotive,home_garden",11,False
user_002732,41,F,BR,"clothing,home_garden",191,False
user_002733,24,M,DE,books,1499,False
user_002734,58,M,BR,books,840,False
user_002735,28,F,UK,"books,electronics,clothing",238,True
user_002736,30,F,US,"clothing,books",248,False
user_002737,39,M,AU,food,1356,False
user_002738,53,F,FR,"food,home_garden,automotive",76,False
user_002739,45,M,FR,toys,1099,True
user_002740,39,F,CA,food,1591,False
user_002741,40,M,UK,sports,583,True
user_002742,35,F,US,"toys,automotive,books",1181,False
user_002743,41,F,JP,books,264,True
user_002744,18,F,UK,"home_garden,beauty,automotive",1660,False
user_002745,31,M,MX,"electronics,home_garden,beauty",1017,False
user_002746,37,Other,UK,home_garden,291,False
user_002747,21,M,AU,"beauty,automotive",794,False
user_002748,39,F,CA,home_garden,154,False
user_002749,32,M,BR,electronics,111,False
user_002750,56,M,IN,"jewelry,books",1014,False
user_002751,53,F,BR,jewelry,1473,False
user_002752,29,M,MX,toys,46,False
user_002753,33,F,IN,books,1332,False
user_002754,34,M,DE,beauty,1696,False
user_002755,29,M,US,"electronics,home_garden,sports",256,True
user_002756,37,F,BR,"toys,food",755,False
user_002757,25,M,MX,"jewelry,clothing",1387,False
user_002758,21,M,DE,"beauty,sports",505,False
user_002759,42,F,CA,books,946,False
user_002760,42,F,UK,electronics,1633,False
user_002761,25,M,JP,electronics,1135,False
user_002762,45,F,UK,"toys,sports",1002,False
user_002763,27,F,AU,"electronics,automotive,jewelry",918,True
user_002764,38,F,BR,"electronics,clothing,beauty",173,False
user_002765,44,M,FR,toys,111,False
user_002766,34,M,US,beauty,1666,False
user_002767,40,F,FR,"automotive,sports",1641,False
user_002768,28,M,MX,home_garden,892,False
user_002769,32,M,JP,"automotive,beauty,food",1221,False
user_002770,32,M,US,home_garden,684,False
user_002771,26,F,BR,"home_garden,toys,books",521,False
user_002772,32,M,MX,"toys,books",132,False
user_002773,18,M,US,food,545,False
user_002774,29,Other,MX,"clothing,sports",52,False
user_002775,31,M,BR,electronics,1366,False
user_002776,31,F,CA,"electronics,jewelry",1200,False
user_002777,32,M,UK,"clothing,sports,electronics",649,False
user_002778,34,F,IN,sports,78,False
user_002779,40,F,JP,"jewelry,food",1605,False
user_002780,45,M,MX,"home_garden,clothing",900,False
user_002781,27,F,UK,"toys,automotive",842,False
user_002782,20,M,CA,books,101,False
user_002783,22,F,AU,"sports,home_garden,automotive",895,False
user_002784,29,Other,BR,"automotive,sports,clothing",1653,True
user_002785,30,F,DE,"sports,books,toys",54,False
user_002786,25,M,IN,automotive,1730,False
user_002787,19,M,DE,toys,1354,False
user_002788,29,M,IN,sports,1637,True
user_002789,37,F,MX,"jewelry,automotive",919,False
user_002790,42,Other,US,clothing,1497,False
user_002791,28,F,UK,"jewelry,sports,electronics",1120,False
user_002792,30,M,UK,"sports,automotive",925,False
user_002793,23,F,FR,"automotive,jewelry",1170,False
user_002794,34,F,US,"beauty,food,electronics",1663,True
user_002795,24,M,UK,"electronics,toys,food",1698,False
user_002796,41,F,CA,toys,1220,False
user_002797,18,F,MX,"clothing,books,food",554,False
user_002798,30,M,JP,"toys,automotive,books",1185,False
user_002799,38,M,AU,"food,electronics,sports",470,False
user_002800,37,M,JP,"clothing,toys",91,False
user_002801,67,M,IN,"home_garden,books,food",1144,False
user_002802,39,F,BR,"toys,beauty,clothing",1190,False
user_002803,22,F,MX,"toys,books,sports",864,False
user_002804,33,M,FR,"jewelry,toys",1476,False
user_002805,18,M,CA,"toys,electronics,sports",311,True
user_002806,34,F,UK,books,791,True
user_002807,25,F,JP,"jewelry,home_garden",564,False
user_002808,45,F,MX,electronics,1617,False
user_002809,28,F,IN,"automotive,toys",467,False
user_002810,33,M,DE,"books,sports",1542,False
user_002811,27,M,UK,"jewelry,clothing,toys",183,False
user_002812,55,F,FR,clothing,733,False
user_002813,31,M,FR,"books,home_garden,toys",974,False
user_002814,56,M,FR,beauty,90,False
user_002815,44,M,AU,"automotive,jewelry",1597,False
user_002816,40,M,CA,books,1537,False
user_002817,39,M,UK,sports,879,False
user_002818,39,F,CA,home_garden,58,False
user_002819,18,M,BR,"toys,clothing",1531,True
user_002820,31,F,US,"books,sports,electronics",1775,False
user_002821,45,M,CA,"books,clothing,sports",848,False
user_002822,34,F,MX,home_garden,379,False
user_002823,18,F,IN,"toys,sports,jewelry",1265,False
user_002824,34,M,MX,jewelry,1126,False
user_002825,55,M,MX,"toys,sports,clothing",535,False
user_002826,49,F,MX,"electronics,clothing,automotive",1392,False
user_002827,34,F,JP,"food,beauty,home_garden",1821,False
user_002828,46,M,JP,"clothing,jewelry",1399,False
user_002829,30,F,IN,jewelry,1654,False
user_002830,18,M,DE,"beauty,home_garden",205,False
user_002831,23,F,JP,"beauty,jewelry",995,True
user_002832,53,F,MX,jewelry,617,False
user_002833,31,M,CA,"automotive,sports",771,False
user_002834,32,M,JP,"sports,automotive,toys",103,False
user_002835,31,M,CA,"sports,books",645,False
user_002836,57,M,US,"food,jewelry",1170,False
user_002837,54,M,IN,"beauty,home_garden",1650,False
user_002838,61,F,AU,"books,home_garden",529,False
user_002839,33,F,AU,"books,jewelry",1435,False
user_002840,38,F,MX,toys,1246,False
user_002841,18,F,JP,electronics,329,False
user_002842,52,M,DE,books,1561,False
user_002843,20,M,DE,"food,jewelry",1565,False
user_002844,37,M,UK,toys,363,False
user_002845,21,M,IN,clothing,1670,False
user_002846,27,M,IN,"automotive,toys,electronics",31,True
user_002847,24,F,IN,"automotive,toys,food",262,False
user_002848,27,F,AU,books,910,False
user_002849,28,M,JP,sports,1624,False
user_002850,28,M,UK,toys,338,True
user_002851,45,M,JP,"sports,home_garden,food",709,False
user_002852,21,M,AU,"toys,automotive,electronics",1678,False
user_002853,37,M,DE,"sports,automotive",253,False
user_002854,49,F,AU,"home_garden,automotive,beauty",1633,False
user_002855,28,F,JP,"electronics,jewelry",522,False
user_002856,26,M,DE,"sports,food",1782,False
user_002857,32,M,FR,clothing,316,False
user_002858,49,F,BR,"sports,automotive",1398,False
user_002859,37,F,JP,"clothing,food,automotive",1565,False
user_002860,28,M,FR,"sports,books,food",1777,False
user_002861,40,F,AU,"toys,books,clothing",1463,True
user_002862,21,Other,US,"electronics,clothing,toys",523,False
user_002863,43,F,FR,"home_garden,electronics,toys",666,False
user_002864,39,M,FR,"books,sports,home_garden",1805,False
user_002865,31,F,JP,clothing,903,False
user_002866,24,F,AU,"automotive,clothing",353,False
user_002867,24,M,US,"beauty,sports",1692,False
user_002868,41,F,FR,"beauty,clothing,food",923,False
user_002869,49,M,MX,"clothing,electronics,beauty",253,True
user_002870,27,F,IN,"automotive,jewelry",1506,False
user_002871,40,F,MX,"jewelry,toys,books",125,False
user_002872,18,F,UK,"food,books",562,False
user_002873,27,M,UK,"books,sports,toys",1766,False
user_002874,34,M,DE,"automotive,toys,sports",418,False
user_002875,24,F,FR,"home_garden,food,books",1164,False
user_002876,23,Other,IN,clothing,1024,True
user_002877,26,M,DE,jewelry,1059,False
user_002878,38,F,FR,jewelry,344,True
user_002879,32,M,FR,clothing,360,False
user_002880,18,F,JP,clothing,945,False
user_002881,18,F,IN,electronics,1723,False
user_002882,27,M,IN,"automotive,food,toys",172,False
user_002883,40,M,UK,beauty,592,True
user_002884,18,F,FR,"home_garden,automotive,sports",1314,False
user_002885,29,M,IN,"automotive,electronics,food",1314,True
user_002886,28,F,MX,"sports,toys",648,False
user_002887,51,M,US,electronics,937,False
user_002888,30,M,CA,"books,electronics",675,False
user_002889,39,M,US,"toys,food,clothing",893,False
user_002890,36,M,US,"toys,jewelry,sports",1326,False
user_002891,18,F,FR,"sports,clothing",578,True
user_002892,44,M,MX,"automotive,beauty",1676,False
user_002893,37,F,US,"sports,food,electronics",753,False
user_002894,41,M,FR,toys,603,False
user_002895,80,M,MX,"automotive,toys",941,False
user_002896,18,F,IN,"home_garden,automotive,toys",1302,False
user_002897,55,F,UK,"automotive,food",746,True
user_002898,31,M,UK,"toys,books,beauty",1167,False
user_002899,38,M,UK,"electronics,home_garden",272,False
user_002900,34,M,CA,"beauty,food,books",162,False
user_002901,29,M,DE,jewelry,150,False
user_002902,28,M,UK,"beauty,automotive",944,False
user_002903,38,F,JP,"clothing,books",1234,False
user_002904,18,F,IN,clothing,297,False
user_002905,44,M,DE,"jewelry,toys,books",334,True
user_002906,30,F,BR,"beauty,automotive",110,False
user_002907,21,F,UK,"beauty,sports",1687,False
user_002908,29,F,US,"sports,beauty,food",654,False
user_002909,50,M,AU,"books,electronics,jewelry",1018,False
user_002910,28,M,JP,"jewelry,electronics,automotive",450,False
user_002911,39,F,BR,"toys,sports",352,False
user_002912,26,F,BR,sports,364,False
user_002913,44,M,UK,"jewelry,beauty,sports",995,False
user_002914,43,F,FR,"books,jewelry,sports",185,True
user_002915,57,F,IN,"clothing,toys",1628,False
user_002916,32,M,AU,food,1152,False
user_002917,43,M,AU,clothing,3,False
user_002918,36,M,JP,"clothing,jewelry",166,False
user_002919,50,M,BR,beauty,110,False
user_002920,26,M,BR,home_garden,146,False
user_002921,43,F,CA,"beauty,electronics,automotive",1435,False
user_002922,32,F,AU,"clothing,automotive,sports",1432,False
user_002923,34,M,IN,"books,automotive,food",1174,False
user_002924,36,F,CA,"beauty,books",968,False
user_002925,38,F,BR,"clothing,automotive",415,False
user_002926,33,M,AU,"clothing,home_garden,jewelry",93,False
user_002927,37,F,UK,"jewelry,toys,home_garden",960,False
user_002928,53,M,IN,beauty,1565,False
user_002929,46,F,DE,beauty,862,False
user_002930,45,M,JP,"sports,automotive",918,False
user_002931,29,F,IN,"home_garden,sports,automotive",400,False
user_002932,24,F,JP,beauty,1634,False
user_002933,46,F,AU,"toys,books",685,True
user_002934,45,M,BR,"sports,electronics",1270,False
user_002935,52,Other,DE,beauty,422,False
user_002936,27,F,AU,"electronics,jewelry,beauty",220,True
user_002937,32,F,UK,"sports,electronics,clothing",171,False
user_002938,18,M,US,"automotive,toys",292,False
user_002939,30,M,DE,"food,toys",345,False
user_002940,46,F,AU,"jewelry,beauty",1675,False
user_002941,29,Other,UK,"clothing,books",1366,True
user_002942,42,F,US,"beauty,jewelry",22,False
user_002943,32,M,AU,"electronics,clothing",440,False
user_002944,38,Other,MX,beauty,532,False
user_002945,21,M,BR,"beauty,electronics,food",205,False
user_002946,36,F,US,"home_garden,books,food",725,False
user_002947,18,F,UK,"beauty,electronics,home_garden",99,True
user_002948,32,Other,US,"sports,home_garden",417,False
user_002949,18,M,US,"clothing,electronics,sports",1799,False
user_002950,49,F,CA,automotive,132,True
user_002951,44,F,AU,"jewelry,clothing",1804,False
user_002952,40,M,FR,automotive,766,False
user_002953,53,M,UK,"books,electronics",69,True
user_002954,23,F,JP,"jewelry,electronics",1170,False
user_002955,55,F,BR,"electronics,clothing,toys",539,True
user_002956,46,F,DE,"home_garden,food,sports",1468,False
user_002957,32,F,CA,home_garden,629,False
user_002958,48,M,BR,"home_garden,electronics",939,False
user_002959,21,M,FR,beauty,330,False
user_002960,25,F,JP,clothing,642,False
user_002961,27,M,IN,"books,sports",522,False
user_002962,28,F,MX,books,1439,False
user_002963,22,M,UK,home_garden,143,True
user_002964,49,M,JP,jewelry,1719,False
user_002965,31,F,IN,"home_garden,electronics",1139,False
user_002966,39,M,UK,"sports,home_garden,electronics",182,False
user_002967,28,F,US,"home_garden,books",577,False
user_002968,18,F,MX,"food,beauty",1140,False
user_002969,38,M,MX,"food,beauty,books",1510,False
user_002970,18,M,FR,"sports,books",1727,False
user_002971,34,M,AU,"books,electronics,jewelry",1067,False
user_002972,18,F,MX,"food,jewelry",259,True
user_002973,58,F,DE,"clothing,jewelry",463,False
user_002974,45,M,DE,"electronics,books,home_garden",203,False
user_002975,36,F,IN,"books,clothing,beauty",1610,True
user_002976,50,F,JP,"food,electronics,beauty",218,False
user_002977,24,M,IN,"toys,home_garden,beauty",168,False
user_002978,41,F,BR,"jewelry,food",343,False
user_002979,37,F,US,toys,1452,True
user_002980,38,F,MX,"home_garden,food",1758,False
user_002981,50,F,IN,"toys,books,food",566,False
user_002982,43,Other,DE,"electronics,clothing",345,False
user_002983,38,M,IN,"books,electronics",438,False
user_002984,18,F,DE,"books,home_garden,jewelry",122,False
user_002985,23,Other,FR,"sports,food",1498,True
user_002986,33,M,AU,"automotive,clothing,jewelry",1183,False
user_002987,36,F,US,electronics,262,True
user_002988,21,M,DE,electronics,449,False
user_002989,63,F,DE,food,1425,False
user_002990,53,F,US,beauty,1591,False
user_002991,42,F,JP,"clothing,toys,beauty",520,False
user_002992,35,M,MX,electronics,473,False
user_002993,32,M,MX,"food,jewelry",197,False
user_002994,23,F,US,books,1335,False
user_002995,35,M,JP,"clothing,toys,jewelry",1772,False
user_002996,38,F,IN,jewelry,447,True
user_002997,20,M,IN,sports,1682,False
user_002998,39,M,UK,"toys,jewelry,books",1642,False
user_002999,33,F,IN,toys,115,False
user_003000,18,M,US,"beauty,toys,automotive",785,False
user_003001,24,F,JP,"books,clothing",742,False
user_003002,30,F,CA,"jewelry,sports",616,False
user_003003,57,Other,CA,"toys,jewelry",1239,False
user_003004,41,M,MX,"home_garden,toys,beauty",772,False
user_003005,18,F,JP,books,276,False
user_003006,40,M,DE,clothing,524,False
user_003007,18,F,IN,"books,beauty",1425,False
user_003008,47,F,BR,"books,clothing,electronics",1217,False
user_003009,29,F,CA,"clothing,toys,books",1681,False
user_003010,33,M,IN,"jewelry,toys,sports",694,False
user_003011,50,F,DE,sports,1821,False
user_003012,19,F,FR,beauty,503,False
user_003013,18,F,FR,electronics,159,True
user_003014,27,M,AU,"automotive,food",1473,False
user_003015,47,F,BR,"toys,sports",823,False
user_003016,18,M,FR,"sports,beauty,home_garden",895,False
user_003017,18,M,MX,"sports,toys",1592,False
user_003018,29,M,CA,toys,260,True
user_003019,41,M,US,"sports,beauty",1173,False
user_003020,49,F,DE,"sports,automotive,clothing",1558,False
user_003021,29,F,AU,beauty,1180,False
user_003022,30,M,FR,"food,books",28,False
user_003023,48,M,MX,"books,home_garden",244,False
user_003024,18,M,CA,"clothing,sports",1333,False
user_003025,30,F,DE,home_garden,851,False
user_003026,37,M,US,"beauty,sports",928,False
user_003027,40,M,US,food,62,False
user_003028,28,F,DE,"clothing,food,beauty",247,True
user_003029,35,F,IN,"automotive,food,clothing",576,False
user_003030,18,F,CA,beauty,1514,False
user_003031,27,M,BR,"automotive,food",100,True
user_003032,40,F,US,books,1417,False
user_003033,23,F,BR,"books,home_garden",928,True
user_003034,35,M,FR,"toys,beauty",959,True
user_003035,40,F,AU,"electronics,jewelry",1670,False
user_003036,30,M,AU,"automotive,clothing",667,False
user_003037,37,F,BR,"electronics,jewelry,automotive",1754,False
user_003038,23,M,BR,"books,clothing,sports",1357,False
user_003039,32,M,MX,clothing,617,False
user_003040,42,F,UK,"clothing,home_garden,toys",1013,False
user_003041,36,M,JP,home_garden,1275,False
user_003042,27,M,US,"books,automotive,toys",1231,False
user_003043,37,M,AU,"food,home_garden,beauty",1261,False
user_003044,43,M,BR,"home_garden,jewelry,books",465,False
user_003045,18,F,DE,automotive,3,False
user_003046,48,M,FR,"home_garden,beauty",867,False
user_003047,30,M,US,"beauty,electronics,food",1129,False
user_003048,40,M,MX,automotive,1020,False
user_003049,49,F,FR,automotive,781,True
user_003050,18,M,JP,food,205,False
user_003051,26,F,BR,"home_garden,automotive,books",1365,False
user_003052,31,F,BR,"toys,sports,automotive",411,False
user_003053,25,M,FR,"books,jewelry",1415,False
user_003054,55,F,IN,books,35,False
user_003055,24,M,MX,"sports,jewelry,books",316,False
user_003056,28,M,JP,"books,jewelry,beauty",375,False
user_003057,37,F,JP,"beauty,home_garden,jewelry",497,False
user_003058,20,F,UK,"food,home_garden,clothing",1089,True
user_003059,30,M,FR,"food,sports",13,False
user_003060,38,F,UK,"home_garden,automotive",1338,False
user_003061,31,F,UK,electronics,451,False
user_003062,33,F,IN,toys,1607,False
user_003063,28,F,JP,"home_garden,food",130,False
user_003064,18,M,CA,"food,electronics",1165,True
user_003065,38,M,JP,clothing,1476,False
user_003066,56,F,AU,jewelry,676,False
user_003067,35,F,UK,jewelry,1181,False
user_003068,37,F,AU,"home_garden,beauty,food",1649,False
user_003069,43,M,DE,"electronics,books",891,False
user_003070,19,M,UK,"electronics,clothing,food",307,False
user_003071,55,M,JP,jewelry,1271,False
user_003072,37,M,IN,"jewelry,food,toys",972,False
user_003073,54,F,BR,toys,474,True
user_003074,26,F,US,"books,jewelry,food",943,False
user_003075,56,F,JP,"jewelry,automotive,food",722,False
user_003076,44,M,UK,"home_garden,sports,jewelry",1291,False
user_003077,41,M,IN,"sports,home_garden",1377,False
user_003078,37,M,US,"beauty,books,home_garden",325,True
user_003079,32,F,AU,beauty,996,False
user_003080,49,F,CA,"sports,food",983,True
user_003081,36,M,IN,electronics,951,False
user_003082,18,F,CA,"automotive,toys",1173,False
user_003083,21,M,FR,"sports,clothing",790,False
user_003084,32,F,US,"electronics,sports",48,False
user_003085,38,M,US,"beauty,home_garden",1206,False
user_003086,34,F,BR,"jewelry,toys",904,True
user_003087,49,F,JP,"jewelry,beauty,books",457,False
user_003088,18,F,US,beauty,368,False
user_003089,36,F,BR,books,847,False
user_003090,18,Other,AU,"sports,home_garden",1258,False
user_003091,44,F,AU,"jewelry,automotive,beauty",577,False
user_003092,33,Other,CA,"home_garden,sports",1792,False
user_003093,40,F,UK,"home_garden,sports",1622,False
user_003094,24,F,FR,"clothing,toys,home_garden",1708,False
user_003095,50,M,MX,"sports,food",1805,False
user_003096,47,F,IN,"sports,electronics",351,True
user_003097,42,M,JP,jewelry,263,False
user_003098,33,F,IN,"home_garden,automotive",1194,False
user_003099,41,M,US,"clothing,home_garden",1557,False
user_003100,26,F,UK,electronics,1763,False
user_003101,45,M,IN,food,713,False
user_003102,54,M,MX,"toys,beauty,automotive",271,False
user_003103,47,M,US,electronics,619,False
user_003104,26,F,DE,"sports,toys",1482,False
user_003105,39,F,AU,"electronics,jewelry,books",219,True
user_003106,19,F,BR,home_garden,683,False
user_003107,41,M,MX,"automotive,toys",691,False
user_003108,40,F,UK,"electronics,automotive",1175,False
user_003109,18,F,IN,sports,612,False
user_003110,21,M,UK,"beauty,toys,automotive",457,False
user_003111,31,M,DE,"beauty,electronics,home_garden",391,False
user_003112,31,M,FR,books,400,False
user_003113,20,M,UK,"books,sports",39,False
user_003114,39,F,IN,"food,toys,automotive",1703,True
user_003115,38,M,MX,"beauty,books,sports",103,False
user_003116,32,F,UK,"clothing,food,automotive",954,False
user_003117,25,M,AU,sports,120,False
user_003118,47,M,IN,"beauty,electronics,books",1249,False
user_003119,54,M,AU,"toys,beauty",1495,False
user_003120,29,M,IN,home_garden,314,False
user_003121,27,M,DE,electronics,677,False
user_003122,40,M,US,home_garden,471,True
user_003123,30,M,BR,sports,139,False
user_003124,33,F,AU,toys,1671,True
user_003125,43,F,AU,"books,food",1538,False
user_003126,18,M,AU,electronics,432,True
user_003127,50,F,IN,home_garden,1577,False
user_003128,35,M,CA,"books,home_garden",1468,False
user_003129,30,M,CA,electronics,939,True
user_003130,33,F,DE,"electronics,clothing,food",1356,False
user_003131,34,M,JP,"electronics,beauty",1703,False
user_003132,18,F,BR,"food,clothing,jewelry",658,False
user_003133,52,F,US,"clothing,books",792,False
user_003134,35,M,BR,"home_garden,automotive,food",1289,True
user_003135,40,M,US,"clothing,books,automotive",1644,False
user_003136,46,F,CA,"beauty,toys,automotive",1460,False
user_003137,22,M,FR,"books,home_garden,food",925,False
user_003138,40,M,UK,books,177,False
user_003139,31,M,IN,automotive,86,False
user_003140,45,F,MX,"automotive,toys",103,False
user_003141,18,F,BR,food,597,False
user_003142,33,M,MX,"home_garden,books,beauty",1265,False
user_003143,27,F,UK,"books,beauty",1012,True
user_003144,40,F,JP,books,1533,False
user_003145,40,M,DE,automotive,44,False
user_003146,26,M,DE,"books,jewelry",772,False
user_003147,26,F,US,"sports,toys,home_garden",1418,False
user_003148,33,Other,CA,home_garden,619,False
user_003149,24,F,IN,sports,1023,False
user_003150,45,M,DE,"beauty,electronics,sports",22,False
user_003151,30,M,AU,"toys,automotive,beauty",389,False
user_003152,18,F,DE,"food,sports",814,False
user_003153,30,M,CA,"home_garden,books,beauty",379,False
user_003154,22,F,DE,"food,beauty",735,False
user_003155,18,M,JP,toys,716,False
user_003156,20,M,AU,jewelry,1173,False
user_003157,36,F,UK,books,147,False
user_003158,50,M,AU,"home_garden,electronics",647,False
user_003159,38,M,BR,"jewelry,toys,home_garden",1369,False
user_003160,27,M,MX,toys,1481,False
user_003161,40,M,UK,electronics,687,False
user_003162,29,M,FR,"automotive,electronics,beauty",1483,True
user_003163,26,M,IN,"automotive,electronics,jewelry",1745,False
user_003164,21,M,DE,"books,clothing,automotive",194,False
user_003165,18,M,CA,clothing,1048,False
user_003166,30,F,JP,beauty,1113,False
user_003167,36,F,UK,"toys,sports",1564,False
user_003168,33,M,CA,"beauty,sports,electronics",1537,True
user_003169,30,M,IN,"electronics,jewelry,toys",1020,False
user_003170,23,F,JP,"food,home_garden,beauty",1307,False
user_003171,42,F,DE,"sports,clothing",446,False
user_003172,19,F,JP,clothing,1657,True
user_003173,44,M,CA,home_garden,1414,True
user_003174,22,F,UK,"books,sports",577,False
user_003175,25,M,MX,"jewelry,clothing,automotive",915,False
user_003176,18,F,IN,"jewelry,sports",198,False
user_003177,28,M,JP,"home_garden,clothing,electronics",865,False
user_003178,46,M,FR,"books,electronics,automotive",1532,False
user_003179,41,M,UK,"home_garden,automotive",8,False
user_003180,46,F,CA,beauty,501,False
user_003181,41,F,AU,automotive,1133,False
user_003182,21,F,MX,"jewelry,books",1572,False
user_003183,31,M,JP,food,336,False
user_003184,25,M,IN,"home_garden,jewelry",1822,False
user_003185,50,M,BR,"jewelry,toys,home_garden",835,False
user_003186,20,M,UK,automotive,1809,False
user_003187,45,M,FR,"toys,books,jewelry",889,False
user_003188,45,Other,FR,electronics,318,False
user_003189,56,F,MX,home_garden,313,True
user_003190,30,F,BR,"automotive,home_garden,beauty",1510,False
user_003191,43,M,US,automotive,832,False
user_003192,62,M,US,"food,toys",866,False
user_003193,27,F,IN,"beauty,books,electronics",1071,True
user_003194,18,F,BR,"sports,home_garden,clothing",1243,False
user_003195,18,F,UK,"clothing,food",722,False
user_003196,43,F,IN,"jewelry,automotive",1419,False
user_003197,18,Other,DE,"food,books,electronics",1437,False
user_003198,30,M,DE,"toys,automotive",1253,False
user_003199,40,M,CA,"clothing,books,beauty",1264,False
user_003200,37,M,CA,"books,beauty,automotive",1375,False
user_003201,40,F,MX,"electronics,food,sports",1765,False
user_003202,37,M,MX,"sports,food",844,False
user_003203,50,F,JP,"clothing,food",993,True
user_003204,23,F,BR,automotive,629,False
user_003205,26,M,MX,"sports,automotive",1743,False
user_003206,25,F,FR,"sports,clothing",1644,False
user_003207,44,M,CA,"sports,clothing,toys",1719,False
user_003208,45,F,IN,"beauty,home_garden,toys",1656,False
user_003209,40,M,CA,"sports,automotive",648,True
user_003210,49,F,AU,"books,automotive,toys",351,True
user_003211,20,M,BR,books,81,False
user_003212,55,M,IN,"automotive,electronics",367,False
user_003213,53,M,FR,"beauty,automotive",2,False
user_003214,43,F,US,"jewelry,automotive,home_garden",676,False
user_003215,56,F,BR,"automotive,jewelry,home_garden",537,False
user_003216,18,M,FR,"clothing,automotive,beauty",30,True
user_003217,28,M,FR,"beauty,electronics",95,False
user_003218,26,F,MX,"toys,jewelry,clothing",729,False
user_003219,43,M,UK,beauty,1143,False
user_003220,22,M,MX,"home_garden,food,sports",107,False
user_003221,44,F,DE,"electronics,clothing",849,False
user_003222,51,M,FR,electronics,876,False
user_003223,43,M,CA,"clothing,electronics,home_garden",621,False
user_003224,38,M,CA,"books,electronics",1363,False
user_003225,23,F,AU,"automotive,toys",338,False
user_003226,24,M,DE,toys,240,False
user_003227,49,F,DE,"jewelry,toys",646,False
user_003228,44,F,DE,books,256,False
user_003229,34,F,CA,"home_garden,jewelry",901,False
user_003230,29,F,JP,"food,sports",622,False
user_003231,18,F,AU,"beauty,jewelry,home_garden",350,True
user_003232,22,M,US,automotive,1002,False
user_003233,57,M,AU,sports,447,True
user_003234,19,F,JP,"jewelry,electronics,automotive",262,False
user_003235,37,F,BR,clothing,486,False
user_003236,47,M,CA,"books,food,automotive",1098,False
user_003237,19,F,AU,"home_garden,beauty,automotive",1135,False
user_003238,37,F,DE,jewelry,1396,False
user_003239,46,M,UK,beauty,1029,False
user_003240,35,M,US,"jewelry,clothing",689,False
user_003241,69,F,CA,"electronics,beauty,sports",918,False
user_003242,18,F,FR,"food,home_garden",731,False
user_003243,47,F,CA,"food,automotive",230,False
user_003244,32,F,MX,"clothing,beauty",941,False
user_003245,44,M,FR,"jewelry,home_garden",1001,False
user_003246,40,M,IN,home_garden,446,False
user_003247,26,M,IN,home_garden,1231,False
user_003248,37,M,IN,"electronics,automotive",1822,False
user_003249,18,M,BR,"clothing,beauty,books",403,True
user_003250,42,F,AU,"toys,books,beauty",372,True
user_003251,38,F,FR,"sports,toys,beauty",671,False
user_003252,42,M,MX,"automotive,electronics",1769,True
user_003253,47,M,JP,"food,home_garden",1017,True
user_003254,39,F,MX,"food,toys",1657,False
user_003255,36,M,JP,sports,280,False
user_003256,24,M,AU,"sports,toys,automotive",108,False
user_003257,26,M,IN,"jewelry,electronics,automotive",1220,False
user_003258,49,F,FR,"home_garden,electronics",1706,False
user_003259,52,F,IN,"beauty,books,clothing",1218,False
user_003260,32,F,JP,"sports,jewelry,books",568,False
user_003261,35,F,BR,"automotive,sports,food",350,False
user_003262,24,F,MX,"food,beauty",714,False
user_003263,49,F,MX,automotive,106,False
user_003264,42,F,BR,food,1498,False
user_003265,58,F,FR,"clothing,books,sports",1310,False
user_003266,24,M,AU,"clothing,food",1538,False
user_003267,30,F,CA,"sports,beauty",1628,False
user_003268,37,F,JP,"food,books",1072,True
user_003269,42,F,FR,home_garden,1082,False
user_003270,32,F,MX,"automotive,clothing",504,False
user_003271,24,M,AU,"automotive,clothing",1181,True
user_003272,45,F,MX,jewelry,1291,False
user_003273,43,M,US,food,759,False
user_003274,24,M,AU,"toys,jewelry,home_garden",184,False
user_003275,51,F,BR,"beauty,automotive,electronics",1534,True
user_003276,49,F,US,"beauty,home_garden,books",1529,False
user_003277,36,M,MX,jewelry,164,True
user_003278,35,M,AU,"books,food,sports",716,True
user_003279,41,F,AU,"toys,electronics,automotive",1693,False
user_003280,24,F,US,automotive,581,False
user_003281,35,M,BR,sports,424,False
user_003282,18,M,JP,"automotive,food",287,False
user_003283,45,F,IN,home_garden,1476,False
user_003284,18,M,MX,"home_garden,jewelry,beauty",124,False
user_003285,53,Other,JP,"beauty,automotive,jewelry",186,False
user_003286,31,M,AU,"food,home_garden",1763,False
user_003287,32,F,AU,"home_garden,food",711,False
user_003288,27,M,FR,clothing,805,False
user_003289,31,M,DE,"electronics,books,home_garden",936,True
user_003290,52,F,JP,automotive,840,True
user_003291,18,M,UK,sports,774,False
user_003292,50,M,UK,"clothing,toys",1277,False
user_003293,39,M,CA,"beauty,home_garden",839,False
user_003294,20,Other,US,beauty,387,False
user_003295,22,Other,US,"electronics,books,food",541,True
user_003296,55,M,IN,"home_garden,toys",1787,True
user_003297,23,M,MX,"sports,jewelry,food",471,False
user_003298,21,F,MX,electronics,1633,True
user_003299,48,F,MX,"toys,sports",1284,False
user_003300,39,M,IN,jewelry,1099,False
user_003301,23,M,CA,"jewelry,automotive",1785,False
user_003302,37,F,AU,"clothing,home_garden",1102,False
user_003303,22,M,CA,"books,food",1820,False
user_003304,48,F,JP,"toys,automotive,clothing",1719,False
user_003305,47,M,FR,"electronics,home_garden",1210,False
user_003306,41,M,BR,"clothing,automotive,food",908,False
user_003307,39,F,FR,"automotive,home_garden",829,False
user_003308,56,F,UK,"food,electronics",477,False
user_003309,34,M,JP,"electronics,clothing,beauty",48,False
user_003310,20,M,CA,toys,1613,False
user_003311,40,M,DE,sports,1767,False
user_003312,60,M,AU,jewelry,923,False
user_003313,22,F,UK,sports,41,True
user_003314,30,F,DE,"food,sports,clothing",555,False
user_003315,39,F,US,automotive,1273,False
user_003316,34,M,CA,"sports,clothing,books",1115,False
user_003317,23,F,IN,jewelry,973,False
user_003318,48,M,DE,"sports,toys",765,True
user_003319,62,M,US,"sports,books",543,False
user_003320,37,M,IN,"home_garden,books,toys",1697,False
user_003321,24,M,IN,home_garden,884,True
user_003322,18,M,DE,"home_garden,electronics",1119,False
user_003323,38,F,US,"books,electronics,jewelry",1218,False
user_003324,48,F,JP,toys,1478,True
user_003325,40,F,MX,"beauty,home_garden,toys",64,True
user_003326,34,M,UK,"food,beauty",1014,False
user_003327,27,M,BR,"jewelry,electronics",443,False
user_003328,21,F,US,home_garden,1341,False
user_003329,45,M,IN,clothing,1666,False
user_003330,45,M,UK,automotive,1342,False
user_003331,18,M,CA,books,648,False
user_003332,54,Other,UK,"sports,toys,clothing",1167,False
user_003333,41,F,BR,food,526,False
user_003334,51,F,CA,"electronics,books",601,False
user_003335,18,M,UK,books,1327,False
user_003336,18,M,MX,beauty,553,False
user_003337,33,F,CA,electronics,1520,False
user_003338,41,F,FR,"books,toys",1382,False
user_003339,56,M,DE,"beauty,jewelry,clothing",964,False
user_003340,43,Other,DE,"food,sports,electronics",554,False
user_003341,32,M,US,"beauty,automotive,jewelry",270,True
user_003342,22,M,JP,"clothing,beauty,jewelry",1107,False
user_003343,49,M,IN,"sports,automotive,toys",877,False
user_003344,23,M,US,"toys,books,home_garden",20,False
user_003345,54,M,IN,"sports,food",1535,False
user_003346,31,F,BR,"automotive,clothing,jewelry",598,False
user_003347,54,M,US,"books,clothing,toys",827,False
user_003348,43,F,DE,"automotive,home_garden,toys",1708,False
user_003349,33,F,IN,"home_garden,sports",896,False
user_003350,28,M,FR,automotive,1176,False
user_003351,30,M,DE,"beauty,sports",1464,False
user_003352,40,Other,FR,clothing,1523,False
user_003353,35,F,US,"books,electronics,beauty",1800,False
user_003354,27,M,US,electronics,1124,False
user_003355,33,F,JP,sports,929,False
user_003356,35,M,IN,jewelry,1068,False
user_003357,18,M,US,"clothing,jewelry,sports",48,False
user_003358,40,F,DE,toys,1681,False
user_003359,23,F,MX,"food,home_garden,jewelry",1379,False
user_003360,21,M,AU,"food,electronics,toys",615,False
user_003361,18,M,CA,automotive,796,False
user_003362,18,F,MX,electronics,1055,False
user_003363,18,M,UK,home_garden,1481,False
user_003364,26,F,UK,"clothing,jewelry",652,True
user_003365,58,M,DE,"automotive,beauty,sports",1555,False
user_003366,28,M,CA,"books,electronics",1649,False
user_003367,37,M,AU,clothing,1562,False
user_003368,39,M,JP,"toys,electronics",1178,False
user_003369,36,F,JP,"sports,jewelry",905,True
user_003370,34,M,DE,clothing,547,False
user_003371,20,F,DE,"electronics,books,clothing",283,False
user_003372,52,M,JP,"food,sports,electronics",289,True
user_003373,56,F,AU,"automotive,clothing",279,False
user_003374,18,M,FR,"home_garden,toys",706,False
user_003375,22,M,DE,electronics,1270,True
user_003376,31,M,UK,"books,automotive,beauty",1407,False
user_003377,23,F,AU,books,709,False
user_003378,41,F,US,"toys,clothing",952,False
user_003379,26,M,JP,electronics,49,True
user_003380,60,M,DE,automotive,939,True
user_003381,49,M,DE,books,1163,False
user_003382,37,M,US,"toys,clothing,beauty",1342,False
user_003383,47,F,JP,"beauty,electronics,food",1539,False
user_003384,48,F,CA,"sports,jewelry,toys",1342,False
user_003385,28,M,FR,food,1746,False
user_003386,25,F,AU,"electronics,clothing",485,True
user_003387,35,F,DE,"home_garden,sports",532,False
user_003388,45,Other,IN,"toys,clothing,food",347,False
user_003389,36,F,DE,"clothing,books",808,False
user_003390,18,M,JP,automotive,1441,False
user_003391,25,F,CA,"toys,books",157,False
user_003392,34,F,CA,"food,toys,jewelry",1619,False
user_003393,34,F,MX,"food,clothing",124,False
user_003394,58,M,UK,"electronics,jewelry",1652,False
user_003395,18,Other,DE,"jewelry,food,sports",482,False
user_003396,41,M,JP,"home_garden,sports",1800,False
user_003397,52,F,DE,"automotive,books",178,False
user_003398,62,M,CA,"toys,sports,beauty",1178,False
user_003399,30,F,CA,toys,1641,False
user_003400,40,M,MX,clothing,1010,False
user_003401,41,M,US,"automotive,clothing,books",1756,False
user_003402,37,M,MX,sports,1616,False
user_003403,33,F,JP,"books,clothing,sports",1100,True
user_003404,40,F,US,"toys,sports",712,False
user_003405,18,M,DE,electronics,1670,False
user_003406,43,M,DE,"home_garden,sports",507,False
user_003407,36,M,MX,toys,1524,False
user_003408,32,F,UK,"electronics,home_garden",1462,False
user_003409,59,M,US,"toys,electronics,automotive",1432,False
user_003410,26,M,CA,"food,automotive,electronics",67,False
user_003411,30,F,BR,sports,1666,True
user_003412,58,F,MX,food,1685,False
user_003413,25,F,UK,"automotive,toys,electronics",1812,False
user_003414,28,F,MX,"books,beauty",1539,False
user_003415,33,F,CA,"automotive,sports,clothing",1732,False
user_003416,45,F,US,"automotive,beauty",1288,True
user_003417,37,M,AU,food,1086,False
user_003418,19,M,DE,electronics,1144,False
user_003419,28,M,BR,"automotive,electronics",1227,False
user_003420,27,F,UK,"home_garden,food,clothing",874,True
user_003421,34,Other,DE,"automotive,clothing,food",266,False
user_003422,40,F,UK,"jewelry,toys,sports",1097,False
user_003423,40,M,JP,"home_garden,electronics",1147,False
user_003424,18,F,IN,books,31,False
user_003425,47,M,IN,"automotive,beauty,jewelry",65,True
user_003426,38,F,DE,"sports,jewelry,home_garden",437,False
user_003427,51,Other,UK,books,801,False
user_003428,40,F,BR,"jewelry,toys",532,False
user_003429,48,F,AU,"electronics,toys",136,False
user_003430,40,F,DE,"clothing,home_garden,beauty",184,False
user_003431,51,F,JP,"clothing,toys,sports",149,True
user_003432,41,M,US,home_garden,1666,False
user_003433,33,F,UK,"books,sports",1270,False
user_003434,62,M,IN,jewelry,1752,False
user_003435,45,M,CA,home_garden,220,False
user_003436,41,F,US,"clothing,electronics,beauty",302,True
user_003437,19,M,AU,toys,1564,False
user_003438,19,F,FR,"toys,sports,jewelry",474,False
user_003439,38,F,UK,"beauty,home_garden,sports",7,False
user_003440,36,F,JP,sports,532,False
user_003441,27,F,MX,food,1613,False
user_003442,36,M,IN,beauty,691,False
user_003443,54,F,UK,books,920,False
user_003444,43,M,AU,"clothing,books",1567,False
user_003445,21,M,JP,"clothing,beauty,automotive",1750,False
user_003446,33,M,FR,jewelry,1504,False
user_003447,25,F,JP,sports,1554,False
user_003448,30,F,BR,"sports,toys",290,True
user_003449,30,M,BR,food,417,True
user_003450,29,M,CA,"food,clothing,beauty",1546,False
user_003451,19,M,BR,"home_garden,food,electronics",652,False
user_003452,33,M,DE,automotive,1820,False
user_003453,28,F,AU,sports,1446,False
user_003454,18,M,MX,toys,354,False
user_003455,59,Other,BR,"automotive,toys",381,False
user_003456,48,M,CA,"electronics,food",279,True
user_003457,30,M,UK,"toys,home_garden,books",1761,False
user_003458,35,M,IN,beauty,822,False
user_003459,20,M,IN,"books,beauty,jewelry",884,False
user_003460,55,M,US,"jewelry,electronics",1633,False
user_003461,57,M,AU,"toys,home_garden,books",1598,False
user_003462,36,M,US,sports,1408,False
user_003463,47,F,UK,"books,food,home_garden",671,False
user_003464,37,F,AU,"toys,sports",393,False
user_003465,18,M,BR,"beauty,toys,food",1025,False
user_003466,30,M,DE,"food,beauty",894,False
user_003467,36,M,DE,"electronics,home_garden,sports",977,False
user_003468,29,F,DE,"books,food",123,False
user_003469,32,F,UK,books,1560,True
user_003470,33,M,UK,"beauty,food",1008,True
user_003471,34,F,DE,electronics,1264,False
user_003472,35,M,IN,"clothing,sports",828,False
user_003473,22,M,UK,electronics,1712,False
user_003474,26,M,DE,"electronics,home_garden,books",1530,False
user_003475,19,Other,CA,"automotive,electronics,clothing",378,False
user_003476,46,M,IN,"food,clothing",52,False
user_003477,18,F,UK,"food,electronics",820,False
user_003478,48,F,US,"electronics,beauty",597,False
user_003479,51,M,BR,books,376,False
user_003480,31,F,BR,"toys,home_garden",328,False
user_003481,18,F,US,"toys,home_garden",1106,False
user_003482,30,M,DE,"electronics,toys,beauty",1805,False
user_003483,34,M,MX,"jewelry,automotive,beauty",449,False
user_003484,22,M,DE,books,1553,False
user_003485,28,F,FR,"clothing,books,jewelry",713,False
user_003486,53,M,JP,"jewelry,toys",1472,False
user_003487,42,M,DE,"beauty,books",1133,False
user_003488,23,M,MX,"home_garden,food",766,True
user_003489,18,M,US,"electronics,automotive,toys",858,False
user_003490,31,M,IN,"toys,electronics",21,False
user_003491,32,F,DE,jewelry,1219,True
user_003492,40,F,CA,clothing,1807,False
user_003493,28,F,US,"electronics,sports,automotive",1198,False
user_003494,41,F,FR,beauty,423,False
user_003495,58,M,US,home_garden,316,False
user_003496,44,M,FR,"beauty,jewelry,electronics",692,False
user_003497,34,F,IN,"electronics,home_garden,toys",1656,False
user_003498,32,M,DE,"home_garden,jewelry,automotive",604,False
user_003499,30,M,IN,"books,toys",55,False
user_003500,49,M,CA,"automotive,home_garden,clothing",1542,False
user_003501,27,M,AU,jewelry,1539,False
user_003502,35,F,UK,"jewelry,books",293,False
user_003503,35,M,BR,"toys,home_garden",633,False
user_003504,28,F,JP,"books,clothing",374,False
user_003505,18,F,AU,"clothing,home_garden",1275,False
user_003506,38,M,JP,jewelry,915,True
user_003507,34,F,FR,clothing,1480,False
user_003508,41,M,IN,"sports,food",1290,False
user_003509,28,F,DE,"toys,clothing",1437,True
user_003510,49,F,FR,"toys,clothing,food",55,True
user_003511,24,M,DE,"books,automotive,sports",554,True
user_003512,55,M,FR,clothing,1762,False
user_003513,18,M,FR,beauty,1475,False
user_003514,40,F,CA,jewelry,487,False
user_003515,40,F,BR,automotive,1211,False
user_003516,25,M,DE,sports,767,False
user_003517,40,Other,IN,"books,jewelry",1117,False
user_003518,50,F,MX,"beauty,automotive",370,False
user_003519,18,F,BR,sports,1009,True
user_003520,41,Other,FR,"toys,home_garden",1552,False
user_003521,18,M,MX,"automotive,toys,beauty",118,False
user_003522,23,Other,CA,"automotive,sports",118,False
user_003523,54,F,IN,"automotive,beauty",394,False
user_003524,28,F,BR,"books,beauty,toys",277,False
user_003525,20,F,CA,electronics,815,False
user_003526,32,M,FR,"jewelry,books,beauty",1766,False
user_003527,59,F,JP,"beauty,clothing",346,False
user_003528,18,F,US,books,1547,True
user_003529,22,F,JP,beauty,345,False
user_003530,52,F,FR,"food,books",1207,False
user_003531,57,M,DE,electronics,1624,False
user_003532,33,F,DE,"clothing,sports",1217,True
user_003533,20,F,JP,jewelry,808,False
user_003534,60,M,US,"food,electronics,books",538,False
user_003535,54,M,DE,"electronics,beauty",137,False
user_003536,43,F,MX,"electronics,jewelry",154,True
user_003537,25,M,AU,jewelry,1563,False
user_003538,34,M,BR,"books,jewelry,automotive",192,True
user_003539,33,F,JP,"home_garden,toys,electronics",44,False
user_003540,38,F,US,food,657,False
user_003541,52,F,US,"clothing,toys",971,False
user_003542,45,M,IN,toys,1461,False
user_003543,22,F,FR,electronics,949,False
user_003544,51,M,JP,"toys,clothing",1350,True
user_003545,38,M,FR,clothing,1611,False
user_003546,43,M,UK,jewelry,892,False
user_003547,52,M,CA,clothing,1674,False
user_003548,21,M,JP,"home_garden,food,books",1072,False
user_003549,34,F,FR,"electronics,toys",1619,False
user_003550,28,F,JP,"books,electronics",1657,True
user_003551,18,F,BR,"beauty,clothing",41,False
user_003552,39,M,DE,"jewelry,home_garden",85,False
user_003553,65,M,CA,"automotive,home_garden",1581,False
user_003554,18,M,JP,"books,home_garden",1600,False
user_003555,34,F,MX,automotive,524,False
user_003556,42,M,CA,books,1583,False
user_003557,36,M,MX,"home_garden,toys,books",85,False
user_003558,33,F,CA,"books,home_garden",130,False
user_003559,19,M,IN,jewelry,1791,False
user_003560,37,M,JP,"food,sports",1488,False
user_003561,25,F,US,"jewelry,electronics",1192,False
user_003562,18,M,JP,"automotive,clothing",103,False
user_003563,49,M,IN,"toys,clothing,sports",1071,False
user_003564,46,M,JP,food,169,False
user_003565,35,M,JP,"beauty,toys",1739,False
user_003566,37,F,UK,"toys,home_garden,jewelry",754,False
user_003567,47,F,MX,"clothing,automotive,beauty",1170,True
user_003568,37,M,DE,books,1182,False
user_003569,45,M,US,automotive,1429,False
user_003570,31,Other,AU,"toys,electronics,sports",844,False
user_003571,50,F,FR,"electronics,beauty",1446,False
user_003572,38,M,US,"toys,automotive",812,False
user_003573,37,F,BR,"home_garden,electronics",1436,False
user_003574,19,F,DE,automotive,1506,False
user_003575,38,F,MX,"food,sports",34,False
user_003576,25,M,FR,"automotive,jewelry",1029,False
user_003577,27,M,FR,"jewelry,electronics,toys",1173,False
user_003578,25,F,IN,"books,automotive",1549,False
user_003579,22,F,AU,"electronics,beauty",1738,True
user_003580,60,F,BR,"sports,books,automotive",121,False
user_003581,50,F,BR,"toys,clothing,jewelry",61,False
user_003582,58,F,UK,books,824,False
user_003583,20,F,MX,"electronics,food,home_garden",1191,False
user_003584,35,F,IN,"jewelry,clothing,books",316,False
user_003585,19,M,BR,"home_garden,jewelry",1511,False
user_003586,26,M,CA,automotive,1251,False
user_003587,23,M,FR,"jewelry,sports",1471,False
user_003588,49,F,CA,"home_garden,clothing,jewelry",1408,False
user_003589,30,M,MX,"electronics,clothing,sports",1251,False
user_003590,47,F,UK,"electronics,toys",1264,False
user_003591,42,M,MX,"food,home_garden,electronics",1087,False
user_003592,62,F,CA,"home_garden,automotive",1349,False
user_003593,18,F,UK,books,955,False
user_003594,50,M,US,toys,792,False
user_003595,48,M,IN,"sports,home_garden,clothing",1188,False
user_003596,23,M,CA,clothing,1808,False
user_003597,47,M,FR,"books,automotive,clothing",920,False
user_003598,39,M,MX,food,320,False
user_003599,32,F,FR,"electronics,food",64,False
user_003600,25,M,JP,"electronics,automotive,clothing",308,False
user_003601,26,F,CA,"toys,automotive,books",1706,False
user_003602,59,M,IN,"beauty,electronics,automotive",1040,False
user_003603,35,F,BR,"jewelry,books",1293,False
user_003604,44,F,JP,toys,1214,False
user_003605,25,M,BR,"jewelry,toys,clothing",832,False
user_003606,25,M,DE,automotive,1722,True
user_003607,47,F,DE,"clothing,food,electronics",863,False
user_003608,18,M,MX,"sports,jewelry",782,False
user_003609,30,M,IN,sports,1394,False
user_003610,35,M,CA,"electronics,clothing",1660,False
user_003611,36,F,AU,"books,sports,jewelry",441,False
user_003612,32,M,DE,jewelry,457,False
user_003613,39,M,CA,electronics,1168,False
user_003614,43,F,BR,"electronics,home_garden,toys",2,True
user_003615,43,M,CA,"home_garden,toys",87,False
user_003616,23,M,UK,toys,1434,False
user_003617,31,F,FR,"beauty,sports",1790,False
user_003618,49,M,MX,"sports,automotive,books",926,False
user_003619,45,M,JP,automotive,842,False
user_003620,18,M,US,books,781,False
user_003621,39,M,MX,"jewelry,automotive",151,True
user_003622,18,M,US,"sports,food,books",526,False
user_003623,35,Other,MX,"toys,books,automotive",1270,True
user_003624,57,M,BR,"toys,jewelry",1166,False
user_003625,23,F,JP,home_garden,1250,False
user_003626,24,M,IN,"books,automotive,home_garden",1505,False
user_003627,44,M,BR,"automotive,jewelry",924,False
user_003628,18,M,FR,"toys,electronics",522,False
user_003629,27,F,CA,automotive,1246,False
user_003630,42,M,IN,beauty,1528,False
user_003631,27,M,US,"clothing,books,automotive",10,False
user_003632,32,F,BR,"sports,electronics",817,True
user_003633,43,F,CA,"clothing,sports,home_garden",1498,False
user_003634,40,M,US,home_garden,419,False
user_003635,38,F,IN,"food,beauty,books",963,True
user_003636,30,F,JP,"jewelry,automotive,toys",609,False
user_003637,39,M,DE,"books,sports,electronics",114,False
user_003638,33,F,US,beauty,1168,False
user_003639,40,F,CA,"toys,clothing",1145,False
user_003640,29,F,US,"books,automotive",1330,False
user_003641,32,M,US,"toys,automotive",175,False
user_003642,23,M,JP,"home_garden,electronics",838,True
user_003643,34,M,CA,"toys,beauty,food",1740,False
user_003644,25,F,UK,"home_garden,sports",1456,False
user_003645,21,F,BR,clothing,1353,False
user_003646,38,M,BR,"clothing,electronics",1016,False
user_003647,37,F,AU,clothing,128,False
user_003648,44,F,DE,jewelry,93,True
user_003649,29,F,IN,"jewelry,clothing",992,False
user_003650,39,M,DE,"electronics,home_garden",1660,False
user_003651,41,M,MX,"sports,food",1,False
user_003652,40,M,IN,"toys,electronics",852,False
user_003653,25,Other,US,beauty,1417,False
user_003654,36,F,MX,"beauty,clothing",147,False
user_003655,39,M,FR,"electronics,automotive,beauty",1347,False
user_003656,35,M,JP,"jewelry,beauty,clothing",395,False
user_003657,18,F,IN,jewelry,1628,False
user_003658,36,M,UK,beauty,1493,False
user_003659,61,F,BR,beauty,534,False
user_003660,30,F,UK,"toys,beauty,home_garden",816,True
user_003661,26,M,US,"food,electronics",1204,False
user_003662,39,M,CA,sports,241,False
user_003663,38,F,IN,home_garden,307,False
user_003664,49,M,DE,"electronics,home_garden,toys",1572,False
user_003665,19,F,IN,"electronics,home_garden,beauty",1136,False
user_003666,43,F,US,"electronics,food",311,False
user_003667,42,F,UK,jewelry,783,False
user_003668,33,F,FR,"jewelry,home_garden",702,False
user_003669,39,M,FR,home_garden,1239,False
user_003670,47,F,IN,"sports,electronics",110,False
user_003671,45,F,MX,"food,electronics",1144,False
user_003672,21,M,UK,jewelry,1228,False
user_003673,44,F,CA,automotive,1773,False
user_003674,34,F,DE,home_garden,1661,False
user_003675,35,M,CA,clothing,1134,False
user_003676,35,M,JP,beauty,494,False
user_003677,33,F,JP,clothing,67,False
user_003678,49,M,FR,"books,jewelry",1231,False
user_003679,33,F,AU,"electronics,food,automotive",1457,False
user_003680,21,F,DE,"electronics,automotive",1312,False
user_003681,30,F,CA,food,800,False
user_003682,37,F,JP,"jewelry,beauty,home_garden",1795,False
user_003683,49,F,DE,"toys,books",509,False
user_003684,42,M,US,"toys,electronics,beauty",283,False
user_003685,24,M,DE,automotive,766,False
user_003686,64,F,IN,"food,electronics,home_garden",822,True
user_003687,38,M,JP,toys,811,False
user_003688,50,M,IN,beauty,1817,False
user_003689,33,F,MX,"toys,sports,electronics",248,True
user_003690,41,M,UK,jewelry,338,True
user_003691,45,M,US,"home_garden,electronics,books",1246,False
user_003692,49,F,BR,home_garden,1551,False
user_003693,47,M,UK,"jewelry,beauty",1177,False
user_003694,45,M,MX,toys,1468,False
user_003695,31,F,BR,books,715,False
user_003696,28,M,CA,"sports,beauty",1291,False
user_003697,38,M,IN,electronics,1239,False
user_003698,46,F,UK,"beauty,home_garden",1142,True
user_003699,32,M,AU,"clothing,automotive,toys",1085,False
user_003700,47,Other,DE,"beauty,toys",1776,False
user_003701,52,F,BR,"beauty,books,clothing",108,False
user_003702,24,M,JP,"toys,electronics",211,False
user_003703,24,F,US,sports,917,True
user_003704,33,F,JP,"books,toys",33,True
user_003705,38,F,US,"clothing,beauty",146,False
user_003706,28,M,FR,electronics,1392,False
user_003707,51,F,UK,toys,648,False
user_003708,40,F,AU,"automotive,food",265,False
user_003709,35,M,AU,"clothing,home_garden",630,False
user_003710,18,Other,AU,"electronics,toys",438,True
user_003711,19,M,BR,"food,electronics",253,False
user_003712,38,M,CA,"clothing,automotive,toys",1736,False
user_003713,18,M,UK,"home_garden,toys,beauty",1135,False
user_003714,47,M,IN,"jewelry,food",943,False
user_003715,33,F,US,beauty,1582,False
user_003716,73,F,UK,food,1111,False
user_003717,62,F,DE,clothing,53,False
user_003718,32,M,DE,"food,home_garden",1414,False
user_003719,33,M,JP,"food,home_garden,books",593,False
user_003720,46,F,AU,automotive,492,False
user_003721,55,F,MX,"food,toys",1337,False
user_003722,18,M,FR,food,1274,False
user_003723,18,F,AU,home_garden,1335,True
user_003724,27,F,US,home_garden,1179,True
user_003725,41,F,FR,"electronics,clothing,toys",1559,False
user_003726,40,M,CA,"sports,jewelry,books",1014,False
user_003727,47,F,US,"jewelry,automotive,books",1638,False
user_003728,20,M,CA,"beauty,clothing",1414,False
user_003729,18,M,MX,"electronics,food",1413,False
user_003730,45,F,FR,home_garden,255,True
user_003731,25,M,DE,"toys,sports,home_garden",378,False
user_003732,18,F,BR,"books,jewelry",957,False
user_003733,36,F,IN,toys,1434,False
user_003734,44,F,US,"toys,sports",1644,False
user_003735,33,M,FR,automotive,776,False
user_003736,29,M,IN,"jewelry,beauty",1631,False
user_003737,33,F,CA,"sports,clothing,electronics",1491,True
user_003738,30,F,JP,"sports,electronics",970,False
user_003739,18,M,JP,"automotive,books",283,False
user_003740,26,F,US,toys,1726,True
user_003741,41,F,JP,"toys,home_garden,beauty",1809,False
user_003742,38,M,BR,"toys,clothing",548,False
user_003743,37,M,FR,"jewelry,home_garden",1203,False
user_003744,23,F,MX,"food,automotive,sports",1618,True
user_003745,32,F,MX,"automotive,toys,electronics",1821,False
user_003746,18,F,FR,"electronics,sports",293,False
user_003747,37,M,FR,"sports,home_garden",1210,False
user_003748,52,M,IN,"clothing,books",1200,False
user_003749,18,F,IN,"clothing,jewelry,beauty",696,False
user_003750,27,F,DE,electronics,1403,False
user_003751,38,F,IN,"books,jewelry,home_garden",1441,False
user_003752,50,F,DE,"sports,books",699,False
user_003753,29,M,IN,"automotive,food",1586,False
user_003754,26,M,IN,books,1317,False
user_003755,18,F,CA,"electronics,beauty",139,False
user_003756,36,F,FR,toys,1430,False
user_003757,59,M,MX,"beauty,toys,sports",1228,False
user_003758,38,F,AU,"toys,electronics",1056,False
user_003759,34,F,JP,"jewelry,sports",395,False
user_003760,38,M,JP,"home_garden,electronics,food",1647,True
user_003761,34,M,JP,"electronics,books,toys",272,True
user_003762,25,F,BR,"beauty,jewelry",1402,False
user_003763,44,F,IN,"beauty,food",817,False
user_003764,37,M,DE,"food,beauty",522,False
user_003765,35,M,IN,"electronics,jewelry",915,False
user_003766,23,M,US,"automotive,books",732,True
user_003767,50,M,DE,"beauty,sports",359,False
user_003768,42,F,MX,"sports,clothing",1253,False
user_003769,28,F,FR,"electronics,books",413,False
user_003770,47,F,BR,"toys,electronics,home_garden",1777,True
user_003771,29,M,FR,food,837,False
user_003772,25,F,IN,"sports,jewelry,books",1317,False
user_003773,25,F,AU,electronics,1498,True
user_003774,18,Other,CA,"automotive,home_garden,electronics",1530,True
user_003775,40,F,JP,"jewelry,electronics",1307,True
user_003776,18,M,CA,"food,jewelry,automotive",690,False
user_003777,20,M,MX,"sports,clothing,home_garden",554,False
user_003778,18,M,AU,"beauty,electronics",1544,False
user_003779,33,F,BR,"food,sports,electronics",1312,False
user_003780,33,M,US,jewelry,1820,False
user_003781,31,F,JP,"automotive,electronics,books",3,False
user_003782,22,F,US,"sports,jewelry,books",1642,False
user_003783,20,F,MX,beauty,1563,True
user_003784,40,M,CA,"sports,electronics,food",315,True
user_003785,28,F,BR,jewelry,965,False
user_003786,38,F,UK,"food,beauty",1345,False
user_003787,24,M,IN,"toys,sports,books",1070,False
user_003788,37,M,IN,jewelry,1790,False
user_003789,50,M,FR,"sports,clothing,toys",345,False
user_003790,42,F,JP,"electronics,beauty",1468,False
user_003791,30,M,BR,"books,food",600,False
user_003792,38,F,BR,clothing,395,False
user_003793,32,F,FR,"toys,books",1346,False
user_003794,35,Other,IN,"clothing,beauty,jewelry",1635,False
user_003795,31,M,DE,"automotive,jewelry",1816,False
user_003796,33,M,IN,"beauty,sports",1216,False
user_003797,37,M,DE,"books,home_garden",451,False
user_003798,23,F,MX,food,56,False
user_003799,22,M,MX,home_garden,116,True
user_003800,18,F,IN,"beauty,sports",1286,False
user_003801,18,M,BR,automotive,915,False
user_003802,20,M,AU,"sports,clothing,food",643,False
user_003803,36,F,FR,"clothing,automotive,electronics",948,False
user_003804,24,M,MX,"jewelry,clothing",119,False
user_003805,41,Other,JP,"beauty,automotive",344,False
user_003806,35,F,BR,"home_garden,automotive,sports",842,False
user_003807,18,F,BR,books,817,True
user_003808,42,M,UK,jewelry,370,True
user_003809,44,F,IN,"jewelry,electronics,beauty",1800,False
user_003810,23,F,IN,books,1072,False
user_003811,40,F,US,"clothing,automotive,books",1329,False
user_003812,24,M,MX,toys,76,False
user_003813,36,F,FR,food,986,False
user_003814,19,F,FR,"automotive,books,toys",459,False
user_003815,18,F,BR,"automotive,toys,sports",95,False
user_003816,30,F,BR,"electronics,toys",1047,False
user_003817,33,M,BR,"home_garden,jewelry,beauty",28,False
user_003818,30,F,FR,"home_garden,clothing",206,False
user_003819,20,M,US,"electronics,beauty",733,True
user_003820,30,M,MX,automotive,1384,False
user_003821,38,M,CA,automotive,540,True
user_003822,34,M,UK,"automotive,jewelry",638,True
user_003823,37,F,FR,"electronics,clothing",1328,False
user_003824,26,M,BR,home_garden,234,False
user_003825,49,F,MX,"automotive,clothing",1309,False
user_003826,20,F,DE,"jewelry,food",476,False
user_003827,40,M,CA,"sports,beauty",540,False
user_003828,49,M,FR,"jewelry,sports",1679,False
user_003829,40,M,FR,"toys,sports,electronics",276,False
user_003830,32,F,FR,"home_garden,food",1779,True
user_003831,28,F,DE,"food,beauty,jewelry",1232,False
user_003832,47,M,JP,"books,food,home_garden",1146,False
user_003833,18,M,UK,electronics,679,False
user_003834,23,M,CA,"sports,books,home_garden",186,False
user_003835,30,F,CA,"beauty,clothing,jewelry",1101,False
user_003836,49,F,FR,"toys,electronics",615,False
user_003837,39,M,UK,"food,sports",708,False
user_003838,23,F,BR,"beauty,automotive,sports",549,False
user_003839,31,M,AU,"clothing,toys,jewelry",27,False
user_003840,27,F,UK,clothing,829,False
user_003841,26,F,UK,sports,467,False
user_003842,46,M,US,"sports,food",1445,False
user_003843,18,M,DE,"home_garden,food,automotive",1212,False
user_003844,54,M,FR,automotive,413,False
user_003845,44,M,AU,books,1535,True
user_003846,48,M,FR,"jewelry,toys,books",852,False
user_003847,29,Other,JP,"clothing,toys",892,False
user_003848,33,Other,JP,books,493,False
user_003849,18,F,DE,books,274,False
user_003850,28,F,IN,sports,82,True
user_003851,40,Other,IN,food,453,False
user_003852,50,M,BR,"beauty,electronics",1259,True
user_003853,21,M,JP,sports,247,False
user_003854,30,M,FR,jewelry,1592,False
user_003855,33,M,JP,food,739,False
user_003856,18,F,UK,"books,toys",1126,False
user_003857,42,M,MX,"books,toys",1198,False
user_003858,26,M,DE,"toys,beauty",1310,False
user_003859,32,F,CA,"food,toys,sports",1245,True
user_003860,29,M,DE,automotive,1522,False
user_003861,25,F,CA,"clothing,home_garden",1597,False
user_003862,34,F,DE,"sports,automotive,toys",1093,False
user_003863,32,M,BR,jewelry,1547,False
user_003864,30,M,AU,clothing,566,False
user_003865,26,M,FR,"clothing,beauty,food",305,False
user_003866,38,F,MX,sports,938,False
user_003867,54,M,DE,"jewelry,beauty",1792,False
user_003868,36,M,BR,"electronics,beauty",1015,False
user_003869,46,M,IN,"clothing,automotive",1648,False
user_003870,18,M,IN,electronics,984,False
user_003871,36,M,UK,sports,665,True
user_003872,21,M,BR,sports,1096,False
user_003873,18,F,UK,"clothing,electronics,food",1124,False
user_003874,26,F,IN,jewelry,656,False
user_003875,49,F,US,beauty,833,False
user_003876,46,F,FR,"electronics,books,toys",501,False
user_003877,37,M,FR,"clothing,beauty,sports",26,False
user_003878,18,M,DE,books,1029,False
user_003879,32,F,DE,"beauty,electronics",345,False
user_003880,38,M,DE,clothing,56,False
user_003881,37,M,CA,"electronics,clothing",655,False
user_003882,18,Other,JP,"books,electronics,clothing",870,False
user_003883,24,M,DE,automotive,1747,True
user_003884,34,Other,FR,electronics,1780,False
user_003885,41,F,US,books,763,False
user_003886,18,F,UK,"electronics,clothing,jewelry",1553,False
user_003887,33,F,FR,"sports,home_garden,automotive",467,False
user_003888,36,M,UK,"books,automotive",1632,False
user_003889,45,M,JP,jewelry,1392,False
user_003890,43,M,IN,home_garden,819,False
user_003891,41,M,US,"jewelry,food",355,False
user_003892,25,M,US,"toys,jewelry,home_garden",1495,False
user_003893,18,F,BR,"home_garden,toys",1281,False
user_003894,30,F,IN,sports,1305,False
user_003895,47,M,FR,jewelry,730,False
user_003896,51,F,JP,beauty,828,False
user_003897,43,M,JP,"jewelry,clothing",323,False
user_003898,40,M,JP,automotive,853,False
user_003899,39,M,JP,"food,beauty",1739,False
user_003900,28,F,CA,"books,sports",1567,False
user_003901,33,M,MX,"beauty,home_garden,jewelry",1432,False
user_003902,55,F,FR,"books,automotive",316,False
user_003903,23,M,AU,"toys,food,books",973,True
user_003904,54,F,IN,"food,toys,home_garden",460,False
user_003905,31,M,AU,sports,1025,False
user_003906,50,M,UK,jewelry,806,False
user_003907,18,F,MX,sports,1309,False
user_003908,42,M,FR,"automotive,clothing,toys",1380,False
user_003909,26,M,IN,clothing,1344,False
user_003910,18,M,BR,"clothing,electronics",1652,False
user_003911,37,M,DE,toys,1588,False
user_003912,47,M,MX,clothing,868,False
user_003913,24,M,CA,"electronics,automotive,books",1176,False
user_003914,18,Other,JP,clothing,1606,False
user_003915,33,M,CA,"food,toys",1717,True
user_003916,33,M,JP,"books,toys,sports",421,False
user_003917,41,M,DE,jewelry,1533,False
user_003918,46,M,MX,"sports,electronics,home_garden",538,False
user_003919,34,F,JP,"clothing,jewelry,books",1472,False
user_003920,57,M,US,"clothing,toys",844,False
user_003921,37,M,UK,"home_garden,jewelry,beauty",68,True
user_003922,30,M,MX,"clothing,books",57,True
user_003923,18,F,UK,"home_garden,sports,electronics",399,False
user_003924,31,M,JP,"sports,home_garden",1707,False
user_003925,30,F,UK,sports,577,True
user_003926,46,F,UK,"automotive,sports,clothing",1772,False
user_003927,40,Other,IN,"home_garden,electronics,clothing",187,True
user_003928,20,F,MX,sports,1358,False
user_003929,37,F,DE,electronics,80,False
user_003930,43,M,IN,"toys,jewelry,clothing",68,False
user_003931,53,F,FR,jewelry,598,True
user_003932,45,F,AU,sports,620,False
user_003933,44,M,FR,electronics,153,False
user_003934,35,F,MX,"food,clothing,jewelry",205,False
user_003935,39,M,BR,"toys,electronics,clothing",203,False
user_003936,49,M,DE,food,1603,False
user_003937,19,M,BR,"sports,electronics,books",1371,False
user_003938,30,F,UK,automotive,593,True
user_003939,25,M,CA,automotive,650,True
user_003940,39,Other,BR,"clothing,home_garden",1740,False
user_003941,49,F,FR,"toys,sports",1240,True
user_003942,27,M,UK,"clothing,electronics,food",1347,False
user_003943,18,Other,DE,jewelry,511,False
user_003944,30,M,US,beauty,156,False
user_003945,45,M,US,beauty,842,False
user_003946,41,M,IN,"books,toys",519,False
user_003947,40,M,BR,"books,beauty",1515,False
user_003948,31,M,AU,electronics,580,False
user_003949,19,F,MX,food,1444,False
user_003950,41,M,CA,"automotive,beauty,toys",1038,False
user_003951,24,M,MX,"home_garden,electronics,automotive",1288,False
user_003952,61,M,JP,"toys,food",427,False
user_003953,41,M,UK,"sports,books,automotive",934,False
user_003954,28,M,US,"books,beauty",531,False
user_003955,27,M,US,food,170,False
user_003956,33,M,JP,"sports,clothing,home_garden",1043,False
user_003957,32,M,IN,"books,sports",912,False
user_003958,48,M,JP,electronics,838,False
user_003959,37,Other,UK,sports,996,True
user_003960,26,M,DE,electronics,394,False
user_003961,57,M,DE,clothing,287,False
user_003962,35,F,CA,"books,jewelry,automotive",27,False
user_003963,44,F,AU,"beauty,books",1242,False
user_003964,27,M,US,"electronics,jewelry",1488,False
user_003965,39,M,UK,"food,clothing",1443,True
user_003966,38,F,AU,beauty,398,False
user_003967,18,F,IN,"books,jewelry",1213,True
user_003968,59,M,AU,toys,1003,False
user_003969,50,F,IN,jewelry,493,True
user_003970,30,F,UK,"electronics,clothing,jewelry",1274,False
user_003971,21,M,AU,"beauty,home_garden,sports",1786,False
user_003972,39,M,JP,"clothing,sports,automotive",1639,False
user_003973,36,M,IN,"books,automotive,electronics",1381,False
user_003974,39,M,AU,"home_garden,electronics,toys",1020,False
user_003975,37,F,UK,"electronics,home_garden,food",1368,True
user_003976,41,F,BR,jewelry,514,False
user_003977,52,F,US,toys,654,False
user_003978,41,F,MX,"beauty,jewelry,food",1172,False
user_003979,22,F,DE,automotive,1180,False
user_003980,51,F,JP,toys,1161,False
user_003981,54,F,IN,"sports,beauty,books",879,True
user_003982,72,M,JP,electronics,942,False
user_003983,21,M,US,"sports,beauty",170,False
user_003984,37,M,FR,food,857,False
user_003985,18,F,IN,sports,120,True
user_003986,41,F,FR,electronics,981,False
user_003987,28,M,CA,"jewelry,books,toys",942,False
user_003988,58,F,US,"books,beauty",1089,False
user_003989,25,F,CA,home_garden,357,False
user_003990,18,M,DE,"electronics,jewelry,sports",631,True
user_003991,29,F,JP,"beauty,home_garden",1230,True
user_003992,18,M,MX,"beauty,jewelry,food",59,False
user_003993,44,M,CA,"jewelry,toys",337,False
user_003994,18,Other,FR,home_garden,454,False
user_003995,35,M,FR,"beauty,sports,jewelry",1738,True
user_003996,18,M,CA,"automotive,books,toys",42,False
user_003997,31,M,DE,jewelry,1806,False
user_003998,54,M,CA,"clothing,food,books",322,False
user_003999,39,M,JP,electronics,951,False
user_004000,24,M,FR,clothing,1210,False
user_004001,34,M,US,"toys,home_garden",812,False
user_004002,35,F,FR,beauty,249,False
user_004003,40,M,AU,"books,automotive,electronics",16,False
user_004004,18,M,MX,toys,100,True
user_004005,42,M,MX,home_garden,463,False
user_004006,18,M,US,"clothing,electronics",377,False
user_004007,27,M,DE,"beauty,toys,clothing",1724,False
user_004008,29,F,AU,"sports,food,clothing",725,False
user_004009,42,F,MX,"electronics,food",1663,False
user_004010,35,M,AU,electronics,1489,False
user_004011,18,F,UK,books,789,False
user_004012,23,F,CA,"food,automotive",679,False
user_004013,37,M,UK,"sports,home_garden",1260,False
user_004014,34,F,BR,"home_garden,clothing",1022,False
user_004015,28,M,DE,"toys,beauty",1350,False
user_004016,29,M,MX,"clothing,books",328,False
user_004017,43,M,UK,"beauty,food,electronics",1633,False
user_004018,28,M,UK,books,1383,True
user_004019,33,M,BR,"automotive,food",1296,False
user_004020,61,M,BR,"home_garden,books",253,False
user_004021,18,M,IN,"books,clothing,jewelry",1476,False
user_004022,18,F,UK,"beauty,toys,home_garden",171,False
user_004023,44,M,US,jewelry,83,True
user_004024,26,F,FR,"home_garden,food,beauty",1167,False
user_004025,31,M,CA,"books,home_garden,clothing",896,False
user_004026,25,F,DE,"automotive,toys,jewelry",981,False
user_004027,31,F,FR,"sports,clothing,food",1642,False
user_004028,54,F,AU,"beauty,clothing",431,False
user_004029,44,M,CA,electronics,1367,False
user_004030,45,F,JP,"beauty,books",600,False
user_004031,18,M,DE,"home_garden,beauty",1000,False
user_004032,21,M,FR,"beauty,jewelry",1002,False
user_004033,18,F,JP,"toys,beauty",1257,False
user_004034,25,M,CA,"sports,automotive",1206,False
user_004035,46,F,MX,sports,590,False
user_004036,41,M,DE,electronics,645,True
user_004037,32,Other,JP,"jewelry,books",670,False
user_004038,34,F,US,"clothing,books",1775,False
user_004039,26,F,BR,food,368,False
user_004040,37,F,MX,beauty,903,False
user_004041,44,F,CA,sports,1775,True
user_004042,18,M,JP,jewelry,1780,False
user_004043,38,M,FR,"electronics,books",600,False
user_004044,46,M,AU,"automotive,electronics",1010,False
user_004045,30,M,IN,"books,beauty",597,False
user_004046,43,M,FR,food,1331,False
user_004047,68,M,IN,clothing,1394,False
user_004048,33,M,DE,home_garden,1421,True
user_004049,39,F,JP,"sports,beauty,clothing",1000,False
user_004050,26,M,FR,"food,electronics,toys",1375,True
user_004051,37,M,DE,"toys,home_garden,electronics",1809,False
user_004052,40,F,US,electronics,1819,False
user_004053,37,M,CA,"sports,automotive,jewelry",1584,False
user_004054,22,M,BR,"home_garden,jewelry,automotive",1384,False
user_004055,37,M,IN,automotive,1240,False
user_004056,52,M,AU,"clothing,home_garden,toys",1311,False
user_004057,40,M,AU,"sports,toys,books",859,False
user_004058,46,M,MX,"electronics,clothing,home_garden",757,False
user_004059,32,F,AU,jewelry,103,False
user_004060,43,M,AU,clothing,598,False
user_004061,38,F,US,"beauty,automotive",1108,False
user_004062,23,F,MX,automotive,1309,False
user_004063,38,F,US,"electronics,sports,automotive",578,True
user_004064,23,M,JP,clothing,1043,False
user_004065,27,F,UK,"home_garden,beauty,jewelry",563,False
user_004066,37,M,AU,food,722,False
user_004067,38,F,US,electronics,212,False
user_004068,20,M,BR,"beauty,toys,sports",1722,False
user_004069,47,Other,MX,"sports,electronics,clothing",77,False
user_004070,41,F,IN,"clothing,toys",1422,False
user_004071,26,M,UK,"home_garden,food,clothing",750,False
user_004072,18,Other,UK,"toys,automotive",175,False
user_004073,33,M,IN,"toys,food",414,False
user_004074,29,M,US,toys,1474,False
user_004075,36,Other,IN,beauty,425,False
user_004076,30,M,AU,"beauty,automotive",865,False
user_004077,18,M,FR,"books,automotive,beauty",507,False
user_004078,30,M,JP,"automotive,books,sports",1351,True
user_004079,31,F,UK,"food,beauty",1396,False
user_004080,42,F,MX,"toys,jewelry",1780,False
user_004081,26,M,IN,electronics,699,False
user_004082,55,F,JP,"books,food",1214,False
user_004083,18,M,AU,"home_garden,sports,beauty",1661,False
user_004084,50,M,IN,books,760,False
user_004085,32,M,IN,"clothing,home_garden",957,False
user_004086,45,F,BR,automotive,257,False
user_004087,35,F,FR,food,1138,False
user_004088,48,F,BR,food,934,False
user_004089,30,F,IN,clothing,600,True
user_004090,21,F,JP,food,407,True
user_004091,52,F,DE,"electronics,jewelry,food",150,True
user_004092,33,M,CA,sports,1383,False
user_004093,37,M,BR,electronics,1739,False
user_004094,49,F,JP,"food,jewelry,clothing",247,False
user_004095,22,M,MX,"food,clothing,toys",890,False
user_004096,42,M,US,"toys,food",1244,False
user_004097,27,M,CA,"toys,automotive,home_garden",33,True
user_004098,33,F,CA,"beauty,books,automotive",284,False
user_004099,35,F,MX,"beauty,home_garden",411,False
user_004100,18,F,MX,books,156,False
user_004101,25,F,BR,jewelry,44,False
user_004102,51,M,UK,"food,home_garden",686,False
user_004103,45,F,AU,"jewelry,clothing,automotive",77,False
user_004104,34,M,DE,electronics,859,True
user_004105,37,M,MX,"electronics,books,toys",1470,False
user_004106,31,F,IN,"food,beauty",1749,False
user_004107,51,F,FR,"sports,automotive",734,False
user_004108,32,M,CA,jewelry,1169,False
user_004109,37,M,IN,"clothing,sports,toys",847,False
user_004110,48,F,US,"sports,home_garden",1796,False
user_004111,25,M,DE,"books,toys",1595,False
user_004112,53,M,MX,"toys,automotive",341,False
user_004113,18,M,US,"books,sports",1412,False
user_004114,54,F,UK,"books,electronics,toys",623,False
user_004115,30,M,US,"electronics,beauty",1146,False
user_004116,32,F,UK,"home_garden,books",821,False
user_004117,18,F,FR,electronics,481,False
user_004118,29,F,FR,"home_garden,toys",1663,True
user_004119,22,F,MX,electronics,108,False
user_004120,27,F,IN,"jewelry,home_garden,clothing",234,False
user_004121,33,M,FR,"automotive,electronics",688,False
user_004122,46,F,MX,"clothing,beauty",1549,False
user_004123,37,F,FR,"electronics,home_garden,jewelry",1298,False
user_004124,38,F,JP,"clothing,home_garden",349,False
user_004125,21,M,DE,"electronics,automotive,clothing",1382,False
user_004126,24,F,CA,"clothing,beauty,sports",1576,False
user_004127,56,F,FR,beauty,151,False
user_004128,26,Other,IN,electronics,435,False
user_004129,54,F,FR,"home_garden,electronics,toys",1239,False
user_004130,32,F,UK,"sports,books,clothing",1530,False
user_004131,35,Other,AU,"toys,home_garden,food",1327,True
user_004132,47,M,UK,"clothing,toys,food",1043,False
user_004133,50,F,FR,"books,automotive",838,False
user_004134,33,F,AU,"automotive,jewelry",51,True
user_004135,30,F,DE,"toys,books,food",1213,False
user_004136,34,M,IN,"toys,jewelry",23,False
user_004137,39,M,JP,"home_garden,food,toys",1674,False
user_004138,45,F,MX,automotive,1385,False
user_004139,35,M,MX,"jewelry,electronics,food",496,False
user_004140,42,M,MX,"automotive,clothing,books",977,False
user_004141,54,M,MX,toys,1713,False
user_004142,39,F,IN,"electronics,automotive",757,False
user_004143,38,F,CA,"electronics,beauty,jewelry",256,False
user_004144,18,M,IN,toys,1194,False
user_004145,18,F,AU,books,1777,False
user_004146,39,F,UK,automotive,1328,True
user_004147,33,M,AU,"automotive,toys",1585,True
user_004148,28,M,DE,"jewelry,books,sports",1071,False
user_004149,37,Other,FR,"food,beauty,jewelry",1316,True
user_004150,34,M,UK,jewelry,209,False
user_004151,48,F,UK,beauty,1319,False
user_004152,36,M,US,"electronics,food,sports",823,False
user_004153,26,M,FR,"beauty,books,automotive",836,False
user_004154,46,M,DE,automotive,1816,True
user_004155,32,F,CA,"home_garden,electronics",1609,False
user_004156,41,M,MX,"toys,books",925,False
user_004157,29,F,AU,"sports,electronics",1014,False
user_004158,27,M,MX,"clothing,sports,automotive",753,False
user_004159,36,F,IN,"food,sports,electronics",1010,False
user_004160,35,F,FR,"sports,jewelry",521,False
user_004161,40,M,JP,sports,1125,False
user_004162,31,F,CA,"toys,beauty,home_garden",1038,False
user_004163,18,F,AU,"automotive,home_garden",1342,False
user_004164,29,F,FR,"books,toys",890,False
user_004165,44,M,US,"automotive,beauty",1763,False
user_004166,31,F,US,"food,beauty",1041,False
user_004167,32,F,JP,"home_garden,books",1580,False
user_004168,46,M,JP,"home_garden,sports,automotive",1223,False
user_004169,26,F,CA,"electronics,beauty,jewelry",654,False
user_004170,18,F,JP,"electronics,books",950,False
user_004171,33,M,CA,electronics,353,False
user_004172,29,M,BR,"home_garden,electronics,food",291,False
user_004173,23,F,US,"beauty,sports,jewelry",495,False
user_004174,32,M,AU,clothing,1146,False
user_004175,40,M,DE,beauty,1412,False
user_004176,34,Other,US,sports,1348,False
user_004177,38,M,UK,"clothing,sports,home_garden",286,False
user_004178,56,F,MX,"sports,home_garden,automotive",1759,False
user_004179,30,F,UK,"home_garden,clothing",229,True
user_004180,38,Other,DE,"beauty,electronics,sports",822,False
user_004181,28,F,JP,"sports,books",376,False
user_004182,24,F,BR,"clothing,electronics",458,False
user_004183,27,M,UK,"beauty,jewelry,sports",532,False
user_004184,29,F,AU,"electronics,clothing",193,True
user_004185,39,M,FR,"sports,beauty,automotive",1411,False
user_004186,63,M,DE,toys,1114,False
user_004187,26,M,CA,"food,home_garden",790,True
user_004188,30,F,BR,clothing,768,False
user_004189,34,F,DE,"books,toys,sports",1543,False
user_004190,39,F,BR,"sports,automotive,clothing",804,False
user_004191,38,F,UK,"jewelry,electronics,toys",1236,False
user_004192,50,F,FR,electronics,1267,False
user_004193,18,F,US,toys,637,False
user_004194,18,F,DE,"beauty,automotive,books",1387,False
user_004195,29,F,UK,"food,home_garden",355,False
user_004196,48,F,IN,sports,1139,False
user_004197,18,F,UK,sports,1347,False
user_004198,18,M,MX,electronics,1671,False
user_004199,41,F,DE,"beauty,electronics",1133,False
user_004200,37,M,BR,"home_garden,clothing,jewelry",741,False
user_004201,21,M,MX,"toys,food",131,True
user_004202,23,F,CA,"sports,electronics",398,False
user_004203,23,M,MX,"home_garden,sports,jewelry",763,False
user_004204,36,F,DE,electronics,1361,False
user_004205,27,F,UK,"food,clothing",657,True
user_004206,40,M,BR,jewelry,1239,True
user_004207,18,M,DE,"clothing,food",1043,True
user_004208,24,F,IN,"books,clothing",1002,False
user_004209,21,F,FR,"books,jewelry,clothing",814,False
user_004210,31,M,BR,beauty,892,False
user_004211,28,M,MX,electronics,1053,False
user_004212,44,F,AU,"electronics,food",1742,False
user_004213,18,M,CA,"clothing,beauty,home_garden",651,True
user_004214,35,M,JP,electronics,1521,False
user_004215,41,F,MX,automotive,71,False
user_004216,57,M,AU,"sports,beauty,electronics",1031,False
user_004217,29,F,US,"electronics,home_garden",558,True
user_004218,38,F,BR,"home_garden,sports,toys",1392,False
user_004219,18,M,JP,"clothing,automotive,books",1110,False
user_004220,18,F,IN,clothing,1362,True
user_004221,45,M,AU,clothing,206,False
user_004222,34,M,CA,"toys,electronics",328,True
user_004223,49,F,IN,home_garden,347,False
user_004224,18,M,IN,books,1516,False
user_004225,41,F,JP,"clothing,toys,jewelry",456,False
user_004226,57,F,UK,home_garden,1329,False
user_004227,40,F,BR,"home_garden,toys",1535,False
user_004228,38,F,US,"sports,food,toys",88,True
user_004229,35,M,UK,clothing,1599,True
user_004230,18,M,FR,"electronics,food",551,False
user_004231,51,F,AU,automotive,214,False
user_004232,27,M,UK,"electronics,automotive",1807,False
user_004233,41,M,CA,jewelry,741,False
user_004234,18,M,JP,"toys,food",705,False
user_004235,20,M,JP,jewelry,1021,True
user_004236,52,F,IN,"food,clothing",1025,False
user_004237,30,M,AU,toys,821,True
user_004238,52,F,US,"toys,jewelry,food",763,False
user_004239,34,M,IN,food,1733,False
user_004240,18,M,DE,"sports,electronics",446,False
user_004241,45,M,JP,"sports,toys,clothing",1815,False
user_004242,27,F,US,"toys,home_garden",608,False
user_004243,43,F,JP,clothing,1596,True
user_004244,35,M,CA,"books,clothing",1048,False
user_004245,18,M,JP,"toys,automotive,jewelry",537,False
user_004246,36,M,MX,"toys,beauty",794,False
user_004247,61,M,IN,"electronics,home_garden",1597,False
user_004248,40,M,FR,electronics,997,False
user_004249,34,F,UK,"home_garden,toys,jewelry",1568,False
user_004250,47,F,MX,books,233,False
user_004251,37,F,JP,food,676,False
user_004252,37,F,US,"clothing,electronics",773,False
user_004253,21,F,DE,"books,clothing,automotive",263,False
user_004254,37,F,US,"food,clothing",180,False
user_004255,47,F,BR,"jewelry,toys",686,False
user_004256,24,F,BR,"jewelry,automotive,sports",584,False
user_004257,52,M,DE,"jewelry,electronics",219,False
user_004258,33,F,JP,sports,1620,False
user_004259,24,F,IN,"beauty,automotive",1270,False
user_004260,46,M,BR,electronics,433,False
user_004261,31,M,JP,"beauty,toys,home_garden",410,False
user_004262,44,M,AU,jewelry,1706,False
user_004263,31,M,MX,toys,625,False
user_004264,34,F,IN,food,146,True
user_004265,40,F,MX,automotive,1328,False
user_004266,38,F,UK,"electronics,toys,books",1564,False
user_004267,18,M,BR,food,713,False
user_004268,21,M,FR,"books,clothing,toys",864,False
user_004269,46,M,IN,clothing,675,False
user_004270,33,M,MX,electronics,1710,True
user_004271,28,F,AU,"books,beauty",1057,False
user_004272,18,F,FR,"home_garden,beauty,toys",1393,False
user_004273,22,F,CA,"automotive,clothing,books",1501,False
user_004274,18,F,AU,"books,jewelry,beauty",217,False
user_004275,33,M,UK,"clothing,books",1289,False
user_004276,27,F,UK,"food,toys",1678,False
user_004277,23,M,US,home_garden,249,False
user_004278,34,M,UK,"home_garden,sports",1690,False
user_004279,39,M,JP,"sports,beauty,home_garden",446,False
user_004280,60,F,IN,"home_garden,electronics,food",1355,False
user_004281,18,M,MX,"electronics,toys,sports",1103,False
user_004282,48,F,BR,"sports,electronics,books",991,False
user_004283,46,F,UK,beauty,858,False
user_004284,25,F,FR,clothing,1274,False
user_004285,37,M,DE,"food,electronics",248,False
user_004286,29,Other,DE,sports,626,True
user_004287,37,F,CA,books,193,False
user_004288,53,F,FR,"home_garden,electronics,toys",379,False
user_004289,42,F,UK,"beauty,sports",1115,True
user_004290,41,M,IN,"sports,jewelry",1788,False
user_004291,29,M,CA,electronics,502,False
user_004292,18,M,AU,"electronics,sports",1437,False
user_004293,32,F,IN,clothing,873,False
user_004294,49,M,MX,"toys,sports",584,True
user_004295,18,F,MX,"beauty,home_garden",1448,True
user_004296,22,M,CA,food,1702,False
user_004297,36,F,MX,"beauty,clothing",115,False
user_004298,23,F,UK,toys,56,False
user_004299,25,F,DE,"toys,beauty",1535,False
user_004300,29,F,DE,electronics,496,False
user_004301,18,F,DE,"toys,jewelry,automotive",1168,False
user_004302,23,M,MX,automotive,513,True
user_004303,43,F,FR,automotive,1247,False
user_004304,19,M,DE,"home_garden,sports,books",603,True
user_004305,18,F,CA,"books,automotive",840,False
user_004306,27,F,FR,"automotive,jewelry",528,False
user_004307,43,M,MX,"clothing,automotive",522,False
user_004308,32,M,FR,"toys,beauty,sports",1490,False
user_004309,29,F,AU,"jewelry,books",43,False
user_004310,35,F,US,beauty,1183,False
user_004311,18,F,IN,automotive,1653,False
user_004312,40,F,BR,"jewelry,sports",1728,False
user_004313,39,F,MX,home_garden,1790,False
user_004314,30,M,UK,"beauty,home_garden",1720,False
user_004315,47,M,UK,"beauty,electronics",1644,False
user_004316,21,M,MX,electronics,1635,False
user_004317,48,F,BR,"books,automotive",435,False
user_004318,36,F,IN,"jewelry,toys",889,False
user_004319,30,M,UK,"automotive,sports,food",938,False
user_004320,34,M,CA,"electronics,toys,jewelry",1273,False
user_004321,33,M,FR,clothing,1636,False
user_004322,49,M,AU,"food,clothing,beauty",858,False
user_004323,22,M,IN,"electronics,beauty",866,False
user_004324,25,F,CA,"clothing,toys,food",1153,False
user_004325,47,F,AU,"books,home_garden,sports",1251,False
user_004326,27,M,CA,"jewelry,automotive",664,False
user_004327,45,F,JP,beauty,1755,False
user_004328,55,M,US,food,278,False
user_004329,30,M,IN,"sports,books,toys",1204,False
user_004330,43,M,US,"food,clothing",1730,True
user_004331,21,F,BR,home_garden,877,False
user_004332,44,Other,UK,"sports,automotive",1289,False
user_004333,37,F,MX,automotive,501,False
user_004334,40,F,FR,"automotive,electronics",662,False
user_004335,27,F,UK,electronics,45,False
user_004336,18,F,JP,food,1232,False
user_004337,41,F,IN,"home_garden,electronics,sports",1761,False
user_004338,18,F,BR,"food,jewelry,beauty",100,False
user_004339,31,M,FR,"beauty,toys",1531,False
user_004340,46,M,MX,"sports,jewelry",529,False
user_004341,37,M,UK,"toys,home_garden,automotive",1381,False
user_004342,58,M,JP,home_garden,182,False
user_004343,47,F,BR,"electronics,food,home_garden",618,False
user_004344,27,F,DE,"food,jewelry",1383,False
user_004345,35,M,JP,toys,911,False
user_004346,34,F,CA,"electronics,automotive,food",1605,False
user_004347,18,F,FR,"jewelry,sports",585,False
user_004348,23,F,BR,"beauty,books,jewelry",1536,False
user_004349,28,M,BR,"electronics,home_garden",860,False
user_004350,18,F,US,"electronics,sports",1775,False
user_004351,35,M,BR,"beauty,clothing",719,False
user_004352,32,M,BR,clothing,1570,False
user_004353,18,F,US,electronics,1616,True
user_004354,39,F,AU,"electronics,sports,jewelry",816,False
user_004355,43,F,AU,"books,home_garden,sports",501,False
user_004356,37,M,DE,"toys,beauty",411,False
user_004357,31,M,US,toys,1293,False
user_004358,42,M,MX,"electronics,jewelry,sports",1510,True
user_004359,43,F,MX,home_garden,1544,False
user_004360,38,F,MX,"clothing,jewelry",1028,False
user_004361,25,M,UK,"toys,beauty,clothing",1399,False
user_004362,38,M,UK,"home_garden,food,sports",639,False
user_004363,49,F,IN,"food,toys",1317,False
user_004364,27,F,CA,"automotive,food",1476,False
user_004365,60,F,DE,"toys,jewelry,automotive",1451,False
user_004366,28,M,MX,"beauty,books,jewelry",1201,False
user_004367,35,F,FR,"jewelry,clothing,sports",1417,False
user_004368,26,M,CA,"books,jewelry,food",1752,True
user_004369,37,F,JP,"food,home_garden",358,False
user_004370,18,M,UK,sports,443,False
user_004371,28,M,CA,"toys,jewelry,electronics",924,False
user_004372,21,F,UK,automotive,519,False
user_004373,36,M,CA,"automotive,beauty,books",1771,False
user_004374,46,M,MX,electronics,538,False
user_004375,42,F,FR,books,1604,False
user_004376,18,F,JP,"home_garden,beauty,clothing",848,False
user_004377,59,M,UK,"food,sports",417,False
user_004378,38,F,US,automotive,290,False
user_004379,25,F,JP,"home_garden,sports",1582,False
user_004380,36,M,MX,beauty,1080,False
user_004381,37,F,MX,"books,clothing",672,False
user_004382,26,F,UK,"jewelry,electronics,sports",350,False
user_004383,37,F,UK,"toys,beauty,automotive",772,False
user_004384,27,F,UK,"books,home_garden,automotive",1204,False
user_004385,30,F,FR,"jewelry,clothing,electronics",1092,True
user_004386,26,M,MX,"toys,home_garden",1673,False
user_004387,18,F,AU,clothing,1177,False
user_004388,36,F,UK,electronics,356,True
user_004389,42,F,CA,"books,food",186,False
user_004390,41,M,UK,"toys,clothing",681,False
user_004391,44,F,UK,"beauty,home_garden",657,False
user_004392,38,F,CA,electronics,22,False
user_004393,28,F,JP,"clothing,jewelry,electronics",739,False
user_004394,45,M,JP,"beauty,jewelry",487,False
user_004395,18,M,IN,"beauty,sports",1520,False
user_004396,24,M,MX,"jewelry,clothing,books",1757,False
user_004397,23,M,CA,"beauty,books",1402,True
user_004398,47,Other,JP,"clothing,electronics,toys",1313,False
user_004399,46,F,IN,"clothing,electronics,automotive",1304,True
user_004400,40,M,DE,"sports,books,clothing",855,False
user_004401,47,F,BR,books,729,False
user_004402,24,F,MX,"books,toys",1596,False
user_004403,39,F,CA,electronics,1017,False
user_004404,33,M,FR,"clothing,electronics,automotive",285,False
user_004405,45,F,IN,"beauty,food,books",1285,False
user_004406,33,M,BR,"home_garden,books,automotive",1732,False
user_004407,30,F,CA,"jewelry,food",1649,False
user_004408,41,F,UK,"clothing,books",605,False
user_004409,45,F,DE,"electronics,beauty,jewelry",1294,False
user_004410,26,M,IN,"electronics,toys",59,False
user_004411,34,M,AU,sports,1736,False
user_004412,22,F,JP,"sports,food",1419,False
user_004413,18,M,UK,"electronics,jewelry",1300,False
user_004414,37,M,CA,"jewelry,automotive,beauty",419,True
user_004415,42,M,DE,"beauty,jewelry",452,False
user_004416,38,F,BR,"automotive,jewelry",1491,False
user_004417,18,M,JP,"toys,home_garden",1350,False
user_004418,30,F,US,"books,jewelry",1812,True
user_004419,18,F,US,home_garden,573,False
user_004420,51,F,MX,"sports,food,clothing",32,False
user_004421,21,M,CA,home_garden,1755,False
user_004422,50,F,MX,"beauty,home_garden,books",594,False
user_004423,46,F,US,"clothing,sports,food",741,False
user_004424,24,M,AU,"books,automotive",1808,True
user_004425,21,F,MX,"toys,food,home_garden",679,False
user_004426,39,F,IN,toys,524,False
user_004427,24,F,AU,"toys,automotive,jewelry",779,False
user_004428,36,F,AU,jewelry,1586,False
user_004429,29,F,DE,"automotive,books,jewelry",1469,False
user_004430,18,F,DE,clothing,503,False
user_004431,18,F,IN,toys,703,False
user_004432,37,F,BR,"sports,toys,food",1029,True
user_004433,28,F,FR,"sports,beauty",983,False
user_004434,28,M,UK,"sports,beauty,food",474,False
user_004435,43,F,AU,clothing,706,False
user_004436,49,M,BR,"beauty,books,food",567,True
user_004437,31,F,DE,"clothing,sports,toys",878,False
user_004438,30,F,MX,clothing,1010,False
user_004439,41,F,AU,"home_garden,sports",1613,False
user_004440,18,F,MX,"toys,sports",826,False
user_004441,37,F,US,"toys,home_garden,electronics",1159,False
user_004442,41,M,UK,"automotive,books",812,False
user_004443,43,F,AU,clothing,1179,False
user_004444,18,M,IN,"books,jewelry,sports",576,False
user_004445,25,M,JP,"home_garden,sports,books",1134,True
user_004446,24,F,US,"automotive,sports,toys",170,False
user_004447,36,F,FR,"electronics,sports,jewelry",615,False
user_004448,40,F,BR,beauty,1532,False
user_004449,52,M,AU,"toys,jewelry,food",669,False
user_004450,29,M,DE,"electronics,beauty",805,True
user_004451,29,F,JP,"food,sports",1297,False
user_004452,48,F,FR,"books,electronics",810,False
user_004453,38,M,DE,"jewelry,clothing",1456,False
user_004454,50,F,DE,"toys,food",1645,False
user_004455,38,F,AU,"electronics,books,clothing",658,False
user_004456,21,F,BR,"home_garden,automotive,jewelry",930,False
user_004457,19,M,DE,"automotive,books",792,False
user_004458,18,M,IN,"home_garden,beauty",547,False
user_004459,42,F,US,"electronics,food",1703,False
user_004460,49,F,UK,"clothing,jewelry",935,False
user_004461,57,F,CA,"clothing,books",613,True
user_004462,45,M,UK,"jewelry,books",880,False
user_004463,48,F,AU,"automotive,books,home_garden",1358,False
user_004464,28,M,JP,"food,jewelry",1598,False
user_004465,21,M,AU,food,621,False
user_004466,45,M,JP,"home_garden,sports",1100,False
user_004467,40,F,MX,"clothing,beauty",358,False
user_004468,36,F,FR,"electronics,sports,jewelry",612,False
user_004469,39,F,BR,"home_garden,beauty",256,False
user_004470,38,F,CA,"electronics,clothing,automotive",947,False
user_004471,50,F,CA,sports,493,False
user_004472,50,M,AU,"sports,automotive,food",749,False
user_004473,41,M,AU,"beauty,toys,sports",554,False
user_004474,45,M,AU,"food,sports,clothing",1794,False
user_004475,41,M,DE,"home_garden,beauty",1099,False
user_004476,29,M,MX,"beauty,automotive",1610,False
user_004477,44,F,AU,"food,sports",1028,True
user_004478,18,M,IN,"toys,electronics",1584,False
user_004479,47,M,FR,"clothing,home_garden,toys",1519,False
user_004480,20,M,BR,"sports,food,electronics",209,False
user_004481,38,F,BR,"food,clothing,sports",1372,False
user_004482,24,F,AU,"home_garden,sports,clothing",1172,False
user_004483,41,F,BR,automotive,581,False
user_004484,34,M,FR,"electronics,clothing",1247,False
user_004485,18,M,AU,electronics,1262,False
user_004486,40,F,JP,"electronics,clothing,food",943,False
user_004487,28,F,MX,"sports,electronics,food",365,False
user_004488,45,M,DE,"beauty,clothing",225,False
user_004489,35,F,MX,"jewelry,home_garden",869,False
user_004490,39,F,BR,"home_garden,beauty,jewelry",492,False
user_004491,23,M,US,"beauty,automotive,toys",931,True
user_004492,27,F,FR,"automotive,home_garden,sports",473,False
user_004493,29,F,UK,home_garden,558,False
user_004494,45,F,CA,"food,sports,books",1259,False
user_004495,55,M,MX,"home_garden,beauty",848,False
user_004496,25,F,US,sports,402,False
user_004497,47,F,FR,"electronics,jewelry,food",1648,False
user_004498,18,M,US,"toys,beauty,books",1052,False
user_004499,20,M,BR,"books,toys",1659,False
user_004500,23,F,IN,"clothing,books",800,False
user_004501,18,F,FR,"clothing,jewelry,books",1632,False
user_004502,18,F,DE,sports,661,False
user_004503,39,F,IN,"clothing,jewelry",1163,False
user_004504,32,F,CA,beauty,808,False
user_004505,39,F,CA,"food,sports",774,False
user_004506,43,F,AU,"home_garden,books,beauty",574,False
user_004507,38,F,IN,clothing,1364,False
user_004508,42,M,BR,"beauty,clothing,home_garden",385,False
user_004509,34,M,FR,beauty,1132,False
user_004510,20,M,JP,"automotive,clothing,home_garden",1051,False
user_004511,47,F,CA,automotive,1766,False
user_004512,27,M,DE,sports,340,True
user_004513,23,F,FR,sports,407,False
user_004514,32,M,BR,"electronics,clothing",347,False
user_004515,24,M,BR,"electronics,home_garden",1800,False
user_004516,29,M,MX,"food,jewelry",22,False
user_004517,39,Other,FR,"food,toys,clothing",1589,False
user_004518,39,M,BR,jewelry,863,False
user_004519,24,F,BR,"clothing,toys,books",302,True
user_004520,29,F,CA,"automotive,jewelry,toys",211,False
user_004521,47,F,DE,"home_garden,electronics,jewelry",793,False
user_004522,40,F,BR,"beauty,toys,sports",612,True
user_004523,59,M,FR,"clothing,toys,electronics",1248,False
user_004524,49,Other,BR,"sports,electronics",1322,True
user_004525,48,F,UK,"books,beauty",1445,False
user_004526,18,F,AU,"electronics,clothing",1145,False
user_004527,44,Other,DE,toys,1187,False
user_004528,34,M,UK,food,681,False
user_004529,28,M,JP,jewelry,1493,True
user_004530,37,F,DE,"books,toys",357,True
user_004531,46,M,CA,"electronics,automotive,food",1054,True
user_004532,41,F,IN,"home_garden,jewelry,beauty",1695,False
user_004533,24,M,BR,"jewelry,clothing,electronics",491,False
user_004534,43,M,CA,"clothing,food",773,False
user_004535,27,F,UK,"beauty,clothing,electronics",624,True
user_004536,37,F,FR,books,388,True
user_004537,31,F,MX,"beauty,automotive",1447,False
user_004538,32,F,MX,"electronics,home_garden,beauty",930,True
user_004539,44,F,FR,"clothing,food",67,False
user_004540,22,M,CA,"food,electronics,sports",1431,False
user_004541,58,M,FR,"clothing,toys",1559,False
user_004542,18,M,JP,"jewelry,beauty,home_garden",1145,False
user_004543,27,M,JP,"food,toys,jewelry",1757,True
user_004544,39,M,MX,"sports,home_garden",1637,False
user_004545,42,F,US,"home_garden,clothing,food",467,False
user_004546,33,F,BR,"jewelry,toys",683,False
user_004547,34,M,US,"sports,beauty",619,False
user_004548,39,F,FR,"electronics,sports,food",1728,True
user_004549,32,M,AU,beauty,1731,False
user_004550,51,F,MX,"electronics,food",1825,False
user_004551,45,F,UK,"sports,food,toys",221,True
user_004552,45,F,AU,"food,toys,sports",594,False
user_004553,23,M,IN,"toys,beauty",1158,False
user_004554,34,M,MX,books,431,False
user_004555,31,F,MX,"sports,electronics",22,False
user_004556,22,F,JP,"toys,automotive",24,False
user_004557,39,F,JP,"jewelry,books",139,False
user_004558,28,F,BR,toys,70,False
user_004559,42,M,AU,"food,jewelry",960,True
user_004560,22,M,BR,"home_garden,toys,books",960,False
user_004561,55,M,BR,"food,clothing,automotive",1556,False
user_004562,24,F,JP,"clothing,books",354,False
user_004563,37,F,DE,toys,589,False
user_004564,44,F,FR,home_garden,107,False
user_004565,28,F,FR,jewelry,517,False
user_004566,45,F,US,toys,1710,False
user_004567,20,F,US,"jewelry,sports",817,False
user_004568,52,M,JP,"books,home_garden,beauty",662,False
user_004569,35,F,FR,"sports,clothing,books",988,False
user_004570,27,F,CA,electronics,520,False
user_004571,31,F,AU,"beauty,sports,food",503,True
user_004572,44,M,AU,"automotive,electronics,sports",637,False
user_004573,27,Other,JP,"electronics,beauty,home_garden",1557,False
user_004574,26,M,US,beauty,983,False
user_004575,32,F,BR,"automotive,jewelry",1115,False
user_004576,20,F,DE,"books,electronics,home_garden",346,True
user_004577,56,M,UK,food,1273,False
user_004578,28,Other,FR,"automotive,toys",1213,False
user_004579,44,F,BR,"books,automotive,food",327,False
user_004580,37,M,DE,"food,home_garden,clothing",1650,False
user_004581,23,F,UK,"toys,books",971,False
user_004582,34,M,US,"toys,sports,automotive",481,False
user_004583,44,F,US,automotive,965,True
user_004584,32,M,BR,"clothing,electronics",640,False
user_004585,49,F,DE,books,1395,False
user_004586,47,M,AU,"electronics,clothing,food",557,True
user_004587,46,F,UK,"automotive,food",114,False
user_004588,29,M,BR,"toys,jewelry",655,False
user_004589,22,M,JP,clothing,1395,False
user_004590,27,M,US,"sports,jewelry",471,False
user_004591,37,F,AU,"electronics,food",599,False
user_004592,41,M,AU,home_garden,1040,False
user_004593,18,F,FR,home_garden,815,False
user_004594,34,F,CA,"electronics,toys,jewelry",688,False
user_004595,36,M,UK,"books,home_garden,jewelry",549,False
user_004596,31,F,BR,"beauty,automotive,clothing",15,True
user_004597,50,F,BR,clothing,1248,False
user_004598,40,F,AU,"books,electronics",151,False
user_004599,50,F,DE,clothing,1126,False
user_004600,32,M,DE,"books,home_garden",1158,False
user_004601,46,F,FR,sports,1545,False
user_004602,54,F,UK,"automotive,books",704,False
user_004603,50,M,FR,"beauty,jewelry,clothing",1643,False
user_004604,21,F,US,"clothing,sports",1613,False
user_004605,31,Other,CA,"sports,clothing",376,False
user_004606,30,M,DE,"home_garden,toys",709,False
user_004607,40,M,MX,"automotive,home_garden,clothing",1622,False
user_004608,43,F,BR,"food,home_garden,toys",984,False
user_004609,24,F,FR,"sports,home_garden",1290,False
user_004610,35,F,DE,"jewelry,food",1237,False
user_004611,18,M,JP,"beauty,food",1542,False
user_004612,52,F,US,"home_garden,automotive",1710,False
user_004613,28,F,US,"electronics,home_garden,sports",1313,False
user_004614,35,Other,US,"food,toys",1477,True
user_004615,31,M,AU,"electronics,clothing",990,False
user_004616,48,F,JP,"books,sports",783,False
user_004617,18,M,DE,"books,jewelry,beauty",68,False
user_004618,34,F,CA,"home_garden,electronics,clothing",1701,False
user_004619,33,F,DE,clothing,956,False
user_004620,29,F,JP,"clothing,food,books",637,False
user_004621,55,M,US,"food,beauty",1800,True
user_004622,24,M,MX,automotive,1633,False
user_004623,44,Other,CA,"jewelry,automotive",919,False
user_004624,39,F,FR,books,1709,False
user_004625,50,F,BR,"beauty,toys,automotive",1613,False
user_004626,26,M,MX,beauty,41,False
user_004627,26,F,DE,toys,1520,False
user_004628,48,M,FR,"home_garden,toys,beauty",294,False
user_004629,40,M,US,jewelry,886,False
user_004630,18,F,CA,"toys,clothing",617,True
user_004631,28,M,US,"food,home_garden,beauty",1464,False
user_004632,39,M,MX,home_garden,1010,False
user_004633,45,F,CA,"electronics,toys,food",1170,False
user_004634,26,F,MX,sports,820,False
user_004635,18,F,MX,"beauty,home_garden",1772,False
user_004636,41,F,FR,"beauty,books,food",685,False
user_004637,20,M,FR,automotive,505,True
user_004638,18,M,FR,"home_garden,sports",104,False
user_004639,18,M,DE,toys,313,False
user_004640,44,F,IN,"sports,electronics",767,False
user_004641,36,M,AU,"books,electronics",92,False
user_004642,32,M,FR,toys,1683,True
user_004643,51,F,UK,electronics,749,False
user_004644,42,M,MX,"automotive,food",547,False
user_004645,54,M,CA,"electronics,sports,books",699,False
user_004646,18,F,DE,clothing,761,False
user_004647,34,M,IN,books,1641,False
user_004648,18,F,FR,"automotive,clothing",1685,False
user_004649,32,F,FR,"electronics,beauty",1494,False
user_004650,32,M,BR,"sports,clothing,food",1758,False
user_004651,42,F,JP,"food,clothing",886,False
user_004652,35,F,DE,automotive,569,False
user_004653,42,M,JP,toys,275,False
user_004654,43,F,JP,automotive,487,False
user_004655,60,M,UK,electronics,641,True
user_004656,31,M,IN,electronics,1351,False
user_004657,23,M,UK,"toys,food",627,False
user_004658,37,M,IN,toys,87,False
user_004659,25,M,CA,"electronics,clothing,jewelry",1568,False
user_004660,52,F,BR,"clothing,electronics,home_garden",1703,False
user_004661,31,M,JP,"automotive,clothing,home_garden",1345,True
user_004662,28,F,JP,automotive,1041,False
user_004663,29,F,MX,"beauty,clothing,jewelry",94,False
user_004664,43,Other,IN,"electronics,toys,beauty",1099,False
user_004665,33,F,US,"food,books",982,False
user_004666,27,F,IN,"food,books,electronics",230,False
user_004667,54,F,BR,"food,books",432,False
user_004668,24,F,US,"electronics,food",1093,False
user_004669,35,F,IN,"jewelry,food",1557,False
user_004670,42,F,AU,"jewelry,beauty,clothing",582,False
user_004671,18,M,UK,toys,533,False
user_004672,40,F,JP,"jewelry,electronics",1079,False
user_004673,22,M,IN,"food,beauty",692,False
user_004674,44,M,AU,clothing,883,True
user_004675,23,M,CA,"jewelry,beauty,toys",510,False
user_004676,43,M,BR,automotive,430,False
user_004677,48,F,DE,electronics,716,False
user_004678,45,F,FR,"toys,beauty",492,False
user_004679,38,M,FR,"food,jewelry,home_garden",204,False
user_004680,32,F,DE,"automotive,food,clothing",1720,False
user_004681,28,F,DE,"sports,automotive",26,False
user_004682,52,F,DE,sports,768,False
user_004683,26,M,US,"beauty,jewelry",701,False
user_004684,22,Other,US,automotive,1364,False
user_004685,42,F,FR,"home_garden,food,toys",1066,False
user_004686,25,M,JP,sports,440,True
user_004687,23,M,US,"home_garden,automotive",57,True
user_004688,18,M,DE,sports,1260,False
user_004689,29,F,CA,electronics,218,False
user_004690,34,Other,JP,"jewelry,toys,beauty",1546,False
user_004691,37,M,IN,"jewelry,food,home_garden",1241,False
user_004692,46,M,BR,books,1594,False
user_004693,41,M,FR,"electronics,jewelry",77,True
user_004694,32,M,BR,"electronics,beauty",925,False
user_004695,32,M,AU,books,1063,False
user_004696,41,M,IN,sports,1743,False
user_004697,50,M,JP,"electronics,beauty,clothing",89,False
user_004698,36,M,DE,books,1000,False
user_004699,29,F,US,"sports,food",1196,False
user_004700,23,M,DE,toys,971,False
user_004701,18,M,DE,"automotive,sports",31,True
user_004702,42,M,IN,"automotive,books",1713,False
user_004703,41,M,UK,"clothing,home_garden,food",615,False
user_004704,41,F,UK,clothing,1092,True
user_004705,33,F,MX,toys,1664,True
user_004706,51,F,JP,"clothing,home_garden",14,False
user_004707,29,M,UK,sports,1789,False
user_004708,46,F,JP,"clothing,jewelry,books",1348,False
user_004709,34,F,JP,sports,1148,False
user_004710,27,M,US,sports,452,False
user_004711,42,F,IN,"clothing,home_garden",213,True
user_004712,39,F,AU,"clothing,sports,electronics",176,False
user_004713,39,M,UK,books,912,False
user_004714,35,M,IN,"electronics,sports,automotive",740,False
user_004715,34,M,CA,"sports,electronics,toys",1353,False
user_004716,63,M,FR,"automotive,home_garden",215,False
user_004717,49,M,DE,"toys,sports",1566,False
user_004718,43,F,BR,"food,sports",1487,False
user_004719,36,F,BR,home_garden,544,False
user_004720,47,M,FR,"jewelry,automotive,food",506,False
user_004721,41,M,JP,"home_garden,toys,sports",616,True
user_004722,35,M,BR,"electronics,home_garden",719,False
user_004723,31,M,BR,automotive,813,False
user_004724,34,Other,MX,"electronics,clothing,jewelry",832,False
user_004725,18,M,FR,"toys,clothing",812,True
user_004726,37,M,CA,"electronics,jewelry",1068,False
user_004727,29,F,MX,"sports,automotive,toys",1672,False
user_004728,54,F,BR,"automotive,sports",25,False
user_004729,35,F,US,toys,110,False
user_004730,20,F,BR,"food,electronics",996,False
user_004731,34,M,CA,food,1220,False
user_004732,22,M,UK,electronics,227,False
user_004733,40,M,JP,food,1705,True
user_004734,38,F,DE,sports,191,False
user_004735,46,M,MX,"clothing,beauty",867,False
user_004736,25,M,IN,home_garden,621,False
user_004737,35,F,FR,"toys,beauty,automotive",1163,False
user_004738,18,F,AU,"electronics,home_garden",500,False
user_004739,43,F,MX,sports,1196,False
user_004740,41,F,UK,"toys,beauty,home_garden",1515,False
user_004741,40,Other,FR,"food,home_garden,clothing",1164,False
user_004742,35,F,DE,"books,sports",402,False
user_004743,39,F,FR,"beauty,automotive,toys",1712,False
user_004744,54,M,UK,"toys,automotive",535,False
user_004745,31,F,UK,sports,1567,False
user_004746,36,M,AU,"toys,food,electronics",746,False
user_004747,21,F,AU,food,948,False
user_004748,24,M,AU,clothing,51,False
user_004749,36,F,JP,"automotive,home_garden,beauty",620,False
user_004750,48,M,CA,"automotive,food,electronics",1358,False
user_004751,31,M,FR,"beauty,jewelry,food",1228,False
user_004752,32,F,UK,"books,food",1484,False
user_004753,30,M,DE,"toys,books",1238,False
user_004754,28,F,DE,"electronics,beauty,jewelry",798,False
user_004755,38,F,UK,electronics,1367,False
user_004756,18,F,JP,clothing,152,False
user_004757,50,F,MX,"food,home_garden,sports",1284,False
user_004758,27,F,US,clothing,97,False
user_004759,43,F,CA,"automotive,books,home_garden",1364,False
user_004760,19,M,FR,"jewelry,electronics,toys",1381,False
user_004761,43,M,CA,electronics,1084,True
user_004762,43,F,AU,"food,home_garden,toys",650,False
user_004763,39,M,UK,jewelry,1582,False
user_004764,23,M,UK,"books,jewelry,electronics",1078,False
user_004765,37,F,UK,"sports,clothing",1307,False
user_004766,20,M,CA,"home_garden,electronics,books",1566,True
user_004767,31,F,AU,"toys,home_garden,jewelry",1282,False
user_004768,47,F,JP,toys,561,True
user_004769,44,M,MX,books,1365,True
user_004770,35,M,IN,"home_garden,books,beauty",306,False
user_004771,23,M,MX,"toys,food,clothing",493,False
user_004772,42,F,DE,"jewelry,beauty",382,False
user_004773,35,M,IN,"toys,sports,automotive",571,False
user_004774,18,F,IN,toys,891,False
user_004775,44,M,FR,clothing,453,True
user_004776,34,M,IN,"electronics,automotive",1024,False
user_004777,49,F,US,"beauty,jewelry",1579,False
user_004778,21,F,MX,"books,food",107,False
user_004779,18,F,US,"jewelry,clothing",1461,False
user_004780,38,M,JP,"home_garden,food",366,False
user_004781,38,M,FR,"toys,electronics",664,False
user_004782,18,F,DE,automotive,1275,False
user_004783,23,F,BR,"jewelry,food,automotive",1632,False
user_004784,68,F,UK,"beauty,food,jewelry",1156,False
user_004785,31,F,CA,sports,1398,True
user_004786,43,F,JP,food,934,True
user_004787,27,Other,JP,"automotive,toys,books",1338,False
user_004788,18,M,IN,"clothing,jewelry",598,False
user_004789,32,M,US,home_garden,1113,True
user_004790,31,F,IN,"home_garden,electronics",1433,True
user_004791,30,Other,IN,sports,286,False
user_004792,33,F,US,books,1819,False
user_004793,38,M,BR,"automotive,jewelry,home_garden",471,False
user_004794,33,M,DE,"sports,automotive",6,False
user_004795,19,F,US,clothing,1128,False
user_004796,40,M,DE,"food,sports,clothing",1004,False
user_004797,18,M,DE,"home_garden,toys",1280,False
user_004798,18,M,US,"beauty,jewelry",38,False
user_004799,43,F,MX,electronics,622,False
user_004800,41,M,DE,"books,jewelry",426,False
user_004801,34,M,BR,home_garden,276,True
user_004802,18,F,IN,"electronics,books",473,True
user_004803,26,F,CA,sports,405,False
user_004804,31,Other,MX,"home_garden,clothing",290,False
user_004805,18,F,FR,"electronics,clothing,toys",254,False
user_004806,26,F,BR,"jewelry,toys",1489,False
user_004807,42,M,US,home_garden,521,False
user_004808,52,M,JP,"clothing,electronics",801,False
user_004809,29,F,CA,"electronics,jewelry",595,False
user_004810,44,M,UK,"automotive,electronics",1004,False
user_004811,18,F,DE,jewelry,1057,True
user_004812,42,M,AU,sports,13,False
user_004813,25,Other,JP,jewelry,1261,False
user_004814,38,M,DE,"toys,clothing,home_garden",1451,False
user_004815,32,F,DE,home_garden,1354,False
user_004816,50,Other,BR,"electronics,beauty,home_garden",1303,False
user_004817,24,F,CA,"sports,electronics",1018,False
user_004818,42,F,FR,beauty,1221,False
user_004819,31,M,AU,clothing,1590,False
user_004820,33,F,DE,"beauty,automotive",949,False
user_004821,32,M,FR,"automotive,jewelry,books",169,False
user_004822,24,Other,US,"automotive,electronics",522,False
user_004823,34,M,MX,"automotive,jewelry",965,True
user_004824,34,F,DE,"toys,clothing,sports",365,False
user_004825,37,F,AU,beauty,1418,False
user_004826,36,M,AU,"beauty,books,electronics",1155,False
user_004827,44,F,UK,"food,jewelry",220,False
user_004828,46,M,CA,"jewelry,automotive",1554,False
user_004829,22,F,AU,"books,food",1571,False
user_004830,45,Other,US,clothing,1126,False
user_004831,20,F,US,"automotive,food",1635,False
user_004832,42,M,FR,"books,jewelry",413,False
user_004833,42,M,IN,"jewelry,toys,electronics",401,False
user_004834,18,F,MX,"clothing,books",1819,False
user_004835,36,M,UK,"home_garden,electronics,food",1517,True
user_004836,29,F,BR,jewelry,1183,False
user_004837,25,F,AU,"books,food,clothing",1426,False
user_004838,51,M,BR,home_garden,1533,False
user_004839,27,F,IN,"beauty,books,jewelry",1763,False
user_004840,25,F,CA,"automotive,clothing",1590,False
user_004841,35,M,MX,"food,toys,home_garden",18,False
user_004842,43,F,MX,"home_garden,food",1193,False
user_004843,33,M,CA,"sports,jewelry,beauty",1781,False
user_004844,48,M,MX,"clothing,electronics",1697,False
user_004845,41,F,AU,"books,toys",584,False
user_004846,18,Other,UK,"food,beauty",1412,False
user_004847,28,F,IN,"sports,home_garden,beauty",429,False
user_004848,28,F,MX,"beauty,electronics,food",879,False
user_004849,40,F,BR,"food,automotive",676,False
user_004850,18,F,FR,"clothing,toys,food",628,False
user_004851,65,Other,UK,"home_garden,electronics",1652,False
user_004852,41,M,FR,"food,toys",648,False
user_004853,36,M,DE,"electronics,food,home_garden",305,False
user_004854,49,M,FR,"automotive,beauty,sports",838,False
user_004855,63,F,US,"beauty,books,jewelry",1492,False
user_004856,45,F,JP,books,646,False
user_004857,46,F,AU,"home_garden,beauty",1657,True
user_004858,36,F,US,"food,books,sports",386,True
user_004859,33,M,BR,home_garden,154,False
user_004860,29,F,AU,"beauty,electronics,home_garden",754,False
user_004861,25,M,JP,"electronics,books",233,False
user_004862,26,M,CA,home_garden,544,False
user_004863,18,F,JP,"jewelry,sports",228,False
user_004864,34,F,MX,automotive,191,False
user_004865,18,F,US,food,1726,False
user_004866,37,F,UK,food,316,False
user_004867,34,F,US,automotive,747,False
user_004868,36,F,FR,"toys,automotive",1375,True
user_004869,28,M,AU,"beauty,jewelry",1190,False
user_004870,71,M,AU,toys,878,True
user_004871,51,F,CA,"food,automotive",1626,False
user_004872,20,F,FR,"books,food,toys",1181,False
user_004873,37,F,JP,sports,73,True
user_004874,27,M,JP,home_garden,1477,False
user_004875,22,F,MX,toys,36,False
user_004876,18,F,AU,"books,jewelry,electronics",691,False
user_004877,40,F,US,"clothing,food",885,False
user_004878,26,F,UK,"electronics,clothing",354,True
user_004879,46,F,CA,jewelry,634,False
user_004880,46,F,UK,"toys,food",784,False
user_004881,51,F,FR,automotive,1547,False
user_004882,24,F,UK,jewelry,1517,False
user_004883,40,M,AU,"toys,books,clothing",460,True
user_004884,42,M,JP,books,87,False
user_004885,29,F,BR,"books,jewelry,home_garden",1534,False
user_004886,25,M,IN,"electronics,beauty",664,False
user_004887,54,F,DE,"automotive,food,books",128,False
user_004888,37,F,IN,books,1702,False
user_004889,42,M,MX,"electronics,clothing,books",1134,True
user_004890,25,F,AU,"sports,toys",1031,False
user_004891,20,F,US,sports,1730,False
user_004892,28,M,CA,"electronics,toys,sports",1673,False
user_004893,33,M,BR,beauty,1127,False
user_004894,22,F,IN,"food,jewelry",535,True
user_004895,34,M,AU,jewelry,981,False
user_004896,18,M,MX,toys,1053,False
user_004897,21,M,JP,"books,automotive",1070,True
user_004898,43,F,UK,"books,automotive,jewelry",1449,False
user_004899,42,M,US,"sports,clothing",700,False
user_004900,30,F,US,"clothing,automotive",686,False
user_004901,22,F,UK,"toys,automotive,electronics",1414,False
user_004902,22,Other,MX,"toys,jewelry,sports",1717,False
user_004903,30,M,IN,books,391,False
user_004904,42,M,AU,sports,488,False
user_004905,46,F,UK,"sports,clothing,toys",1182,False
user_004906,29,F,US,"automotive,sports,electronics",1439,True
user_004907,21,F,JP,automotive,996,False
user_004908,38,M,BR,beauty,958,False
user_004909,25,M,FR,"electronics,food,sports",461,False
user_004910,28,F,BR,"jewelry,beauty,food",1433,False
user_004911,50,F,AU,"toys,clothing",138,True
user_004912,44,M,UK,"electronics,jewelry,food",1017,False
user_004913,36,M,US,"electronics,books",305,False
user_004914,19,M,FR,"jewelry,food",1441,False
user_004915,37,M,DE,electronics,1270,False
user_004916,47,M,BR,"beauty,food",1382,False
user_004917,30,M,BR,"beauty,home_garden,toys",1533,False
user_004918,51,M,MX,beauty,1564,False
user_004919,50,M,CA,"books,electronics,sports",232,False
user_004920,54,M,AU,"home_garden,food,sports",191,False
user_004921,38,M,MX,home_garden,1572,False
user_004922,42,F,MX,"toys,jewelry",917,False
user_004923,51,F,US,toys,1716,False
user_004924,40,F,BR,"food,clothing",617,False
user_004925,28,F,MX,beauty,1482,False
user_004926,29,F,US,"clothing,sports,automotive",1056,True
user_004927,37,M,US,"automotive,toys",1381,False
user_004928,19,M,MX,"sports,beauty",1183,False
user_004929,33,M,FR,books,650,True
user_004930,48,M,UK,"jewelry,clothing",186,False
user_004931,18,M,UK,automotive,1095,False
user_004932,53,F,DE,"toys,automotive,beauty",157,False
user_004933,48,M,BR,"toys,clothing,home_garden",1482,False
user_004934,29,F,US,"sports,automotive,electronics",1812,False
user_004935,41,M,BR,"toys,sports,books",1358,False
user_004936,35,F,CA,beauty,1120,False
user_004937,49,F,DE,"automotive,food,clothing",132,False
user_004938,46,F,IN,"food,sports",574,False
user_004939,18,M,FR,"electronics,sports",934,False
user_004940,42,F,DE,"automotive,sports",166,False
user_004941,32,M,AU,food,1097,True
user_004942,35,F,DE,"beauty,books",868,False
user_004943,26,F,MX,"jewelry,automotive",932,False
user_004944,55,M,CA,"automotive,food,jewelry",675,False
user_004945,47,M,US,"sports,clothing",237,False
user_004946,26,Other,FR,jewelry,852,False
user_004947,18,Other,JP,beauty,373,False
user_004948,30,M,FR,"clothing,home_garden",1057,False
user_004949,40,F,IN,books,587,False
user_004950,37,M,AU,"jewelry,home_garden",834,True
user_004951,50,M,JP,beauty,279,False
user_004952,44,M,JP,"home_garden,electronics,food",687,False
user_004953,46,M,US,"electronics,beauty,home_garden",269,False
user_004954,38,M,FR,"sports,home_garden",1715,False
user_004955,18,F,DE,"books,food,clothing",583,False
user_004956,32,F,UK,"toys,home_garden",267,False
user_004957,47,F,BR,automotive,1116,False
user_004958,34,F,JP,"food,automotive,electronics",159,False
user_004959,41,M,JP,"beauty,automotive",772,False
user_004960,31,M,US,"beauty,sports",339,False
user_004961,22,M,DE,"automotive,books,beauty",1358,False
user_004962,33,F,AU,"toys,jewelry,electronics",1709,False
user_004963,38,F,DE,"toys,automotive",1100,False
user_004964,27,Other,BR,automotive,1810,True
user_004965,32,M,FR,electronics,1720,False
user_004966,23,M,DE,"automotive,jewelry,food",430,False
user_004967,48,F,JP,home_garden,1072,False
user_004968,31,F,BR,"books,food",1117,False
user_004969,52,M,DE,"automotive,beauty",1084,False
user_004970,53,M,IN,"electronics,home_garden",990,False
user_004971,34,M,UK,sports,1523,True
user_004972,22,M,FR,automotive,545,False
user_004973,18,M,JP,"beauty,food",356,False
user_004974,18,F,US,"books,food,automotive",115,False
user_004975,18,F,MX,beauty,963,False
user_004976,51,M,DE,food,349,False
user_004977,36,F,CA,"electronics,sports",86,False
user_004978,39,M,CA,beauty,841,False
user_004979,18,F,CA,"home_garden,food,automotive",214,True
user_004980,20,F,UK,"automotive,jewelry",737,False
user_004981,45,F,BR,"sports,toys",477,False
user_004982,38,M,CA,"toys,electronics",1055,False
user_004983,33,F,FR,"toys,food",384,False
user_004984,41,F,AU,"clothing,books,sports",722,False
user_004985,54,F,JP,"food,electronics,automotive",332,False
user_004986,32,F,JP,"sports,beauty,jewelry",563,True
user_004987,35,F,FR,"electronics,automotive",122,True
user_004988,37,F,US,"electronics,home_garden,automotive",1421,True
user_004989,63,F,JP,"automotive,food,clothing",295,False
user_004990,18,M,MX,beauty,110,False
user_004991,43,F,AU,"clothing,electronics,automotive",1677,False
user_004992,33,M,BR,"sports,home_garden",44,True
user_004993,41,F,BR,"food,jewelry,books",146,False
user_004994,27,F,AU,"beauty,toys",948,False
user_004995,34,M,AU,"sports,beauty,food",1253,False
user_004996,43,M,FR,"electronics,beauty",1410,False
user_004997,72,F,UK,jewelry,908,True
user_004998,44,F,MX,"beauty,sports,clothing",707,False
user_004999,24,M,US,"beauty,books,jewelry",929,False
user_005000,29,M,AU,"automotive,books,clothing",198,False
user_005001,29,F,AU,"books,clothing,sports",1007,False
user_005002,18,M,FR,"beauty,books",83,False
user_005003,31,F,CA,"books,food,toys",949,False
user_005004,43,F,FR,"automotive,books,sports",1685,False
user_005005,19,F,CA,"home_garden,books,clothing",1799,False
user_005006,47,F,JP,books,479,False
user_005007,40,M,DE,jewelry,1633,False
user_005008,26,M,MX,"electronics,beauty,books",650,False
user_005009,33,M,BR,electronics,1245,False
user_005010,54,F,FR,books,316,False
user_005011,43,F,MX,"electronics,clothing",179,False
user_005012,35,F,FR,home_garden,537,False
user_005013,32,M,MX,"beauty,food,clothing",1572,False
user_005014,35,M,JP,"books,food",179,False
user_005015,28,F,UK,sports,1573,True
user_005016,18,F,FR,books,1030,True
user_005017,59,M,MX,electronics,1760,False
user_005018,36,F,MX,books,104,False
user_005019,39,F,CA,"automotive,clothing,toys",1658,False
user_005020,34,F,UK,clothing,1385,False
user_005021,26,M,FR,"electronics,automotive,books",394,False
user_005022,32,F,FR,"home_garden,clothing,food",1558,False
user_005023,18,Other,UK,"toys,food,electronics",992,True
user_005024,62,F,IN,"home_garden,automotive,clothing",1625,False
user_005025,20,F,US,"electronics,beauty",230,False
user_005026,22,M,FR,books,558,False
user_005027,29,M,BR,"jewelry,beauty",157,False
user_005028,50,M,BR,"food,toys,beauty",930,False
user_005029,35,M,UK,"books,beauty,food",1691,False
user_005030,20,M,FR,"home_garden,clothing,toys",1357,False
user_005031,50,F,US,"automotive,clothing,jewelry",647,False
user_005032,43,F,MX,"food,electronics,home_garden",1254,False
user_005033,41,M,BR,electronics,47,True
user_005034,43,F,JP,"jewelry,sports,toys",814,False
user_005035,63,Other,FR,books,447,False
user_005036,61,F,AU,electronics,1071,False
user_005037,26,F,UK,jewelry,562,False
user_005038,54,M,CA,"toys,home_garden,automotive",442,False
user_005039,39,F,CA,"beauty,automotive",585,False
user_005040,40,F,DE,"automotive,jewelry,home_garden",499,False
user_005041,18,M,AU,"electronics,food,books",1110,False
user_005042,32,F,AU,beauty,1522,False
user_005043,25,F,UK,"clothing,home_garden",1180,False
user_005044,44,F,IN,home_garden,1766,False
user_005045,47,F,IN,toys,423,False
user_005046,18,F,FR,"home_garden,toys",298,False
user_005047,34,F,JP,"electronics,jewelry,sports",523,False
user_005048,48,F,CA,"sports,toys,automotive",1060,False
user_005049,32,M,BR,"sports,clothing",1571,True
user_005050,43,M,BR,toys,682,False
user_005051,39,M,JP,jewelry,77,True
user_005052,39,M,UK,"automotive,sports",228,False
user_005053,31,M,DE,"sports,clothing",1115,True
user_005054,20,F,UK,"home_garden,toys",849,False
user_005055,21,M,US,clothing,1761,False
user_005056,43,F,DE,"clothing,jewelry",819,False
user_005057,35,M,CA,beauty,777,False
user_005058,33,F,FR,"books,toys",778,False
user_005059,29,M,CA,"home_garden,food",1653,True
user_005060,31,M,AU,"sports,beauty",1736,False
user_005061,47,M,US,"toys,jewelry,electronics",1744,True
user_005062,30,F,DE,"toys,books,automotive",452,False
user_005063,18,F,DE,"jewelry,food",1415,True
user_005064,43,F,FR,"food,home_garden,toys",1096,False
user_005065,32,M,BR,jewelry,44,False
user_005066,35,F,MX,"home_garden,sports,electronics",1175,True
user_005067,54,M,JP,"beauty,electronics,clothing",1646,False
user_005068,34,M,IN,"electronics,home_garden",1287,False
user_005069,38,F,US,"home_garden,food",32,False
user_005070,20,F,AU,food,1460,False
user_005071,32,F,MX,"clothing,sports",728,False
user_005072,42,M,UK,"toys,jewelry,beauty",1520,False
user_005073,18,M,AU,"beauty,toys",346,False
user_005074,37,M,UK,clothing,1328,False
user_005075,36,M,MX,sports,1357,False
user_005076,35,M,UK,"beauty,books,home_garden",1672,False
user_005077,47,M,DE,automotive,866,False
user_005078,39,F,US,"automotive,food,clothing",109,True
user_005079,52,F,UK,food,257,False
user_005080,23,M,UK,"sports,beauty,food",1511,False
user_005081,36,F,MX,sports,618,False
user_005082,36,M,FR,sports,642,False
user_005083,22,M,FR,automotive,990,False
user_005084,46,F,MX,"food,beauty,toys",1137,True
user_005085,62,F,JP,electronics,1814,False
user_005086,34,M,UK,"food,jewelry",700,False
user_005087,41,F,BR,clothing,77,False
user_005088,36,F,US,"jewelry,sports,clothing",999,False
user_005089,26,Other,UK,clothing,156,False
user_005090,18,M,UK,"sports,jewelry",212,False
user_005091,26,M,CA,"home_garden,electronics,food",354,False
user_005092,18,F,IN,"food,home_garden",1120,False
user_005093,55,F,BR,"books,home_garden",599,False
user_005094,33,M,IN,"food,jewelry,electronics",1148,False
user_005095,30,M,UK,"books,beauty,home_garden",322,True
user_005096,45,F,JP,"automotive,electronics,books",990,False
user_005097,21,M,US,"electronics,toys,automotive",304,False
user_005098,25,Other,MX,"home_garden,automotive",1325,False
user_005099,35,M,IN,"clothing,toys",274,False
user_005100,47,F,BR,"electronics,jewelry,home_garden",20,False
user_005101,41,M,FR,"jewelry,electronics,food",999,False
user_005102,37,F,JP,automotive,1462,False
user_005103,35,M,BR,"jewelry,home_garden",1640,False
user_005104,39,M,CA,"electronics,automotive,home_garden",1217,False
user_005105,37,F,JP,"toys,food,sports",1402,False
user_005106,22,F,CA,"beauty,electronics",1379,False
user_005107,35,M,JP,"toys,beauty",965,False
user_005108,22,F,BR,"sports,clothing,books",1201,False
user_005109,35,M,US,"jewelry,beauty",397,False
user_005110,29,M,JP,books,368,False
user_005111,65,M,JP,electronics,1359,False
user_005112,34,F,AU,"beauty,books",908,False
user_005113,18,F,US,jewelry,946,False
user_005114,33,M,UK,"electronics,toys",887,False
user_005115,41,M,JP,books,1526,False
user_005116,55,M,IN,books,410,False
user_005117,27,F,AU,"jewelry,electronics,automotive",1722,False
user_005118,18,F,JP,toys,1230,False
user_005119,44,F,FR,books,445,False
user_005120,18,F,AU,books,1428,False
user_005121,29,F,FR,"home_garden,food,books",1019,False
user_005122,31,F,FR,beauty,209,True
user_005123,34,F,US,food,15,False
user_005124,43,M,US,"sports,books,home_garden",419,False
user_005125,26,M,FR,sports,1817,False
user_005126,31,F,AU,"clothing,automotive,home_garden",817,False
user_005127,34,M,BR,books,1825,False
user_005128,36,M,BR,sports,207,False
user_005129,36,F,MX,"beauty,clothing,food",1350,False
user_005130,40,M,AU,toys,630,False
user_005131,45,F,IN,"books,clothing,beauty",1622,False
user_005132,39,M,FR,"books,toys,sports",1461,True
user_005133,40,F,AU,"home_garden,toys",1264,False
user_005134,18,F,MX,"books,automotive,home_garden",78,False
user_005135,35,F,IN,"jewelry,food",1767,False
user_005136,40,F,US,clothing,488,False
user_005137,43,Other,AU,"automotive,beauty,toys",1597,True
user_005138,26,M,JP,"electronics,books,beauty",890,False
user_005139,27,M,BR,"automotive,toys,electronics",458,False
user_005140,28,M,CA,"toys,food",1698,False
user_005141,41,M,MX,"automotive,toys,home_garden",734,False
user_005142,47,M,AU,electronics,380,False
user_005143,30,M,AU,"toys,books",722,False
user_005144,45,M,MX,"home_garden,food",1386,False
user_005145,36,F,MX,jewelry,690,False
user_005146,33,F,AU,"electronics,home_garden",657,False
user_005147,32,M,AU,"toys,beauty",407,True
user_005148,43,F,US,automotive,110,True
user_005149,38,F,BR,electronics,418,False
user_005150,62,M,JP,"home_garden,books",1346,False
user_005151,24,M,FR,books,584,False
user_005152,41,F,UK,"sports,home_garden",873,False
user_005153,28,F,US,clothing,1236,True
user_005154,24,F,US,"automotive,toys,jewelry",1532,False
user_005155,34,M,BR,"books,toys,sports",1585,False
user_005156,36,F,CA,"home_garden,food,beauty",188,False
user_005157,70,F,BR,"electronics,jewelry",199,False
user_005158,32,M,CA,"beauty,automotive",717,False
user_005159,21,M,MX,sports,1711,False
user_005160,38,F,IN,"home_garden,jewelry",1807,True
user_005161,18,F,JP,"beauty,books,electronics",895,False
user_005162,33,M,IN,automotive,1637,False
user_005163,35,F,IN,"food,jewelry,clothing",1030,False
user_005164,44,F,AU,"sports,home_garden",89,False
user_005165,46,F,IN,"automotive,beauty",84,False
user_005166,28,M,IN,"beauty,electronics,books",1763,False
user_005167,33,F,DE,"toys,sports,jewelry",544,False
user_005168,25,M,JP,"home_garden,beauty",1219,False
user_005169,21,F,AU,books,797,True
user_005170,38,M,US,automotive,1068,False
user_005171,19,F,JP,beauty,1274,False
user_005172,30,F,US,"electronics,sports",435,False
user_005173,23,M,MX,"food,sports",251,False
user_005174,41,M,DE,toys,238,False
user_005175,56,F,JP,home_garden,1432,False
user_005176,19,F,UK,"automotive,toys",1308,False
user_005177,18,M,IN,"electronics,jewelry,sports",1234,False
user_005178,33,M,IN,beauty,852,False
user_005179,35,F,IN,"toys,electronics,clothing",643,False
user_005180,37,M,AU,electronics,1609,False
user_005181,29,M,US,automotive,141,False
user_005182,32,M,IN,"beauty,food",190,False
user_005183,39,F,MX,"electronics,toys,clothing",1164,False
user_005184,47,F,AU,home_garden,75,False
user_005185,18,F,MX,"clothing,jewelry",456,False
user_005186,30,M,JP,"toys,automotive,food",1629,False
user_005187,37,M,US,food,1315,False
user_005188,23,F,DE,jewelry,1539,False
user_005189,55,F,UK,"beauty,electronics,food",1230,False
user_005190,27,M,DE,jewelry,153,False
user_005191,34,M,DE,"jewelry,beauty",87,False
user_005192,41,F,FR,"electronics,jewelry",979,False
user_005193,27,F,IN,food,1139,False
user_005194,18,M,US,food,796,False
user_005195,29,F,DE,books,1477,True
user_005196,47,Other,MX,electronics,1701,False
user_005197,30,M,UK,toys,345,True
user_005198,24,F,UK,"toys,electronics,clothing",1367,False
user_005199,46,M,AU,"home_garden,jewelry,automotive",732,False
user_005200,31,M,DE,"automotive,food,books",453,True
user_005201,28,F,IN,"beauty,toys",1436,False
user_005202,36,F,JP,electronics,1297,True
user_005203,44,Other,AU,"automotive,electronics",64,False
user_005204,63,M,US,clothing,1726,False
user_005205,44,M,CA,"electronics,automotive",1590,True
user_005206,48,M,JP,"automotive,electronics,sports",1720,True
user_005207,28,M,IN,"clothing,food,jewelry",1722,False
user_005208,22,M,MX,"jewelry,beauty",1793,False
user_005209,35,F,IN,"electronics,beauty",72,False
user_005210,36,M,JP,food,886,False
user_005211,22,F,AU,jewelry,1171,False
user_005212,32,F,CA,"sports,books",161,False
user_005213,39,F,BR,"jewelry,electronics,sports",1761,False
user_005214,39,M,FR,"toys,books",1382,False
user_005215,41,F,MX,"sports,food,toys",176,False
user_005216,38,M,CA,"home_garden,electronics",1015,True
user_005217,28,Other,JP,"toys,clothing,food",1824,False
user_005218,28,M,BR,"electronics,books,toys",795,True
user_005219,20,F,IN,"toys,books",818,False
user_005220,56,F,DE,sports,554,False
user_005221,35,F,US,"automotive,toys",256,False
user_005222,32,F,CA,"books,food",92,False
user_005223,23,M,DE,"food,books",661,True
user_005224,70,M,AU,home_garden,1696,False
user_005225,22,F,IN,electronics,1716,False
user_005226,29,M,AU,"toys,clothing,food",1740,True
user_005227,39,F,FR,electronics,677,False
user_005228,42,F,IN,home_garden,558,False
user_005229,46,F,MX,"electronics,beauty",471,False
user_005230,56,M,UK,home_garden,14,False
user_005231,41,M,CA,jewelry,1821,False
user_005232,22,M,US,"clothing,sports,jewelry",1654,False
user_005233,31,M,FR,"automotive,home_garden",1395,False
user_005234,38,M,CA,"food,automotive",93,False
user_005235,59,M,IN,clothing,302,False
user_005236,18,F,MX,food,1773,False
user_005237,49,F,US,"automotive,clothing,jewelry",1647,False
user_005238,37,M,JP,"books,sports",705,False
user_005239,45,F,AU,"jewelry,toys,home_garden",1033,False
user_005240,33,M,CA,"beauty,books",1029,False
user_005241,24,F,DE,"books,home_garden,food",645,False
user_005242,44,M,UK,"books,jewelry,beauty",139,False
user_005243,42,M,FR,"automotive,books,electronics",516,False
user_005244,46,F,DE,automotive,1047,False
user_005245,34,Other,BR,electronics,813,False
user_005246,27,F,IN,"toys,electronics",1119,False
user_005247,18,M,DE,"beauty,automotive",114,False
user_005248,44,F,FR,"home_garden,clothing",1468,False
user_005249,40,M,DE,"beauty,home_garden,clothing",812,True
user_005250,23,F,UK,"electronics,food,sports",527,False
user_005251,28,F,UK,"home_garden,electronics",32,False
user_005252,29,F,AU,sports,292,False
user_005253,18,F,CA,"toys,sports,beauty",556,False
user_005254,25,F,MX,clothing,1742,False
user_005255,21,M,FR,beauty,1817,False
user_005256,30,F,BR,"food,books,toys",59,True
user_005257,26,F,CA,home_garden,464,False
user_005258,18,F,IN,"jewelry,food,beauty",1436,False
user_005259,59,F,BR,"toys,clothing,automotive",1049,False
user_005260,50,F,DE,"books,clothing,beauty",1023,False
user_005261,25,M,FR,food,1055,True
user_005262,38,F,FR,"jewelry,electronics",440,True
user_005263,40,M,MX,books,659,False
user_005264,49,M,BR,food,424,False
user_005265,25,F,IN,"automotive,home_garden",949,False
user_005266,48,M,US,"food,sports",453,False
user_005267,28,M,BR,"beauty,toys",774,False
user_005268,18,F,IN,books,1746,False
user_005269,43,M,MX,automotive,1698,False
user_005270,50,F,CA,"toys,automotive,books",1562,False
user_005271,66,F,FR,"sports,home_garden",1742,True
user_005272,20,F,US,"beauty,toys",824,False
user_005273,43,F,FR,"electronics,sports",194,False
user_005274,30,Other,IN,"sports,home_garden",1662,False
user_005275,44,Other,CA,"automotive,clothing,jewelry",1762,False
user_005276,18,Other,DE,"clothing,books",243,True
user_005277,19,F,UK,"home_garden,food",971,False
user_005278,25,F,FR,sports,1617,False
user_005279,35,F,AU,"automotive,clothing,jewelry",1187,False
user_005280,27,F,CA,"automotive,beauty",342,True
user_005281,42,F,FR,food,214,False
user_005282,47,M,BR,"home_garden,toys",364,False
user_005283,42,F,BR,"toys,automotive",750,False
user_005284,54,M,CA,"automotive,toys",183,False
user_005285,39,F,IN,"clothing,beauty,home_garden",49,False
user_005286,20,M,BR,"automotive,sports,books",1751,True
user_005287,51,F,BR,jewelry,1740,False
user_005288,27,M,UK,"electronics,jewelry",459,False
user_005289,45,Other,CA,"sports,automotive",580,False
user_005290,53,Other,BR,toys,1267,False
user_005291,40,Other,MX,sports,27,True
user_005292,18,F,JP,"automotive,toys,clothing",1592,False
user_005293,23,M,MX,"food,electronics",1169,False
user_005294,50,F,US,"food,home_garden",782,False
user_005295,32,M,DE,"toys,food,home_garden",75,False
user_005296,35,F,FR,"clothing,electronics",939,False
user_005297,44,M,IN,"home_garden,books",1636,False
user_005298,43,F,MX,"food,books,sports",961,True
user_005299,38,F,DE,"beauty,jewelry,food",1574,False
user_005300,32,M,AU,"electronics,clothing",632,False
user_005301,31,F,FR,food,1281,False
user_005302,45,F,JP,"toys,electronics,jewelry",1042,False
user_005303,41,M,IN,"automotive,toys,clothing",703,False
user_005304,31,F,BR,"home_garden,beauty",1766,False
user_005305,47,Other,JP,"sports,home_garden,automotive",561,False
user_005306,33,M,DE,"electronics,books",1004,False
user_005307,24,F,CA,"toys,beauty",1507,False
user_005308,25,F,MX,"toys,jewelry",1297,False
user_005309,23,M,FR,"clothing,beauty",564,False
user_005310,31,F,DE,"beauty,electronics",519,True
user_005311,49,F,MX,"home_garden,food",1326,True
user_005312,25,M,FR,"sports,automotive,toys",1315,False
user_005313,37,M,AU,"electronics,home_garden",573,False
user_005314,27,F,AU,food,471,False
user_005315,31,M,JP,automotive,1189,False
user_005316,18,M,JP,"jewelry,clothing,home_garden",621,False
user_005317,32,M,BR,"electronics,sports,jewelry",429,True
user_005318,32,M,JP,"clothing,beauty",448,False
user_005319,41,M,DE,"sports,electronics,beauty",835,False
user_005320,37,M,MX,automotive,885,False
user_005321,20,M,JP,"toys,food",546,False
user_005322,48,M,DE,"toys,electronics",995,False
user_005323,37,M,MX,"jewelry,food,sports",301,False
user_005324,37,M,UK,"jewelry,sports,clothing",44,False
user_005325,34,F,IN,"toys,electronics",226,False
user_005326,28,M,IN,"beauty,clothing,toys",538,False
user_005327,37,M,FR,"food,jewelry",484,False
user_005328,40,M,CA,toys,441,False
user_005329,18,F,BR,"beauty,sports",1082,False
user_005330,28,F,DE,"electronics,beauty",840,True
user_005331,31,F,BR,"electronics,toys",685,False
user_005332,38,M,IN,"electronics,food",1394,False
user_005333,49,M,JP,jewelry,195,False
user_005334,25,F,CA,"clothing,books,home_garden",746,False
user_005335,29,F,FR,"automotive,sports,clothing",509,False
user_005336,28,F,IN,"food,electronics,beauty",1595,False
user_005337,25,F,JP,"jewelry,clothing",1731,False
user_005338,30,F,CA,electronics,84,False
user_005339,44,F,CA,"automotive,home_garden",904,False
user_005340,22,F,FR,"automotive,home_garden",521,False
user_005341,40,M,AU,"food,home_garden",1352,False
user_005342,18,F,BR,"electronics,sports,automotive",379,False
user_005343,28,F,IN,"electronics,home_garden,clothing",1780,False
user_005344,31,F,CA,toys,504,False
user_005345,55,F,IN,toys,667,False
user_005346,31,F,IN,"sports,jewelry,automotive",1151,False
user_005347,18,M,DE,"jewelry,home_garden",1282,True
user_005348,18,F,AU,"beauty,toys,electronics",317,False
user_005349,35,M,US,"electronics,clothing,beauty",267,False
user_005350,42,M,US,"jewelry,toys,automotive",1230,False
user_005351,39,M,JP,home_garden,723,False
user_005352,37,M,MX,home_garden,1317,False
user_005353,48,F,BR,"sports,electronics",427,False
user_005354,28,M,MX,clothing,732,False
user_005355,45,M,FR,"beauty,electronics,automotive",161,False
user_005356,18,F,DE,"books,electronics,toys",1655,False
user_005357,24,F,US,"automotive,clothing",1161,False
user_005358,18,M,CA,beauty,1452,False
user_005359,31,F,FR,"beauty,food,automotive",1202,False
user_005360,34,F,AU,"books,sports,beauty",485,False
user_005361,36,F,IN,beauty,322,False
user_005362,35,M,CA,"home_garden,automotive,books",1745,True
user_005363,23,M,AU,"clothing,automotive",748,False
user_005364,32,M,AU,"toys,automotive,clothing",1212,True
user_005365,18,M,JP,automotive,1491,False
user_005366,51,F,BR,"beauty,sports,automotive",794,True
user_005367,31,F,CA,"electronics,sports",1199,False
user_005368,29,F,CA,"beauty,electronics,books",834,False
user_005369,54,F,US,home_garden,909,False
user_005370,20,M,AU,"jewelry,beauty",1232,False
user_005371,21,F,IN,beauty,1047,True
user_005372,21,F,DE,automotive,1360,False
user_005373,34,M,BR,"beauty,sports",1286,False
user_005374,40,F,DE,"sports,beauty",758,False
user_005375,43,F,DE,"clothing,books,home_garden",1744,False
user_005376,65,F,US,"home_garden,food,automotive",1011,True
user_005377,18,F,CA,"beauty,jewelry",1122,False
user_005378,42,F,UK,"toys,food,sports",894,False
user_005379,28,M,JP,jewelry,1350,False
user_005380,27,M,MX,books,453,False
user_005381,27,F,JP,books,915,False
user_005382,24,M,DE,"electronics,toys,sports",1589,False
user_005383,55,M,FR,"books,food",1650,True
user_005384,45,F,FR,"beauty,clothing",566,True
user_005385,35,M,AU,"electronics,jewelry,beauty",689,False
user_005386,51,F,AU,"beauty,jewelry",1819,False
user_005387,18,M,IN,"books,clothing",1359,False
user_005388,19,M,US,"food,toys",1148,False
user_005389,18,Other,MX,"beauty,electronics,sports",188,True
user_005390,26,M,BR,"electronics,sports",182,False
user_005391,36,M,DE,"food,automotive",192,False
user_005392,36,M,JP,"food,home_garden,automotive",1817,True
user_005393,36,M,MX,"home_garden,clothing,toys",1810,False
user_005394,18,Other,US,"automotive,beauty,electronics",755,False
user_005395,44,M,FR,"home_garden,clothing,automotive",355,True
user_005396,37,M,FR,"sports,electronics",1405,False
user_005397,43,F,JP,home_garden,498,False
user_005398,18,F,FR,books,1113,False
user_005399,38,F,UK,"automotive,books",1147,False
user_005400,20,M,BR,automotive,1065,True
user_005401,30,M,CA,"food,toys",1804,False
user_005402,41,F,CA,electronics,1050,False
user_005403,36,M,JP,sports,891,False
user_005404,24,M,US,"books,toys",528,False
user_005405,35,F,JP,"home_garden,books,food",833,False
user_005406,18,F,IN,"beauty,automotive,clothing",972,False
user_005407,48,M,IN,"sports,books",914,False
user_005408,32,F,FR,"sports,toys",1625,False
user_005409,48,F,AU,"beauty,home_garden,clothing",1655,False
user_005410,28,F,US,"books,home_garden",313,False
user_005411,28,M,MX,"electronics,automotive,toys",796,False
user_005412,25,F,IN,"automotive,clothing,jewelry",373,False
user_005413,45,M,IN,"books,home_garden,jewelry",1005,True
user_005414,26,M,FR,home_garden,996,False
user_005415,42,F,UK,"electronics,toys",418,False
user_005416,30,Other,BR,"sports,automotive",1027,False
user_005417,18,F,AU,"beauty,jewelry",1384,False
user_005418,28,F,IN,"toys,beauty,food",1387,True
user_005419,20,F,DE,"beauty,clothing",811,False
user_005420,35,F,MX,"toys,sports",541,False
user_005421,20,M,AU,"home_garden,books",842,True
user_005422,46,F,CA,"beauty,home_garden",364,True
user_005423,33,Other,IN,"books,clothing",884,False
user_005424,32,M,FR,"clothing,beauty",668,True
user_005425,42,F,US,"clothing,automotive,beauty",1648,False
user_005426,46,M,IN,"clothing,home_garden",655,True
user_005427,34,Other,DE,sports,1706,False
user_005428,25,M,FR,"automotive,food,toys",382,False
user_005429,18,M,FR,"jewelry,electronics,sports",1123,True
user_005430,26,F,UK,"electronics,automotive",1509,False
user_005431,27,M,DE,electronics,1236,True
user_005432,36,F,CA,"beauty,food",1189,False
user_005433,30,M,DE,"beauty,electronics",969,True
user_005434,43,F,JP,beauty,196,False
user_005435,27,F,IN,"home_garden,beauty",1683,False
user_005436,34,M,AU,"electronics,food",253,False
user_005437,49,F,DE,"clothing,electronics",1822,False
user_005438,39,F,BR,toys,589,False
user_005439,34,M,BR,food,490,False
user_005440,27,M,UK,electronics,1249,True
user_005441,27,M,JP,"home_garden,clothing",843,False
user_005442,24,M,JP,books,178,False
user_005443,28,M,DE,"beauty,automotive",514,False
user_005444,44,M,DE,"beauty,books",111,False
user_005445,32,M,AU,"food,electronics",231,True
user_005446,18,F,JP,"toys,automotive",1186,True
user_005447,56,Other,UK,"clothing,jewelry",1430,False
user_005448,38,F,FR,"food,home_garden",748,False
user_005449,18,F,FR,jewelry,35,False
user_005450,29,M,MX,"sports,automotive",1436,False
user_005451,36,M,US,toys,906,False
user_005452,55,F,IN,books,466,True
user_005453,21,F,JP,"books,toys",1536,False
user_005454,46,F,DE,"beauty,clothing",1477,True
user_005455,51,M,CA,clothing,1115,False
user_005456,27,F,FR,"clothing,electronics",583,False
user_005457,31,Other,FR,"home_garden,jewelry",1565,False
user_005458,22,F,FR,"food,beauty",954,False
user_005459,32,F,IN,electronics,578,True
user_005460,34,F,US,"home_garden,food",1311,False
user_005461,42,M,CA,food,903,True
user_005462,48,F,MX,beauty,348,False
user_005463,26,M,IN,"home_garden,jewelry,food",767,False
user_005464,18,M,BR,food,768,True
user_005465,34,Other,MX,"clothing,food,home_garden",490,True
user_005466,38,F,MX,"clothing,electronics,beauty",172,False
user_005467,37,F,UK,"automotive,home_garden,jewelry",1000,False
user_005468,31,M,MX,"sports,food",1462,False
user_005469,36,M,CA,"sports,electronics,toys",1782,False
user_005470,53,F,AU,beauty,957,True
user_005471,39,M,CA,"toys,beauty",803,False
user_005472,30,F,AU,food,872,True
user_005473,28,F,DE,"books,food,clothing",842,True
user_005474,32,F,UK,toys,249,False
user_005475,54,Other,FR,"electronics,clothing,jewelry",893,False
user_005476,32,F,UK,"clothing,sports,electronics",1339,False
user_005477,34,Other,BR,home_garden,1414,False
user_005478,29,M,IN,automotive,946,False
user_005479,48,M,MX,"food,electronics",951,True
user_005480,58,F,UK,"automotive,books",216,False
user_005481,40,M,US,"jewelry,toys",1006,False
user_005482,35,F,MX,"beauty,jewelry,toys",1405,True
user_005483,35,M,UK,"books,jewelry,electronics",420,False
user_005484,18,F,BR,jewelry,1633,False
user_005485,43,M,BR,"jewelry,books,beauty",731,True
user_005486,36,M,BR,"sports,automotive",388,False
user_005487,40,M,UK,automotive,1004,False
user_005488,26,F,CA,"automotive,food",1023,False
user_005489,30,F,MX,beauty,1276,False
user_005490,30,M,FR,"automotive,sports",764,False
user_005491,47,M,DE,"jewelry,food,clothing",1584,True
user_005492,30,M,JP,jewelry,521,False
user_005493,59,F,UK,"clothing,books,toys",1183,True
user_005494,40,M,FR,"jewelry,home_garden",1390,True
user_005495,19,F,US,"clothing,home_garden,food",658,False
user_005496,33,M,FR,"books,automotive,food",675,False
user_005497,27,F,US,toys,279,False
user_005498,18,M,IN,"automotive,food",254,True
user_005499,54,M,AU,"books,toys,home_garden",251,False
user_005500,43,F,UK,"books,jewelry,automotive",903,False
user_005501,41,F,MX,"toys,beauty,electronics",1334,False
user_005502,36,M,BR,"food,beauty,electronics",1419,False
user_005503,18,M,UK,"food,clothing,jewelry",258,False
user_005504,29,F,FR,sports,717,False
user_005505,45,F,US,"clothing,jewelry,beauty",1756,False
user_005506,22,F,IN,"books,electronics",71,False
user_005507,18,F,AU,toys,924,False
user_005508,32,M,MX,"books,sports",206,False
user_005509,33,F,IN,"food,electronics",646,False
user_005510,36,M,MX,"jewelry,sports",1318,False
user_005511,43,F,UK,"clothing,electronics",33,False
user_005512,42,M,FR,"jewelry,food",715,False
user_005513,38,M,IN,"books,clothing,electronics",1638,True
user_005514,49,M,DE,"jewelry,toys,clothing",1562,False
user_005515,18,M,AU,"jewelry,home_garden,beauty",431,False
user_005516,41,M,BR,"clothing,jewelry,automotive",77,False
user_005517,42,M,UK,"food,beauty",1784,False
user_005518,20,M,CA,"sports,books",1705,False
user_005519,18,Other,US,"sports,toys",365,False
user_005520,26,F,JP,beauty,1276,False
user_005521,27,F,MX,books,583,True
user_005522,44,M,CA,food,470,False
user_005523,27,F,CA,"electronics,beauty",968,False
user_005524,24,F,FR,"electronics,toys,jewelry",1169,False
user_005525,27,M,AU,electronics,222,False
user_005526,48,M,UK,"books,clothing",1516,False
user_005527,35,M,UK,books,999,False
user_005528,32,F,MX,toys,692,False
user_005529,33,M,FR,"clothing,automotive,beauty",448,False
user_005530,50,F,US,"toys,beauty",288,False
user_005531,26,F,AU,"clothing,beauty,toys",1131,True
user_005532,50,F,IN,"jewelry,clothing,beauty",350,False
user_005533,37,F,DE,"beauty,books,sports",176,False
user_005534,33,F,DE,clothing,1169,False
user_005535,65,M,CA,"sports,automotive,clothing",15,False
user_005536,22,Other,JP,automotive,1183,False
user_005537,30,M,DE,"clothing,sports,books",12,False
user_005538,20,M,CA,electronics,1823,True
user_005539,46,F,CA,jewelry,1438,False
user_005540,55,M,MX,"automotive,jewelry,toys",609,False
user_005541,55,M,MX,"automotive,books,food",256,False
user_005542,49,F,UK,"food,beauty",853,False
user_005543,32,Other,AU,"jewelry,clothing",392,False
user_005544,30,F,UK,"clothing,automotive,electronics",391,True
user_005545,18,M,JP,"books,home_garden",1698,False
user_005546,59,M,IN,home_garden,514,False
user_005547,40,M,CA,books,809,False
user_005548,29,F,DE,"food,clothing",21,False
user_005549,50,M,IN,"home_garden,sports",869,False
user_005550,23,M,US,food,637,False
user_005551,39,F,JP,"home_garden,automotive,food",1451,False
user_005552,32,Other,BR,"sports,electronics",997,False
user_005553,42,M,AU,electronics,366,False
user_005554,34,F,US,"electronics,jewelry,home_garden",1808,False
user_005555,18,F,MX,electronics,1464,False
user_005556,35,F,DE,sports,706,False
user_005557,47,F,JP,"beauty,sports",1526,False
user_005558,34,F,JP,"jewelry,home_garden,books",1542,False
user_005559,44,F,FR,"home_garden,automotive,beauty",1138,False
user_005560,22,F,FR,"books,automotive,home_garden",1374,False
user_005561,34,F,BR,"automotive,toys",1812,False
user_005562,27,M,FR,sports,722,False
user_005563,43,F,MX,"home_garden,clothing",753,False
user_005564,35,F,MX,clothing,1215,False
user_005565,43,M,CA,home_garden,1449,False
user_005566,48,M,BR,beauty,1751,False
user_005567,43,M,US,food,1482,False
user_005568,38,F,MX,"jewelry,sports",1254,False
user_005569,23,M,IN,"home_garden,beauty",853,False
user_005570,34,M,US,"books,clothing",1663,False
user_005571,28,F,AU,"beauty,clothing,sports",570,False
user_005572,30,F,AU,beauty,207,False
user_005573,30,F,MX,electronics,138,False
user_005574,23,M,AU,jewelry,225,False
user_005575,18,F,AU,"clothing,electronics,toys",220,False
user_005576,26,F,MX,"home_garden,toys",21,False
user_005577,37,M,FR,"electronics,sports",1018,False
user_005578,18,M,DE,books,860,False
user_005579,35,F,US,"automotive,food",1453,False
user_005580,57,M,UK,"books,home_garden,clothing",904,True
user_005581,47,F,CA,"jewelry,home_garden,beauty",1382,False
user_005582,54,M,DE,"beauty,books,clothing",904,False
user_005583,39,F,FR,"toys,home_garden,food",145,True
user_005584,49,F,IN,"home_garden,jewelry,clothing",1032,False
user_005585,26,F,AU,electronics,1601,False
user_005586,27,M,IN,"electronics,jewelry",196,False
user_005587,18,F,CA,home_garden,1121,False
user_005588,49,M,IN,"clothing,electronics,automotive",314,False
user_005589,53,M,DE,"sports,electronics,clothing",1061,False
user_005590,28,F,BR,"clothing,toys",1092,False
user_005591,31,M,MX,"home_garden,books,clothing",1176,False
user_005592,25,F,US,home_garden,574,False
user_005593,39,M,FR,"food,sports",629,False
user_005594,48,M,UK,electronics,1784,True
user_005595,18,F,US,sports,135,True
user_005596,39,M,AU,"clothing,home_garden",751,False
user_005597,31,M,BR,"food,sports,books",1557,False
user_005598,36,F,MX,books,732,False
user_005599,40,F,UK,"food,books,clothing",1456,False
user_005600,32,F,BR,"automotive,jewelry,food",1006,False
user_005601,33,M,BR,"food,beauty,clothing",952,False
user_005602,32,F,UK,home_garden,1092,False
user_005603,46,M,DE,jewelry,86,False
user_005604,40,M,UK,"home_garden,electronics",1203,False
user_005605,37,F,UK,"automotive,toys",1322,False
user_005606,19,M,IN,"home_garden,sports",1405,True
user_005607,30,M,UK,"toys,sports,electronics",713,False
user_005608,45,F,MX,"automotive,beauty",218,False
user_005609,35,F,US,"beauty,home_garden,toys",741,False
user_005610,42,F,MX,"jewelry,home_garden",375,False
user_005611,56,M,JP,"jewelry,beauty,sports",467,False
user_005612,47,M,US,"food,electronics",1514,False
user_005613,36,M,CA,"clothing,beauty,home_garden",381,True
user_005614,28,F,FR,"beauty,jewelry",1380,False
user_005615,18,F,IN,"electronics,food",1451,False
user_005616,32,F,IN,"food,jewelry",1792,False
user_005617,31,F,US,"books,jewelry,clothing",1517,True
user_005618,39,F,US,electronics,1575,False
user_005619,33,Other,DE,"food,clothing",605,False
user_005620,31,F,US,"food,beauty,jewelry",573,True
user_005621,18,F,JP,sports,991,True
user_005622,23,M,JP,"sports,jewelry",259,False
user_005623,40,F,MX,"food,electronics",1124,False
user_005624,55,F,UK,clothing,1029,False
user_005625,33,M,AU,home_garden,949,False
user_005626,38,F,US,"sports,jewelry,home_garden",950,False
user_005627,46,F,MX,"toys,jewelry",1257,False
user_005628,25,F,US,"sports,electronics,home_garden",535,False
user_005629,39,Other,BR,automotive,906,False
user_005630,26,M,MX,"automotive,books,sports",330,False
user_005631,45,F,UK,sports,216,False
user_005632,36,F,CA,"home_garden,electronics,clothing",502,True
user_005633,38,F,JP,sports,1671,False
user_005634,25,M,UK,"clothing,books,food",1673,False
user_005635,43,M,BR,home_garden,555,False
user_005636,60,F,BR,beauty,607,True
user_005637,22,M,UK,"beauty,home_garden,toys",1793,False
user_005638,30,M,AU,home_garden,529,True
user_005639,37,F,US,clothing,1311,True
user_005640,44,M,JP,"electronics,food",1331,False
user_005641,28,M,DE,electronics,362,True
user_005642,18,F,JP,"sports,jewelry,books",1606,False
user_005643,51,F,DE,"home_garden,beauty,jewelry",648,False
user_005644,44,F,UK,clothing,1404,False
user_005645,18,F,JP,"jewelry,sports,automotive",1623,False
user_005646,27,M,AU,"sports,beauty,automotive",1097,False
user_005647,53,F,MX,"automotive,books",756,True
user_005648,52,F,MX,sports,1674,False
user_005649,46,F,DE,"electronics,books",400,False
user_005650,32,F,IN,"jewelry,home_garden",115,False
user_005651,35,M,BR,"beauty,books,electronics",648,True
user_005652,33,F,BR,"automotive,clothing",1656,False
user_005653,48,M,CA,"sports,books",1442,False
user_005654,24,M,CA,"food,jewelry",1159,False
user_005655,25,M,US,"home_garden,electronics,sports",100,False
user_005656,47,F,DE,"jewelry,automotive",800,False
user_005657,34,M,AU,"books,food",1644,False
user_005658,51,F,IN,"jewelry,home_garden",721,False
user_005659,26,F,DE,"toys,electronics",249,True
user_005660,34,M,AU,"electronics,food",519,False
user_005661,23,M,JP,"home_garden,toys",124,False
user_005662,35,M,BR,"home_garden,books,sports",1155,True
user_005663,18,F,UK,beauty,1448,False
user_005664,29,F,US,clothing,446,True
user_005665,18,F,MX,home_garden,609,False
user_005666,43,F,DE,"jewelry,automotive,sports",942,False
user_005667,43,M,BR,"books,home_garden",1212,False
user_005668,18,F,CA,"toys,sports,beauty",1239,False
user_005669,51,F,IN,"jewelry,beauty",1794,True
user_005670,64,F,CA,"home_garden,clothing",1395,False
user_005671,35,F,DE,"books,food,clothing",1741,True
user_005672,27,M,FR,"sports,electronics,books",808,False
user_005673,68,M,BR,food,837,False
user_005674,19,Other,CA,"electronics,sports",1492,False
user_005675,35,M,IN,"beauty,clothing",774,False
user_005676,37,Other,AU,clothing,14,False
user_005677,51,M,CA,"books,automotive,jewelry",1391,False
user_005678,39,M,JP,"beauty,books,automotive",1005,False
user_005679,29,F,AU,"books,home_garden",1432,False
user_005680,23,M,DE,food,1466,False
user_005681,30,M,MX,jewelry,384,True
user_005682,22,M,JP,"clothing,electronics",3,False
user_005683,35,M,CA,clothing,1428,False
user_005684,28,F,UK,"toys,beauty,home_garden",740,False
user_005685,18,Other,AU,"home_garden,clothing",372,True
user_005686,50,F,FR,"automotive,home_garden,clothing",63,False
user_005687,29,F,FR,"beauty,electronics,food",957,False
user_005688,19,Other,MX,clothing,976,False
user_005689,32,F,US,"clothing,sports",1572,False
user_005690,35,F,JP,"food,beauty,electronics",1115,False
user_005691,18,M,DE,jewelry,354,True
user_005692,38,F,UK,"food,clothing,books",1070,False
user_005693,22,M,AU,"beauty,books",1168,False
user_005694,55,M,UK,books,1665,False
user_005695,41,F,UK,"jewelry,automotive,food",943,False
user_005696,30,M,IN,"electronics,home_garden,books",1077,False
user_005697,26,F,BR,"electronics,sports",689,True
user_005698,33,F,US,"sports,clothing,home_garden",909,False
user_005699,42,F,BR,"toys,food,beauty",665,False
user_005700,34,F,UK,"beauty,electronics,jewelry",622,False
user_005701,32,M,FR,"jewelry,food",801,False
user_005702,35,M,IN,"toys,books",880,False
user_005703,27,F,CA,automotive,1572,False
user_005704,30,F,FR,sports,1334,False
user_005705,18,F,DE,"beauty,electronics,sports",218,False
user_005706,46,F,MX,"sports,home_garden",1782,False
user_005707,38,F,JP,"sports,clothing,toys",920,False
user_005708,25,F,IN,food,1377,False
user_005709,57,F,AU,"jewelry,automotive",1092,False
user_005710,36,F,UK,"jewelry,clothing",112,False
user_005711,22,Other,CA,"food,books",188,False
user_005712,45,M,BR,"home_garden,food,beauty",108,True
user_005713,39,F,UK,sports,884,False
user_005714,39,Other,CA,"jewelry,automotive",506,False
user_005715,29,M,US,"automotive,electronics",600,True
user_005716,40,M,IN,"jewelry,home_garden,toys",1717,False
user_005717,31,Other,MX,"jewelry,books",286,False
user_005718,41,M,FR,books,702,False
user_005719,18,M,BR,books,379,False
user_005720,29,M,IN,home_garden,1599,False
user_005721,55,M,DE,"automotive,beauty,clothing",1446,False
user_005722,25,M,MX,"toys,jewelry",1106,False
user_005723,27,F,IN,beauty,436,False
user_005724,29,M,CA,"electronics,home_garden,jewelry",150,False
user_005725,20,M,FR,toys,257,False
user_005726,18,M,MX,"toys,automotive",1760,False
user_005727,32,F,JP,"food,electronics,jewelry",91,True
user_005728,36,F,FR,"toys,clothing",507,False
user_005729,34,F,MX,electronics,163,False
user_005730,33,M,IN,"food,sports,automotive",897,True
user_005731,35,M,UK,"toys,home_garden,food",733,False
user_005732,47,F,CA,"food,sports,electronics",768,False
user_005733,32,F,CA,"toys,clothing",1558,False
user_005734,28,M,BR,"sports,clothing",1037,False
user_005735,31,M,MX,clothing,1031,False
user_005736,41,M,CA,toys,1406,False
user_005737,51,M,FR,books,1181,False
user_005738,27,F,US,"books,clothing,beauty",30,False
user_005739,36,F,DE,home_garden,1356,False
user_005740,39,M,AU,"sports,automotive",860,False
user_005741,23,F,CA,"clothing,beauty",227,False
user_005742,35,M,AU,"toys,jewelry",856,False
user_005743,18,M,UK,jewelry,824,False
user_005744,18,F,BR,"sports,beauty,food",1612,False
user_005745,39,F,JP,"toys,beauty",789,False
user_005746,30,M,AU,"food,toys",258,True
user_005747,37,M,AU,"beauty,books,toys",379,True
user_005748,34,F,IN,"electronics,sports",1064,False
user_005749,23,F,BR,jewelry,295,False
user_005750,34,M,JP,"sports,books",158,False
user_005751,20,F,DE,"beauty,electronics,toys",1219,False
user_005752,51,M,CA,"home_garden,automotive",72,True
user_005753,18,M,JP,"books,sports",415,False
user_005754,32,F,UK,books,527,False
user_005755,22,F,FR,clothing,1161,False
user_005756,41,F,UK,home_garden,223,False
user_005757,31,M,IN,"sports,electronics,toys",1090,False
user_005758,28,M,CA,"food,beauty,automotive",729,False
user_005759,45,M,FR,"clothing,beauty",844,False
user_005760,35,F,IN,"beauty,food",433,False
user_005761,41,M,IN,"jewelry,automotive",935,False
user_005762,23,M,JP,home_garden,869,False
user_005763,18,F,IN,"home_garden,jewelry",1459,False
user_005764,36,F,UK,"automotive,toys",951,False
user_005765,31,F,JP,beauty,95,False
user_005766,42,M,JP,"jewelry,clothing,toys",1235,False
user_005767,34,F,JP,"toys,books",1642,False
user_005768,37,F,AU,"sports,books,toys",1714,True
user_005769,18,F,MX,"food,home_garden,toys",1816,False
user_005770,57,M,BR,electronics,1666,True
user_005771,33,M,DE,jewelry,1714,True
user_005772,43,F,UK,"food,books,clothing",1589,False
user_005773,24,F,AU,"clothing,electronics",1498,False
user_005774,38,F,CA,sports,855,False
user_005775,19,M,AU,electronics,871,False
user_005776,40,M,DE,"home_garden,jewelry,beauty",590,False
user_005777,30,M,FR,toys,1380,False
user_005778,35,M,BR,"electronics,home_garden",643,False
user_005779,43,F,DE,"automotive,sports,clothing",126,True
user_005780,20,M,AU,"automotive,sports",101,False
user_005781,26,F,FR,"electronics,home_garden",378,False
user_005782,40,M,CA,"jewelry,food,electronics",9,False
user_005783,60,M,MX,clothing,25,False
user_005784,33,M,AU,automotive,1439,False
user_005785,42,M,FR,food,1003,False
user_005786,33,M,BR,"sports,food",261,False
user_005787,58,M,IN,"home_garden,beauty",219,False
user_005788,18,F,JP,books,877,True
user_005789,36,F,DE,"home_garden,jewelry,books",948,False
user_005790,18,M,UK,clothing,426,False
user_005791,18,F,JP,home_garden,323,False
user_005792,38,F,BR,"automotive,beauty,books",970,False
user_005793,36,F,MX,"jewelry,clothing,books",1771,True
user_005794,31,M,BR,"clothing,jewelry",710,False
user_005795,33,F,UK,"beauty,jewelry,food",590,False
user_005796,72,M,DE,clothing,364,True
user_005797,31,M,CA,"toys,beauty,clothing",1709,False
user_005798,41,M,CA,"sports,home_garden",515,False
user_005799,27,F,JP,jewelry,1205,True
user_005800,38,F,US,books,1294,True
user_005801,32,M,IN,"books,jewelry,food",490,False
user_005802,30,F,IN,"automotive,electronics",1808,False
user_005803,56,M,FR,"beauty,food,clothing",386,False
user_005804,49,M,MX,"home_garden,electronics",89,False
user_005805,36,M,JP,"toys,home_garden,books",1322,False
user_005806,18,M,IN,"beauty,sports",847,True
user_005807,30,F,BR,automotive,1340,True
user_005808,67,F,FR,"sports,toys",377,False
user_005809,32,F,IN,"beauty,toys",584,False
user_005810,48,M,JP,beauty,1505,False
user_005811,52,M,FR,food,643,False
user_005812,37,M,BR,automotive,811,False
user_005813,24,F,JP,"beauty,jewelry",671,False
user_005814,18,F,FR,electronics,1445,False
user_005815,43,F,JP,"beauty,books,automotive",1509,False
user_005816,25,M,DE,"books,clothing",377,False
user_005817,37,M,CA,beauty,694,False
user_005818,20,F,FR,"beauty,home_garden,food",993,False
user_005819,31,M,DE,sports,880,False
user_005820,35,F,BR,books,95,False
user_005821,38,M,MX,food,1146,True
user_005822,21,F,AU,jewelry,1308,False
user_005823,49,M,AU,"home_garden,books",68,True
user_005824,27,F,US,"sports,toys,books",944,False
user_005825,18,F,IN,"jewelry,beauty,home_garden",959,False
user_005826,33,F,JP,sports,938,False
user_005827,35,F,BR,electronics,1036,False
user_005828,36,Other,JP,"toys,jewelry",1245,False
user_005829,51,F,MX,"home_garden,toys,electronics",1298,False
user_005830,32,F,AU,"toys,automotive,books",1493,True
user_005831,33,M,JP,"beauty,books",339,False
user_005832,21,M,DE,toys,432,False
user_005833,44,M,DE,beauty,1000,False
user_005834,37,F,MX,"toys,automotive",1458,False
user_005835,29,M,FR,sports,1600,False
user_005836,18,F,JP,sports,853,False
user_005837,52,M,CA,beauty,1228,False
user_005838,20,M,JP,"clothing,automotive",1782,False
user_005839,27,F,JP,automotive,1552,False
user_005840,39,M,CA,"automotive,food,books",1238,False
user_005841,20,F,MX,"electronics,home_garden",738,True
user_005842,18,M,UK,"jewelry,beauty",471,False
user_005843,18,Other,FR,"electronics,automotive",1425,False
user_005844,43,M,US,automotive,249,False
user_005845,28,M,UK,"home_garden,sports,food",1648,True
user_005846,70,Other,MX,food,1608,False
user_005847,23,F,DE,"automotive,electronics,clothing",328,False
user_005848,23,M,UK,clothing,1027,False
user_005849,28,M,DE,electronics,493,False
user_005850,37,M,FR,"books,home_garden",497,False
user_005851,29,M,US,"home_garden,clothing",1216,False
user_005852,42,F,DE,books,501,True
user_005853,23,M,UK,"toys,food,books",375,False
user_005854,18,F,BR,"electronics,home_garden,clothing",996,False
user_005855,18,M,US,"jewelry,electronics",1414,True
user_005856,18,F,FR,"clothing,food,toys",1682,False
user_005857,28,M,FR,"sports,automotive",1606,False
user_005858,31,F,AU,"clothing,beauty",584,False
user_005859,27,M,US,"toys,clothing",1466,False
user_005860,49,F,IN,"electronics,books",382,False
user_005861,49,F,IN,"electronics,jewelry",20,False
user_005862,30,M,FR,"home_garden,sports,clothing",344,True
user_005863,18,F,FR,"electronics,jewelry,beauty",365,False
user_005864,28,M,AU,automotive,383,False
user_005865,27,M,US,"books,beauty",1811,False
user_005866,27,M,BR,clothing,1156,False
user_005867,26,F,FR,"books,automotive",343,False
user_005868,27,F,UK,"electronics,clothing",822,False
user_005869,30,F,BR,clothing,1628,False
user_005870,27,M,UK,"toys,books,electronics",683,False
user_005871,37,M,FR,"sports,books",1597,True
user_005872,39,F,CA,electronics,172,False
user_005873,24,M,US,"home_garden,electronics",740,False
user_005874,50,F,UK,jewelry,125,False
user_005875,23,M,AU,food,6,False
user_005876,18,M,BR,"beauty,books,sports",915,True
user_005877,39,M,MX,"automotive,sports",1008,True
user_005878,25,F,FR,automotive,49,False
user_005879,38,F,AU,"sports,jewelry",1045,False
user_005880,18,F,DE,"electronics,clothing",905,False
user_005881,51,F,DE,"jewelry,food,home_garden",1124,False
user_005882,43,F,IN,clothing,484,True
user_005883,18,F,UK,"clothing,jewelry",1693,False
user_005884,18,F,JP,toys,1094,True
user_005885,55,M,CA,"jewelry,electronics,beauty",85,False
user_005886,26,F,CA,clothing,1753,False
user_005887,24,M,JP,clothing,557,False
user_005888,18,F,IN,"jewelry,toys",831,False
user_005889,30,F,BR,"clothing,books,sports",1512,False
user_005890,32,F,IN,sports,1403,True
user_005891,43,Other,IN,automotive,247,False
user_005892,18,Other,CA,clothing,1682,False
user_005893,18,M,JP,"toys,food,jewelry",146,False
user_005894,40,F,US,"books,sports",198,False
user_005895,47,M,AU,"books,clothing,food",154,False
user_005896,18,M,DE,"food,electronics",1363,False
user_005897,47,F,AU,sports,472,False
user_005898,35,F,AU,"books,food,automotive",1766,False
user_005899,48,F,AU,electronics,1303,False
user_005900,34,F,IN,"books,automotive,sports",972,False
user_005901,18,M,BR,"automotive,food",352,False
user_005902,33,F,AU,home_garden,1435,False
user_005903,47,M,MX,"electronics,books,sports",498,False
user_005904,24,F,IN,"toys,home_garden",632,False
user_005905,30,M,BR,"automotive,sports",509,False
user_005906,32,F,JP,beauty,1631,False
user_005907,18,F,IN,home_garden,1502,False
user_005908,55,F,DE,"food,toys,books",970,False
user_005909,24,F,US,home_garden,800,False
user_005910,41,M,FR,clothing,504,False
user_005911,33,M,DE,clothing,189,False
user_005912,50,M,JP,"home_garden,sports,beauty",434,False
user_005913,39,F,FR,"automotive,toys,books",747,False
user_005914,32,M,UK,"sports,jewelry",1516,False
user_005915,24,F,DE,"sports,home_garden,jewelry",173,True
user_005916,44,F,CA,"beauty,sports",601,False
user_005917,18,M,UK,"food,sports",1294,False
user_005918,42,M,IN,"sports,books,jewelry",225,False
user_005919,21,F,UK,books,836,False
user_005920,50,F,JP,"jewelry,books",591,False
user_005921,36,M,FR,"automotive,food,books",662,False
user_005922,42,M,MX,"jewelry,automotive,food",1663,True
user_005923,35,M,AU,electronics,1658,True
user_005924,18,M,CA,"clothing,automotive",984,False
user_005925,24,M,BR,home_garden,1665,False
user_005926,43,M,FR,sports,157,True
user_005927,36,M,CA,"clothing,books,sports",489,False
user_005928,49,M,US,"toys,books,sports",1676,False
user_005929,39,M,MX,"toys,electronics",798,True
user_005930,23,F,MX,toys,1284,False
user_005931,25,F,DE,"food,sports,clothing",1637,False
user_005932,36,F,MX,automotive,1434,False
user_005933,18,M,CA,"beauty,electronics",897,True
user_005934,55,F,AU,"electronics,clothing,automotive",5,True
user_005935,40,M,US,clothing,521,False
user_005936,49,M,MX,food,1109,False
user_005937,18,F,US,"home_garden,books,clothing",1135,False
user_005938,49,F,MX,sports,1123,False
user_005939,61,F,JP,"electronics,food",1266,False
user_005940,19,M,US,"food,automotive,sports",1326,True
user_005941,44,F,DE,sports,528,False
user_005942,35,M,IN,"food,home_garden,jewelry",867,True
user_005943,18,M,AU,"jewelry,beauty",1516,False
user_005944,40,F,JP,"sports,food,beauty",437,False
user_005945,45,M,FR,"jewelry,automotive",59,False
user_005946,27,F,MX,"food,jewelry",1314,False
user_005947,48,M,US,toys,961,False
user_005948,18,F,MX,"clothing,electronics,beauty",559,False
user_005949,18,F,FR,"clothing,beauty,electronics",1167,True
user_005950,36,Other,JP,beauty,1520,True
user_005951,35,M,IN,automotive,1296,False
user_005952,26,F,JP,"toys,jewelry,electronics",434,False
user_005953,44,F,AU,"food,toys,electronics",1732,True
user_005954,41,M,IN,clothing,596,True
user_005955,45,M,CA,books,213,False
user_005956,33,M,CA,sports,125,False
user_005957,42,M,AU,"home_garden,beauty,toys",323,False
user_005958,29,F,MX,"home_garden,food,automotive",678,True
user_005959,59,F,AU,"toys,beauty",940,False
user_005960,25,F,AU,"sports,automotive",1490,False
user_005961,60,M,DE,beauty,678,False
user_005962,35,M,MX,"automotive,sports,toys",1732,False
user_005963,18,F,DE,food,1746,False
user_005964,51,F,MX,"jewelry,books",1405,False
user_005965,36,M,MX,"beauty,books",814,False
user_005966,45,M,FR,"jewelry,electronics,books",1362,False
user_005967,49,M,IN,"electronics,food",538,False
user_005968,39,F,CA,"jewelry,clothing",294,False
user_005969,27,M,IN,"beauty,food,jewelry",698,True
user_005970,46,F,JP,jewelry,1445,False
user_005971,35,M,UK,jewelry,640,True
user_005972,43,M,IN,"books,electronics",726,True
user_005973,18,M,JP,"home_garden,jewelry",157,True
user_005974,40,M,DE,"food,automotive,jewelry",1068,False
user_005975,27,F,IN,"beauty,home_garden",85,False
user_005976,54,M,JP,"jewelry,clothing,food",99,False
user_005977,42,M,AU,home_garden,598,False
user_005978,37,F,JP,"sports,home_garden,toys",112,False
user_005979,40,M,IN,"electronics,home_garden,clothing",1107,True
user_005980,23,M,FR,clothing,851,False
user_005981,54,F,BR,"toys,food,automotive",492,False
user_005982,58,M,AU,"food,toys",612,False
user_005983,39,M,IN,home_garden,227,False
user_005984,54,F,UK,"sports,home_garden,beauty",221,False
user_005985,28,F,MX,toys,646,False
user_005986,25,F,DE,electronics,394,False
user_005987,35,M,UK,clothing,638,False
user_005988,40,M,DE,"beauty,jewelry,electronics",772,False
user_005989,30,M,BR,"books,toys",577,False
user_005990,41,M,IN,"clothing,sports",978,False
user_005991,38,F,IN,toys,502,False
user_005992,23,F,MX,"books,food",929,False
user_005993,41,M,JP,jewelry,1161,False
user_005994,45,M,US,"books,beauty",323,False
user_005995,37,M,UK,"automotive,home_garden",330,False
user_005996,48,M,IN,automotive,1235,False
user_005997,20,F,JP,"jewelry,sports,beauty",1390,False
user_005998,40,M,JP,"jewelry,clothing,sports",1346,False
user_005999,20,F,DE,"toys,sports",488,False
user_006000,21,M,AU,electronics,348,False
user_006001,27,M,IN,automotive,749,False
user_006002,23,F,BR,"electronics,clothing",1561,False
user_006003,28,F,CA,"beauty,electronics,clothing",770,False
user_006004,32,F,FR,jewelry,868,False
user_006005,45,F,US,"beauty,electronics,books",118,False
user_006006,31,F,US,"clothing,food",1698,False
user_006007,18,F,JP,sports,88,False
user_006008,48,M,CA,toys,26,False
user_006009,24,M,CA,"jewelry,books,clothing",717,False
user_006010,34,M,DE,food,1470,False
user_006011,40,F,IN,"home_garden,books,toys",694,False
user_006012,37,F,JP,"electronics,toys",1068,False
user_006013,48,M,BR,beauty,225,False
user_006014,40,M,JP,"toys,jewelry",850,False
user_006015,24,M,FR,"sports,electronics,home_garden",795,False
user_006016,61,M,JP,"electronics,beauty,automotive",239,False
user_006017,37,M,AU,home_garden,851,False
user_006018,33,M,AU,books,153,False
user_006019,46,M,DE,"toys,jewelry",167,False
user_006020,37,F,JP,"toys,food,sports",1188,False
user_006021,39,F,IN,"automotive,food",1286,False
user_006022,64,F,FR,"home_garden,clothing",120,False
user_006023,31,F,JP,"electronics,sports",1169,False
user_006024,31,F,MX,books,1499,True
user_006025,36,M,UK,"books,home_garden",275,False
user_006026,47,M,JP,"jewelry,electronics",418,False
user_006027,18,M,US,"clothing,automotive,toys",1714,False
user_006028,18,M,DE,"beauty,home_garden,toys",356,False
user_006029,27,M,FR,"home_garden,beauty",1314,False
user_006030,18,M,CA,"food,beauty",341,False
user_006031,29,F,US,"sports,clothing,electronics",1717,False
user_006032,41,F,DE,home_garden,961,False
user_006033,24,M,IN,books,357,False
user_006034,18,F,AU,"toys,home_garden",261,False
user_006035,35,F,UK,beauty,238,False
user_006036,45,F,IN,"books,electronics,home_garden",7,False
user_006037,18,F,JP,"jewelry,beauty",285,False
user_006038,44,F,UK,"beauty,home_garden,clothing",1344,False
user_006039,44,F,US,"clothing,food,automotive",1658,False
user_006040,46,M,JP,"toys,jewelry,automotive",1334,False
user_006041,49,F,FR,"sports,food,books",325,False
user_006042,61,M,US,"jewelry,automotive",395,False
user_006043,30,F,MX,"food,electronics,books",570,False
user_006044,36,F,FR,home_garden,707,False
user_006045,30,F,DE,clothing,1456,False
user_006046,35,F,AU,"books,food",850,False
user_006047,53,F,US,jewelry,1666,False
user_006048,18,M,BR,"home_garden,electronics,beauty",1138,True
user_006049,24,F,JP,books,676,False
user_006050,51,F,DE,"sports,automotive,clothing",1638,False
user_006051,47,F,UK,"home_garden,automotive,books",672,True
user_006052,30,M,MX,"food,jewelry,automotive",183,False
user_006053,45,M,AU,"clothing,toys,beauty",282,False
user_006054,39,F,JP,books,223,False
user_006055,53,F,DE,"beauty,sports,electronics",1153,False
user_006056,35,M,CA,"jewelry,sports",1517,False
user_006057,47,F,UK,"food,toys",1479,False
user_006058,66,F,US,"automotive,toys,beauty",1592,False
user_006059,42,F,AU,jewelry,1218,False
user_006060,35,M,FR,"food,automotive",1156,False
user_006061,43,F,UK,"beauty,home_garden,toys",1187,False
user_006062,30,F,US,books,851,False
user_006063,63,M,IN,"beauty,home_garden,toys",1010,False
user_006064,37,F,US,"books,electronics",1758,False
user_006065,31,F,DE,"home_garden,automotive,clothing",24,False
user_006066,24,F,JP,"jewelry,toys,automotive",451,False
user_006067,48,F,FR,home_garden,605,False
user_006068,45,M,US,"home_garden,toys,beauty",943,False
user_006069,29,F,AU,"electronics,beauty,toys",1005,False
user_006070,41,M,BR,jewelry,70,False
user_006071,18,F,UK,"food,home_garden",804,False
user_006072,37,Other,IN,"electronics,beauty,sports",1339,False
user_006073,40,F,IN,"home_garden,electronics,beauty",879,False
user_006074,55,M,UK,books,280,False
user_006075,25,F,JP,toys,262,False
user_006076,19,F,MX,"automotive,electronics",672,False
user_006077,24,F,JP,"electronics,clothing",251,False
user_006078,18,M,MX,"food,electronics,automotive",1376,True
user_006079,51,M,IN,food,656,False
user_006080,53,F,CA,"home_garden,sports",500,False
user_006081,38,M,UK,"home_garden,electronics,sports",1177,False
user_006082,49,F,DE,"toys,food,clothing",224,False
user_006083,36,M,IN,beauty,1306,False
user_006084,33,M,MX,"books,beauty,clothing",1344,True
user_006085,31,F,US,"jewelry,sports",1184,False
user_006086,31,F,AU,"jewelry,sports,clothing",1157,False
user_006087,18,F,DE,"jewelry,electronics,home_garden",506,False
user_006088,38,M,JP,"food,toys,jewelry",75,False
user_006089,34,F,AU,"books,automotive",1716,True
user_006090,43,M,FR,sports,1156,False
user_006091,36,F,CA,"automotive,home_garden",595,False
user_006092,33,F,JP,"home_garden,electronics,clothing",490,False
user_006093,24,M,JP,"home_garden,food,electronics",497,False
user_006094,35,M,CA,food,1146,True
user_006095,43,M,UK,"clothing,home_garden",160,False
user_006096,21,M,BR,"toys,electronics,beauty",832,False
user_006097,36,Other,IN,"clothing,books",1132,False
user_006098,37,M,DE,home_garden,1087,False
user_006099,26,M,AU,"beauty,food",1032,False
user_006100,27,F,US,home_garden,429,False
user_006101,37,F,UK,"food,jewelry",1218,False
user_006102,21,F,BR,sports,1357,False
user_006103,39,F,BR,"beauty,jewelry",132,False
user_006104,24,M,CA,"sports,toys",1430,False
user_006105,47,M,DE,"sports,beauty,home_garden",728,False
user_006106,63,F,AU,"sports,automotive",286,False
user_006107,24,F,AU,"jewelry,electronics,clothing",214,False
user_006108,41,M,JP,clothing,976,False
user_006109,26,F,UK,automotive,655,False
user_006110,47,Other,AU,"toys,food",124,False
user_006111,19,F,FR,"electronics,automotive,home_garden",139,False
user_006112,40,M,US,sports,364,False
user_006113,24,M,CA,"automotive,toys",1529,False
user_006114,32,F,FR,"toys,home_garden",1593,False
user_006115,22,M,AU,home_garden,284,False
user_006116,44,M,AU,"food,electronics",1769,False
user_006117,24,F,DE,"food,automotive",825,False
user_006118,41,Other,DE,"electronics,home_garden,books",951,True
user_006119,30,F,JP,automotive,1583,False
user_006120,33,F,CA,"automotive,toys,food",986,False
user_006121,36,F,US,home_garden,429,False
user_006122,25,F,BR,"sports,food",1541,False
user_006123,37,F,MX,toys,1778,False
user_006124,53,M,MX,jewelry,575,True
user_006125,25,F,US,"books,home_garden,jewelry",1776,False
user_006126,49,M,MX,"books,beauty",514,False
user_006127,52,M,AU,automotive,754,False
user_006128,25,F,IN,"jewelry,books,beauty",1819,False
user_006129,18,M,US,clothing,105,False
user_006130,38,M,DE,"toys,home_garden",1035,False
user_006131,28,F,MX,"home_garden,beauty",19,False
user_006132,57,F,AU,"jewelry,automotive",908,True
user_006133,35,M,DE,"jewelry,toys,books",1597,False
user_006134,25,M,IN,"electronics,automotive",836,False
user_006135,21,Other,FR,"toys,sports",611,False
user_006136,48,F,IN,automotive,359,False
user_006137,28,M,MX,"books,beauty,food",1621,False
user_006138,35,F,FR,"toys,food",805,False
user_006139,46,M,IN,"home_garden,jewelry",602,False
user_006140,29,M,JP,food,312,False
user_006141,34,F,JP,home_garden,639,False
user_006142,34,F,UK,"sports,food,jewelry",888,False
user_006143,43,F,FR,sports,1759,False
user_006144,42,F,US,home_garden,1461,False
user_006145,32,M,JP,toys,884,False
user_006146,35,M,AU,automotive,627,True
user_006147,30,F,BR,automotive,1261,False
user_006148,18,F,AU,"books,jewelry",156,False
user_006149,38,F,IN,electronics,875,True
user_006150,57,F,US,"toys,electronics",375,False
user_006151,24,M,US,sports,1305,True
user_006152,25,M,MX,"jewelry,beauty",217,False
user_006153,24,M,US,"toys,books,sports",853,False
user_006154,43,M,BR,"automotive,jewelry",1790,False
user_006155,40,M,US,clothing,1792,False
user_006156,33,F,MX,"sports,books,home_garden",400,False
user_006157,23,M,UK,"sports,electronics,food",1316,False
user_006158,36,M,FR,"food,books,beauty",1355,False
user_006159,18,M,UK,"electronics,toys",518,False
user_006160,36,F,UK,home_garden,1024,False
user_006161,45,M,UK,"food,beauty",350,False
user_006162,19,M,DE,"books,sports,jewelry",1040,False
user_006163,18,M,MX,"clothing,beauty,books",1761,False
user_006164,53,F,JP,"books,clothing",1122,True
user_006165,27,F,DE,toys,685,False
user_006166,48,F,DE,"electronics,food",571,False
user_006167,33,M,FR,"clothing,home_garden,sports",1676,False
user_006168,33,M,DE,beauty,997,False
user_006169,40,F,IN,"books,home_garden",577,False
user_006170,24,M,FR,"home_garden,food,toys",1221,False
user_006171,36,F,IN,"books,automotive",40,False
user_006172,30,M,CA,automotive,1682,True
user_006173,19,F,US,"toys,home_garden,books",1056,False
user_006174,39,Other,CA,beauty,1375,False
user_006175,31,F,AU,"clothing,beauty",242,False
user_006176,33,F,UK,food,122,False
user_006177,20,M,MX,"sports,jewelry",1415,False
user_006178,54,M,BR,clothing,515,False
user_006179,45,M,CA,electronics,731,False
user_006180,46,M,BR,"automotive,sports,toys",1545,False
user_006181,31,M,US,"sports,toys",907,True
user_006182,18,F,BR,"toys,electronics",540,True
user_006183,58,M,US,automotive,396,False
user_006184,34,M,DE,"home_garden,automotive,books",1619,False
user_006185,26,M,FR,"sports,electronics,jewelry",1585,False
user_006186,40,M,AU,"electronics,books",990,False
user_006187,49,M,CA,"books,toys",1145,False
user_006188,34,M,JP,clothing,963,False
user_006189,50,M,IN,"beauty,books",138,False
user_006190,47,M,CA,food,321,False
user_006191,22,M,MX,"home_garden,jewelry,electronics",1563,False
user_006192,26,M,JP,jewelry,86,False
user_006193,46,F,IN,"beauty,home_garden,books",1714,False
user_006194,18,F,US,sports,191,True
user_006195,33,M,AU,"jewelry,food,sports",558,False
user_006196,18,F,US,food,565,False
user_006197,29,F,MX,"electronics,toys,food",635,False
user_006198,31,F,FR,"beauty,food",1249,False
user_006199,30,F,CA,home_garden,44,False
user_006200,28,F,MX,toys,198,False
user_006201,21,F,BR,"electronics,sports,clothing",1810,False
user_006202,62,M,DE,"sports,home_garden,electronics",1649,True
user_006203,57,F,UK,"automotive,jewelry,food",1388,False
user_006204,21,M,BR,"jewelry,clothing,toys",371,False
user_006205,53,F,UK,sports,66,False
user_006206,30,F,JP,"food,automotive",921,False
user_006207,36,M,BR,books,1422,False
user_006208,34,Other,MX,automotive,1721,True
user_006209,27,F,DE,"automotive,jewelry",529,False
user_006210,46,M,IN,"jewelry,clothing,toys",599,True
user_006211,36,F,FR,"beauty,automotive,jewelry",953,False
user_006212,29,M,JP,sports,417,True
user_006213,19,Other,US,"beauty,toys",1010,False
user_006214,24,M,UK,"jewelry,sports",555,False
user_006215,18,M,CA,electronics,75,False
user_006216,35,M,UK,"toys,electronics",105,False
user_006217,20,F,MX,"electronics,food",996,False
user_006218,31,M,IN,"automotive,books",1031,False
user_006219,51,M,FR,"sports,books",1521,False
user_006220,49,M,MX,"food,books,beauty",984,False
user_006221,34,Other,BR,"toys,beauty",1501,False
user_006222,33,F,BR,"food,automotive,home_garden",138,False
user_006223,57,M,MX,"beauty,home_garden,books",113,False
user_006224,41,F,FR,"food,jewelry,clothing",1464,False
user_006225,31,F,US,"clothing,food,sports",527,True
user_006226,18,M,US,beauty,96,False
user_006227,39,M,JP,clothing,1735,False
user_006228,44,F,US,"books,food",897,True
user_006229,27,F,BR,food,211,False
user_006230,38,M,CA,beauty,366,False
user_006231,30,F,FR,"books,electronics",1049,False
user_006232,32,F,JP,food,946,False
user_006233,18,M,AU,food,639,False
user_006234,32,F,FR,toys,1177,True
user_006235,46,F,DE,"sports,toys,jewelry",688,False
user_006236,27,Other,IN,"toys,food",323,False
user_006237,35,M,US,home_garden,801,False
user_006238,25,F,AU,beauty,68,False
user_006239,39,F,FR,toys,528,True
user_006240,32,F,DE,"food,home_garden,clothing",1624,False
user_006241,23,M,JP,toys,832,False
user_006242,50,M,DE,"electronics,beauty",569,False
user_006243,46,M,FR,"clothing,toys,sports",1437,False
user_006244,27,F,US,"toys,clothing,food",749,False
user_006245,40,Other,IN,home_garden,66,False
user_006246,41,M,JP,"home_garden,books",1589,False
user_006247,42,M,AU,"automotive,toys,sports",274,False
user_006248,18,M,AU,"clothing,electronics",1364,False
user_006249,47,Other,DE,"electronics,beauty",1276,False
user_006250,28,M,BR,automotive,1822,False
user_006251,30,F,AU,"clothing,books",1380,False
user_006252,66,F,AU,"automotive,toys,books",1150,False
user_006253,38,M,JP,toys,52,True
user_006254,30,M,UK,"books,beauty,automotive",989,False
user_006255,18,F,FR,"food,beauty,clothing",973,False
user_006256,51,M,DE,"jewelry,beauty",931,False
user_006257,18,F,US,"sports,beauty",1371,True
user_006258,22,M,CA,"toys,books",854,False
user_006259,31,M,DE,"sports,toys",1434,False
user_006260,51,M,DE,"beauty,home_garden",262,False
user_006261,44,F,IN,"food,electronics",195,False
user_006262,33,M,UK,clothing,344,False
user_006263,38,F,US,"clothing,automotive",1586,False
user_006264,27,F,CA,"sports,home_garden,food",1135,False
user_006265,36,F,BR,"clothing,books,toys",1545,False
user_006266,35,F,IN,electronics,1745,True
user_006267,46,F,IN,"automotive,electronics,beauty",86,False
user_006268,46,M,US,"electronics,home_garden",697,False
user_006269,40,M,FR,"clothing,electronics,beauty",699,False
user_006270,30,Other,FR,"toys,electronics,books",141,True
user_006271,43,M,DE,"toys,sports,jewelry",1304,True
user_006272,33,F,CA,"toys,food",296,False
user_006273,22,F,FR,beauty,813,False
user_006274,30,F,CA,food,1274,False
user_006275,36,F,JP,"sports,beauty,clothing",10,False
user_006276,45,M,UK,electronics,1483,False
user_006277,32,Other,AU,"toys,beauty,jewelry",1015,False
user_006278,20,M,BR,toys,1743,False
user_006279,35,M,MX,"clothing,home_garden,electronics",1278,False
user_006280,36,M,IN,sports,1167,False
user_006281,37,M,AU,"sports,clothing",81,False
user_006282,46,F,FR,jewelry,1627,False
user_006283,47,M,DE,home_garden,556,False
user_006284,27,M,DE,"food,toys,sports",847,True
user_006285,27,M,AU,jewelry,1004,False
user_006286,22,F,IN,"toys,clothing,electronics",410,False
user_006287,43,M,CA,"electronics,automotive",1298,False
user_006288,52,F,AU,"books,food",1157,False
user_006289,31,M,JP,"clothing,books,electronics",764,False
user_006290,32,M,MX,books,850,False
user_006291,52,M,JP,"toys,books",1104,False
user_006292,41,M,CA,food,252,False
user_006293,40,F,BR,"jewelry,beauty,automotive",1711,False
user_006294,20,F,US,"electronics,books,automotive",181,False
user_006295,43,M,MX,"clothing,electronics",607,False
user_006296,23,F,MX,books,587,False
user_006297,21,F,CA,beauty,196,False
user_006298,30,M,FR,"sports,home_garden,clothing",382,False
user_006299,27,F,JP,"clothing,automotive,toys",960,False
user_006300,32,F,CA,"electronics,toys,automotive",964,False
user_006301,18,M,US,"books,electronics,clothing",605,True
user_006302,46,M,BR,automotive,1733,False
user_006303,48,F,BR,"electronics,clothing",961,False
user_006304,18,F,CA,"beauty,home_garden,automotive",292,True
user_006305,46,M,MX,jewelry,266,True
user_006306,25,F,BR,beauty,977,False
user_006307,45,M,AU,food,914,False
user_006308,34,Other,IN,books,1077,False
user_006309,35,M,CA,clothing,1078,False
user_006310,32,F,FR,home_garden,1088,False
user_006311,49,F,IN,"automotive,food",1789,False
user_006312,20,M,MX,sports,1581,False
user_006313,42,M,BR,"automotive,sports",115,False
user_006314,48,M,US,"home_garden,books,beauty",308,False
user_006315,43,M,JP,"sports,toys",1460,False
user_006316,62,F,BR,"food,sports,toys",1321,False
user_006317,28,M,JP,"clothing,automotive,toys",1529,False
user_006318,46,M,CA,jewelry,1598,False
user_006319,33,F,AU,"books,clothing,automotive",1533,False
user_006320,49,Other,US,beauty,179,False
user_006321,34,F,JP,"home_garden,food",282,False
user_006322,30,F,MX,automotive,777,False
user_006323,50,F,MX,"sports,food",176,False
user_006324,29,M,UK,"books,jewelry,electronics",48,False
user_006325,18,M,JP,sports,1368,False
user_006326,28,M,UK,toys,660,False
user_006327,42,F,US,"beauty,clothing,sports",1158,False
user_006328,51,F,US,"clothing,electronics",4,False
user_006329,36,F,CA,"beauty,automotive,food",321,False
user_006330,50,M,DE,"sports,toys",1269,False
user_006331,18,M,UK,"home_garden,electronics,beauty",1201,False
user_006332,29,F,CA,"beauty,clothing,books",422,False
user_006333,31,M,JP,beauty,949,False
user_006334,33,M,CA,"food,jewelry",1480,False
user_006335,36,F,AU,toys,1090,False
user_006336,43,F,US,"electronics,home_garden",614,False
user_006337,29,M,BR,"food,clothing,sports",154,False
user_006338,36,F,JP,"books,automotive,electronics",175,False
user_006339,34,F,JP,"jewelry,electronics,food",805,False
user_006340,23,F,CA,"jewelry,food",972,False
user_006341,33,F,DE,"clothing,food,jewelry",594,False
user_006342,33,F,FR,"toys,jewelry",1603,False
user_006343,33,M,FR,home_garden,793,False
user_006344,35,M,BR,"beauty,books,jewelry",1491,False
user_006345,35,M,US,"food,home_garden",972,False
user_006346,29,F,DE,electronics,1071,False
user_006347,50,F,CA,"jewelry,sports,food",1487,False
user_006348,20,M,MX,"clothing,books,toys",1429,False
user_006349,26,M,MX,"home_garden,toys,jewelry",809,False
user_006350,68,F,CA,"beauty,toys",457,False
user_006351,22,M,MX,jewelry,1714,False
user_006352,18,M,JP,"home_garden,electronics",412,False
user_006353,43,F,JP,"clothing,electronics,beauty",531,True
user_006354,18,F,IN,"food,electronics,sports",222,True
user_006355,32,F,FR,"beauty,home_garden,food",1238,False
user_006356,60,F,DE,food,1568,False
user_006357,18,M,BR,"jewelry,automotive",961,False
user_006358,18,F,MX,"beauty,sports",1463,False
user_006359,18,F,MX,"clothing,books",787,False
user_006360,45,F,DE,"clothing,beauty,sports",1684,False
user_006361,48,F,MX,electronics,507,False
user_006362,28,M,MX,"clothing,home_garden,books",400,False
user_006363,43,M,FR,"toys,electronics",890,False
user_006364,51,F,UK,"sports,clothing,beauty",1420,True
user_006365,56,M,AU,"clothing,automotive,sports",130,False
user_006366,32,M,AU,"toys,clothing",689,False
user_006367,18,M,AU,books,741,False
user_006368,25,F,JP,"automotive,beauty,food",400,True
user_006369,29,F,FR,"books,jewelry,automotive",1634,False
user_006370,31,F,IN,automotive,1255,False
user_006371,32,F,MX,"home_garden,beauty",1329,False
user_006372,48,F,CA,"books,toys",1742,False
user_006373,50,F,AU,"toys,sports",70,False
user_006374,32,M,US,automotive,252,False
user_006375,48,F,IN,"electronics,automotive",984,False
user_006376,39,F,AU,"sports,beauty,electronics",1112,True
user_006377,35,F,UK,beauty,4,False
user_006378,45,F,CA,"automotive,toys,food",520,False
user_006379,35,M,IN,jewelry,1662,False
user_006380,59,F,CA,"toys,jewelry,home_garden",796,False
user_006381,18,M,BR,home_garden,907,False
user_006382,28,F,MX,"toys,home_garden,automotive",1763,True
user_006383,33,F,UK,"toys,books,clothing",707,True
user_006384,40,M,IN,food,1815,False
user_006385,50,Other,US,sports,662,False
user_006386,34,M,AU,jewelry,1298,True
user_006387,18,M,BR,"books,toys",1771,False
user_006388,45,M,MX,"toys,books,clothing",997,False
user_006389,44,F,AU,"toys,electronics",1190,True
user_006390,18,F,FR,"clothing,food,sports",797,False
user_006391,34,M,IN,jewelry,1080,False
user_006392,18,F,AU,"sports,automotive",1341,False
user_006393,27,M,MX,"clothing,home_garden",1097,False
user_006394,24,M,JP,"sports,toys",498,False
user_006395,44,M,BR,"books,beauty",977,False
user_006396,36,F,UK,food,291,False
user_006397,19,M,JP,"automotive,food",1669,True
user_006398,45,M,BR,"clothing,automotive,food",1214,False
user_006399,18,F,US,"home_garden,books,automotive",1310,False
user_006400,38,F,AU,beauty,588,False
user_006401,25,M,AU,food,1128,False
user_006402,30,F,UK,beauty,1171,False
user_006403,41,M,BR,"books,sports",212,False
user_006404,41,M,US,jewelry,1587,False
user_006405,51,M,FR,"beauty,home_garden",1796,False
user_006406,34,F,DE,"food,beauty,electronics",1032,False
user_006407,38,F,IN,"clothing,toys,electronics",1002,False
user_006408,29,F,IN,"food,automotive",300,False
user_006409,37,F,JP,"home_garden,food",507,True
user_006410,40,F,IN,"food,home_garden",1485,False
user_006411,33,M,BR,"toys,jewelry",1347,False
user_006412,18,F,US,"automotive,beauty",1620,False
user_006413,38,M,AU,sports,1356,True
user_006414,39,F,US,"books,toys,jewelry",1406,True
user_006415,26,F,DE,"jewelry,home_garden",829,False
user_006416,19,M,JP,"automotive,books",487,True
user_006417,52,M,UK,"sports,clothing,beauty",139,False
user_006418,40,F,BR,"home_garden,automotive",338,False
user_006419,32,F,MX,"beauty,automotive,clothing",1611,False
user_006420,21,M,AU,"food,electronics,sports",1458,False
user_006421,25,F,AU,automotive,401,False
user_006422,50,M,IN,"jewelry,food",445,False
user_006423,36,F,US,"electronics,food",716,True
user_006424,28,M,JP,electronics,919,False
user_006425,41,M,JP,automotive,1122,False
user_006426,25,F,IN,"electronics,books",684,False
user_006427,53,M,MX,"automotive,books,clothing",350,False
user_006428,51,M,FR,food,6,False
user_006429,29,F,IN,"home_garden,electronics",762,False
user_006430,27,F,IN,toys,419,False
user_006431,18,M,DE,"automotive,clothing",408,False
user_006432,18,M,JP,"beauty,toys",973,False
user_006433,18,M,FR,"jewelry,beauty",1506,False
user_006434,36,F,AU,"sports,clothing",1526,False
user_006435,31,M,US,"food,jewelry,books",602,True
user_006436,18,F,US,"automotive,jewelry",1287,False
user_006437,31,M,FR,"beauty,automotive",702,False
user_006438,41,F,US,"beauty,food",1079,True
user_006439,41,F,UK,"clothing,electronics",758,True
user_006440,18,M,JP,"sports,home_garden",29,False
user_006441,33,F,UK,toys,177,False
user_006442,18,M,CA,"toys,jewelry",35,False
user_006443,45,M,CA,"beauty,electronics",688,False
user_006444,44,F,DE,automotive,1283,False
user_006445,24,F,JP,"jewelry,electronics",636,False
user_006446,25,M,AU,"jewelry,home_garden",1514,False
user_006447,29,F,JP,"automotive,electronics,home_garden",433,False
user_006448,18,M,DE,"sports,food",624,False
user_006449,39,F,FR,"clothing,food,electronics",483,False
user_006450,31,M,MX,"books,sports",1292,False
user_006451,46,F,US,"toys,home_garden",1578,True
user_006452,21,M,MX,sports,1455,False
user_006453,27,F,JP,"automotive,jewelry",1016,False
user_006454,18,M,MX,"clothing,sports",772,True
user_006455,22,F,FR,"electronics,automotive",151,False
user_006456,20,F,UK,jewelry,1818,False
user_006457,46,M,US,"automotive,jewelry",471,False
user_006458,26,F,IN,"sports,toys,clothing",197,False
user_006459,36,M,CA,toys,838,False
user_006460,30,M,UK,beauty,318,False
user_006461,19,M,BR,toys,825,False
user_006462,32,F,DE,"toys,books",1612,False
user_006463,42,F,AU,"beauty,food,sports",77,False
user_006464,20,M,FR,"jewelry,automotive,food",1336,False
user_006465,44,F,US,"food,clothing",569,False
user_006466,24,F,CA,sports,918,True
user_006467,29,F,CA,"beauty,electronics",1569,True
user_006468,41,M,AU,toys,1398,False
user_006469,27,F,AU,"books,toys,sports",527,True
user_006470,35,F,BR,"jewelry,clothing,home_garden",1143,True
user_006471,31,M,MX,"automotive,food,toys",388,False
user_006472,36,M,JP,food,667,False
user_006473,18,F,US,"books,food",1444,False
user_006474,18,M,CA,"clothing,sports",7,False
user_006475,42,M,CA,"clothing,home_garden",318,False
user_006476,47,F,DE,"toys,clothing",1674,False
user_006477,24,F,UK,"books,clothing,home_garden",1768,False
user_006478,32,F,AU,"clothing,electronics",560,False
user_006479,38,M,AU,"beauty,books,food",824,False
user_006480,43,F,IN,"electronics,automotive,sports",353,False
user_006481,18,M,JP,"books,food",386,False
user_006482,24,F,FR,books,1001,False
user_006483,31,M,BR,home_garden,325,False
user_006484,43,F,DE,books,920,False
user_006485,64,M,MX,"toys,food,sports",688,False
user_006486,32,F,BR,"clothing,sports,toys",1312,False
user_006487,18,Other,CA,"jewelry,books",550,False
user_006488,39,M,BR,clothing,710,False
user_006489,50,M,CA,"books,toys",1453,False
user_006490,36,M,JP,beauty,900,False
user_006491,24,M,UK,books,813,True
user_006492,46,M,US,"home_garden,clothing,food",700,False
user_006493,42,F,IN,home_garden,454,False
user_006494,22,F,UK,beauty,1049,True
user_006495,39,F,US,"toys,sports",323,False
user_006496,46,M,UK,automotive,1785,False
user_006497,49,M,AU,"automotive,beauty,home_garden",566,False
user_006498,34,M,FR,"home_garden,food,clothing",533,False
user_006499,30,M,JP,"jewelry,clothing",1587,False
user_006500,49,F,AU,"toys,books,home_garden",123,False
user_006501,20,M,DE,books,1659,True
user_006502,40,M,AU,"automotive,books",215,False
user_006503,18,F,FR,"books,toys,clothing",691,True
user_006504,47,M,CA,"books,clothing",68,True
user_006505,31,F,US,"jewelry,food",809,True
user_006506,50,F,MX,"automotive,clothing,electronics",979,False
user_006507,40,F,JP,toys,767,True
user_006508,20,F,IN,"home_garden,toys,clothing",1658,False
user_006509,52,M,BR,clothing,463,False
user_006510,53,F,BR,electronics,170,False
user_006511,45,M,MX,jewelry,21,False
user_006512,25,F,AU,electronics,1732,False
user_006513,31,F,BR,"toys,books,jewelry",15,False
user_006514,36,F,AU,"sports,food,jewelry",1338,False
user_006515,26,M,DE,"automotive,jewelry,books",946,False
user_006516,55,F,DE,beauty,1221,False
user_006517,36,M,BR,books,1374,False
user_006518,18,M,MX,"sports,electronics",1374,False
user_006519,39,F,CA,automotive,1003,False
user_006520,30,F,IN,"sports,home_garden",1100,False
user_006521,34,M,US,"beauty,sports",118,False
user_006522,30,F,FR,"jewelry,books,sports",819,False
user_006523,44,F,AU,"automotive,home_garden,food",1308,False
user_006524,48,F,IN,"electronics,sports,beauty",1010,False
user_006525,38,F,US,food,1264,False
user_006526,30,F,UK,"home_garden,clothing,food",1291,False
user_006527,34,Other,IN,beauty,5,False
user_006528,35,M,AU,home_garden,1379,False
user_006529,25,M,UK,"sports,electronics",640,False
user_006530,41,F,FR,jewelry,670,False
user_006531,40,F,JP,"books,jewelry",112,False
user_006532,53,Other,CA,clothing,268,False
user_006533,50,M,UK,"home_garden,jewelry",600,True
user_006534,26,M,BR,"books,home_garden,clothing",176,False
user_006535,44,F,CA,jewelry,649,False
user_006536,23,F,MX,"sports,electronics,beauty",1364,False
user_006537,43,M,US,"electronics,automotive",12,False
user_006538,28,F,FR,"toys,food",1306,False
user_006539,22,F,UK,"home_garden,beauty",967,False
user_006540,38,M,UK,beauty,492,False
user_006541,18,F,IN,books,1605,False
user_006542,18,M,AU,"clothing,electronics",1521,False
user_006543,32,F,FR,sports,751,False
user_006544,35,M,CA,"food,sports",1188,True
user_006545,30,M,DE,"clothing,food",264,False
user_006546,18,M,UK,"jewelry,food,beauty",647,False
user_006547,25,M,IN,"jewelry,automotive,clothing",1766,False
user_006548,39,F,UK,"clothing,beauty",192,True
user_006549,41,M,CA,sports,1438,False
user_006550,34,Other,BR,"beauty,sports",445,True
user_006551,48,F,BR,"home_garden,food,clothing",1724,False
user_006552,39,F,JP,"clothing,electronics",1223,False
user_006553,26,M,US,"electronics,automotive",394,False
user_006554,31,F,JP,clothing,1809,False
user_006555,18,M,US,"electronics,toys",233,True
user_006556,33,M,FR,food,1756,True
user_006557,48,M,FR,"clothing,food,books",652,False
user_006558,43,M,US,"beauty,toys",131,False
user_006559,51,F,US,"beauty,sports,books",1454,False
user_006560,31,F,UK,"automotive,books",252,False
user_006561,51,F,DE,"home_garden,sports",621,False
user_006562,32,F,BR,"clothing,jewelry,sports",650,False
user_006563,52,M,IN,"toys,jewelry,books",299,True
user_006564,34,F,CA,toys,259,False
user_006565,43,F,CA,toys,820,True
user_006566,52,F,AU,"jewelry,beauty,clothing",1257,True
user_006567,32,M,UK,"toys,jewelry",1732,False
user_006568,37,M,FR,"toys,sports",202,False
user_006569,50,M,US,"jewelry,beauty",1596,False
user_006570,33,F,FR,"clothing,jewelry",975,False
user_006571,19,F,FR,"clothing,home_garden,sports",1296,True
user_006572,60,F,IN,"electronics,food,jewelry",878,False
user_006573,29,M,IN,"beauty,food,toys",1640,False
user_006574,36,M,AU,electronics,1299,False
user_006575,48,M,BR,"sports,food",493,False
user_006576,27,M,MX,"home_garden,beauty,food",979,True
user_006577,22,M,AU,"toys,automotive,beauty",1714,False
user_006578,38,M,US,"food,beauty,electronics",1629,False
user_006579,18,F,UK,"electronics,clothing",1062,False
user_006580,31,M,US,"automotive,food",1511,False
user_006581,37,M,AU,jewelry,67,False
user_006582,31,F,IN,"jewelry,books",547,False
user_006583,18,M,US,toys,813,False
user_006584,54,M,UK,"jewelry,books,sports",186,False
user_006585,36,M,BR,"electronics,toys",1051,False
user_006586,52,M,FR,"electronics,automotive,jewelry",183,False
user_006587,31,M,MX,clothing,681,False
user_006588,24,M,UK,"books,jewelry,home_garden",380,False
user_006589,38,M,FR,"food,books",1064,False
user_006590,32,M,BR,"clothing,toys",1433,True
user_006591,20,M,DE,"clothing,home_garden",1018,False
user_006592,52,M,BR,"home_garden,books",477,False
user_006593,27,F,CA,"books,clothing",1480,False
user_006594,18,M,FR,"sports,books,electronics",986,False
user_006595,50,M,MX,"automotive,food",589,True
user_006596,28,Other,DE,beauty,1359,False
user_006597,27,F,MX,"home_garden,electronics",746,False
user_006598,18,F,MX,"automotive,food,jewelry",459,False
user_006599,55,M,AU,"books,food,home_garden",930,True
user_006600,19,M,DE,"clothing,toys,jewelry",175,False
user_006601,35,F,UK,clothing,491,False
user_006602,45,M,AU,clothing,385,False
user_006603,40,M,MX,"electronics,books,sports",572,False
user_006604,34,M,DE,"clothing,books",372,False
user_006605,18,F,FR,electronics,1073,False
user_006606,25,M,UK,"food,electronics,sports",510,False
user_006607,37,F,FR,"beauty,automotive,food",983,False
user_006608,25,F,UK,home_garden,869,False
user_006609,37,M,US,"automotive,books,jewelry",1057,True
user_006610,43,M,MX,"home_garden,food,clothing",475,True
user_006611,46,M,MX,"automotive,sports",1116,False
user_006612,20,M,BR,automotive,1307,False
user_006613,61,M,FR,"food,home_garden,clothing",913,True
user_006614,44,M,CA,"jewelry,sports",1726,False
user_006615,34,F,US,"electronics,food",32,False
user_006616,48,M,IN,beauty,1063,True
user_006617,63,F,UK,sports,1367,True
user_006618,18,F,FR,"electronics,automotive,books",1060,False
user_006619,32,F,IN,books,575,False
user_006620,18,F,AU,"automotive,books,beauty",449,False
user_006621,37,M,FR,"toys,sports",444,False
user_006622,39,M,BR,"electronics,toys",125,False
user_006623,34,M,MX,"toys,home_garden,automotive",1616,False
user_006624,27,Other,MX,"toys,clothing,automotive",681,False
user_006625,18,F,BR,electronics,421,False
user_006626,39,F,FR,sports,999,False
user_006627,52,M,FR,food,995,False
user_006628,27,M,IN,"home_garden,electronics,toys",1190,True
user_006629,40,M,AU,electronics,1060,True
user_006630,18,M,CA,"books,clothing",920,False
user_006631,40,M,CA,"books,sports",980,False
user_006632,30,F,AU,"beauty,electronics",1710,True
user_006633,25,F,FR,"jewelry,electronics,beauty",788,False
user_006634,25,M,BR,"jewelry,clothing",326,False
user_006635,30,F,MX,"electronics,beauty,food",47,False
user_006636,39,F,IN,"beauty,electronics",203,False
user_006637,19,M,JP,"automotive,sports",669,False
user_006638,30,F,BR,"automotive,clothing",540,False
user_006639,34,Other,CA,electronics,114,False
user_006640,21,F,AU,"beauty,clothing,jewelry",860,False
user_006641,56,M,JP,"electronics,books",1323,False
user_006642,24,M,US,"jewelry,home_garden",147,False
user_006643,26,F,AU,"clothing,sports",1511,False
user_006644,23,F,US,toys,1170,True
user_006645,56,M,IN,"sports,toys",528,True
user_006646,41,M,CA,electronics,77,True
user_006647,23,M,BR,"toys,sports,beauty",789,False
user_006648,48,F,IN,sports,1659,False
user_006649,37,M,CA,beauty,1130,False
user_006650,38,M,DE,sports,648,False
user_006651,30,Other,IN,clothing,81,False
user_006652,26,Other,UK,"beauty,clothing,automotive",350,False
user_006653,39,M,AU,toys,123,False
user_006654,28,F,MX,beauty,47,False
user_006655,56,F,BR,beauty,1778,False
user_006656,19,M,JP,food,1401,False
user_006657,53,F,UK,"toys,home_garden",1282,True
user_006658,33,F,UK,books,1196,False
user_006659,38,M,JP,"electronics,books",205,False
user_006660,44,M,JP,"sports,jewelry",580,False
user_006661,27,F,UK,"automotive,books,sports",1361,False
user_006662,45,F,UK,automotive,1776,True
user_006663,18,F,CA,food,1528,False
user_006664,26,F,BR,"food,books",1533,False
user_006665,23,Other,MX,"clothing,sports,automotive",627,True
user_006666,19,F,JP,jewelry,696,False
user_006667,32,F,MX,"sports,toys,home_garden",317,False
user_006668,39,F,US,"automotive,jewelry",1319,False
user_006669,43,M,BR,food,857,False
user_006670,37,F,AU,"food,home_garden,jewelry",509,False
user_006671,27,M,UK,beauty,1752,False
user_006672,39,M,IN,toys,1171,False
user_006673,36,M,JP,"toys,food",1544,True
user_006674,46,F,DE,"clothing,jewelry,home_garden",780,False
user_006675,44,F,MX,beauty,432,True
user_006676,35,F,US,"jewelry,food",1088,False
user_006677,24,F,US,"food,beauty",1287,False
user_006678,27,F,CA,"toys,home_garden,jewelry",1753,False
user_006679,28,F,UK,"food,jewelry",557,True
user_006680,31,M,AU,"food,electronics",1536,True
user_006681,38,M,CA,beauty,525,False
user_006682,43,F,IN,jewelry,657,False
user_006683,34,M,FR,"books,beauty",1005,False
user_006684,35,M,AU,"automotive,sports",1454,False
user_006685,36,M,AU,"toys,jewelry",1413,False
user_006686,28,F,AU,electronics,55,False
user_006687,23,F,DE,"home_garden,electronics",964,False
user_006688,18,F,DE,"books,automotive",973,False
user_006689,26,F,IN,"automotive,jewelry",1191,False
user_006690,40,F,US,toys,481,False
user_006691,26,M,DE,"jewelry,automotive",1594,False
user_006692,32,F,MX,"sports,jewelry,books",1688,False
user_006693,40,M,BR,"home_garden,beauty",1236,False
user_006694,41,M,BR,toys,1016,False
user_006695,22,M,BR,"automotive,sports",218,False
user_006696,46,F,JP,"jewelry,clothing",396,False
user_006697,48,M,BR,"jewelry,beauty",1645,False
user_006698,21,M,MX,"books,beauty,electronics",152,False
user_006699,25,F,IN,"food,automotive,electronics",291,False
user_006700,49,F,FR,"electronics,jewelry",442,False
user_006701,33,M,BR,"sports,electronics,books",614,False
user_006702,18,F,CA,"jewelry,books",1277,False
user_006703,18,F,AU,"electronics,clothing,toys",1251,False
user_006704,32,F,CA,books,862,False
user_006705,21,M,UK,home_garden,1111,False
user_006706,30,M,AU,"jewelry,clothing",1209,False
user_006707,35,M,FR,books,1693,False
user_006708,52,Other,JP,"electronics,beauty,toys",1324,False
user_006709,31,F,CA,home_garden,1694,False
user_006710,47,F,CA,"home_garden,food,beauty",1816,False
user_006711,52,M,BR,"sports,toys,home_garden",495,False
user_006712,52,M,DE,"beauty,electronics,home_garden",1791,False
user_006713,38,Other,MX,clothing,419,False
user_006714,18,M,AU,"books,beauty",722,False
user_006715,40,M,CA,"food,books",1384,False
user_006716,47,M,IN,"home_garden,food,books",1472,False
user_006717,34,F,UK,"food,home_garden,sports",1642,False
user_006718,55,F,BR,"toys,food,books",527,False
user_006719,45,M,BR,"toys,clothing,electronics",778,False
user_006720,41,M,MX,jewelry,1627,False
user_006721,48,M,AU,sports,996,False
user_006722,39,M,US,"automotive,electronics,books",541,True
user_006723,18,F,MX,food,142,True
user_006724,29,M,DE,"home_garden,jewelry",865,False
user_006725,49,M,AU,"clothing,sports,toys",651,True
user_006726,25,F,UK,"home_garden,beauty,jewelry",63,False
user_006727,32,M,BR,"beauty,automotive,sports",1728,False
user_006728,22,M,US,home_garden,1483,False
user_006729,56,M,FR,food,189,False
user_006730,55,F,BR,"beauty,toys",478,True
user_006731,24,M,FR,food,484,False
user_006732,36,F,US,"electronics,clothing",201,False
user_006733,26,M,UK,"jewelry,books",1694,False
user_006734,42,F,CA,"jewelry,books,automotive",32,False
user_006735,41,F,AU,"clothing,home_garden",553,False
user_006736,44,M,AU,"toys,jewelry,electronics",1752,True
user_006737,38,F,US,"home_garden,beauty",1710,False
user_006738,70,F,US,"clothing,jewelry",1611,True
user_006739,22,M,AU,"beauty,electronics",1529,False
user_006740,18,F,AU,clothing,1252,False
user_006741,30,F,MX,"toys,electronics,books",1599,False
user_006742,18,F,JP,"sports,food,automotive",102,False
user_006743,18,M,AU,"automotive,beauty",968,False
user_006744,22,M,CA,"books,jewelry",1551,True
user_006745,23,F,BR,"sports,automotive,toys",692,False
user_006746,23,M,BR,automotive,224,False
user_006747,41,F,UK,"automotive,jewelry",784,True
user_006748,28,F,AU,"electronics,clothing,food",726,False
user_006749,32,M,BR,automotive,1512,False
user_006750,45,M,CA,"electronics,sports",188,False
user_006751,25,F,JP,"books,sports",1012,False
user_006752,31,F,AU,automotive,1737,True
user_006753,39,M,IN,"clothing,home_garden",1348,False
user_006754,18,F,MX,toys,910,True
user_006755,18,M,MX,sports,1363,False
user_006756,39,M,JP,"books,electronics",1351,False
user_006757,40,M,UK,"electronics,jewelry",543,False
user_006758,59,M,FR,"jewelry,food",1221,False
user_006759,36,F,US,"toys,jewelry",641,False
user_006760,44,M,BR,"clothing,beauty",886,True
user_006761,32,F,IN,"food,beauty,clothing",1804,True
user_006762,38,M,IN,"food,automotive",582,False
user_006763,55,M,JP,"food,toys",990,False
user_006764,18,M,DE,toys,1410,True
user_006765,39,M,UK,"books,jewelry,home_garden",531,False
user_006766,60,M,BR,"jewelry,books,clothing",362,False
user_006767,38,M,BR,"food,automotive,home_garden",575,False
user_006768,54,F,UK,automotive,350,False
user_006769,27,F,CA,beauty,1656,False
user_006770,34,Other,IN,"toys,automotive",60,True
user_006771,35,F,US,"books,beauty,toys",1090,False
user_006772,18,F,IN,electronics,79,True
user_006773,20,F,DE,"electronics,clothing",1470,True
user_006774,21,M,AU,"toys,home_garden,food",691,False
user_006775,44,M,JP,"clothing,beauty,jewelry",1543,True
user_006776,45,F,AU,"toys,books,jewelry",1110,False
user_006777,38,M,AU,"home_garden,toys,electronics",499,False
user_006778,44,M,DE,"automotive,food",1658,True
user_006779,33,M,CA,books,737,True
user_006780,49,M,BR,"electronics,toys,sports",1146,False
user_006781,35,F,UK,"home_garden,automotive",1674,False
user_006782,35,F,US,sports,105,False
user_006783,31,F,IN,"toys,beauty",589,False
user_006784,43,M,US,jewelry,1550,True
user_006785,29,F,AU,"electronics,home_garden",1714,False
user_006786,46,F,BR,"electronics,automotive",1818,True
user_006787,21,M,MX,"jewelry,home_garden",1632,True
user_006788,21,F,AU,"food,electronics",1532,False
user_006789,43,M,US,electronics,260,False
user_006790,33,F,JP,"jewelry,electronics,books",539,False
user_006791,29,F,US,electronics,657,False
user_006792,45,F,IN,clothing,672,False
user_006793,27,M,IN,"sports,food",1041,False
user_006794,32,M,JP,"sports,books,food",328,False
user_006795,51,M,AU,"beauty,electronics,food",459,False
user_006796,53,M,AU,"books,automotive",1725,False
user_006797,53,M,DE,clothing,518,False
user_006798,31,F,BR,food,1378,False
user_006799,49,M,MX,"electronics,beauty",1529,False
user_006800,23,M,UK,"sports,clothing,electronics",1683,False
user_006801,24,Other,US,electronics,1009,False
user_006802,18,F,AU,sports,139,False
user_006803,55,F,DE,"jewelry,home_garden,automotive",969,False
user_006804,24,M,IN,"books,toys,sports",954,False
user_006805,33,F,DE,electronics,1382,False
user_006806,24,M,US,jewelry,752,False
user_006807,43,M,CA,"electronics,food",1699,False
user_006808,30,M,MX,home_garden,1732,False
user_006809,19,F,IN,books,1668,True
user_006810,40,M,CA,toys,1782,False
user_006811,18,M,FR,"home_garden,toys",173,False
user_006812,24,F,IN,"beauty,sports,jewelry",1558,True
user_006813,18,F,UK,automotive,602,False
user_006814,18,F,MX,clothing,1128,False
user_006815,37,Other,US,"home_garden,jewelry",264,False
user_006816,18,M,FR,"books,home_garden",1417,False
user_006817,18,M,DE,"home_garden,clothing,toys",665,True
user_006818,34,M,US,"books,food,electronics",1594,False
user_006819,28,F,BR,"toys,jewelry,automotive",83,False
user_006820,58,F,BR,"books,toys,electronics",645,False
user_006821,57,M,IN,"jewelry,toys,automotive",60,False
user_006822,24,M,IN,"home_garden,automotive",1587,False
user_006823,41,M,US,home_garden,1156,False
user_006824,43,F,MX,jewelry,1111,False
user_006825,27,F,BR,"food,electronics",742,True
user_006826,18,M,IN,"toys,books,clothing",1353,False
user_006827,34,M,DE,"toys,home_garden,jewelry",1036,False
user_006828,32,F,MX,toys,794,True
user_006829,29,F,IN,"toys,automotive",130,False
user_006830,40,F,CA,food,1489,False
user_006831,25,F,JP,"books,automotive",661,False
user_006832,21,F,UK,toys,1388,False
user_006833,36,F,UK,books,1364,False
user_006834,39,M,UK,"jewelry,food",85,False
user_006835,20,F,AU,"home_garden,sports,electronics",1813,False
user_006836,46,F,US,"automotive,food",1680,False
user_006837,18,M,JP,"automotive,home_garden",1631,False
user_006838,28,M,DE,"food,books",205,False
user_006839,31,F,JP,"automotive,electronics,toys",610,True
user_006840,27,M,US,"jewelry,food,sports",1088,False
user_006841,28,F,AU,"electronics,home_garden,food",1446,False
user_006842,57,M,JP,food,1506,False
user_006843,24,M,UK,"automotive,food,electronics",684,False
user_006844,64,F,UK,"food,automotive",482,False
user_006845,40,M,DE,"home_garden,clothing",245,False
user_006846,36,M,MX,"beauty,toys,books",1234,False
user_006847,40,F,BR,"sports,home_garden,automotive",1116,False
user_006848,65,M,MX,electronics,979,False
user_006849,23,F,US,electronics,903,False
user_006850,21,F,AU,"toys,sports,electronics",906,False
user_006851,25,M,MX,"toys,books",1430,False
user_006852,35,F,AU,"beauty,toys,jewelry",704,False
user_006853,18,M,JP,"books,sports",824,False
user_006854,35,M,JP,"books,electronics,food",968,False
user_006855,55,F,UK,toys,644,False
user_006856,36,F,BR,"clothing,home_garden",1469,False
user_006857,31,M,IN,automotive,1077,False
user_006858,27,M,FR,jewelry,1709,False
user_006859,45,M,CA,"automotive,toys,books",867,False
user_006860,25,F,UK,"toys,books,jewelry",124,False
user_006861,57,M,IN,"beauty,food",107,False
user_006862,58,F,UK,"home_garden,food",1446,False
user_006863,38,F,AU,"books,toys,jewelry",9,False
user_006864,34,F,DE,electronics,1684,False
user_006865,47,F,JP,"toys,electronics",155,False
user_006866,48,F,UK,jewelry,14,True
user_006867,25,M,MX,toys,1788,False
user_006868,28,M,UK,"sports,home_garden",972,False
user_006869,19,F,BR,"toys,books",1490,False
user_006870,39,M,DE,"books,electronics,beauty",697,False
user_006871,42,F,FR,"jewelry,automotive,food",116,False
user_006872,18,M,JP,books,765,False
user_006873,29,M,BR,"jewelry,clothing",122,False
user_006874,18,F,UK,"toys,clothing,automotive",438,False
user_006875,24,M,US,"electronics,books",834,False
user_006876,41,Other,CA,food,503,False
user_006877,26,M,JP,"sports,toys,beauty",1380,False
user_006878,31,Other,CA,"electronics,beauty",1023,False
user_006879,18,Other,US,"sports,clothing,automotive",322,False
user_006880,37,F,IN,"jewelry,beauty,home_garden",1101,False
user_006881,34,F,AU,"beauty,automotive",1155,False
user_006882,26,M,UK,electronics,1379,False
user_006883,32,F,DE,"books,automotive",1563,False
user_006884,37,F,CA,toys,1493,False
user_006885,25,M,CA,"home_garden,books,food",604,False
user_006886,18,F,DE,"home_garden,jewelry",1215,False
user_006887,56,M,BR,"food,automotive",1420,False
user_006888,27,Other,BR,"electronics,sports",931,True
user_006889,33,M,IN,"toys,sports,food",433,False
user_006890,47,M,UK,"clothing,electronics",45,True
user_006891,77,M,DE,"food,automotive,sports",1257,False
user_006892,20,M,CA,"jewelry,home_garden,clothing",269,True
user_006893,40,F,MX,"books,toys,beauty",963,False
user_006894,26,M,MX,books,147,True
user_006895,28,M,IN,"beauty,food,clothing",1523,False
user_006896,26,M,UK,"beauty,toys",1333,True
user_006897,21,M,CA,sports,564,True
user_006898,34,F,JP,"electronics,automotive",1748,False
user_006899,18,F,MX,home_garden,1329,False
user_006900,46,F,CA,"food,automotive",1755,False
user_006901,35,M,UK,food,320,False
user_006902,40,F,DE,clothing,806,False
user_006903,29,Other,IN,clothing,162,False
user_006904,30,F,FR,"food,automotive",1572,False
user_006905,38,M,US,"electronics,food",910,True
user_006906,21,F,JP,"electronics,toys",1370,False
user_006907,30,F,FR,"toys,books",267,False
user_006908,24,F,BR,"books,electronics",1242,False
user_006909,24,F,MX,"food,electronics",1621,False
user_006910,18,F,AU,"home_garden,food,automotive",334,False
user_006911,51,M,UK,"home_garden,toys,jewelry",1661,False
user_006912,26,M,MX,"sports,jewelry",1117,False
user_006913,48,F,JP,"beauty,food,books",1656,True
user_006914,47,F,AU,"electronics,clothing,toys",215,False
user_006915,19,F,CA,"jewelry,beauty,books",915,False
user_006916,21,F,FR,"food,clothing,beauty",396,False
user_006917,65,F,FR,food,146,False
user_006918,56,F,AU,sports,785,False
user_006919,34,M,US,"toys,clothing,food",292,True
user_006920,38,F,DE,electronics,1022,False
user_006921,27,F,IN,"jewelry,beauty",1373,False
user_006922,40,M,DE,"electronics,jewelry",667,False
user_006923,26,M,US,"electronics,toys,home_garden",678,False
user_006924,18,M,IN,"toys,home_garden",958,False
user_006925,19,F,JP,"books,food,sports",1587,False
user_006926,35,M,UK,"automotive,food",158,False
user_006927,21,F,FR,"books,sports",1104,False
user_006928,34,M,FR,"electronics,food,beauty",1501,True
user_006929,22,F,UK,"sports,jewelry,automotive",1216,False
user_006930,25,Other,MX,"sports,beauty",1556,False
user_006931,45,F,IN,"books,sports",570,True
user_006932,37,F,UK,"books,food,automotive",1729,False
user_006933,34,F,US,toys,1326,False
user_006934,45,M,UK,"clothing,automotive",1324,False
user_006935,40,M,IN,home_garden,890,False
user_006936,52,M,UK,food,561,False
user_006937,29,F,UK,"beauty,toys,automotive",1269,False
user_006938,29,F,UK,"food,toys",1475,False
user_006939,19,Other,UK,"sports,home_garden,jewelry",3,False
user_006940,29,M,CA,"beauty,jewelry",946,False
user_006941,46,F,DE,"toys,beauty,food",1205,False
user_006942,50,F,AU,"sports,clothing",6,False
user_006943,46,F,DE,"jewelry,electronics",495,False
user_006944,18,M,BR,"sports,toys,books",1304,True
user_006945,47,F,AU,"clothing,toys",452,False
user_006946,18,M,CA,"home_garden,electronics",338,False
user_006947,45,F,UK,food,1301,False
user_006948,30,M,MX,"books,home_garden",1645,False
user_006949,43,F,BR,beauty,229,False
user_006950,19,M,JP,toys,1237,True
user_006951,49,M,US,"food,electronics",552,True
user_006952,18,M,JP,"jewelry,food",1382,False
user_006953,26,M,MX,"jewelry,sports,toys",1274,False
user_006954,23,M,MX,automotive,861,False
user_006955,18,F,IN,books,449,True
user_006956,36,F,BR,"food,automotive,sports",1740,False
user_006957,56,F,BR,"automotive,books,sports",714,False
user_006958,67,Other,BR,"toys,automotive,jewelry",520,False
user_006959,36,M,US,home_garden,1168,False
user_006960,48,M,AU,beauty,1210,False
user_006961,37,F,FR,clothing,1745,False
user_006962,40,M,DE,toys,1489,False
user_006963,30,M,IN,beauty,136,False
user_006964,37,F,JP,"books,automotive,jewelry",632,False
user_006965,41,M,AU,"clothing,home_garden,food",115,False
user_006966,28,M,MX,"books,home_garden,clothing",837,False
user_006967,34,F,UK,"automotive,clothing",1807,False
user_006968,34,F,UK,"clothing,beauty,jewelry",1453,False
user_006969,44,F,MX,"electronics,jewelry,sports",99,False
user_006970,22,M,AU,"sports,jewelry,automotive",1398,False
user_006971,34,M,FR,beauty,1263,False
user_006972,57,F,UK,food,1773,False
user_006973,48,Other,DE,jewelry,889,False
user_006974,51,F,JP,"jewelry,electronics,automotive",1389,True
user_006975,35,F,CA,"automotive,clothing",632,False
user_006976,38,M,BR,"toys,jewelry",1555,False
user_006977,47,M,US,jewelry,839,False
user_006978,53,Other,AU,"electronics,automotive",1517,False
user_006979,18,M,US,"automotive,books",523,False
user_006980,19,F,DE,"food,beauty",584,False
user_006981,50,M,UK,home_garden,749,True
user_006982,31,M,IN,"toys,clothing,food",1247,False
user_006983,26,F,BR,sports,859,False
user_006984,19,M,AU,jewelry,1770,False
user_006985,28,Other,UK,books,1227,False
user_006986,18,M,JP,electronics,476,False
user_006987,60,F,BR,"books,jewelry,food",1429,False
user_006988,34,M,CA,automotive,1742,False
user_006989,34,M,AU,"automotive,books",1519,False
user_006990,42,M,DE,sports,188,False
user_006991,46,M,AU,"electronics,clothing,automotive",978,False
user_006992,46,F,UK,"clothing,beauty",432,False
user_006993,47,M,FR,"beauty,home_garden",964,False
user_006994,27,M,AU,"home_garden,food,jewelry",342,False
user_006995,31,M,FR,home_garden,515,False
user_006996,44,F,BR,home_garden,1622,False
user_006997,28,M,US,"beauty,toys",1006,False
user_006998,34,M,JP,beauty,1453,False
user_006999,39,Other,CA,"beauty,jewelry,electronics",1602,False
user_007000,44,F,IN,"sports,electronics,food",327,False
user_007001,18,F,IN,beauty,903,False
user_007002,43,F,DE,"home_garden,food,electronics",1291,False
user_007003,32,M,US,"food,home_garden,toys",753,False
user_007004,43,M,FR,books,1448,False
user_007005,44,F,UK,"food,beauty",173,False
user_007006,54,F,FR,food,1712,False
user_007007,51,F,BR,sports,977,False
user_007008,51,F,JP,"automotive,jewelry",434,False
user_007009,52,Other,MX,home_garden,1204,False
user_007010,38,M,AU,automotive,509,False
user_007011,35,F,DE,"jewelry,automotive,clothing",1341,False
user_007012,45,M,AU,jewelry,928,False
user_007013,43,F,JP,"home_garden,food",553,False
user_007014,31,F,JP,"clothing,books",317,False
user_007015,39,F,FR,electronics,1608,False
user_007016,34,F,DE,"sports,jewelry",1205,False
user_007017,24,F,BR,"toys,clothing,home_garden",154,False
user_007018,50,F,FR,"electronics,toys",1240,False
user_007019,35,F,IN,"clothing,electronics",409,False
user_007020,59,M,JP,jewelry,299,False
user_007021,18,F,BR,"toys,electronics,sports",1039,False
user_007022,28,M,FR,"clothing,electronics",1299,True
user_007023,35,F,JP,"jewelry,beauty",361,False
user_007024,48,M,CA,jewelry,151,True
user_007025,39,F,MX,"books,automotive",1193,False
user_007026,38,F,IN,automotive,786,False
user_007027,21,M,CA,"clothing,jewelry,electronics",1221,False
user_007028,21,M,JP,toys,1048,True
user_007029,38,M,CA,"beauty,automotive,sports",429,False
user_007030,18,F,DE,"books,clothing",884,False
user_007031,28,M,IN,"food,jewelry,toys",1601,False
user_007032,41,M,IN,jewelry,113,False
user_007033,23,F,FR,automotive,96,False
user_007034,54,M,JP,"jewelry,food",1050,False
user_007035,49,F,IN,"books,clothing",1555,False
user_007036,18,F,BR,automotive,572,False
user_007037,23,M,JP,"clothing,home_garden,jewelry",731,False
user_007038,18,M,US,"sports,toys",269,False
user_007039,25,M,IN,books,233,False
user_007040,44,M,FR,sports,1780,True
user_007041,30,F,UK,"automotive,jewelry",1092,False
user_007042,40,M,US,electronics,1756,False
user_007043,18,F,DE,"beauty,books",1796,False
user_007044,44,F,FR,"jewelry,clothing,electronics",199,False
user_007045,28,M,DE,clothing,1552,False
user_007046,35,F,DE,toys,320,False
user_007047,33,F,US,"electronics,clothing,home_garden",362,True
user_007048,19,M,CA,"automotive,clothing,sports",795,False
user_007049,21,F,US,home_garden,954,False
user_007050,46,F,CA,"books,electronics",747,True
user_007051,39,M,FR,"jewelry,automotive,electronics",1413,False
user_007052,47,Other,AU,"home_garden,jewelry",56,True
user_007053,38,M,UK,"books,toys",74,False
user_007054,36,F,US,"sports,toys,clothing",1800,False
user_007055,18,M,DE,"clothing,beauty,jewelry",61,False
user_007056,31,F,MX,"home_garden,electronics",1710,False
user_007057,34,Other,BR,sports,634,True
user_007058,58,F,JP,beauty,850,False
user_007059,43,M,JP,jewelry,462,False
user_007060,53,M,MX,"beauty,food,sports",208,False
user_007061,42,F,CA,"electronics,jewelry,automotive",209,False
user_007062,26,M,CA,"toys,food,beauty",882,False
user_007063,36,M,US,"clothing,sports,toys",462,False
user_007064,37,M,CA,"beauty,jewelry,sports",1317,False
user_007065,23,M,MX,automotive,44,True
user_007066,30,M,AU,electronics,216,False
user_007067,32,F,MX,"jewelry,electronics,toys",230,False
user_007068,54,Other,UK,"electronics,food",1522,False
user_007069,18,F,BR,toys,970,False
user_007070,49,M,JP,sports,1327,False
user_007071,23,F,CA,automotive,402,False
user_007072,18,F,IN,"toys,beauty,jewelry",1704,False
user_007073,49,M,US,"books,electronics",527,False
user_007074,43,F,JP,"food,clothing,electronics",1604,False
user_007075,50,F,CA,sports,182,False
user_007076,44,M,MX,food,897,False
user_007077,59,F,AU,"home_garden,clothing",1189,False
user_007078,41,Other,US,automotive,298,False
user_007079,33,F,AU,toys,625,False
user_007080,39,M,BR,"toys,sports",1409,True
user_007081,49,F,US,"home_garden,toys",1605,False
user_007082,25,M,IN,"automotive,books,sports",239,False
user_007083,27,M,FR,"sports,food",857,True
user_007084,31,M,JP,"clothing,food",27,False
user_007085,18,M,FR,"books,beauty",1354,False
user_007086,36,F,BR,sports,863,False
user_007087,18,M,MX,automotive,710,False
user_007088,35,M,US,food,198,False
user_007089,45,M,IN,"jewelry,electronics",550,False
user_007090,29,F,FR,"clothing,food,home_garden",1547,False
user_007091,55,F,IN,"toys,clothing,electronics",336,False
user_007092,18,F,DE,"beauty,toys",1664,True
user_007093,49,M,JP,"sports,toys",1714,False
user_007094,43,M,AU,"toys,sports",784,False
user_007095,18,M,AU,automotive,119,False
user_007096,67,M,MX,sports,1189,False
user_007097,34,F,MX,"food,electronics",1811,False
user_007098,24,M,AU,"clothing,electronics",1288,False
user_007099,18,M,DE,sports,661,False
user_007100,32,M,IN,electronics,1560,False
user_007101,33,F,MX,"clothing,automotive,jewelry",1622,False
user_007102,36,M,FR,beauty,1658,False
user_007103,31,M,JP,beauty,1002,False
user_007104,42,M,US,automotive,465,False
user_007105,30,F,BR,"sports,electronics,clothing",951,False
user_007106,18,F,AU,"books,clothing,automotive",27,False
user_007107,33,M,MX,jewelry,725,False
user_007108,18,F,CA,"sports,beauty",51,False
user_007109,39,F,JP,"clothing,sports,home_garden",965,False
user_007110,23,F,AU,"sports,home_garden,clothing",1526,False
user_007111,36,F,MX,"food,toys",946,False
user_007112,50,M,BR,"toys,books,jewelry",448,False
user_007113,23,F,FR,"home_garden,food",1386,False
user_007114,47,M,AU,"clothing,electronics,beauty",1400,False
user_007115,29,M,FR,sports,632,False
user_007116,56,F,FR,"toys,automotive",308,False
user_007117,30,F,JP,"food,toys,clothing",69,False
user_007118,24,F,DE,"clothing,jewelry,food",1395,False
user_007119,43,F,BR,toys,513,False
user_007120,29,M,US,food,138,False
user_007121,24,Other,FR,automotive,589,True
user_007122,29,F,IN,"food,clothing",293,False
user_007123,34,F,CA,clothing,945,False
user_007124,51,M,CA,electronics,945,False
user_007125,18,M,CA,beauty,1690,False
user_007126,35,M,FR,"toys,sports",132,False
user_007127,42,M,DE,"automotive,jewelry",829,False
user_007128,37,F,IN,"electronics,jewelry",1819,False
user_007129,50,M,UK,automotive,611,False
user_007130,34,F,UK,"food,automotive",829,False
user_007131,32,F,US,"electronics,automotive",1823,False
user_007132,42,F,US,"clothing,automotive",1539,False
user_007133,36,M,JP,sports,1652,False
user_007134,30,M,FR,"automotive,books,toys",538,False
user_007135,41,M,JP,automotive,1710,False
user_007136,27,F,IN,"jewelry,home_garden",175,False
user_007137,27,F,FR,books,1066,False
user_007138,28,M,FR,sports,7,False
user_007139,51,F,UK,"automotive,home_garden,sports",823,False
user_007140,18,F,FR,"sports,books",1149,False
user_007141,39,M,FR,"automotive,clothing",1492,False
user_007142,35,F,IN,books,212,False
user_007143,18,F,DE,"beauty,home_garden",748,False
user_007144,38,M,JP,"home_garden,electronics,books",997,True
user_007145,40,M,CA,home_garden,149,False
user_007146,42,M,DE,"automotive,food",1047,False
user_007147,18,M,CA,"electronics,food,books",1087,False
user_007148,51,F,FR,beauty,1204,True
user_007149,26,M,IN,"automotive,clothing",1371,False
user_007150,43,F,MX,"home_garden,automotive,beauty",458,False
user_007151,43,F,DE,automotive,1613,False
user_007152,24,F,FR,"clothing,sports,toys",1216,False
user_007153,42,F,FR,"jewelry,automotive",1590,False
user_007154,30,F,JP,"books,sports",204,False
user_007155,18,M,DE,beauty,474,False
user_007156,49,M,MX,"toys,food,electronics",573,False
user_007157,25,M,UK,clothing,1739,False
user_007158,24,M,UK,sports,1817,False
user_007159,30,M,JP,automotive,263,False
user_007160,38,M,DE,"sports,automotive",439,False
user_007161,34,M,FR,"automotive,toys,clothing",1645,False
user_007162,41,M,JP,"food,toys",1553,False
user_007163,18,M,MX,"beauty,clothing,home_garden",1761,False
user_007164,26,M,JP,"beauty,food",1216,False
user_007165,33,F,FR,"home_garden,toys,automotive",1384,False
user_007166,57,F,IN,"beauty,toys,clothing",558,False
user_007167,33,F,BR,"food,jewelry",1822,False
user_007168,48,F,JP,"books,sports,beauty",151,False
user_007169,35,M,IN,"automotive,home_garden,food",1795,False
user_007170,29,F,JP,home_garden,77,False
user_007171,32,M,AU,"sports,beauty",1706,False
user_007172,32,M,BR,"electronics,books",1664,False
user_007173,42,F,UK,"beauty,automotive,clothing",1482,True
user_007174,51,F,FR,food,1565,False
user_007175,39,F,IN,"electronics,home_garden",1679,False
user_007176,49,M,CA,sports,185,False
user_007177,23,F,IN,"jewelry,automotive",1498,False
user_007178,30,F,UK,"clothing,electronics",1259,False
user_007179,26,F,IN,"electronics,food",424,False
user_007180,38,M,MX,clothing,623,True
user_007181,30,M,US,"food,beauty,sports",136,False
user_007182,43,M,AU,"beauty,food",973,False
user_007183,23,F,US,"home_garden,books",1404,False
user_007184,35,M,AU,"electronics,beauty",645,False
user_007185,43,F,US,"sports,clothing,electronics",1596,True
user_007186,18,M,UK,"toys,clothing",1352,False
user_007187,60,M,US,food,1648,False
user_007188,31,M,BR,"sports,beauty",1439,False
user_007189,18,M,JP,"clothing,sports,home_garden",1776,False
user_007190,36,M,AU,"beauty,food",539,False
user_007191,35,F,CA,toys,1587,False
user_007192,34,M,IN,"electronics,beauty",1120,False
user_007193,46,M,US,"sports,toys,automotive",1120,False
user_007194,43,F,IN,"clothing,automotive,food",1139,True
user_007195,38,F,FR,sports,859,False
user_007196,40,M,UK,"automotive,food",283,False
user_007197,33,F,MX,"clothing,home_garden",116,False
user_007198,56,M,US,jewelry,1231,False
user_007199,18,F,UK,"sports,home_garden",1406,False
user_007200,36,Other,AU,sports,677,False
user_007201,35,M,AU,"jewelry,electronics,automotive",822,False
user_007202,44,M,FR,"food,books,home_garden",859,False
user_007203,24,F,AU,"home_garden,food,clothing",224,False
user_007204,18,M,JP,sports,995,False
user_007205,36,F,FR,"food,beauty",1523,True
user_007206,38,F,JP,sports,982,False
user_007207,52,M,AU,jewelry,673,False
user_007208,19,F,CA,"clothing,books,electronics",686,False
user_007209,48,F,MX,books,1810,False
user_007210,63,F,IN,"home_garden,automotive",284,False
user_007211,30,F,FR,"food,toys,sports",1383,False
user_007212,19,F,IN,"sports,automotive",1238,False
user_007213,30,F,BR,"jewelry,electronics",1062,False
user_007214,35,F,FR,"clothing,sports,jewelry",663,False
user_007215,41,F,CA,"jewelry,sports,electronics",534,False
user_007216,27,M,DE,food,742,False
user_007217,53,F,UK,"books,food",125,False
user_007218,21,F,CA,"food,books",113,False
user_007219,18,M,UK,jewelry,518,False
user_007220,48,M,DE,home_garden,1145,False
user_007221,18,M,IN,home_garden,1226,False
user_007222,32,F,AU,electronics,1096,False
user_007223,72,M,UK,"electronics,food",392,False
user_007224,34,Other,JP,"jewelry,home_garden,books",926,False
user_007225,21,F,UK,"sports,toys",1563,False
user_007226,34,M,JP,"clothing,automotive",833,False
user_007227,34,M,FR,"automotive,toys,clothing",1630,False
user_007228,36,M,FR,"toys,home_garden,clothing",292,False
user_007229,42,F,MX,"books,sports",1057,False
user_007230,22,M,JP,jewelry,751,False
user_007231,55,M,AU,"jewelry,food",461,False
user_007232,37,Other,AU,"home_garden,sports",589,True
user_007233,43,M,US,food,1108,False
user_007234,27,F,MX,books,512,False
user_007235,50,F,MX,"books,automotive,electronics",334,False
user_007236,31,M,CA,"home_garden,toys",1297,False
user_007237,38,M,UK,"toys,jewelry,electronics",1232,False
user_007238,23,M,AU,home_garden,273,False
user_007239,23,F,UK,sports,642,False
user_007240,43,F,DE,"automotive,sports",947,False
user_007241,29,F,MX,"clothing,books",1522,False
user_007242,24,M,AU,home_garden,893,False
user_007243,27,M,CA,"sports,books,electronics",526,False
user_007244,43,M,DE,"toys,jewelry",1811,False
user_007245,27,M,US,"beauty,electronics,toys",438,True
user_007246,33,F,DE,"clothing,food",1308,False
user_007247,35,M,JP,home_garden,757,False
user_007248,18,F,DE,"sports,toys",1676,False
user_007249,18,F,IN,home_garden,575,False
user_007250,39,M,CA,"food,books",1383,True
user_007251,26,F,FR,"automotive,books,clothing",1695,False
user_007252,47,F,CA,beauty,1691,False
user_007253,46,F,US,"toys,books,jewelry",1017,False
user_007254,43,Other,BR,"clothing,home_garden,sports",1629,False
user_007255,56,F,CA,home_garden,1587,True
user_007256,34,M,IN,"sports,clothing,beauty",1812,False
user_007257,42,F,AU,"sports,electronics,beauty",1575,False
user_007258,27,M,MX,"beauty,clothing,books",48,False
user_007259,64,F,AU,"toys,clothing,automotive",1580,False
user_007260,58,M,FR,food,1620,True
user_007261,35,F,JP,beauty,634,False
user_007262,39,F,AU,"sports,jewelry,books",521,False
user_007263,51,Other,FR,jewelry,221,False
user_007264,33,F,FR,food,31,False
user_007265,27,F,FR,"home_garden,electronics",1555,False
user_007266,45,F,DE,"home_garden,books,automotive",52,False
user_007267,35,F,JP,"beauty,jewelry,automotive",1678,True
user_007268,37,M,AU,"sports,food,beauty",1502,False
user_007269,24,F,CA,"home_garden,jewelry,automotive",426,True
user_007270,18,F,IN,"beauty,clothing,jewelry",901,False
user_007271,37,F,US,automotive,1391,False
user_007272,45,F,IN,"food,books",497,False
user_007273,32,F,IN,"home_garden,electronics,clothing",886,False
user_007274,52,M,US,"jewelry,automotive,sports",1706,False
user_007275,26,M,AU,"beauty,toys",1391,False
user_007276,22,F,BR,"food,electronics,home_garden",204,False
user_007277,34,F,AU,"automotive,food,beauty",110,False
user_007278,34,F,DE,"electronics,books,jewelry",94,False
user_007279,44,M,US,"electronics,food,sports",1296,False
user_007280,25,F,BR,"automotive,sports",390,False
user_007281,51,M,CA,books,1689,False
user_007282,58,M,UK,"electronics,food",1176,False
user_007283,34,M,US,"jewelry,electronics,clothing",1551,False
user_007284,49,F,UK,"food,books",1506,False
user_007285,22,M,JP,"sports,books,toys",851,False
user_007286,47,Other,BR,"food,clothing",1423,False
user_007287,47,M,AU,"books,food",277,False
user_007288,45,M,FR,"electronics,automotive,home_garden",24,False
user_007289,34,M,IN,toys,454,False
user_007290,18,M,BR,"books,electronics",605,True
user_007291,27,M,US,"toys,jewelry,sports",1127,False
user_007292,27,F,FR,"books,automotive",198,False
user_007293,23,M,CA,home_garden,783,False
user_007294,36,M,JP,"sports,food",99,False
user_007295,29,M,FR,toys,1007,False
user_007296,25,M,IN,"automotive,books,clothing",242,True
user_007297,22,F,CA,"books,electronics",965,False
user_007298,26,M,AU,"electronics,clothing,automotive",1572,False
user_007299,48,F,AU,"toys,beauty",931,False
user_007300,27,F,FR,"jewelry,electronics",817,False
user_007301,28,F,UK,"beauty,sports,food",1707,False
user_007302,29,F,IN,"jewelry,home_garden,food",1467,False
user_007303,39,F,IN,"books,home_garden",10,False
user_007304,40,M,FR,home_garden,51,False
user_007305,18,F,US,"books,electronics,food",49,False
user_007306,47,M,AU,"beauty,jewelry",415,False
user_007307,52,F,FR,"toys,sports,clothing",1084,True
user_007308,22,M,DE,clothing,1680,False
user_007309,23,M,AU,electronics,1039,False
user_007310,29,F,FR,"books,toys",1773,True
user_007311,25,F,US,sports,1097,False
user_007312,37,M,AU,"toys,clothing,automotive",1029,True
user_007313,18,M,AU,"home_garden,electronics",1396,False
user_007314,21,M,DE,"food,books",912,True
user_007315,53,M,IN,"automotive,clothing",195,False
user_007316,23,Other,AU,"food,toys,automotive",264,True
user_007317,49,F,BR,toys,235,True
user_007318,39,F,IN,"electronics,toys",1321,False
user_007319,18,M,FR,"sports,clothing",717,False
user_007320,42,F,FR,"toys,automotive",1303,False
user_007321,33,M,BR,beauty,910,False
user_007322,29,F,FR,"jewelry,food,automotive",1394,False
user_007323,37,F,JP,"clothing,toys",70,False
user_007324,40,F,US,home_garden,205,False
user_007325,43,F,UK,"electronics,beauty,jewelry",720,False
user_007326,49,F,JP,jewelry,1492,False
user_007327,39,M,CA,"home_garden,books,jewelry",999,False
user_007328,18,F,JP,beauty,155,False
user_007329,29,F,FR,"jewelry,beauty",472,False
user_007330,70,M,MX,"sports,clothing,toys",1400,False
user_007331,43,M,IN,toys,179,False
user_007332,63,F,FR,"toys,jewelry,electronics",55,False
user_007333,51,F,IN,"automotive,electronics,beauty",442,False
user_007334,37,F,FR,sports,835,False
user_007335,38,F,IN,"automotive,electronics",1022,False
user_007336,34,M,CA,"home_garden,sports,food",193,False
user_007337,18,M,IN,"toys,books",1006,False
user_007338,35,F,CA,electronics,1024,False
user_007339,49,F,CA,"home_garden,books,toys",1071,False
user_007340,27,M,DE,"books,beauty,clothing",1148,False
user_007341,39,M,CA,automotive,1078,False
user_007342,45,M,FR,"books,food",458,True
user_007343,24,F,DE,beauty,1373,False
user_007344,29,M,US,"food,toys,automotive",525,False
user_007345,22,F,BR,"food,sports,automotive",872,False
user_007346,25,M,MX,books,822,False
user_007347,19,F,UK,"clothing,toys",977,False
user_007348,24,M,DE,"clothing,home_garden",1289,False
user_007349,52,M,AU,"sports,food",15,False
user_007350,24,F,IN,"food,sports",90,False
user_007351,36,M,CA,"sports,automotive",236,False
user_007352,28,M,US,"home_garden,clothing,books",1015,False
user_007353,49,M,CA,home_garden,1108,False
user_007354,50,M,CA,sports,1692,False
user_007355,45,F,FR,"automotive,clothing,toys",1803,False
user_007356,38,M,JP,sports,1434,False
user_007357,32,F,UK,"toys,clothing",212,False
user_007358,20,M,BR,"clothing,electronics,jewelry",1771,False
user_007359,58,F,AU,"clothing,books,home_garden",1065,False
user_007360,25,M,UK,"electronics,clothing,books",278,False
user_007361,42,M,IN,"clothing,beauty",693,False
user_007362,47,M,BR,"electronics,clothing,food",1168,False
user_007363,28,M,FR,"electronics,automotive",59,False
user_007364,47,F,US,"jewelry,books,automotive",1766,False
user_007365,44,F,JP,jewelry,668,False
user_007366,55,F,FR,"electronics,books",952,False
user_007367,29,F,IN,"books,toys",928,False
user_007368,19,F,JP,"electronics,books,home_garden",656,False
user_007369,28,F,AU,"electronics,jewelry",1188,False
user_007370,37,M,FR,"clothing,automotive,electronics",1,True
user_007371,35,F,IN,food,814,False
user_007372,30,M,FR,"food,books,automotive",21,False
user_007373,18,M,JP,automotive,1170,False
user_007374,40,F,MX,home_garden,958,False
user_007375,58,M,UK,"toys,books,clothing",714,False
user_007376,40,M,DE,"clothing,automotive,electronics",931,False
user_007377,42,F,JP,"books,sports,jewelry",444,False
user_007378,41,F,JP,sports,411,False
user_007379,39,F,AU,"automotive,food,sports",1248,True
user_007380,46,M,IN,"books,home_garden,automotive",1033,False
user_007381,39,F,CA,automotive,820,False
user_007382,31,M,MX,"automotive,clothing,toys",55,False
user_007383,25,M,DE,"food,beauty,home_garden",1203,False
user_007384,32,Other,MX,"jewelry,electronics",610,True
user_007385,38,F,DE,"jewelry,beauty",1336,True
user_007386,31,F,UK,"jewelry,automotive",563,False
user_007387,38,F,IN,"automotive,clothing",1262,False
user_007388,40,M,IN,"books,automotive",617,False
user_007389,44,M,US,"sports,jewelry",1181,False
user_007390,50,F,IN,"books,automotive",815,False
user_007391,35,Other,US,"electronics,food,books",1142,False
user_007392,19,M,US,beauty,165,False
user_007393,30,Other,AU,"sports,home_garden",915,False
user_007394,35,M,AU,jewelry,1678,False
user_007395,18,M,IN,"toys,automotive",550,False
user_007396,51,M,IN,"electronics,jewelry,clothing",228,True
user_007397,36,F,CA,toys,1442,False
user_007398,39,M,AU,"sports,food,electronics",238,False
user_007399,51,F,BR,toys,285,False
user_007400,27,F,AU,"toys,electronics",1657,False
user_007401,41,F,BR,"food,books,sports",592,False
user_007402,33,F,IN,electronics,436,False
user_007403,32,F,MX,automotive,194,False
user_007404,25,M,BR,"electronics,jewelry,toys",630,False
user_007405,54,F,DE,"clothing,automotive,electronics",94,False
user_007406,30,M,MX,home_garden,977,False
user_007407,43,Other,JP,"home_garden,jewelry",1138,False
user_007408,18,F,JP,automotive,705,False
user_007409,49,M,IN,"beauty,jewelry",848,False
user_007410,47,M,JP,"automotive,beauty",1561,False
user_007411,36,F,CA,"food,automotive,books",1792,False
user_007412,32,M,US,"clothing,home_garden",360,False
user_007413,39,M,FR,"toys,sports",489,False
user_007414,62,F,IN,"automotive,beauty,books",587,False
user_007415,18,F,CA,sports,762,True
user_007416,44,F,JP,"toys,home_garden,automotive",1236,False
user_007417,24,F,UK,"clothing,jewelry,automotive",406,False
user_007418,34,M,CA,"beauty,jewelry",335,False
user_007419,32,F,DE,"clothing,home_garden,automotive",592,True
user_007420,29,F,UK,"jewelry,food,automotive",1065,True
user_007421,34,M,BR,toys,604,False
user_007422,21,M,CA,toys,1118,False
user_007423,47,F,MX,jewelry,318,False
user_007424,18,F,CA,"home_garden,toys",964,False
user_007425,41,M,IN,"home_garden,sports,food",1093,False
user_007426,31,M,UK,"automotive,toys,clothing",1435,False
user_007427,20,M,AU,"food,jewelry,toys",1073,False
user_007428,37,F,JP,"sports,home_garden,clothing",1300,False
user_007429,18,F,US,"clothing,food,electronics",1761,False
user_007430,35,M,AU,"clothing,books,toys",1428,False
user_007431,18,F,IN,"electronics,books",1542,False
user_007432,40,F,BR,"jewelry,beauty",868,False
user_007433,23,F,JP,"jewelry,clothing",1057,True
user_007434,29,F,BR,food,1776,False
user_007435,38,M,FR,"home_garden,beauty,sports",1567,False
user_007436,25,M,AU,"beauty,books",1420,False
user_007437,34,M,BR,"books,sports,beauty",159,False
user_007438,18,M,FR,"books,food",682,True
user_007439,42,F,JP,"jewelry,books",412,True
user_007440,56,M,CA,"electronics,books,home_garden",1299,False
user_007441,68,F,UK,books,92,False
user_007442,36,M,CA,food,561,False
user_007443,44,M,JP,"toys,electronics",427,False
user_007444,18,M,JP,"toys,sports",1308,False
user_007445,53,M,UK,"food,electronics,books",738,False
user_007446,44,F,FR,sports,719,False
user_007447,29,M,FR,food,1370,False
user_007448,49,F,CA,"beauty,electronics,sports",1098,False
user_007449,31,F,FR,"electronics,books",684,False
user_007450,29,M,AU,"books,jewelry",1484,False
user_007451,40,F,UK,electronics,238,False
user_007452,22,M,IN,"electronics,jewelry,sports",1238,True
user_007453,47,M,IN,"books,home_garden",1008,True
user_007454,22,F,FR,"toys,automotive",449,False
user_007455,22,F,MX,"toys,home_garden",1137,True
user_007456,24,M,FR,automotive,1255,False
user_007457,44,F,MX,"sports,automotive",1148,True
user_007458,27,F,FR,"beauty,food",1691,False
user_007459,18,M,MX,automotive,1505,False
user_007460,27,F,CA,"toys,electronics",21,False
user_007461,34,M,AU,"beauty,electronics",32,False
user_007462,20,F,MX,"toys,beauty,automotive",1299,False
user_007463,21,M,JP,toys,1777,False
user_007464,60,M,DE,"books,jewelry,home_garden",87,False
user_007465,24,M,UK,electronics,1176,True
user_007466,31,F,BR,toys,1717,False
user_007467,30,M,UK,"home_garden,toys,jewelry",1561,False
user_007468,29,Other,DE,sports,1707,True
user_007469,42,M,DE,automotive,1671,True
user_007470,46,M,UK,automotive,553,True
user_007471,31,F,CA,sports,280,True
user_007472,20,M,US,"jewelry,books,automotive",305,False
user_007473,50,M,UK,electronics,391,True
user_007474,33,M,FR,"jewelry,books,automotive",682,True
user_007475,55,M,DE,"food,clothing,home_garden",1238,False
user_007476,18,Other,DE,"clothing,food",1206,False
user_007477,37,F,JP,"automotive,sports,toys",586,True
user_007478,58,F,AU,"jewelry,food,automotive",442,False
user_007479,30,M,BR,"electronics,automotive",82,False
user_007480,32,M,DE,"home_garden,jewelry",994,False
user_007481,38,M,DE,beauty,864,True
user_007482,28,F,CA,"home_garden,toys,books",658,False
user_007483,31,F,FR,"automotive,food,jewelry",1114,False
user_007484,30,M,IN,sports,320,True
user_007485,27,M,DE,"books,jewelry",1086,False
user_007486,49,F,UK,automotive,404,False
user_007487,40,M,MX,"books,jewelry",58,False
user_007488,38,F,US,"electronics,sports",1798,False
user_007489,44,M,DE,sports,638,False
user_007490,31,F,DE,books,516,False
user_007491,25,F,MX,"food,electronics",452,False
user_007492,27,M,JP,beauty,321,False
user_007493,35,M,AU,"home_garden,jewelry,food",403,False
user_007494,22,F,MX,"home_garden,jewelry,food",748,False
user_007495,28,M,FR,jewelry,1562,True
user_007496,28,M,AU,"sports,beauty,food",122,False
user_007497,60,F,BR,beauty,265,False
user_007498,18,F,IN,"home_garden,electronics,automotive",863,False
user_007499,32,M,CA,automotive,1031,False
user_007500,55,M,AU,"food,sports",345,False
user_007501,36,F,AU,sports,1324,False
user_007502,44,F,JP,"electronics,automotive",1171,True
user_007503,36,F,US,food,1529,False
user_007504,26,F,CA,beauty,1282,True
user_007505,18,F,AU,electronics,728,False
user_007506,37,Other,DE,sports,866,False
user_007507,25,M,MX,"toys,automotive",1695,False
user_007508,25,F,CA,beauty,991,True
user_007509,29,F,DE,toys,1724,False
user_007510,55,M,AU,"home_garden,books",555,False
user_007511,63,F,CA,"home_garden,books,toys",452,False
user_007512,37,M,AU,home_garden,306,False
user_007513,29,M,UK,"sports,home_garden,clothing",687,False
user_007514,20,F,US,"automotive,home_garden",1268,False
user_007515,40,F,DE,"beauty,home_garden,clothing",335,False
user_007516,56,M,BR,toys,577,False
user_007517,32,M,JP,"electronics,toys",595,False
user_007518,18,M,US,"toys,home_garden,electronics",943,False
user_007519,43,M,CA,"electronics,clothing,jewelry",1719,False
user_007520,46,F,CA,"electronics,beauty,toys",264,True
user_007521,18,F,US,"automotive,food,sports",53,False
user_007522,37,M,FR,"clothing,electronics,automotive",1409,True
user_007523,40,Other,CA,"jewelry,books",1165,False
user_007524,34,M,CA,toys,176,True
user_007525,25,M,CA,food,1403,False
user_007526,47,F,AU,electronics,1610,True
user_007527,30,F,IN,beauty,934,False
user_007528,18,M,JP,toys,912,False
user_007529,18,M,IN,"clothing,sports",467,False
user_007530,50,M,MX,beauty,720,True
user_007531,42,M,DE,"books,food,automotive",134,False
user_007532,36,M,UK,automotive,686,True
user_007533,29,M,BR,toys,1733,True
user_007534,28,F,CA,beauty,230,True
user_007535,22,Other,US,toys,1294,False
user_007536,29,M,UK,"food,books,beauty",1740,False
user_007537,18,F,DE,"home_garden,food",299,True
user_007538,26,F,IN,beauty,1328,False
user_007539,31,F,IN,"books,sports",1060,False
user_007540,42,M,MX,jewelry,263,False
user_007541,34,M,UK,home_garden,1377,True
user_007542,44,F,MX,"jewelry,home_garden,clothing",202,False
user_007543,51,F,MX,"sports,electronics,automotive",1399,False
user_007544,47,M,UK,jewelry,1621,False
user_007545,40,F,CA,"books,automotive,food",1502,True
user_007546,35,F,CA,"jewelry,sports,books",1303,False
user_007547,23,M,CA,"beauty,electronics,books",1321,False
user_007548,43,F,JP,automotive,1281,False
user_007549,55,F,UK,"toys,sports",77,False
user_007550,39,F,DE,jewelry,1432,False
user_007551,58,M,JP,sports,1010,False
user_007552,18,M,IN,"automotive,home_garden,toys",137,True
user_007553,21,F,DE,automotive,515,False
user_007554,45,M,FR,"jewelry,home_garden,beauty",392,False
user_007555,38,M,DE,beauty,113,False
user_007556,50,M,JP,"home_garden,toys,automotive",1317,False
user_007557,34,F,DE,food,1208,False
user_007558,24,M,JP,"clothing,books",119,False
user_007559,32,Other,US,"toys,jewelry,clothing",1136,False
user_007560,18,F,BR,"home_garden,electronics,books",801,False
user_007561,21,M,IN,toys,855,False
user_007562,46,F,MX,home_garden,1328,False
user_007563,45,M,JP,toys,1317,False
user_007564,39,M,IN,"electronics,beauty",1323,True
user_007565,18,F,US,beauty,1391,False
user_007566,30,F,DE,"home_garden,electronics,toys",739,True
user_007567,20,M,AU,"jewelry,automotive,electronics",883,False
user_007568,49,F,DE,"clothing,sports",536,False
user_007569,27,M,US,toys,1432,False
user_007570,21,M,MX,"jewelry,electronics,food",241,False
user_007571,35,M,IN,"clothing,sports,home_garden",540,False
user_007572,27,F,UK,books,922,False
user_007573,52,M,AU,"clothing,jewelry,food",761,True
user_007574,26,F,AU,"electronics,sports,home_garden",1315,False
user_007575,18,M,DE,"clothing,beauty,food",364,False
user_007576,18,M,IN,automotive,807,True
user_007577,34,M,JP,jewelry,1016,False
user_007578,28,F,BR,"food,beauty",753,False
user_007579,18,M,BR,"clothing,beauty",583,False
user_007580,49,M,UK,food,350,True
user_007581,43,F,UK,"electronics,jewelry,home_garden",1754,True
user_007582,34,F,US,home_garden,1030,False
user_007583,51,F,JP,sports,20,False
user_007584,42,F,IN,"electronics,food,beauty",1096,False
user_007585,25,M,MX,"clothing,toys",38,False
user_007586,22,M,MX,"sports,jewelry",99,False
user_007587,44,M,DE,"sports,toys,clothing",257,False
user_007588,39,M,US,"food,books",698,False
user_007589,37,M,DE,"electronics,books,toys",1072,False
user_007590,24,F,UK,"beauty,jewelry",1449,False
user_007591,42,F,JP,"toys,automotive",513,False
user_007592,25,F,BR,"jewelry,home_garden,automotive",563,False
user_007593,33,M,IN,"clothing,automotive,electronics",603,False
user_007594,52,M,FR,"clothing,sports",1499,False
user_007595,27,F,JP,food,1580,False
user_007596,18,Other,US,jewelry,1049,False
user_007597,22,F,BR,"home_garden,food",804,False
user_007598,46,F,CA,automotive,369,False
user_007599,38,M,MX,electronics,340,False
user_007600,33,M,UK,"beauty,books,home_garden",650,True
user_007601,28,F,JP,clothing,1008,False
user_007602,40,F,JP,automotive,91,True
user_007603,24,F,MX,"toys,beauty",913,False
user_007604,38,M,AU,sports,1736,False
user_007605,26,M,US,"books,home_garden,beauty",1287,False
user_007606,24,F,MX,"sports,beauty,electronics",1128,False
user_007607,27,Other,JP,"home_garden,sports,toys",1235,False
user_007608,30,F,JP,"clothing,sports,automotive",90,True
user_007609,34,M,IN,"toys,beauty,home_garden",1454,False
user_007610,37,F,FR,beauty,46,False
user_007611,18,F,CA,"jewelry,clothing",1445,False
user_007612,25,F,UK,"automotive,toys",736,True
user_007613,30,F,UK,"home_garden,jewelry,sports",368,False
user_007614,53,Other,CA,jewelry,711,False
user_007615,22,M,BR,automotive,1148,False
user_007616,36,M,AU,"food,sports",49,False
user_007617,52,F,US,"home_garden,automotive",1681,False
user_007618,19,M,JP,"electronics,jewelry",916,False
user_007619,39,M,AU,"beauty,electronics",390,False
user_007620,25,F,FR,"food,toys",804,False
user_007621,28,Other,UK,home_garden,552,False
user_007622,25,M,AU,"food,sports",1566,False
user_007623,26,F,JP,"home_garden,books",852,False
user_007624,67,Other,CA,"sports,automotive,books",1337,False
user_007625,45,M,IN,"automotive,beauty",332,False
user_007626,48,M,JP,"beauty,food,automotive",140,False
user_007627,40,F,CA,"electronics,clothing",1569,True
user_007628,18,F,US,"sports,electronics",126,False
user_007629,39,F,FR,"books,beauty,toys",1739,False
user_007630,47,F,IN,"toys,books,food",971,False
user_007631,24,M,FR,"beauty,sports",610,False
user_007632,46,M,FR,"clothing,sports",926,False
user_007633,43,F,DE,books,857,False
user_007634,57,F,JP,"toys,beauty,books",981,False
user_007635,29,M,CA,food,699,False
user_007636,21,F,MX,"electronics,home_garden",1299,False
user_007637,30,F,AU,"home_garden,food,beauty",486,False
user_007638,52,F,MX,"books,jewelry",537,False
user_007639,18,F,JP,"sports,jewelry",734,False
user_007640,18,F,BR,"home_garden,electronics,clothing",789,False
user_007641,36,M,FR,"books,food,electronics",1048,False
user_007642,29,M,AU,"books,automotive,food",1576,False
user_007643,35,F,CA,sports,461,True
user_007644,46,F,CA,"jewelry,food,home_garden",554,False
user_007645,28,M,MX,sports,1576,False
user_007646,18,F,JP,"electronics,sports,toys",1439,False
user_007647,59,F,BR,"jewelry,automotive,electronics",821,False
user_007648,23,M,BR,"books,food",1650,False
user_007649,22,M,BR,beauty,397,False
user_007650,48,M,JP,"clothing,beauty,toys",322,True
user_007651,30,F,UK,"home_garden,toys",481,False
user_007652,34,M,FR,"food,home_garden,clothing",155,False
user_007653,40,M,UK,toys,869,False
user_007654,48,M,JP,"toys,automotive,jewelry",353,False
user_007655,30,M,CA,automotive,952,False
user_007656,53,F,IN,"books,jewelry,sports",868,False
user_007657,18,F,UK,"food,clothing,toys",1307,False
user_007658,44,F,AU,"jewelry,beauty,food",935,False
user_007659,24,Other,MX,"books,home_garden,beauty",1030,True
user_007660,51,M,UK,jewelry,457,False
user_007661,36,M,DE,sports,586,False
user_007662,26,M,AU,clothing,1061,False
user_007663,42,F,MX,clothing,683,True
user_007664,45,Other,BR,jewelry,1686,True
user_007665,42,Other,MX,"food,toys",405,False
user_007666,22,M,JP,home_garden,1769,False
user_007667,29,M,JP,automotive,1823,False
user_007668,34,F,AU,"beauty,electronics",502,False
user_007669,34,M,AU,"books,clothing,electronics",615,False
user_007670,43,M,MX,"beauty,clothing",1370,False
user_007671,18,M,BR,"food,jewelry,electronics",4,False
user_007672,39,M,UK,"books,beauty,home_garden",545,False
user_007673,31,M,JP,beauty,1648,False
user_007674,24,F,MX,toys,1046,False
user_007675,26,F,FR,toys,859,False
user_007676,32,F,IN,"sports,jewelry",1795,True
user_007677,18,F,BR,"toys,home_garden,books",1560,False
user_007678,26,M,US,electronics,563,True
user_007679,24,F,UK,"sports,books,automotive",1258,False
user_007680,41,F,AU,"food,sports",103,False
user_007681,25,M,MX,"food,automotive,books",1512,False
user_007682,32,M,US,"books,clothing",442,False
user_007683,53,F,MX,"jewelry,automotive,home_garden",1803,False
user_007684,46,M,US,clothing,1600,False
user_007685,45,F,JP,"beauty,jewelry,sports",162,False
user_007686,29,F,FR,toys,79,False
user_007687,41,F,AU,electronics,1398,False
user_007688,32,M,FR,"toys,automotive",243,False
user_007689,32,M,AU,"home_garden,jewelry",1011,False
user_007690,39,F,UK,clothing,246,False
user_007691,27,F,MX,"sports,beauty",267,False
user_007692,52,F,MX,"food,clothing,toys",1638,False
user_007693,33,M,BR,"clothing,home_garden,toys",1318,False
user_007694,42,F,AU,"jewelry,books,electronics",1176,False
user_007695,52,F,US,"home_garden,toys,electronics",1823,False
user_007696,47,F,US,toys,220,False
user_007697,18,M,JP,"home_garden,toys",598,False
user_007698,40,F,MX,"beauty,home_garden",1010,False
user_007699,45,F,JP,electronics,69,False
user_007700,45,M,US,"home_garden,beauty",735,False
user_007701,21,F,IN,"toys,books",1120,False
user_007702,27,Other,BR,"automotive,electronics,sports",89,False
user_007703,46,M,UK,"automotive,beauty",1400,False
user_007704,25,M,AU,"home_garden,books,sports",1567,False
user_007705,31,M,MX,"sports,clothing",420,False
user_007706,53,F,MX,"clothing,electronics,home_garden",151,False
user_007707,34,F,MX,"food,jewelry",1777,False
user_007708,26,Other,AU,"books,clothing",1386,False
user_007709,24,M,FR,"automotive,electronics",1242,False
user_007710,38,M,IN,"electronics,jewelry,books",1697,False
user_007711,19,F,IN,"automotive,home_garden",93,False
user_007712,32,M,FR,home_garden,1540,True
user_007713,38,Other,IN,beauty,839,False
user_007714,50,M,US,"sports,automotive,beauty",936,False
user_007715,43,F,CA,"automotive,clothing",46,False
user_007716,26,M,US,"clothing,sports",1523,True
user_007717,49,F,JP,home_garden,154,False
user_007718,31,M,CA,electronics,1055,False
user_007719,20,F,CA,"clothing,books",1037,False
user_007720,32,M,AU,jewelry,339,False
user_007721,52,M,AU,jewelry,1725,False
user_007722,36,M,DE,sports,1359,False
user_007723,35,M,US,"jewelry,automotive,food",1254,False
user_007724,54,M,MX,clothing,524,True
user_007725,18,M,CA,"clothing,jewelry",1055,False
user_007726,19,F,US,sports,1227,False
user_007727,18,F,DE,"books,toys",253,False
user_007728,39,F,US,"jewelry,sports",4,True
user_007729,36,M,US,home_garden,252,False
user_007730,53,F,JP,"toys,beauty,automotive",1333,False
user_007731,37,M,FR,books,796,False
user_007732,30,M,CA,sports,806,False
user_007733,35,M,BR,automotive,541,False
user_007734,36,F,MX,"electronics,beauty,home_garden",1595,False
user_007735,18,M,CA,"jewelry,beauty",332,False
user_007736,67,F,JP,toys,313,False
user_007737,41,M,IN,"food,books",1005,False
user_007738,37,F,AU,"clothing,electronics",1194,True
user_007739,42,F,UK,"food,automotive",765,False
user_007740,43,M,AU,automotive,1471,False
user_007741,33,M,AU,"books,toys",288,True
user_007742,27,F,DE,"home_garden,books",542,False
user_007743,42,M,DE,"books,automotive",47,False
user_007744,39,M,UK,"clothing,food,books",1339,False
user_007745,25,M,AU,"sports,books,electronics",1723,False
user_007746,52,M,AU,home_garden,1561,False
user_007747,38,M,FR,beauty,124,False
user_007748,43,M,UK,"clothing,home_garden",232,False
user_007749,51,F,DE,"toys,sports",172,False
user_007750,35,F,US,"food,automotive",1738,False
user_007751,38,F,BR,"jewelry,books,automotive",49,False
user_007752,44,M,CA,toys,1154,False
user_007753,26,F,AU,"food,automotive,jewelry",826,False
user_007754,35,M,AU,"sports,clothing",32,False
user_007755,36,M,BR,"toys,sports,jewelry",1448,False
user_007756,23,M,US,jewelry,83,False
user_007757,62,F,BR,jewelry,644,True
user_007758,18,M,UK,"books,jewelry",295,False
user_007759,19,M,AU,"electronics,sports",1168,False
user_007760,50,M,IN,books,176,False
user_007761,43,M,UK,home_garden,884,False
user_007762,22,F,JP,"jewelry,food,sports",1193,False
user_007763,42,F,IN,"clothing,jewelry",1653,False
user_007764,52,M,BR,"clothing,jewelry",1117,False
user_007765,34,F,FR,home_garden,1014,True
user_007766,66,M,JP,"beauty,automotive,toys",618,True
user_007767,18,M,IN,"books,sports",1102,False
user_007768,43,M,CA,"toys,home_garden",946,False
user_007769,48,F,US,"beauty,electronics",732,False
user_007770,45,F,BR,"clothing,jewelry",1083,False
user_007771,32,M,BR,"sports,electronics",1691,False
user_007772,31,M,FR,"jewelry,sports,books",905,False
user_007773,40,M,US,toys,587,False
user_007774,44,M,IN,"food,clothing",156,False
user_007775,42,F,CA,"books,food,automotive",1687,False
user_007776,47,M,IN,"jewelry,toys",1518,False
user_007777,22,F,FR,"books,food,home_garden",1316,False
user_007778,32,F,IN,automotive,215,False
user_007779,23,M,FR,"beauty,sports",1621,False
user_007780,30,F,US,"beauty,jewelry,food",1483,False
user_007781,47,F,CA,"electronics,food,automotive",1293,False
user_007782,36,Other,UK,"home_garden,electronics",994,False
user_007783,66,M,AU,"clothing,books",1204,False
user_007784,37,M,DE,"books,automotive,beauty",530,True
user_007785,35,M,UK,"beauty,books",1021,False
user_007786,36,M,JP,"automotive,beauty,toys",631,False
user_007787,27,M,IN,"sports,home_garden,food",1525,True
user_007788,34,M,US,electronics,564,True
user_007789,48,M,DE,"sports,toys",771,False
user_007790,36,F,JP,"electronics,clothing,sports",97,False
user_007791,25,M,US,"home_garden,food",113,False
user_007792,23,F,AU,clothing,799,False
user_007793,29,M,US,"home_garden,books,electronics",866,False
user_007794,35,F,JP,toys,1287,True
user_007795,49,M,AU,"beauty,automotive,sports",260,False
user_007796,18,M,US,"jewelry,sports",1640,True
user_007797,31,F,US,"books,electronics,toys",610,True
user_007798,36,F,UK,"books,home_garden",1714,False
user_007799,18,F,BR,"food,beauty,clothing",1209,False
user_007800,24,F,AU,"toys,electronics,beauty",480,True
user_007801,26,F,DE,"home_garden,sports",68,False
user_007802,25,M,US,sports,933,False
user_007803,37,F,CA,books,1266,False
user_007804,33,F,BR,"beauty,automotive,home_garden",601,False
user_007805,28,F,JP,"toys,electronics,clothing",1816,False
user_007806,40,F,IN,"automotive,food",1563,False
user_007807,55,M,FR,clothing,68,False
user_007808,54,M,FR,jewelry,1085,False
user_007809,18,M,BR,books,687,True
user_007810,41,M,FR,"automotive,electronics",1289,False
user_007811,32,F,JP,"automotive,toys",71,False
user_007812,36,M,JP,books,1483,False
user_007813,30,M,FR,"sports,books",403,False
user_007814,36,M,CA,"food,electronics,books",1373,False
user_007815,36,M,JP,"toys,electronics,sports",150,True
user_007816,28,M,MX,"toys,beauty,sports",1533,True
user_007817,24,M,US,"home_garden,food",342,False
user_007818,29,M,FR,"food,electronics",659,False
user_007819,37,F,DE,home_garden,1543,False
user_007820,42,M,IN,"sports,beauty,toys",1557,False
user_007821,45,F,US,"clothing,jewelry",829,False
user_007822,29,F,JP,"home_garden,books",994,False
user_007823,38,F,IN,clothing,690,True
user_007824,46,F,DE,"jewelry,books",1632,False
user_007825,48,F,DE,toys,1563,True
user_007826,34,F,UK,"books,beauty,home_garden",1131,False
user_007827,32,F,AU,"toys,clothing",1392,False
user_007828,37,F,AU,sports,1722,False
user_007829,21,M,MX,"home_garden,toys,automotive",1147,False
user_007830,32,F,FR,"sports,electronics,home_garden",967,False
user_007831,43,F,MX,"clothing,beauty",374,False
user_007832,42,M,IN,"automotive,toys",49,False
user_007833,31,F,JP,food,688,False
user_007834,37,M,DE,electronics,993,False
user_007835,25,M,JP,jewelry,1350,False
user_007836,43,F,IN,"food,electronics",74,False
user_007837,34,F,CA,food,291,False
user_007838,31,M,DE,food,1022,False
user_007839,30,M,DE,jewelry,1404,False
user_007840,34,M,BR,"automotive,sports,beauty",1686,False
user_007841,29,M,FR,jewelry,810,False
user_007842,42,M,BR,"home_garden,books,sports",357,False
user_007843,30,F,JP,"clothing,beauty,jewelry",155,False
user_007844,54,F,US,jewelry,1229,False
user_007845,52,F,FR,"electronics,sports,jewelry",807,False
user_007846,24,F,AU,"books,sports",1698,True
user_007847,35,M,BR,"beauty,sports",477,False
user_007848,27,F,UK,"food,books,automotive",1640,False
user_007849,31,M,UK,"home_garden,books",804,False
user_007850,59,M,UK,"home_garden,books,food",175,False
user_007851,31,M,IN,"beauty,clothing",818,False
user_007852,39,F,FR,"jewelry,beauty",409,False
user_007853,41,F,AU,"electronics,beauty",1729,True
user_007854,22,F,BR,"toys,jewelry,sports",135,False
user_007855,24,M,DE,automotive,1349,True
user_007856,20,F,UK,home_garden,1194,False
user_007857,24,F,US,"sports,toys,beauty",1588,False
user_007858,18,F,IN,toys,697,False
user_007859,41,M,JP,toys,1329,False
user_007860,59,F,MX,"jewelry,clothing",777,False
user_007861,36,M,DE,"jewelry,food",283,False
user_007862,18,F,CA,"sports,beauty",481,False
user_007863,27,M,CA,sports,318,False
user_007864,29,M,FR,toys,246,False
user_007865,22,M,DE,"sports,jewelry",203,False
user_007866,45,F,MX,"sports,books,clothing",1724,False
user_007867,44,M,FR,"clothing,electronics,home_garden",213,False
user_007868,21,F,MX,electronics,749,False
user_007869,43,F,FR,"automotive,beauty,electronics",482,False
user_007870,53,M,FR,electronics,1508,False
user_007871,57,M,JP,home_garden,1499,False
user_007872,69,F,UK,"sports,home_garden,clothing",1240,False
user_007873,24,F,FR,"clothing,toys,home_garden",1556,False
user_007874,68,F,FR,"clothing,beauty",498,False
user_007875,30,M,BR,"automotive,books,beauty",1641,False
user_007876,27,M,IN,"books,jewelry,electronics",273,False
user_007877,38,F,US,"jewelry,sports,beauty",356,False
user_007878,28,M,IN,"beauty,food",856,False
user_007879,39,M,DE,"clothing,automotive,jewelry",757,False
user_007880,19,F,AU,"jewelry,home_garden,clothing",510,False
user_007881,32,M,IN,"clothing,home_garden",889,True
user_007882,50,M,CA,toys,1739,False
user_007883,34,F,AU,"clothing,toys",559,False
user_007884,36,F,FR,"electronics,food",784,False
user_007885,40,F,BR,food,9,False
user_007886,49,M,BR,"home_garden,clothing",1617,False
user_007887,18,F,BR,"sports,electronics,toys",288,False
user_007888,42,F,CA,"food,books",183,False
user_007889,31,M,MX,jewelry,1549,False
user_007890,36,M,IN,"toys,food,automotive",789,False
user_007891,47,F,UK,"sports,electronics",1245,False
user_007892,20,F,BR,"beauty,jewelry,home_garden",686,False
user_007893,22,M,UK,sports,890,True
user_007894,18,M,MX,"home_garden,automotive,sports",1788,False
user_007895,28,M,BR,"food,beauty",857,False
user_007896,50,M,AU,"electronics,sports,clothing",1352,False
user_007897,33,M,US,"beauty,toys,home_garden",447,False
user_007898,18,M,FR,"beauty,books,automotive",305,False
user_007899,29,M,CA,"food,automotive",416,False
user_007900,18,F,BR,"beauty,clothing,food",839,False
user_007901,21,F,MX,"automotive,toys",304,True
user_007902,39,F,FR,"sports,home_garden,food",863,False
user_007903,20,M,UK,"food,clothing,automotive",1655,False
user_007904,48,F,AU,beauty,711,False
user_007905,34,M,MX,"sports,beauty,electronics",1068,False
user_007906,36,M,US,"books,sports,toys",1243,False
user_007907,31,M,CA,"books,automotive",249,False
user_007908,44,M,FR,jewelry,175,False
user_007909,44,F,AU,"clothing,sports,books",517,False
user_007910,39,M,JP,jewelry,302,False
user_007911,41,F,AU,automotive,1013,False
user_007912,32,M,BR,"electronics,beauty",1304,False
user_007913,41,M,BR,home_garden,883,False
user_007914,30,Other,BR,electronics,1169,False
user_007915,35,F,US,"beauty,clothing",1194,True
user_007916,31,M,DE,"beauty,clothing,sports",1693,False
user_007917,29,F,JP,sports,211,False
user_007918,26,M,UK,sports,1023,True
user_007919,40,M,US,jewelry,1204,True
user_007920,50,F,US,"clothing,home_garden",368,False
user_007921,49,F,UK,"electronics,clothing",623,False
user_007922,19,F,AU,"food,books,electronics",660,True
user_007923,50,F,US,"automotive,home_garden",518,False
user_007924,31,F,CA,"beauty,food",642,False
user_007925,42,F,FR,"sports,jewelry,books",401,False
user_007926,24,F,CA,automotive,1812,False
user_007927,36,F,US,"beauty,clothing",425,False
user_007928,38,M,FR,"home_garden,electronics,books",85,True
user_007929,18,F,CA,toys,1355,False
user_007930,42,M,MX,"jewelry,electronics",498,False
user_007931,51,F,FR,"clothing,food",418,False
user_007932,32,M,DE,"home_garden,electronics,food",1704,False
user_007933,51,F,US,"automotive,books,clothing",1812,False
user_007934,32,M,FR,jewelry,138,False
user_007935,45,M,UK,"food,automotive",1355,False
user_007936,18,F,US,automotive,316,False
user_007937,64,F,JP,automotive,1183,False
user_007938,52,F,AU,books,922,False
user_007939,31,M,CA,"home_garden,beauty",1351,True
user_007940,18,F,FR,jewelry,715,False
user_007941,38,M,MX,"books,automotive",1159,False
user_007942,18,F,DE,sports,475,False
user_007943,40,M,UK,"jewelry,books",973,False
user_007944,39,M,US,"clothing,sports,beauty",1232,False
user_007945,23,M,JP,"home_garden,beauty,food",1261,False
user_007946,48,M,BR,"home_garden,clothing",464,False
user_007947,44,Other,AU,"books,food,toys",1680,False
user_007948,46,F,CA,"automotive,electronics",1181,False
user_007949,35,Other,AU,"jewelry,books,home_garden",1122,False
user_007950,18,M,UK,"books,electronics",1300,False
user_007951,46,F,IN,"beauty,sports,automotive",1740,False
user_007952,31,M,AU,"books,electronics,food",215,False
user_007953,18,Other,DE,"automotive,food,electronics",349,True
user_007954,51,F,US,"food,jewelry,beauty",275,False
user_007955,60,M,UK,"jewelry,automotive",54,False
user_007956,34,M,CA,books,217,False
user_007957,60,M,UK,food,113,False
user_007958,36,F,BR,"food,books,beauty",670,False
user_007959,30,M,BR,books,115,False
user_007960,27,F,FR,"jewelry,toys",426,False
user_007961,54,M,BR,books,793,False
user_007962,25,F,BR,"jewelry,books,clothing",586,False
user_007963,43,M,AU,home_garden,1182,False
user_007964,28,F,AU,"automotive,books",815,False
user_007965,29,F,DE,"books,clothing",1225,False
user_007966,47,F,MX,"jewelry,electronics",623,False
user_007967,30,F,FR,sports,1559,False
user_007968,30,F,DE,food,715,False
user_007969,48,F,CA,"automotive,beauty",1020,False
user_007970,54,F,US,"beauty,jewelry,food",659,True
user_007971,42,M,MX,"beauty,electronics",1495,False
user_007972,27,M,AU,"sports,beauty",1200,False
user_007973,28,F,AU,"jewelry,books",846,False
user_007974,35,F,JP,sports,538,False
user_007975,38,F,IN,"food,beauty,electronics",97,False
user_007976,23,F,JP,"toys,jewelry",452,False
user_007977,43,M,CA,automotive,210,False
user_007978,36,F,DE,"beauty,electronics",57,False
user_007979,18,M,UK,books,378,False
user_007980,23,M,MX,automotive,1674,False
user_007981,28,Other,DE,"sports,toys",1009,False
user_007982,34,F,CA,"clothing,sports",1209,False
user_007983,57,M,MX,"clothing,beauty,jewelry",674,False
user_007984,37,M,FR,"jewelry,home_garden,beauty",679,False
user_007985,24,F,FR,"sports,clothing,toys",714,False
user_007986,37,M,BR,"jewelry,beauty,books",1336,False
user_007987,30,Other,MX,books,1420,True
user_007988,38,F,BR,"clothing,food,sports",511,False
user_007989,41,M,MX,clothing,867,False
user_007990,49,F,UK,"electronics,automotive",1783,True
user_007991,34,F,JP,"electronics,sports,beauty",1301,False
user_007992,54,M,AU,"food,sports,electronics",1264,False
user_007993,45,M,CA,"home_garden,sports,automotive",345,True
user_007994,26,F,CA,"sports,books,electronics",1667,True
user_007995,61,M,MX,"books,automotive,toys",74,False
user_007996,38,M,AU,"food,books,beauty",637,True
user_007997,24,M,FR,jewelry,938,False
user_007998,54,Other,BR,"food,electronics",1697,False
user_007999,59,M,JP,"electronics,toys",1203,False
user_008000,34,F,DE,beauty,1674,False
user_008001,28,Other,AU,"home_garden,toys,beauty",1205,False
user_008002,32,F,JP,"books,food,automotive",1195,False
user_008003,43,M,UK,books,1681,False
user_008004,50,F,IN,"sports,electronics,toys",1321,False
user_008005,41,M,FR,"clothing,electronics",726,False
user_008006,36,M,MX,"books,electronics,sports",1451,False
user_008007,52,M,CA,"clothing,beauty,food",1231,False
user_008008,31,M,JP,automotive,411,False
user_008009,47,F,CA,"jewelry,automotive",1213,False
user_008010,31,F,IN,automotive,1020,False
user_008011,40,F,UK,automotive,246,False
user_008012,33,F,DE,food,427,False
user_008013,34,M,BR,"home_garden,books",26,False
user_008014,30,F,BR,books,1581,False
user_008015,51,F,BR,home_garden,1556,False
user_008016,26,M,DE,"electronics,automotive,clothing",354,False
user_008017,26,M,IN,"books,jewelry,electronics",602,False
user_008018,60,F,IN,"home_garden,beauty,clothing",1590,False
user_008019,46,F,BR,"clothing,toys,sports",229,False
user_008020,18,Other,AU,sports,1275,False
user_008021,28,F,DE,books,273,False
user_008022,18,M,UK,food,1105,False
user_008023,23,F,CA,"home_garden,clothing,jewelry",430,False
user_008024,18,F,BR,electronics,1176,False
user_008025,33,M,AU,"clothing,food,home_garden",1067,True
user_008026,21,F,US,"automotive,books",168,False
user_008027,35,F,IN,"books,food",754,False
user_008028,18,M,BR,"books,clothing",18,False
user_008029,35,F,UK,"books,electronics",1687,True
user_008030,30,F,JP,food,887,False
user_008031,53,M,MX,"beauty,home_garden,toys",262,True
user_008032,51,F,UK,"home_garden,beauty,electronics",215,False
user_008033,44,F,MX,"jewelry,toys",669,True
user_008034,31,M,IN,jewelry,585,False
user_008035,58,M,MX,"jewelry,sports,beauty",570,False
user_008036,18,M,DE,"books,beauty",1350,False
user_008037,18,F,CA,sports,258,False
user_008038,33,M,CA,"beauty,toys",1202,True
user_008039,62,M,CA,"toys,beauty",617,False
user_008040,32,M,UK,"beauty,food",1635,False
user_008041,32,M,IN,"books,beauty",1549,False
user_008042,18,M,US,"toys,sports,jewelry",1813,False
user_008043,46,M,UK,electronics,975,False
user_008044,46,M,MX,"books,clothing",201,False
user_008045,44,M,IN,"jewelry,food",449,False
user_008046,27,F,DE,"food,jewelry",1533,False
user_008047,26,M,DE,"clothing,beauty",335,False
user_008048,19,Other,US,beauty,1468,False
user_008049,36,M,BR,"home_garden,sports,clothing",282,False
user_008050,22,M,UK,"books,electronics",1228,False
user_008051,20,M,US,food,1753,False
user_008052,29,F,MX,home_garden,1141,False
user_008053,29,M,AU,"food,jewelry,home_garden",327,True
user_008054,28,M,IN,automotive,388,False
user_008055,40,F,IN,"beauty,jewelry",1609,False
user_008056,35,F,IN,"home_garden,books",1237,False
user_008057,31,F,AU,"clothing,electronics",1568,False
user_008058,37,F,UK,"jewelry,automotive,clothing",1637,False
user_008059,23,F,IN,"sports,books,clothing",482,False
user_008060,36,M,MX,"electronics,toys,sports",1527,False
user_008061,36,F,FR,"beauty,home_garden",385,False
user_008062,18,M,US,"food,clothing,jewelry",554,True
user_008063,46,M,FR,"home_garden,books,sports",1696,False
user_008064,24,F,UK,electronics,1395,False
user_008065,36,M,FR,"home_garden,clothing",274,False
user_008066,48,F,BR,electronics,1567,False
user_008067,46,F,MX,"sports,food",1509,True
user_008068,35,M,DE,"clothing,books",750,False
user_008069,30,M,CA,"jewelry,toys,clothing",1744,True
user_008070,46,Other,CA,"books,food,jewelry",1335,False
user_008071,43,M,MX,electronics,1194,False
user_008072,27,M,IN,beauty,432,True
user_008073,25,M,JP,"food,jewelry,beauty",734,False
user_008074,18,F,US,clothing,108,False
user_008075,36,M,JP,"electronics,books",122,True
user_008076,34,M,DE,home_garden,696,False
user_008077,48,Other,US,"clothing,electronics",442,False
user_008078,39,M,CA,"automotive,beauty",490,False
user_008079,51,M,BR,"home_garden,automotive",1309,False
user_008080,26,M,AU,automotive,1030,True
user_008081,48,F,UK,"home_garden,electronics",357,False
user_008082,28,M,JP,automotive,397,False
user_008083,44,F,UK,"books,beauty",286,False
user_008084,18,M,JP,"electronics,home_garden,clothing",314,False
user_008085,37,M,BR,beauty,1380,False
user_008086,18,F,DE,"books,beauty,jewelry",1180,False
user_008087,31,F,CA,"toys,beauty",1013,False
user_008088,40,F,CA,toys,759,False
user_008089,28,M,AU,"electronics,home_garden,toys",1532,False
user_008090,22,M,CA,"books,home_garden",895,False
user_008091,45,M,BR,"books,jewelry",799,True
user_008092,33,M,AU,"food,electronics",1540,False
user_008093,29,M,DE,books,1418,True
user_008094,35,M,MX,"toys,sports,books",922,False
user_008095,66,F,MX,"sports,home_garden",1725,False
user_008096,48,M,IN,"toys,electronics,home_garden",1275,False
user_008097,48,M,US,clothing,252,False
user_008098,40,M,UK,"home_garden,beauty",197,False
user_008099,36,M,UK,"beauty,sports,books",712,True
user_008100,18,F,US,"sports,home_garden,food",1442,False
user_008101,26,M,AU,"electronics,automotive,home_garden",722,False
user_008102,29,M,IN,"home_garden,toys,sports",919,False
user_008103,18,M,CA,"food,jewelry,sports",332,False
user_008104,21,M,DE,"electronics,sports,home_garden",1633,False
user_008105,18,F,BR,"automotive,sports",1815,False
user_008106,34,F,JP,"electronics,food",1643,False
user_008107,44,M,IN,beauty,220,False
user_008108,48,F,BR,automotive,1070,False
user_008109,39,M,MX,"sports,beauty,clothing",456,False
user_008110,23,M,UK,sports,1323,False
user_008111,18,M,FR,"jewelry,books,food",900,False
user_008112,18,F,MX,electronics,1622,False
user_008113,19,M,IN,"toys,home_garden,beauty",1736,False
user_008114,24,M,DE,"electronics,beauty",86,False
user_008115,33,M,US,toys,134,False
user_008116,22,F,BR,"sports,clothing",323,False
user_008117,39,M,BR,"sports,clothing,electronics",672,False
user_008118,32,F,FR,toys,315,False
user_008119,35,M,UK,"automotive,sports,electronics",935,True
user_008120,48,F,BR,electronics,58,False
user_008121,20,M,BR,automotive,1211,True
user_008122,40,M,UK,"food,home_garden",853,False
user_008123,34,M,DE,food,1005,False
user_008124,30,M,JP,clothing,1306,False
user_008125,45,M,MX,"food,jewelry,sports",1412,False
user_008126,45,M,AU,automotive,1290,False
user_008127,23,F,JP,"toys,clothing",193,True
user_008128,32,M,BR,"home_garden,food",128,False
user_008129,38,F,DE,electronics,272,False
user_008130,31,F,FR,toys,1790,False
user_008131,42,F,US,"electronics,beauty,clothing",250,False
user_008132,38,F,JP,automotive,1160,False
user_008133,56,M,JP,"jewelry,clothing",949,False
user_008134,18,F,UK,"food,clothing,electronics",577,False
user_008135,33,F,JP,clothing,470,False
user_008136,24,M,JP,"books,jewelry,beauty",527,False
user_008137,42,M,BR,"beauty,automotive,toys",299,True
user_008138,18,F,CA,"electronics,books",1749,False
user_008139,39,M,DE,"toys,beauty,automotive",1447,False
user_008140,27,F,CA,"books,clothing,jewelry",1304,False
user_008141,26,F,AU,"food,beauty",5,False
user_008142,18,M,CA,sports,1333,False
user_008143,29,Other,DE,"home_garden,jewelry",466,True
user_008144,48,F,BR,"beauty,sports",256,False
user_008145,34,M,US,books,821,True
user_008146,42,F,DE,jewelry,30,False
user_008147,54,F,BR,"toys,food,jewelry",574,False
user_008148,38,F,BR,books,1136,True
user_008149,28,M,CA,jewelry,1254,False
user_008150,40,F,JP,jewelry,802,False
user_008151,28,M,DE,"books,toys",1623,False
user_008152,28,F,US,"sports,clothing",527,False
user_008153,18,M,MX,"clothing,toys",672,False
user_008154,46,F,JP,"automotive,sports",705,False
user_008155,30,M,FR,"clothing,home_garden,food",522,False
user_008156,37,F,BR,"jewelry,home_garden,books",1577,False
user_008157,22,F,JP,food,657,False
user_008158,40,F,CA,"automotive,sports,books",1574,False
user_008159,25,M,CA,"toys,sports",1327,True
user_008160,33,F,CA,"electronics,jewelry,books",479,False
user_008161,45,M,FR,"jewelry,sports",1135,False
user_008162,44,M,FR,home_garden,626,False
user_008163,34,M,JP,"home_garden,jewelry",1055,False
user_008164,18,F,JP,automotive,1672,False
user_008165,70,F,DE,"beauty,sports",1361,True
user_008166,55,F,UK,jewelry,414,False
user_008167,43,F,UK,"food,toys,clothing",749,False
user_008168,25,F,UK,"electronics,clothing",236,False
user_008169,33,F,DE,"automotive,clothing",434,True
user_008170,28,M,IN,jewelry,151,True
user_008171,50,M,UK,"food,toys,beauty",771,False
user_008172,38,M,BR,"food,beauty,electronics",1680,False
user_008173,25,F,AU,clothing,132,True
user_008174,29,M,MX,"automotive,clothing,electronics",1751,False
user_008175,48,M,BR,electronics,1000,False
user_008176,54,M,MX,toys,593,True
user_008177,53,F,IN,"toys,home_garden,electronics",355,False
user_008178,44,F,BR,books,855,False
user_008179,31,M,US,"clothing,jewelry,sports",940,False
user_008180,18,M,CA,"automotive,food,clothing",1742,False
user_008181,38,F,CA,toys,275,False
user_008182,34,F,CA,toys,1497,False
user_008183,36,F,IN,sports,1503,False
user_008184,35,F,DE,"automotive,clothing,toys",1415,False
user_008185,19,M,CA,"beauty,sports,electronics",1345,False
user_008186,41,F,CA,automotive,1001,False
user_008187,42,F,BR,automotive,1641,False
user_008188,43,F,IN,"sports,beauty,food",1208,False
user_008189,46,M,CA,sports,55,False
user_008190,42,M,UK,"books,clothing",615,False
user_008191,30,F,BR,"toys,clothing,automotive",913,False
user_008192,34,F,US,"beauty,home_garden",1478,False
user_008193,36,M,DE,"jewelry,automotive,toys",1524,False
user_008194,36,M,AU,home_garden,1641,False
user_008195,46,F,AU,"electronics,jewelry,books",401,False
user_008196,42,F,BR,"books,beauty,toys",1726,False
user_008197,59,F,DE,"home_garden,clothing,books",638,False
user_008198,61,M,UK,"food,electronics,clothing",1512,False
user_008199,35,M,BR,food,487,False
user_008200,18,M,CA,"automotive,home_garden",1705,False
user_008201,49,M,AU,clothing,879,False
user_008202,28,F,IN,"home_garden,automotive",975,True
user_008203,25,M,MX,home_garden,442,False
user_008204,30,F,CA,"automotive,clothing,electronics",1103,False
user_008205,29,M,BR,beauty,437,False
user_008206,42,F,JP,"home_garden,jewelry",169,False
user_008207,18,F,IN,jewelry,862,False
user_008208,22,M,BR,"food,automotive,sports",986,False
user_008209,39,F,DE,"home_garden,toys",97,False
user_008210,42,F,JP,"beauty,electronics",1262,False
user_008211,42,Other,JP,"books,automotive,beauty",1061,False
user_008212,25,M,MX,"sports,clothing",485,False
user_008213,23,M,IN,clothing,651,False
user_008214,28,M,DE,books,204,False
user_008215,37,F,JP,"electronics,home_garden",512,False
user_008216,52,F,DE,"beauty,clothing,jewelry",1218,False
user_008217,18,M,US,"beauty,toys",1714,False
user_008218,32,F,BR,jewelry,161,False
user_008219,19,F,CA,"automotive,sports",631,False
user_008220,18,M,CA,electronics,1603,False
user_008221,46,F,UK,"food,jewelry,automotive",1328,False
user_008222,41,F,UK,"beauty,clothing",823,False
user_008223,40,M,FR,beauty,1446,False
user_008224,46,M,AU,beauty,949,False
user_008225,29,M,US,"toys,electronics",383,False
user_008226,29,F,JP,"electronics,food",876,False
user_008227,61,M,AU,"jewelry,beauty",1458,True
user_008228,32,M,MX,electronics,840,False
user_008229,43,F,CA,"home_garden,books,toys",1017,False
user_008230,35,M,CA,sports,29,False
user_008231,18,F,IN,"home_garden,toys",1729,False
user_008232,18,M,UK,"toys,electronics,automotive",1131,False
user_008233,28,F,BR,electronics,217,False
user_008234,47,F,UK,automotive,1214,False
user_008235,44,M,UK,"jewelry,books,food",1037,False
user_008236,45,F,UK,automotive,1251,False
user_008237,23,M,UK,"books,clothing,toys",1737,False
user_008238,54,F,BR,food,863,False
user_008239,23,M,IN,automotive,883,False
user_008240,37,M,CA,"beauty,books,automotive",1223,False
user_008241,34,F,DE,"books,automotive",1046,True
user_008242,32,F,UK,"toys,beauty",999,False
user_008243,51,M,MX,clothing,1573,False
user_008244,26,M,AU,"jewelry,home_garden",282,False
user_008245,18,F,AU,"food,toys,books",702,False
user_008246,35,M,IN,"toys,beauty",1799,True
user_008247,30,M,FR,"toys,beauty",1221,True
user_008248,75,M,AU,food,516,False
user_008249,43,M,UK,toys,1779,False
user_008250,30,M,AU,sports,49,False
user_008251,22,F,CA,"toys,electronics",1214,False
user_008252,18,M,CA,"automotive,food,beauty",877,False
user_008253,22,M,IN,"sports,automotive",1736,False
user_008254,36,F,UK,"home_garden,automotive",1553,True
user_008255,52,F,BR,"beauty,automotive",965,False
user_008256,48,M,UK,beauty,698,True
user_008257,37,M,JP,"toys,beauty",662,False
user_008258,31,F,CA,"jewelry,toys,home_garden",601,False
user_008259,38,M,DE,"clothing,home_garden",696,False
user_008260,28,F,UK,"automotive,home_garden,sports",53,False
user_008261,55,M,JP,"books,food",751,False
user_008262,32,F,BR,electronics,1294,True
user_008263,33,M,JP,jewelry,903,False
user_008264,18,M,UK,"food,sports",69,False
user_008265,32,F,UK,"automotive,sports,home_garden",1535,False
user_008266,45,M,US,automotive,26,False
user_008267,22,M,IN,"electronics,home_garden",376,False
user_008268,25,F,DE,"clothing,food,home_garden",1671,False
user_008269,44,M,US,home_garden,896,False
user_008270,18,M,IN,"toys,beauty",547,False
user_008271,47,M,IN,"food,jewelry,sports",1282,False
user_008272,28,M,MX,"jewelry,beauty",978,True
user_008273,30,M,MX,"jewelry,clothing",1726,False
user_008274,21,M,JP,jewelry,1207,False
user_008275,39,F,MX,home_garden,1645,False
user_008276,64,F,FR,automotive,273,False
user_008277,44,F,JP,"automotive,toys,jewelry",1111,False
user_008278,24,M,US,"jewelry,automotive,sports",469,False
user_008279,48,F,US,"beauty,electronics",1799,False
user_008280,31,M,CA,sports,1547,False
user_008281,51,F,FR,"food,toys,beauty",443,False
user_008282,44,M,FR,"sports,beauty,food",1459,False
user_008283,18,F,MX,"toys,clothing,electronics",338,False
user_008284,22,F,FR,"food,electronics,sports",1069,False
user_008285,46,M,MX,"food,toys,clothing",919,False
user_008286,36,F,FR,"books,clothing",687,False
user_008287,22,Other,FR,"toys,clothing",1743,True
user_008288,27,F,CA,"home_garden,automotive,jewelry",1144,False
user_008289,18,Other,UK,"jewelry,beauty,home_garden",366,False
user_008290,33,F,AU,electronics,1182,False
user_008291,61,F,CA,"electronics,jewelry",213,False
user_008292,44,M,CA,"electronics,home_garden",376,False
user_008293,61,M,CA,"home_garden,jewelry",1674,False
user_008294,45,F,BR,"clothing,sports",254,False
user_008295,47,F,BR,"food,toys,books",1605,False
user_008296,58,M,UK,"sports,books,automotive",1014,True
user_008297,39,M,AU,"automotive,books",178,False
user_008298,32,F,JP,"electronics,food",484,True
user_008299,47,F,CA,sports,1202,False
user_008300,52,F,AU,jewelry,189,False
user_008301,29,M,AU,"books,food",992,True
user_008302,26,F,JP,"beauty,automotive",1596,False
user_008303,36,M,AU,home_garden,1427,False
user_008304,44,M,UK,"clothing,food",1179,False
user_008305,44,F,BR,jewelry,778,False
user_008306,18,F,US,"electronics,food",261,False
user_008307,57,F,CA,"jewelry,toys",627,False
user_008308,27,F,US,"automotive,sports",1433,False
user_008309,31,F,IN,jewelry,1305,False
user_008310,24,F,AU,"sports,toys",1707,False
user_008311,67,F,CA,"jewelry,clothing,toys",1231,False
user_008312,37,F,US,"sports,home_garden",430,False
user_008313,24,M,JP,books,1027,False
user_008314,45,M,BR,"home_garden,food,beauty",1089,False
user_008315,44,F,JP,"beauty,food",1817,False
user_008316,32,M,JP,jewelry,590,False
user_008317,45,M,AU,"clothing,home_garden,books",944,False
user_008318,25,M,JP,"clothing,books",627,False
user_008319,29,F,AU,"beauty,electronics,sports",758,False
user_008320,18,M,MX,"food,home_garden,clothing",309,False
user_008321,19,M,CA,"toys,books",1007,False
user_008322,56,Other,DE,home_garden,1650,False
user_008323,54,M,DE,"electronics,food,clothing",523,False
user_008324,35,M,BR,"automotive,toys,sports",1342,False
user_008325,54,F,FR,"jewelry,toys,food",1548,False
user_008326,33,F,FR,home_garden,1080,False
user_008327,32,M,JP,"automotive,jewelry",1070,False
user_008328,35,F,FR,"books,beauty,clothing",1142,False
user_008329,33,F,JP,"automotive,clothing",714,False
user_008330,32,M,BR,home_garden,1656,False
user_008331,48,F,BR,"jewelry,home_garden,food",477,False
user_008332,36,F,IN,"books,clothing",52,False
user_008333,43,F,FR,"sports,toys,electronics",593,False
user_008334,47,M,DE,"beauty,electronics,toys",837,False
user_008335,39,M,US,"books,automotive",921,False
user_008336,23,F,BR,"food,automotive",1374,False
user_008337,18,F,UK,"jewelry,food,clothing",1247,True
user_008338,36,F,IN,"jewelry,food,sports",1613,False
user_008339,32,M,BR,"home_garden,jewelry,electronics",575,True
user_008340,36,M,UK,"books,sports",114,False
user_008341,34,M,IN,books,1420,False
user_008342,66,M,IN,toys,1099,False
user_008343,19,F,UK,"clothing,automotive,toys",434,True
user_008344,18,M,AU,"electronics,toys",968,False
user_008345,38,F,AU,"toys,home_garden",975,False
user_008346,30,M,BR,"automotive,beauty",287,False
user_008347,38,F,US,"sports,home_garden,beauty",56,False
user_008348,42,F,MX,"automotive,toys,jewelry",330,False
user_008349,50,F,UK,"beauty,electronics",1785,False
user_008350,18,F,BR,sports,1532,False
user_008351,28,M,CA,"jewelry,food,beauty",1628,False
user_008352,40,M,US,"sports,toys",999,False
user_008353,44,M,DE,"jewelry,food,automotive",290,False
user_008354,61,F,AU,"toys,clothing",496,False
user_008355,46,M,US,electronics,279,False
user_008356,34,F,MX,"electronics,food",964,False
user_008357,24,F,UK,"toys,home_garden,electronics",517,False
user_008358,28,F,IN,"toys,electronics,clothing",1825,False
user_008359,27,F,US,electronics,112,True
user_008360,42,M,AU,"jewelry,clothing,beauty",1165,False
user_008361,38,M,AU,"books,jewelry,sports",894,False
user_008362,19,M,CA,books,1522,False
user_008363,29,M,MX,"sports,jewelry,clothing",1177,False
user_008364,45,M,MX,food,408,False
user_008365,39,F,AU,home_garden,889,False
user_008366,41,M,JP,"electronics,food,jewelry",1225,False
user_008367,39,F,FR,electronics,843,False
user_008368,54,M,IN,"clothing,books,food",1328,True
user_008369,37,F,MX,"home_garden,electronics",1628,False
user_008370,30,M,IN,"books,clothing,sports",903,False
user_008371,24,F,FR,"jewelry,toys,books",16,False
user_008372,37,M,AU,automotive,296,True
user_008373,18,M,US,"electronics,beauty",1147,False
user_008374,32,F,US,"clothing,jewelry,books",538,False
user_008375,32,M,MX,"beauty,automotive,toys",1130,True
user_008376,18,F,FR,"sports,electronics",1114,False
user_008377,23,M,MX,"beauty,sports",1579,False
user_008378,44,M,BR,"electronics,beauty",627,False
user_008379,37,M,DE,beauty,461,True
user_008380,36,Other,MX,"electronics,beauty,toys",1329,False
user_008381,38,M,UK,"toys,clothing",284,False
user_008382,36,M,AU,"home_garden,beauty,electronics",1761,False
user_008383,49,M,AU,beauty,1265,True
user_008384,36,M,BR,"beauty,jewelry,food",1102,False
user_008385,18,F,FR,food,1196,True
user_008386,54,M,DE,"sports,food,jewelry",1795,False
user_008387,39,F,UK,"electronics,home_garden,beauty",1422,False
user_008388,27,M,BR,"toys,electronics,clothing",866,False
user_008389,19,F,CA,"food,clothing",384,False
user_008390,39,M,MX,"home_garden,books,clothing",101,True
user_008391,33,F,FR,"toys,books,home_garden",1296,False
user_008392,53,F,FR,home_garden,16,False
user_008393,30,M,DE,"home_garden,clothing,sports",512,False
user_008394,24,M,FR,home_garden,1639,False
user_008395,45,M,DE,automotive,1645,False
user_008396,46,M,IN,"toys,automotive",70,False
user_008397,37,M,AU,"automotive,electronics",1140,False
user_008398,43,M,BR,"home_garden,automotive",1705,False
user_008399,34,F,CA,clothing,453,False
user_008400,37,F,US,"beauty,food,clothing",985,False
user_008401,48,F,IN,"sports,clothing,jewelry",1785,False
user_008402,42,M,JP,"clothing,sports",190,False
user_008403,32,M,UK,"jewelry,beauty,sports",73,True
user_008404,51,F,JP,"beauty,toys",801,False
user_008405,18,F,FR,"beauty,sports,jewelry",1592,False
user_008406,59,F,BR,"toys,home_garden,food",872,False
user_008407,18,M,FR,"jewelry,beauty,electronics",565,False
user_008408,27,F,IN,home_garden,210,False
user_008409,34,M,CA,books,1046,False
user_008410,33,M,JP,"clothing,automotive,toys",1816,False
user_008411,47,F,IN,"home_garden,toys,jewelry",123,False
user_008412,22,M,AU,home_garden,169,False
user_008413,38,M,UK,home_garden,1670,True
user_008414,28,F,CA,"electronics,books",973,False
user_008415,38,M,DE,"food,home_garden",465,False
user_008416,34,M,JP,"clothing,food,toys",1142,False
user_008417,36,F,AU,beauty,1365,False
user_008418,28,M,AU,"home_garden,clothing",1426,False
user_008419,28,F,CA,"sports,electronics",916,False
user_008420,38,M,JP,"home_garden,food",214,False
user_008421,46,M,MX,"toys,beauty",1171,False
user_008422,27,M,FR,toys,1518,False
user_008423,24,M,IN,beauty,77,False
user_008424,42,M,DE,"beauty,jewelry",593,True
user_008425,34,F,FR,automotive,638,False
user_008426,44,Other,UK,clothing,1374,False
user_008427,24,M,AU,"toys,sports,clothing",435,False
user_008428,18,M,AU,"beauty,books",781,False
user_008429,28,M,CA,"toys,clothing",157,False
user_008430,25,M,IN,"home_garden,jewelry",554,True
user_008431,34,M,BR,"clothing,home_garden,sports",1038,True
user_008432,27,F,BR,"electronics,food,clothing",1316,True
user_008433,43,M,AU,"beauty,clothing",203,False
user_008434,31,F,FR,"beauty,jewelry,home_garden",786,False
user_008435,36,M,UK,"books,toys",1731,False
user_008436,36,M,IN,automotive,1063,False
user_008437,37,F,BR,"automotive,sports",1462,False
user_008438,34,F,MX,electronics,65,False
user_008439,41,F,JP,sports,565,False
user_008440,25,M,US,home_garden,774,False
user_008441,51,F,MX,"beauty,clothing",98,False
user_008442,32,M,DE,"food,home_garden,automotive",1010,False
user_008443,19,F,BR,"home_garden,books",376,False
user_008444,37,F,AU,"home_garden,toys",122,False
user_008445,24,F,JP,books,1824,True
user_008446,42,M,FR,"electronics,sports,food",671,False
user_008447,61,F,AU,toys,533,False
user_008448,25,F,MX,beauty,959,False
user_008449,38,M,AU,"beauty,clothing",1658,False
user_008450,18,M,JP,"sports,books",1688,True
user_008451,40,F,BR,jewelry,321,False
user_008452,24,M,FR,beauty,235,False
user_008453,27,F,MX,"sports,clothing",1260,False
user_008454,21,M,US,"home_garden,toys,beauty",1313,False
user_008455,43,F,DE,beauty,877,True
user_008456,47,F,MX,"books,automotive",1350,False
user_008457,35,M,AU,automotive,1743,False
user_008458,24,F,CA,"home_garden,automotive,beauty",753,False
user_008459,54,M,BR,"jewelry,books,automotive",571,False
user_008460,25,F,BR,"books,sports",728,False
user_008461,18,F,IN,"clothing,books",1379,False
user_008462,40,F,JP,"beauty,toys,home_garden",1005,False
user_008463,21,M,US,"food,electronics",161,False
user_008464,46,F,IN,"clothing,home_garden,automotive",1010,False
user_008465,30,M,CA,sports,589,False
user_008466,42,M,AU,beauty,1546,False
user_008467,51,F,FR,"jewelry,automotive",1267,False
user_008468,20,M,AU,"home_garden,automotive,books",1777,False
user_008469,28,F,AU,jewelry,1412,False
user_008470,34,M,BR,"books,clothing",401,False
user_008471,53,F,US,"toys,jewelry",1611,False
user_008472,27,M,AU,"jewelry,books,sports",975,False
user_008473,27,F,UK,"clothing,electronics",80,False
user_008474,40,M,UK,books,1466,True
user_008475,28,M,JP,"beauty,jewelry,clothing",1222,False
user_008476,36,M,AU,home_garden,532,True
user_008477,18,M,FR,books,1286,True
user_008478,61,M,FR,"books,clothing,sports",973,True
user_008479,18,M,MX,"electronics,sports,beauty",805,False
user_008480,31,F,US,"food,automotive",1569,False
user_008481,34,F,MX,clothing,206,False
user_008482,57,M,DE,"automotive,sports",1447,False
user_008483,19,M,CA,beauty,849,False
user_008484,58,M,JP,home_garden,1685,False
user_008485,44,F,AU,"home_garden,clothing,electronics",911,True
user_008486,40,M,IN,"home_garden,books",206,False
user_008487,23,M,IN,"beauty,books",1495,False
user_008488,41,F,FR,"books,toys,electronics",676,False
user_008489,26,M,MX,jewelry,1254,False
user_008490,50,F,AU,"toys,automotive,clothing",26,False
user_008491,23,F,MX,"toys,food,jewelry",1160,False
user_008492,33,F,BR,"clothing,jewelry,sports",559,False
user_008493,28,Other,UK,home_garden,1226,False
user_008494,23,M,UK,electronics,742,False
user_008495,43,F,FR,"beauty,automotive",928,False
user_008496,41,M,BR,home_garden,71,True
user_008497,49,Other,IN,"jewelry,toys,automotive",887,False
user_008498,18,M,UK,"beauty,automotive,sports",789,False
user_008499,47,F,JP,electronics,727,False
user_008500,65,F,CA,sports,1726,False
user_008501,29,F,UK,"toys,beauty,sports",38,False
user_008502,57,F,FR,"food,clothing",1394,True
user_008503,31,F,US,"books,food,beauty",1142,False
user_008504,18,F,MX,"jewelry,beauty,toys",388,False
user_008505,31,F,FR,"sports,home_garden,jewelry",205,False
user_008506,47,F,DE,"beauty,books",708,False
user_008507,24,M,US,"toys,electronics,jewelry",1550,False
user_008508,27,F,US,"clothing,automotive,electronics",1338,False
user_008509,42,M,CA,"jewelry,clothing,beauty",1527,True
user_008510,35,F,IN,beauty,715,True
user_008511,42,F,BR,home_garden,1289,False
user_008512,37,F,FR,jewelry,1605,False
user_008513,40,M,JP,books,621,False
user_008514,29,F,DE,"sports,home_garden",585,False
user_008515,37,M,US,"toys,electronics,sports",1100,False
user_008516,23,M,FR,"sports,jewelry",1170,False
user_008517,50,F,DE,"toys,automotive,beauty",927,False
user_008518,27,M,UK,"automotive,books",1123,False
user_008519,48,M,JP,books,799,True
user_008520,32,M,BR,"books,automotive",4,False
user_008521,37,F,AU,"food,electronics,toys",1776,False
user_008522,29,M,FR,"beauty,clothing,automotive",483,True
user_008523,22,F,AU,books,418,False
user_008524,18,M,FR,"food,electronics,toys",958,False
user_008525,22,M,AU,"automotive,food",407,False
user_008526,31,F,AU,"books,electronics",472,False
user_008527,37,M,DE,electronics,690,False
user_008528,47,F,UK,"toys,sports,food",391,False
user_008529,29,F,AU,clothing,188,False
user_008530,24,M,JP,"home_garden,sports,automotive",1344,False
user_008531,18,M,FR,beauty,37,False
user_008532,40,F,UK,"electronics,home_garden,sports",506,True
user_008533,51,F,JP,"beauty,home_garden",885,False
user_008534,50,M,FR,toys,674,True
user_008535,43,M,DE,"beauty,books",436,True
user_008536,42,F,AU,"home_garden,sports",1486,False
user_008537,55,F,MX,"jewelry,food,home_garden",1739,False
user_008538,38,F,FR,"food,beauty",710,False
user_008539,42,Other,JP,"jewelry,food,electronics",603,True
user_008540,31,M,UK,"sports,clothing",663,False
user_008541,18,M,BR,sports,1031,False
user_008542,26,M,FR,"beauty,electronics",291,False
user_008543,34,F,MX,home_garden,236,False
user_008544,35,M,MX,beauty,1288,False
user_008545,58,M,DE,"sports,books",1496,True
user_008546,35,F,FR,"sports,beauty",794,False
user_008547,49,F,JP,"food,toys,jewelry",982,False
user_008548,29,F,JP,toys,1453,False
user_008549,31,M,DE,home_garden,1000,False
user_008550,19,F,US,"automotive,books,clothing",351,False
user_008551,26,F,JP,"food,clothing",145,False
user_008552,41,M,BR,"sports,clothing,beauty",727,False
user_008553,35,F,FR,toys,1116,False
user_008554,46,M,JP,"books,toys",1056,False
user_008555,37,M,AU,automotive,1456,False
user_008556,30,F,JP,"clothing,electronics",784,True
user_008557,60,F,FR,"jewelry,books",324,False
user_008558,33,F,IN,"automotive,electronics",687,False
user_008559,48,F,FR,toys,113,False
user_008560,30,F,BR,sports,1509,False
user_008561,43,M,BR,"clothing,jewelry,books",436,True
user_008562,46,F,AU,"books,home_garden,beauty",1439,False
user_008563,37,F,DE,books,73,False
user_008564,18,M,FR,home_garden,497,False
user_008565,35,F,MX,"books,home_garden,automotive",1384,False
user_008566,49,F,MX,clothing,1194,False
user_008567,41,F,BR,"food,home_garden,jewelry",1130,False
user_008568,40,F,FR,"food,automotive",802,True
user_008569,18,F,JP,"sports,books,automotive",1659,False
user_008570,26,M,CA,"beauty,clothing",1631,False
user_008571,39,M,JP,"food,sports",318,False
user_008572,39,M,IN,"automotive,clothing",1303,False
user_008573,49,M,DE,"jewelry,clothing,food",1727,False
user_008574,33,M,US,clothing,1061,False
user_008575,39,F,MX,"home_garden,clothing,sports",1445,False
user_008576,35,F,FR,food,400,True
user_008577,23,F,CA,"electronics,food",1171,False
user_008578,18,M,DE,sports,904,True
user_008579,40,M,IN,"books,automotive,electronics",576,False
user_008580,37,M,JP,"sports,clothing,toys",1213,False
user_008581,27,F,IN,"toys,books,sports",1518,False
user_008582,18,M,FR,"clothing,toys",1037,True
user_008583,42,F,CA,"electronics,beauty",157,True
user_008584,31,M,AU,"toys,books",1231,False
user_008585,41,F,IN,"beauty,books,jewelry",431,False
user_008586,57,M,BR,toys,1059,True
user_008587,18,M,CA,toys,1464,False
user_008588,26,F,DE,"sports,food,clothing",1403,False
user_008589,32,F,DE,clothing,1705,False
user_008590,52,F,AU,beauty,1404,True
user_008591,18,M,UK,automotive,248,False
user_008592,58,M,US,clothing,270,False
user_008593,36,F,MX,"beauty,home_garden,jewelry",814,False
user_008594,33,F,US,"jewelry,electronics,clothing",1102,True
user_008595,32,M,FR,home_garden,1664,True
user_008596,29,M,BR,"toys,jewelry",195,False
user_008597,47,F,IN,"books,food,sports",1580,False
user_008598,22,M,MX,"clothing,automotive",408,False
user_008599,39,F,BR,"home_garden,sports,food",1531,True
user_008600,30,F,CA,electronics,972,False
user_008601,25,M,IN,automotive,338,False
user_008602,66,F,CA,clothing,1718,False
user_008603,40,F,US,"clothing,sports",562,False
user_008604,42,F,MX,"toys,food",608,True
user_008605,48,M,MX,"jewelry,toys",1713,False
user_008606,18,F,JP,clothing,1078,False
user_008607,56,M,US,"home_garden,jewelry,sports",530,True
user_008608,18,M,US,"clothing,jewelry",440,True
user_008609,25,M,JP,"toys,clothing",1440,False
user_008610,29,F,JP,"toys,automotive",637,False
user_008611,41,M,CA,"books,electronics,food",1574,False
user_008612,37,M,JP,automotive,1176,False
user_008613,32,F,CA,home_garden,525,True
user_008614,34,F,CA,"food,books",1021,False
user_008615,23,F,MX,clothing,840,False
user_008616,18,F,MX,"toys,books,electronics",153,False
user_008617,43,M,DE,"sports,jewelry,clothing",1770,False
user_008618,43,M,JP,"electronics,clothing,food",868,False
user_008619,54,M,IN,"toys,home_garden,food",1626,False
user_008620,25,F,CA,"jewelry,home_garden,beauty",1489,False
user_008621,43,M,AU,"electronics,sports,food",1421,False
user_008622,31,M,AU,toys,787,False
user_008623,49,M,JP,"sports,clothing,toys",860,False
user_008624,47,Other,UK,"food,clothing",288,True
user_008625,37,F,US,"electronics,clothing",1419,False
user_008626,30,F,BR,"jewelry,home_garden,beauty",1293,False
user_008627,46,M,AU,toys,282,False
user_008628,42,M,FR,"clothing,beauty",385,False
user_008629,26,F,JP,"automotive,sports,electronics",135,False
user_008630,19,F,FR,"automotive,home_garden,electronics",574,False
user_008631,31,F,BR,jewelry,1107,False
user_008632,53,F,US,clothing,133,False
user_008633,48,F,FR,jewelry,20,False
user_008634,21,M,JP,"electronics,jewelry",706,False
user_008635,20,F,US,"jewelry,electronics,clothing",1794,False
user_008636,50,F,BR,"electronics,books",1123,False
user_008637,21,F,DE,"jewelry,electronics,beauty",1398,False
user_008638,41,M,JP,"jewelry,electronics,sports",1239,False
user_008639,27,F,JP,"jewelry,clothing,home_garden",1805,False
user_008640,54,M,JP,"home_garden,toys,books",163,False
user_008641,25,F,BR,toys,1814,True
user_008642,48,F,MX,"food,beauty,books",1448,False
user_008643,37,M,CA,"books,toys,clothing",1449,False
user_008644,38,F,CA,"food,automotive,clothing",198,False
user_008645,18,F,BR,"beauty,books",73,False
user_008646,18,M,JP,"food,beauty,automotive",334,False
user_008647,32,M,MX,"clothing,automotive,toys",1466,False
user_008648,37,M,MX,clothing,232,False
user_008649,21,M,BR,automotive,571,False
user_008650,21,F,US,sports,208,False
user_008651,41,F,DE,"automotive,sports,home_garden",1118,False
user_008652,41,M,JP,sports,363,False
user_008653,33,F,DE,"toys,home_garden,beauty",442,False
user_008654,44,F,FR,food,98,False
user_008655,20,M,CA,"electronics,home_garden,sports",635,False
user_008656,30,F,US,"sports,home_garden,books",1773,False
user_008657,54,F,UK,"sports,toys",998,False
user_008658,35,F,US,"home_garden,electronics,food",1174,False
user_008659,36,M,JP,"jewelry,automotive,sports",140,False
user_008660,62,M,US,"jewelry,beauty,clothing",442,False
user_008661,18,M,JP,"toys,books",273,True
user_008662,44,F,AU,"jewelry,electronics,books",930,False
user_008663,54,M,US,"beauty,jewelry,electronics",1568,False
user_008664,31,M,JP,"clothing,beauty",1393,False
user_008665,45,F,JP,"food,books",317,False
user_008666,23,M,BR,electronics,654,False
user_008667,26,M,US,automotive,657,False
user_008668,39,F,BR,clothing,1452,False
user_008669,44,M,FR,"electronics,food,books",313,False
user_008670,48,F,DE,"automotive,home_garden",466,False
user_008671,53,F,MX,"beauty,toys",555,False
user_008672,34,M,DE,"automotive,beauty",568,True
user_008673,49,M,IN,"automotive,sports",1238,False
user_008674,30,M,CA,"electronics,food,automotive",896,False
user_008675,45,M,CA,"beauty,food,jewelry",751,True
user_008676,37,M,MX,"jewelry,books,sports",496,False
user_008677,40,M,AU,"books,automotive,beauty",296,False
user_008678,40,M,IN,"food,home_garden,beauty",957,False
user_008679,18,Other,UK,"home_garden,sports",561,False
user_008680,21,M,JP,"food,jewelry",1593,False
user_008681,36,M,IN,"clothing,electronics",1100,False
user_008682,18,F,MX,food,857,False
user_008683,44,F,JP,"automotive,jewelry",898,False
user_008684,45,M,US,"books,electronics",1362,False
user_008685,38,Other,JP,"food,automotive",360,True
user_008686,21,M,JP,toys,677,True
user_008687,51,M,UK,"toys,beauty,clothing",272,True
user_008688,59,F,DE,home_garden,1288,False
user_008689,36,F,JP,"food,electronics,toys",645,False
user_008690,41,F,UK,"sports,toys,automotive",1013,True
user_008691,37,M,UK,"beauty,home_garden,toys",1669,False
user_008692,41,M,UK,"books,jewelry",1512,True
user_008693,33,M,MX,"beauty,jewelry",740,False
user_008694,34,M,IN,"food,home_garden,beauty",489,True
user_008695,45,F,BR,books,1468,True
user_008696,63,F,US,clothing,294,True
user_008697,18,M,IN,"jewelry,automotive",521,False
user_008698,33,M,BR,"beauty,jewelry,automotive",506,False
user_008699,20,M,MX,"home_garden,books,automotive",140,False
user_008700,54,M,MX,"clothing,automotive,home_garden",1663,False
user_008701,27,M,MX,"jewelry,automotive",1051,False
user_008702,18,M,MX,"sports,toys,food",1601,False
user_008703,42,F,JP,"automotive,sports",291,False
user_008704,55,F,CA,"home_garden,food,electronics",613,False
user_008705,42,F,MX,"automotive,sports,beauty",1488,True
user_008706,37,M,US,toys,1175,False
user_008707,39,M,JP,"home_garden,electronics,toys",596,False
user_008708,51,F,MX,"automotive,jewelry",1134,False
user_008709,24,M,FR,"sports,jewelry",169,True
user_008710,33,F,DE,"sports,books,electronics",940,False
user_008711,29,F,MX,jewelry,1057,True
user_008712,20,M,DE,books,1540,True
user_008713,31,M,JP,"clothing,books,beauty",1044,False
user_008714,48,F,AU,"sports,clothing",339,False
user_008715,41,F,BR,"electronics,jewelry",1021,False
user_008716,42,M,US,jewelry,422,False
user_008717,36,M,BR,"toys,electronics,food",1044,False
user_008718,41,M,CA,books,1804,False
user_008719,25,M,US,"sports,home_garden",1674,False
user_008720,31,M,FR,books,1116,False
user_008721,37,M,JP,"sports,home_garden",1822,False
user_008722,38,F,IN,beauty,357,True
user_008723,38,F,MX,"sports,beauty",860,False
user_008724,33,M,DE,sports,1394,False
user_008725,30,M,AU,books,1027,False
user_008726,72,M,IN,"home_garden,books,jewelry",245,False
user_008727,45,M,JP,beauty,923,False
user_008728,39,F,CA,"food,books",520,False
user_008729,32,M,MX,"sports,food",898,True
user_008730,29,M,JP,clothing,1640,False
user_008731,33,F,DE,"home_garden,clothing",612,False
user_008732,38,F,MX,"beauty,toys",573,False
user_008733,18,F,US,"sports,beauty,home_garden",1640,False
user_008734,18,F,AU,beauty,1032,False
user_008735,27,M,DE,toys,1424,False
user_008736,37,F,UK,"electronics,books",1241,False
user_008737,32,F,DE,"books,clothing",482,False
user_008738,52,F,IN,"books,automotive",64,False
user_008739,18,F,BR,"toys,sports",86,False
user_008740,25,F,JP,"beauty,electronics,clothing",1358,False
user_008741,53,M,DE,"home_garden,jewelry",387,False
user_008742,36,M,UK,books,1766,True
user_008743,45,Other,US,"food,electronics,automotive",1101,False
user_008744,59,Other,AU,books,483,True
user_008745,26,F,FR,electronics,1180,False
user_008746,33,F,US,"electronics,automotive",597,False
user_008747,31,M,US,food,1771,True
user_008748,18,M,BR,"automotive,books",1689,False
user_008749,31,F,FR,"jewelry,clothing,automotive",1163,True
user_008750,45,M,JP,"toys,beauty",1055,False
user_008751,41,F,US,"automotive,beauty,food",375,False
user_008752,42,M,FR,clothing,1699,False
user_008753,30,F,AU,books,32,False
user_008754,27,F,US,books,1415,False
user_008755,50,F,JP,"books,sports",1247,False
user_008756,29,M,JP,"beauty,toys,sports",776,False
user_008757,38,M,IN,"sports,toys,clothing",625,True
user_008758,36,F,UK,electronics,434,False
user_008759,52,M,CA,"sports,home_garden",1002,False
user_008760,46,M,DE,food,391,False
user_008761,19,F,IN,beauty,1413,False
user_008762,20,F,DE,"toys,books",1784,False
user_008763,41,M,AU,"home_garden,sports,beauty",566,True
user_008764,34,M,JP,"toys,beauty",1669,False
user_008765,29,M,AU,electronics,1226,True
user_008766,47,F,DE,automotive,1320,False
user_008767,37,F,FR,"jewelry,home_garden",618,False
user_008768,35,M,MX,"clothing,sports,electronics",1316,False
user_008769,44,F,AU,clothing,1298,False
user_008770,30,M,AU,"electronics,jewelry,food",944,False
user_008771,53,F,IN,"home_garden,clothing,jewelry",279,False
user_008772,25,M,CA,"electronics,automotive",795,False
user_008773,42,F,IN,"beauty,electronics,clothing",180,False
user_008774,52,F,CA,"sports,clothing",363,False
user_008775,18,F,AU,toys,929,True
user_008776,30,M,BR,"food,home_garden",1354,True
user_008777,48,M,JP,toys,91,False
user_008778,48,M,MX,"jewelry,food,clothing",478,True
user_008779,32,M,JP,automotive,338,False
user_008780,26,M,MX,"food,beauty",1241,False
user_008781,46,M,IN,"electronics,toys,jewelry",889,False
user_008782,49,M,UK,"electronics,beauty",174,False
user_008783,21,F,US,"books,automotive,jewelry",985,False
user_008784,20,M,FR,"sports,home_garden",46,False
user_008785,37,F,FR,"home_garden,jewelry",232,False
user_008786,42,Other,UK,"books,automotive,toys",1057,False
user_008787,31,M,JP,food,1118,False
user_008788,43,F,JP,"beauty,sports",573,False
user_008789,26,M,MX,books,1825,False
user_008790,18,F,FR,"books,beauty,automotive",112,True
user_008791,29,F,IN,"automotive,electronics",1592,False
user_008792,35,F,MX,"home_garden,sports",199,False
user_008793,31,F,FR,automotive,595,False
user_008794,21,M,DE,"home_garden,clothing,books",928,False
user_008795,18,M,BR,"automotive,home_garden",1194,False
user_008796,28,F,UK,"home_garden,books,clothing",791,False
user_008797,45,M,UK,food,245,True
user_008798,50,M,BR,"electronics,books",1786,False
user_008799,49,M,BR,food,1551,False
user_008800,25,F,UK,food,1029,False
user_008801,21,M,US,"electronics,jewelry,automotive",1796,False
user_008802,40,M,DE,home_garden,1478,True
user_008803,42,F,UK,"jewelry,electronics,sports",192,False
user_008804,39,M,AU,jewelry,1353,False
user_008805,18,F,DE,"clothing,books,food",546,False
user_008806,24,M,UK,"food,toys,sports",1061,False
user_008807,34,M,IN,"sports,toys,clothing",1525,False
user_008808,40,F,MX,toys,1557,False
user_008809,44,M,BR,"electronics,clothing",1520,False
user_008810,36,M,MX,jewelry,1544,True
user_008811,38,F,JP,"home_garden,jewelry,books",712,False
user_008812,36,F,UK,"food,automotive,toys",278,False
user_008813,43,M,MX,"jewelry,clothing",1729,False
user_008814,38,F,US,food,1383,False
user_008815,35,M,CA,"toys,jewelry,beauty",1104,False
user_008816,31,M,AU,"jewelry,food",1230,False
user_008817,35,F,IN,"food,toys",33,True
user_008818,40,F,JP,"beauty,electronics",1075,True
user_008819,38,F,FR,"home_garden,food,jewelry",1160,False
user_008820,39,F,DE,"sports,clothing",889,False
user_008821,51,M,FR,"toys,beauty,food",1321,False
user_008822,38,M,AU,"sports,toys",319,True
user_008823,27,M,FR,"home_garden,books",7,False
user_008824,45,F,IN,"food,automotive,books",1076,False
user_008825,18,F,AU,books,684,False
user_008826,22,M,IN,"toys,home_garden",1101,False
user_008827,39,F,MX,"electronics,food,clothing",1606,False
user_008828,41,F,UK,"books,home_garden",709,False
user_008829,20,M,UK,sports,1153,False
user_008830,30,F,CA,"food,electronics",1109,False
user_008831,27,F,DE,"clothing,jewelry",601,False
user_008832,29,M,JP,"beauty,toys,home_garden",766,False
user_008833,46,M,DE,"electronics,sports,clothing",1293,False
user_008834,43,M,IN,"toys,food,books",1243,False
user_008835,34,F,FR,"food,electronics,clothing",293,False
user_008836,28,M,UK,"toys,jewelry",1387,False
user_008837,18,M,BR,automotive,228,True
user_008838,52,F,US,"jewelry,books",976,False
user_008839,42,M,UK,"jewelry,automotive,electronics",497,True
user_008840,26,M,FR,"jewelry,toys,electronics",640,False
user_008841,43,M,BR,"clothing,food,home_garden",1448,False
user_008842,34,M,AU,sports,746,False
user_008843,31,F,FR,books,697,False
user_008844,40,F,CA,toys,1528,False
user_008845,26,M,FR,"toys,jewelry",783,False
user_008846,30,M,US,"toys,sports,jewelry",915,False
user_008847,36,M,AU,"home_garden,beauty",1736,False
user_008848,29,M,AU,jewelry,474,False
user_008849,43,F,MX,"electronics,toys",875,False
user_008850,57,F,FR,"food,jewelry,clothing",543,True
user_008851,25,F,CA,"books,sports",1122,False
user_008852,18,F,AU,"jewelry,clothing",443,False
user_008853,18,M,CA,jewelry,403,False
user_008854,33,M,JP,"clothing,automotive,sports",428,False
user_008855,27,M,FR,"sports,toys,beauty",297,False
user_008856,37,M,MX,electronics,1343,False
user_008857,36,F,CA,toys,1542,False
user_008858,18,F,IN,"sports,food,electronics",201,False
user_008859,18,M,MX,electronics,195,False
user_008860,38,F,DE,home_garden,1350,False
user_008861,36,F,FR,"books,beauty",275,False
user_008862,29,F,UK,"beauty,food",228,False
user_008863,18,M,FR,"books,sports,clothing",6,False
user_008864,40,F,UK,"books,home_garden",1050,False
user_008865,50,M,JP,"jewelry,books,sports",1012,False
user_008866,38,M,MX,"food,toys",895,True
user_008867,24,M,DE,"clothing,jewelry,food",486,False
user_008868,35,F,AU,"beauty,clothing,home_garden",423,True
user_008869,18,M,IN,"home_garden,beauty",1758,False
user_008870,47,Other,US,sports,1580,False
user_008871,35,M,BR,"electronics,sports,clothing",1363,False
user_008872,18,F,MX,"automotive,books",1103,False
user_008873,31,M,DE,"books,sports,automotive",1665,False
user_008874,40,M,BR,"home_garden,toys",9,False
user_008875,31,F,DE,"sports,food",1468,False
user_008876,31,M,JP,books,410,False
user_008877,20,M,CA,"home_garden,toys,clothing",214,False
user_008878,41,F,IN,automotive,574,False
user_008879,27,M,UK,"electronics,sports,automotive",907,False
user_008880,18,M,US,sports,705,False
user_008881,30,F,DE,"electronics,toys",1548,False
user_008882,46,M,DE,jewelry,550,False
user_008883,30,M,AU,"automotive,home_garden",244,False
user_008884,55,F,MX,"beauty,jewelry,electronics",921,False
user_008885,40,F,UK,"food,books",1524,False
user_008886,39,M,AU,"electronics,toys",1622,False
user_008887,33,F,DE,toys,54,False
user_008888,34,M,CA,"food,jewelry,clothing",1123,False
user_008889,31,F,MX,sports,265,False
user_008890,31,F,FR,"books,automotive",12,False
user_008891,41,F,IN,"automotive,books",1752,True
user_008892,23,F,IN,electronics,1749,True
user_008893,22,Other,MX,"automotive,books,jewelry",1695,True
user_008894,21,M,MX,clothing,561,False
user_008895,59,F,BR,beauty,1157,True
user_008896,41,F,MX,books,268,False
user_008897,38,M,US,"electronics,books,beauty",1629,False
user_008898,22,M,IN,books,1635,True
user_008899,42,F,FR,"food,automotive",682,False
user_008900,33,M,US,"sports,home_garden,books",476,False
user_008901,37,M,US,sports,1753,False
user_008902,23,M,IN,"electronics,jewelry",214,False
user_008903,36,F,DE,"electronics,toys",602,False
user_008904,29,F,DE,"automotive,jewelry,beauty",1382,True
user_008905,25,M,DE,"clothing,beauty",288,False
user_008906,43,M,MX,"toys,jewelry,electronics",1195,False
user_008907,18,F,UK,"sports,jewelry",1596,False
user_008908,41,M,CA,"jewelry,electronics",1706,False
user_008909,43,M,AU,"food,home_garden,jewelry",1257,False
user_008910,24,M,MX,"electronics,clothing,books",873,False
user_008911,25,F,MX,"home_garden,sports,jewelry",1404,False
user_008912,32,M,DE,"toys,food,clothing",1658,False
user_008913,38,M,MX,"beauty,jewelry,food",619,False
user_008914,33,M,UK,"food,electronics,automotive",1230,False
user_008915,40,M,JP,"electronics,home_garden,beauty",1669,False
user_008916,56,M,BR,"jewelry,books",368,False
user_008917,28,F,UK,beauty,764,False
user_008918,18,M,UK,"automotive,toys,jewelry",1349,False
user_008919,44,M,UK,"home_garden,automotive,food",132,False
user_008920,55,M,IN,clothing,1557,False
user_008921,39,F,UK,"jewelry,sports",1278,True
user_008922,21,M,FR,"toys,beauty,automotive",477,False
user_008923,33,F,CA,"toys,sports",457,True
user_008924,21,Other,US,"sports,electronics",1434,True
user_008925,42,M,JP,"electronics,clothing,automotive",508,False
user_008926,18,F,FR,sports,326,False
user_008927,31,M,IN,"jewelry,beauty",1245,False
user_008928,22,F,UK,"clothing,food,beauty",922,False
user_008929,36,M,IN,"sports,home_garden",1619,True
user_008930,30,F,CA,"home_garden,sports,beauty",1094,False
user_008931,37,Other,CA,electronics,1264,False
user_008932,35,F,JP,"electronics,clothing,jewelry",1202,False
user_008933,23,M,FR,"automotive,clothing,home_garden",176,False
user_008934,42,M,FR,"books,toys,automotive",1450,True
user_008935,34,F,MX,"electronics,beauty",1161,True
user_008936,23,F,US,"sports,electronics",770,False
user_008937,61,M,MX,jewelry,770,False
user_008938,40,F,US,beauty,1107,False
user_008939,33,M,CA,food,725,False
user_008940,51,M,AU,"automotive,home_garden,jewelry",1778,False
user_008941,57,M,MX,"toys,beauty",504,False
user_008942,33,F,JP,"automotive,clothing",1060,False
user_008943,39,F,IN,"clothing,electronics,food",1789,False
user_008944,23,M,BR,"home_garden,books,electronics",82,False
user_008945,33,F,IN,electronics,248,False
user_008946,32,Other,DE,"books,home_garden",670,False
user_008947,37,F,MX,"automotive,clothing,jewelry",1332,True
user_008948,38,M,AU,"food,jewelry,toys",1744,True
user_008949,41,Other,CA,food,638,True
user_008950,37,F,US,"food,toys",126,False
user_008951,20,F,AU,"books,beauty,food",1018,True
user_008952,23,F,IN,"sports,jewelry",618,False
user_008953,28,M,JP,"jewelry,beauty",131,False
user_008954,31,M,MX,"electronics,clothing,sports",44,False
user_008955,47,M,AU,"sports,jewelry,toys",297,False
user_008956,21,F,MX,"beauty,home_garden",936,False
user_008957,30,F,JP,"home_garden,electronics,food",1522,False
user_008958,46,F,DE,"books,sports",29,False
user_008959,31,F,AU,clothing,985,False
user_008960,40,F,AU,"electronics,toys",1605,False
user_008961,33,M,US,books,1630,False
user_008962,38,M,MX,"home_garden,toys,jewelry",864,False
user_008963,32,F,DE,clothing,942,True
user_008964,43,M,MX,"toys,books",1324,False
user_008965,18,M,BR,toys,1289,False
user_008966,30,M,IN,toys,138,False
user_008967,38,F,JP,books,202,False
user_008968,41,F,US,"sports,books,food",169,False
user_008969,52,F,DE,"books,home_garden,automotive",1319,False
user_008970,30,M,FR,electronics,89,False
user_008971,52,M,BR,"toys,food,sports",193,False
user_008972,27,M,UK,"beauty,home_garden,automotive",697,False
user_008973,50,F,DE,"automotive,home_garden,beauty",1722,False
user_008974,44,F,IN,"food,beauty,home_garden",530,False
user_008975,24,M,MX,home_garden,309,True
user_008976,38,M,AU,jewelry,1067,False
user_008977,34,M,MX,toys,429,False
user_008978,42,M,JP,books,1553,False
user_008979,32,M,IN,"automotive,electronics,food",320,False
user_008980,31,M,CA,beauty,1664,False
user_008981,51,F,AU,books,206,False
user_008982,33,M,UK,"automotive,home_garden,jewelry",961,False
user_008983,44,F,CA,jewelry,1429,False
user_008984,32,F,MX,"beauty,food,toys",1547,False
user_008985,54,M,BR,beauty,1707,True
user_008986,26,M,CA,"clothing,books",752,False
user_008987,27,F,BR,"sports,clothing",698,False
user_008988,53,M,DE,"books,home_garden,electronics",379,False
user_008989,29,M,BR,books,188,False
user_008990,54,Other,FR,"sports,home_garden",1508,False
user_008991,45,F,DE,"beauty,clothing,food",135,True
user_008992,33,M,US,"books,jewelry",1718,False
user_008993,18,M,BR,"jewelry,home_garden,electronics",879,False
user_008994,34,F,UK,electronics,1491,False
user_008995,36,M,US,"home_garden,clothing",1255,False
user_008996,49,M,US,sports,1681,False
user_008997,54,F,JP,"electronics,sports,beauty",1096,False
user_008998,26,M,MX,"beauty,clothing,electronics",734,False
user_008999,44,F,IN,"books,jewelry,food",472,False
user_009000,44,M,AU,jewelry,1617,False
user_009001,47,F,US,"sports,automotive",1008,False
user_009002,40,M,BR,"jewelry,toys",1627,False
user_009003,18,Other,DE,"home_garden,beauty",1135,False
user_009004,33,F,DE,"toys,home_garden",1790,False
user_009005,21,M,CA,"beauty,home_garden",1192,False
user_009006,32,M,IN,clothing,544,False
user_009007,46,F,DE,"automotive,clothing",335,False
user_009008,38,M,CA,"sports,jewelry,automotive",1098,False
user_009009,48,M,AU,"toys,sports",165,False
user_009010,39,F,BR,clothing,288,False
user_009011,19,M,US,"clothing,sports,books",983,True
user_009012,18,M,FR,jewelry,1096,True
user_009013,36,M,DE,"sports,toys",434,False
user_009014,32,M,DE,"beauty,sports",687,False
user_009015,23,M,US,home_garden,1688,False
user_009016,18,M,MX,"food,home_garden",1386,False
user_009017,26,F,MX,home_garden,1485,False
user_009018,32,M,BR,"automotive,toys",704,False
user_009019,42,M,MX,jewelry,179,False
user_009020,37,F,MX,"jewelry,home_garden,books",1686,True
user_009021,54,M,MX,"home_garden,beauty,electronics",1025,False
user_009022,22,M,JP,"beauty,jewelry,electronics",1044,True
user_009023,45,M,DE,clothing,944,False
user_009024,35,M,BR,"toys,jewelry",1447,False
user_009025,43,F,DE,food,635,False
user_009026,29,F,JP,"clothing,sports,automotive",1779,False
user_009027,47,F,BR,"clothing,sports",703,False
user_009028,38,M,JP,clothing,1536,False
user_009029,26,M,US,"sports,beauty,automotive",183,True
user_009030,34,M,MX,books,1407,False
user_009031,32,M,DE,"automotive,sports,clothing",110,False
user_009032,40,M,MX,"home_garden,electronics,jewelry",1437,False
user_009033,20,F,DE,books,1470,False
user_009034,34,M,MX,"clothing,food",899,True
user_009035,39,F,DE,"toys,automotive,home_garden",1132,False
user_009036,35,M,US,"toys,food,sports",1365,True
user_009037,51,M,CA,"food,jewelry,home_garden",1189,False
user_009038,44,F,MX,beauty,717,False
user_009039,34,M,AU,"clothing,books,jewelry",387,True
user_009040,37,M,FR,beauty,885,False
user_009041,38,M,JP,"toys,home_garden",974,False
user_009042,39,M,UK,"sports,jewelry",549,False
user_009043,18,M,CA,clothing,1643,False
user_009044,31,F,AU,"food,books,electronics",768,False
user_009045,18,M,IN,books,1720,False
user_009046,50,M,MX,"beauty,electronics",584,False
user_009047,34,Other,FR,beauty,1490,False
user_009048,32,Other,IN,"books,jewelry",578,False
user_009049,45,F,IN,"home_garden,books,toys",1185,False
user_009050,40,M,AU,electronics,1575,False
user_009051,21,M,CA,"books,automotive,beauty",1504,False
user_009052,34,F,JP,"books,home_garden",212,False
user_009053,30,F,FR,toys,1337,False
user_009054,18,F,DE,"books,food",60,True
user_009055,26,F,CA,"beauty,electronics,books",1647,False
user_009056,32,F,BR,"jewelry,home_garden",971,False
user_009057,33,F,MX,"clothing,electronics,sports",206,False
user_009058,18,M,CA,"electronics,beauty,sports",1139,False
user_009059,48,M,CA,"sports,electronics,jewelry",1023,False
user_009060,33,F,IN,"electronics,automotive",949,False
user_009061,35,F,JP,"beauty,clothing,jewelry",1250,False
user_009062,39,F,FR,books,935,False
user_009063,25,F,CA,"electronics,clothing,toys",1381,True
user_009064,40,M,MX,"food,toys,home_garden",1417,False
user_009065,30,M,AU,"sports,food,clothing",1341,False
user_009066,24,M,JP,"books,automotive,sports",1005,False
user_009067,41,M,FR,"sports,clothing",1595,False
user_009068,52,F,JP,"toys,food",422,False
user_009069,43,M,JP,toys,140,False
user_009070,46,F,AU,"clothing,jewelry,toys",1204,False
user_009071,28,M,BR,sports,241,False
user_009072,18,F,AU,"sports,food",834,False
user_009073,52,M,US,"home_garden,books",252,False
user_009074,59,F,IN,books,1072,False
user_009075,53,F,UK,sports,553,True
user_009076,30,F,US,clothing,1652,True
user_009077,21,M,IN,"sports,food",191,False
user_009078,22,Other,CA,"food,toys,clothing",1815,True
user_009079,18,M,AU,"electronics,books,clothing",1646,False
user_009080,33,F,BR,sports,1536,True
user_009081,54,M,DE,food,945,False
user_009082,33,F,JP,"food,sports",1422,False
user_009083,38,F,BR,"sports,books",125,False
user_009084,51,F,CA,"jewelry,clothing",817,False
user_009085,30,F,DE,"books,electronics,food",1171,False
user_009086,59,F,IN,home_garden,1328,False
user_009087,58,F,FR,automotive,427,False
user_009088,33,M,BR,"sports,beauty",738,False
user_009089,28,M,US,automotive,1410,False
user_009090,43,F,IN,"beauty,toys,electronics",621,False
user_009091,30,F,JP,food,1418,True
user_009092,21,F,CA,"automotive,sports",223,False
user_009093,50,M,BR,"sports,food,electronics",669,True
user_009094,49,F,DE,food,821,False
user_009095,36,M,IN,toys,1578,False
user_009096,19,F,DE,home_garden,24,False
user_009097,20,F,DE,electronics,1217,False
user_009098,36,F,IN,toys,285,False
user_009099,29,M,MX,"beauty,jewelry",302,True
user_009100,30,M,IN,clothing,212,False
user_009101,47,F,AU,home_garden,1679,False
user_009102,43,F,DE,books,467,False
user_009103,51,M,DE,home_garden,549,True
user_009104,23,M,IN,"electronics,automotive",1320,False
user_009105,30,F,DE,"automotive,sports",1374,False
user_009106,44,F,CA,"home_garden,books,automotive",871,False
user_009107,40,M,IN,"clothing,food",1449,True
user_009108,53,F,UK,"toys,home_garden,books",492,False
user_009109,40,M,CA,"beauty,books",707,False
user_009110,57,M,BR,"sports,food",58,False
user_009111,41,F,CA,"automotive,food",339,False
user_009112,47,M,BR,"beauty,food,home_garden",519,False
user_009113,31,M,BR,"electronics,automotive",1720,False
user_009114,35,F,US,books,820,False
user_009115,45,F,BR,"automotive,home_garden,electronics",999,False
user_009116,54,F,IN,"toys,food",729,False
user_009117,43,F,AU,"food,clothing",959,False
user_009118,34,M,FR,home_garden,1028,False
user_009119,51,F,MX,"electronics,books,home_garden",597,False
user_009120,18,M,CA,beauty,1391,False
user_009121,18,M,IN,"clothing,books",246,False
user_009122,43,M,IN,"electronics,food,toys",74,False
user_009123,35,M,DE,"beauty,books,automotive",1545,False
user_009124,42,F,BR,"clothing,food",310,True
user_009125,35,M,AU,"electronics,clothing",1307,False
user_009126,41,F,BR,"toys,food,automotive",508,False
user_009127,25,M,CA,toys,1775,False
user_009128,41,F,BR,"jewelry,automotive,electronics",255,False
user_009129,46,F,IN,"food,automotive",108,False
user_009130,49,Other,MX,sports,1739,True
user_009131,59,M,UK,"electronics,jewelry,home_garden",1093,False
user_009132,37,F,US,beauty,1657,False
user_009133,38,F,US,"home_garden,electronics,jewelry",390,False
user_009134,18,F,FR,"home_garden,clothing",904,False
user_009135,28,F,MX,books,757,False
user_009136,32,F,IN,sports,1284,False
user_009137,47,F,MX,"automotive,clothing,food",1737,False
user_009138,27,F,MX,"home_garden,books",273,False
user_009139,44,F,DE,"automotive,electronics",1069,False
user_009140,34,M,MX,"jewelry,automotive,toys",193,False
user_009141,32,M,JP,"books,electronics",1701,False
user_009142,37,F,IN,"home_garden,electronics",131,False
user_009143,30,M,BR,"clothing,sports,toys",1330,False
user_009144,29,M,CA,"automotive,toys,sports",1202,True
user_009145,18,M,CA,"beauty,clothing,electronics",1370,False
user_009146,32,M,BR,beauty,469,True
user_009147,29,F,IN,automotive,1013,True
user_009148,28,M,DE,"sports,books,home_garden",1313,False
user_009149,40,F,AU,food,325,True
user_009150,42,F,DE,"books,food",495,True
user_009151,37,M,UK,sports,1492,False
user_009152,46,M,BR,automotive,900,False
user_009153,41,M,UK,"food,books,jewelry",1339,False
user_009154,31,M,CA,"sports,toys,electronics",808,False
user_009155,29,F,US,"food,sports",1257,False
user_009156,38,F,MX,"home_garden,sports,toys",1033,False
user_009157,41,F,MX,"sports,toys",258,False
user_009158,51,M,US,"food,home_garden",667,False
user_009159,49,M,US,"electronics,automotive,clothing",48,True
user_009160,28,Other,UK,"food,automotive,home_garden",1713,False
user_009161,33,M,CA,toys,145,False
user_009162,43,F,DE,"electronics,home_garden",651,True
user_009163,47,F,DE,"clothing,home_garden,automotive",330,False
user_009164,46,M,AU,"sports,beauty",1488,False
user_009165,34,M,BR,"food,books",1453,False
user_009166,19,M,BR,sports,1673,False
user_009167,23,M,JP,"food,clothing,jewelry",803,False
user_009168,38,M,US,"jewelry,sports",1395,False
user_009169,39,M,MX,home_garden,1090,False
user_009170,21,M,IN,food,269,False
user_009171,35,F,IN,"jewelry,home_garden,electronics",1761,False
user_009172,42,F,UK,"electronics,clothing,books",361,False
user_009173,21,M,IN,toys,229,False
user_009174,48,M,JP,"clothing,electronics",351,False
user_009175,30,M,JP,"clothing,home_garden",268,False
user_009176,50,F,DE,"sports,jewelry,home_garden",1634,False
user_009177,28,F,AU,"sports,electronics,clothing",1815,False
user_009178,22,M,DE,electronics,96,False
user_009179,29,M,UK,automotive,315,False
user_009180,33,F,BR,"toys,jewelry,automotive",1051,False
user_009181,30,F,MX,clothing,1528,False
user_009182,32,M,FR,"jewelry,home_garden,food",998,False
user_009183,39,M,UK,"automotive,sports,clothing",1461,False
user_009184,32,F,AU,"food,clothing",140,False
user_009185,34,F,CA,automotive,1273,False
user_009186,18,M,MX,"home_garden,automotive",538,True
user_009187,39,F,AU,"automotive,sports",1299,False
user_009188,33,F,UK,"home_garden,sports,electronics",97,False
user_009189,54,M,MX,"books,automotive",1265,False
user_009190,23,M,AU,beauty,97,True
user_009191,18,F,UK,beauty,1356,False
user_009192,42,M,CA,food,1803,False
user_009193,39,M,US,"beauty,jewelry,electronics",928,False
user_009194,22,F,BR,"books,beauty,sports",902,True
user_009195,18,F,MX,"toys,food,automotive",23,False
user_009196,53,M,US,"clothing,toys",821,False
user_009197,51,M,MX,"food,sports",1713,False
user_009198,18,M,DE,food,348,False
user_009199,29,M,US,"clothing,food,toys",446,False
user_009200,54,M,DE,"beauty,sports",1219,True
user_009201,29,M,AU,"beauty,toys,jewelry",1531,False
user_009202,29,F,DE,"sports,clothing,jewelry",1102,False
user_009203,31,F,DE,"toys,electronics",1716,False
user_009204,21,F,CA,"clothing,jewelry",1799,False
user_009205,18,F,IN,"toys,home_garden,jewelry",1506,True
user_009206,47,M,CA,"sports,toys,electronics",469,False
user_009207,18,F,UK,"clothing,food,beauty",897,False
user_009208,37,F,CA,electronics,669,False
user_009209,45,F,JP,"clothing,sports,food",213,False
user_009210,18,F,MX,"beauty,electronics",1240,False
user_009211,23,M,BR,"automotive,beauty",1210,False
user_009212,49,F,JP,"automotive,jewelry",1457,False
user_009213,41,M,MX,"electronics,toys,beauty",1125,False
user_009214,27,F,BR,"automotive,food,sports",398,False
user_009215,49,F,IN,food,1567,False
user_009216,49,F,BR,"food,sports",48,False
user_009217,38,M,AU,"beauty,jewelry,home_garden",1766,False
user_009218,24,F,CA,"home_garden,books,food",169,False
user_009219,30,M,DE,beauty,969,False
user_009220,38,F,JP,beauty,332,False
user_009221,32,F,AU,"jewelry,automotive,clothing",258,False
user_009222,46,F,CA,"books,electronics,automotive",816,False
user_009223,18,F,CA,toys,1461,False
user_009224,18,Other,JP,toys,1300,False
user_009225,37,M,AU,books,674,False
user_009226,29,F,FR,"home_garden,automotive,jewelry",465,False
user_009227,27,F,AU,"jewelry,home_garden",1743,False
user_009228,18,F,DE,"jewelry,books",1527,True
user_009229,35,M,CA,"toys,jewelry",1024,False
user_009230,34,M,IN,"clothing,electronics,automotive",169,True
user_009231,42,F,JP,home_garden,818,False
user_009232,35,F,IN,food,1470,False
user_009233,33,F,MX,"sports,jewelry",143,False
user_009234,49,F,JP,food,708,True
user_009235,19,M,UK,"jewelry,sports,books",316,True
user_009236,41,M,BR,"clothing,beauty,home_garden",672,False
user_009237,18,M,MX,food,951,False
user_009238,24,M,DE,"toys,clothing,jewelry",1242,False
user_009239,20,F,UK,home_garden,1680,False
user_009240,44,M,CA,"electronics,clothing",632,False
user_009241,34,M,UK,"home_garden,sports,toys",999,False
user_009242,34,F,FR,food,195,False
user_009243,21,M,AU,home_garden,1749,False
user_009244,31,M,UK,"jewelry,food",1715,False
user_009245,25,F,FR,electronics,927,False
user_009246,39,M,JP,"clothing,toys",1423,False
user_009247,23,F,FR,"jewelry,automotive,books",1249,False
user_009248,50,F,US,"home_garden,books,food",327,False
user_009249,18,M,AU,"jewelry,toys",751,False
user_009250,25,M,MX,"electronics,clothing,books",1374,False
user_009251,55,F,MX,sports,1465,False
user_009252,29,M,AU,beauty,1182,False
user_009253,19,F,JP,clothing,748,False
user_009254,37,F,MX,"food,electronics,beauty",1761,False
user_009255,29,M,DE,"beauty,clothing",1579,False
user_009256,24,M,FR,books,1033,False
user_009257,21,M,JP,"electronics,food",46,False
user_009258,68,M,UK,clothing,1648,False
user_009259,31,M,BR,sports,1247,False
user_009260,18,M,US,clothing,1078,False
user_009261,52,M,AU,"beauty,sports",1450,False
user_009262,42,M,MX,"automotive,toys,books",113,False
user_009263,25,F,BR,"beauty,sports,automotive",182,True
user_009264,23,F,DE,"food,home_garden",1270,False
user_009265,43,Other,JP,"toys,electronics,food",515,False
user_009266,32,M,IN,"food,books,home_garden",1593,False
user_009267,18,M,AU,"home_garden,automotive,beauty",1302,True
user_009268,56,M,CA,"food,jewelry",1068,False
user_009269,29,M,BR,food,1793,False
user_009270,52,M,IN,beauty,323,False
user_009271,50,M,JP,"sports,home_garden,automotive",1562,False
user_009272,22,M,FR,beauty,623,False
user_009273,47,F,FR,"home_garden,books",1755,True
user_009274,27,M,AU,"toys,sports",1595,False
user_009275,18,M,MX,automotive,670,False
user_009276,29,M,DE,automotive,127,False
user_009277,39,F,UK,"clothing,electronics",1418,False
user_009278,29,M,AU,"sports,home_garden",1564,True
user_009279,31,M,MX,"electronics,home_garden,sports",1718,False
user_009280,48,F,BR,electronics,1797,False
user_009281,36,M,IN,"sports,automotive,toys",1374,False
user_009282,24,M,BR,beauty,901,False
user_009283,43,M,JP,"food,beauty",1724,False
user_009284,37,F,BR,"sports,books",1012,False
user_009285,18,M,AU,jewelry,268,False
user_009286,40,M,DE,"sports,jewelry",1563,False
user_009287,39,M,MX,toys,728,False
user_009288,35,M,CA,"clothing,sports,food",372,False
user_009289,45,F,BR,"home_garden,beauty,food",1276,False
user_009290,26,M,MX,sports,503,False
user_009291,39,F,UK,"home_garden,toys,books",1005,False
user_009292,18,F,FR,"home_garden,jewelry",1294,False
user_009293,39,M,JP,"food,toys",656,False
user_009294,58,M,JP,"automotive,books",730,False
user_009295,23,F,IN,"toys,clothing,beauty",1168,False
user_009296,25,F,AU,"electronics,home_garden,food",1081,False
user_009297,26,F,IN,"sports,books",1750,False
user_009298,36,M,MX,"automotive,food",44,False
user_009299,22,M,UK,beauty,1468,False
user_009300,40,M,CA,"beauty,clothing",1652,False
user_009301,45,F,MX,"clothing,automotive,toys",1788,False
user_009302,41,M,IN,clothing,1246,True
user_009303,18,M,DE,"clothing,automotive",1214,False
user_009304,46,F,JP,clothing,1039,False
user_009305,46,F,DE,beauty,1328,False
user_009306,44,M,AU,electronics,1309,False
user_009307,39,M,BR,clothing,855,False
user_009308,37,M,DE,"sports,home_garden",1750,False
user_009309,47,F,UK,"books,clothing,sports",1192,False
user_009310,58,F,UK,"books,home_garden,jewelry",66,False
user_009311,23,M,BR,"food,home_garden,books",749,False
user_009312,47,F,FR,clothing,1663,True
user_009313,33,F,MX,sports,1563,False
user_009314,33,M,CA,beauty,1638,False
user_009315,18,M,UK,food,1510,True
user_009316,31,F,UK,"sports,toys,home_garden",1619,True
user_009317,23,F,MX,"toys,food,electronics",1101,False
user_009318,29,M,AU,beauty,617,False
user_009319,21,M,UK,"jewelry,home_garden",456,False
user_009320,29,M,BR,beauty,8,False
user_009321,30,M,UK,"jewelry,food,home_garden",484,False
user_009322,36,M,US,beauty,921,False
user_009323,18,M,IN,"sports,food",1713,False
user_009324,18,M,UK,"books,sports,home_garden",389,True
user_009325,39,F,US,"home_garden,sports",1595,False
user_009326,25,F,BR,electronics,1566,False
user_009327,47,M,IN,"beauty,automotive",618,True
user_009328,37,M,BR,books,776,False
user_009329,42,F,US,clothing,868,False
user_009330,51,M,MX,"books,beauty",394,False
user_009331,31,M,UK,"sports,jewelry,automotive",1459,False
user_009332,28,M,CA,toys,1313,True
user_009333,45,M,FR,"electronics,automotive,home_garden",1483,False
user_009334,41,M,IN,food,525,False
user_009335,32,M,FR,"beauty,sports",943,False
user_009336,51,F,BR,"home_garden,sports",258,False
user_009337,32,M,AU,"toys,automotive,home_garden",1739,False
user_009338,35,M,DE,beauty,917,False
user_009339,35,M,IN,"toys,electronics",522,False
user_009340,23,F,US,home_garden,696,False
user_009341,35,M,DE,"food,beauty",1616,True
user_009342,51,F,US,"books,electronics,automotive",1299,False
user_009343,40,M,IN,"sports,books,electronics",981,False
user_009344,35,M,US,"sports,beauty,home_garden",1626,True
user_009345,33,F,JP,beauty,492,False
user_009346,38,F,FR,"toys,jewelry",834,False
user_009347,43,F,BR,"toys,sports,clothing",1111,False
user_009348,42,F,CA,"clothing,home_garden",602,False
user_009349,31,F,BR,"beauty,home_garden,books",1019,False
user_009350,38,F,DE,"jewelry,sports",1110,False
user_009351,40,M,JP,"automotive,jewelry,toys",820,False
user_009352,22,F,MX,"books,automotive",168,True
user_009353,37,F,CA,"clothing,toys",1241,False
user_009354,18,F,CA,"electronics,beauty",1366,False
user_009355,40,F,JP,sports,761,False
user_009356,42,M,DE,"toys,beauty",869,False
user_009357,43,M,FR,"sports,electronics,food",714,True
user_009358,30,M,MX,"home_garden,sports,beauty",443,False
user_009359,38,F,UK,"jewelry,beauty,toys",686,False
user_009360,52,F,FR,books,1733,True
user_009361,51,M,MX,"food,toys",875,False
user_009362,34,M,MX,"beauty,toys,clothing",1123,False
user_009363,36,M,CA,sports,783,False
user_009364,48,M,DE,"toys,home_garden,books",1737,False
user_009365,18,F,FR,"jewelry,home_garden",1544,False
user_009366,31,M,UK,"books,electronics,home_garden",1438,False
user_009367,51,F,CA,"automotive,toys,food",1595,False
user_009368,46,M,US,"toys,automotive,food",937,True
user_009369,39,M,CA,clothing,515,False
user_009370,18,F,BR,"automotive,books,toys",1371,True
user_009371,34,M,MX,"food,electronics,clothing",1139,False
user_009372,27,F,UK,"electronics,beauty",1184,True
user_009373,38,F,UK,"jewelry,sports,beauty",1734,True
user_009374,25,M,CA,"sports,books",269,True
user_009375,22,M,UK,"sports,electronics",344,False
user_009376,18,F,US,"beauty,automotive,home_garden",1147,True
user_009377,49,F,FR,"home_garden,beauty,food",179,False
user_009378,30,M,MX,electronics,368,False
user_009379,36,F,DE,clothing,1111,False
user_009380,34,F,JP,"jewelry,food",1587,False
user_009381,22,M,UK,beauty,17,False
user_009382,19,M,DE,"food,electronics",1511,False
user_009383,22,M,US,"food,electronics,home_garden",1701,False
user_009384,26,M,AU,"books,automotive",1165,False
user_009385,39,F,JP,"automotive,jewelry",1276,False
user_009386,25,M,DE,"toys,sports,automotive",165,True
user_009387,55,M,MX,"jewelry,toys",1318,False
user_009388,47,M,DE,"electronics,toys",463,False
user_009389,44,M,UK,"sports,home_garden",504,False
user_009390,33,F,BR,"automotive,food,electronics",211,False
user_009391,53,M,AU,"books,automotive",620,False
user_009392,32,F,CA,electronics,844,True
user_009393,34,F,IN,"jewelry,sports",1783,False
user_009394,37,M,JP,"toys,electronics",1031,False
user_009395,43,F,AU,"food,jewelry",473,False
user_009396,42,F,FR,"jewelry,food",1256,False
user_009397,29,F,MX,toys,1169,False
user_009398,28,F,FR,toys,1607,False
user_009399,42,F,CA,"toys,clothing,beauty",272,False
user_009400,43,M,IN,"home_garden,toys,jewelry",18,False
user_009401,30,M,JP,"clothing,food",660,False
user_009402,18,F,UK,"electronics,food,sports",1414,True
user_009403,32,M,JP,"toys,beauty",651,False
user_009404,42,F,FR,toys,801,False
user_009405,56,F,DE,"automotive,clothing,home_garden",1631,False
user_009406,20,M,US,books,582,False
user_009407,29,M,BR,clothing,1218,False
user_009408,30,M,IN,"automotive,books,electronics",914,False
user_009409,51,F,UK,"home_garden,food,electronics",358,False
user_009410,34,F,BR,"food,home_garden",1451,False
user_009411,24,F,MX,"electronics,clothing,books",1706,False
user_009412,41,M,US,jewelry,140,False
user_009413,30,M,BR,"electronics,sports",1808,False
user_009414,20,F,US,automotive,1483,False
user_009415,24,Other,MX,"sports,clothing,automotive",319,False
user_009416,55,F,CA,toys,1277,False
user_009417,39,F,UK,toys,489,False
user_009418,36,F,FR,"electronics,home_garden,automotive",889,False
user_009419,32,M,US,"home_garden,toys,clothing",582,False
user_009420,38,F,JP,"clothing,sports",179,False
user_009421,38,F,UK,"beauty,automotive,clothing",24,False
user_009422,38,F,MX,"jewelry,sports,books",378,False
user_009423,36,F,BR,clothing,1523,False
user_009424,45,F,DE,"beauty,automotive,home_garden",86,True
user_009425,35,F,IN,automotive,1410,True
user_009426,23,M,DE,food,1490,False
user_009427,27,F,US,"food,sports,jewelry",186,False
user_009428,18,M,IN,"sports,clothing",417,False
user_009429,59,M,BR,"sports,books",598,True
user_009430,45,F,IN,"sports,clothing,food",539,False
user_009431,25,M,DE,"electronics,books",1039,False
user_009432,31,M,UK,clothing,767,False
user_009433,27,F,US,jewelry,599,False
user_009434,53,F,FR,"jewelry,food,books",636,False
user_009435,18,Other,CA,books,296,False
user_009436,36,M,US,"jewelry,toys",772,False
user_009437,33,M,UK,"automotive,sports",1123,False
user_009438,44,F,UK,"toys,automotive",1413,False
user_009439,33,F,MX,"automotive,food",855,True
user_009440,18,M,MX,sports,1009,False
user_009441,31,F,CA,"automotive,clothing,electronics",130,True
user_009442,23,F,DE,automotive,705,False
user_009443,35,M,UK,"books,home_garden,electronics",238,False
user_009444,52,M,DE,"books,beauty,clothing",1627,False
user_009445,18,F,JP,"electronics,jewelry,sports",51,False
user_009446,25,M,US,"toys,electronics",1037,False
user_009447,28,M,US,"jewelry,beauty,clothing",531,True
user_009448,30,M,US,sports,1823,False
user_009449,43,F,AU,"automotive,jewelry",260,False
user_009450,32,F,IN,books,1788,False
user_009451,39,M,FR,home_garden,659,False
user_009452,27,F,UK,books,123,False
user_009453,37,M,FR,"food,electronics,automotive",651,False
user_009454,44,F,US,beauty,895,False
user_009455,26,M,US,"clothing,beauty",1041,False
user_009456,44,F,CA,"home_garden,books,toys",197,False
user_009457,35,F,FR,"home_garden,beauty",1657,False
user_009458,47,F,AU,"clothing,automotive,books",1361,False
user_009459,32,F,FR,"sports,toys,jewelry",473,True
user_009460,39,F,US,home_garden,1365,False
user_009461,34,F,AU,"beauty,automotive,clothing",1358,False
user_009462,33,M,JP,"home_garden,beauty",257,False
user_009463,38,F,MX,"automotive,electronics",1647,False
user_009464,41,M,FR,"clothing,sports,home_garden",488,False
user_009465,20,F,IN,jewelry,781,False
user_009466,52,F,AU,"beauty,toys",1777,False
user_009467,18,M,IN,books,37,False
user_009468,26,M,AU,"sports,food,books",134,False
user_009469,33,M,UK,sports,1119,False
user_009470,39,M,UK,"jewelry,clothing",1290,False
user_009471,53,M,BR,sports,1208,False
user_009472,18,M,BR,sports,1683,False
user_009473,28,F,UK,toys,1508,True
user_009474,18,F,CA,"home_garden,clothing,food",1705,False
user_009475,35,M,AU,"toys,home_garden,books",454,False
user_009476,38,F,AU,jewelry,414,True
user_009477,54,M,DE,"books,automotive",1354,False
user_009478,36,M,AU,electronics,1176,False
user_009479,47,F,AU,"beauty,automotive,clothing",79,False
user_009480,42,F,CA,books,27,False
user_009481,29,Other,BR,"jewelry,food,beauty",1441,False
user_009482,18,M,IN,"books,home_garden",1380,True
user_009483,38,M,UK,toys,1303,False
user_009484,18,F,CA,automotive,149,False
user_009485,50,F,BR,sports,960,False
user_009486,33,F,JP,food,1254,False
user_009487,49,M,UK,"home_garden,books,electronics",1712,False
user_009488,29,F,AU,"food,electronics",1777,False
user_009489,38,M,MX,"home_garden,electronics,sports",558,False
user_009490,37,F,DE,"jewelry,automotive",1415,False
user_009491,34,M,BR,"sports,jewelry",423,True
user_009492,29,F,FR,"electronics,books",42,True
user_009493,39,M,UK,electronics,144,True
user_009494,23,M,MX,"electronics,food",959,False
user_009495,20,F,FR,"books,clothing",517,False
user_009496,49,M,CA,"sports,home_garden,electronics",535,False
user_009497,43,M,IN,"food,beauty,automotive",303,False
user_009498,35,F,UK,"books,automotive,clothing",478,False
user_009499,54,F,DE,"clothing,beauty,electronics",993,True
user_009500,31,M,DE,"home_garden,beauty",1094,False
user_009501,50,M,FR,"toys,home_garden,food",1775,False
user_009502,37,F,CA,"home_garden,books,automotive",1249,False
user_009503,22,Other,CA,food,59,False
user_009504,57,M,DE,"beauty,automotive",538,False
user_009505,46,M,FR,books,248,True
user_009506,33,M,CA,automotive,1477,False
user_009507,43,F,UK,beauty,519,False
user_009508,30,M,CA,"automotive,books,food",1185,True
user_009509,44,Other,IN,"sports,jewelry,food",1777,False
user_009510,18,M,US,"clothing,home_garden,books",833,True
user_009511,22,Other,UK,sports,476,False
user_009512,46,F,FR,"food,home_garden",967,True
user_009513,32,F,JP,"beauty,jewelry",392,False
user_009514,37,F,AU,"clothing,sports,jewelry",949,False
user_009515,18,F,CA,"clothing,automotive,electronics",1157,True
user_009516,57,M,IN,"home_garden,toys,automotive",1299,False
user_009517,49,M,US,sports,1050,False
user_009518,32,M,BR,food,564,False
user_009519,30,Other,US,"jewelry,books",1000,False
user_009520,47,M,FR,home_garden,851,False
user_009521,58,F,FR,beauty,1015,True
user_009522,46,M,US,sports,1023,True
user_009523,61,Other,IN,jewelry,423,False
user_009524,23,F,JP,"books,automotive",445,True
user_009525,25,M,AU,electronics,1410,False
user_009526,20,M,CA,"sports,food",1236,False
user_009527,40,M,DE,"food,home_garden",204,False
user_009528,37,M,IN,"home_garden,sports,electronics",1213,False
user_009529,33,F,MX,"electronics,home_garden",417,False
user_009530,44,F,MX,"toys,sports,food",403,False
user_009531,49,F,AU,"beauty,toys,books",597,True
user_009532,18,M,UK,"books,toys",1077,False
user_009533,27,M,FR,"books,toys,food",883,True
user_009534,44,M,FR,toys,382,False
user_009535,29,F,BR,food,715,False
user_009536,25,M,BR,sports,1510,False
user_009537,47,F,BR,"beauty,home_garden",1498,False
user_009538,19,M,JP,"food,clothing,toys",308,False
user_009539,31,F,US,"home_garden,toys",1543,False
user_009540,38,Other,MX,electronics,1087,False
user_009541,28,F,IN,home_garden,1192,False
user_009542,44,F,AU,"automotive,food",1769,False
user_009543,28,F,BR,"books,clothing,automotive",1135,False
user_009544,51,M,MX,toys,1078,False
user_009545,33,F,UK,beauty,99,False
user_009546,43,M,JP,"jewelry,food,home_garden",1072,False
user_009547,43,F,BR,electronics,1263,False
user_009548,27,F,JP,"jewelry,books",1589,False
user_009549,18,F,MX,"clothing,toys,automotive",84,False
user_009550,39,M,JP,"books,toys,automotive",1500,False
user_009551,35,F,JP,"toys,home_garden",472,False
user_009552,41,M,US,food,38,False
user_009553,32,M,US,"beauty,jewelry",1334,False
user_009554,29,F,FR,home_garden,1600,False
user_009555,59,M,AU,clothing,306,False
user_009556,18,F,BR,"books,electronics,food",990,False
user_009557,43,M,IN,"automotive,jewelry,toys",357,False
user_009558,28,M,DE,"clothing,toys,automotive",1132,False
user_009559,30,M,DE,automotive,368,False
user_009560,31,M,JP,"toys,jewelry",668,True
user_009561,25,M,DE,"beauty,automotive,toys",1740,False
user_009562,41,F,IN,"electronics,sports",1664,False
user_009563,51,M,IN,jewelry,543,True
user_009564,40,F,UK,"clothing,books,toys",933,False
user_009565,36,M,BR,"jewelry,automotive",1806,False
user_009566,23,F,CA,"home_garden,beauty",114,False
user_009567,41,M,DE,"food,electronics,beauty",99,False
user_009568,60,M,JP,toys,1409,False
user_009569,30,F,BR,jewelry,1469,False
user_009570,30,F,UK,"food,clothing",1437,False
user_009571,28,F,UK,"electronics,food,home_garden",1488,False
user_009572,29,F,MX,clothing,965,False
user_009573,18,M,US,"electronics,jewelry",51,False
user_009574,39,M,DE,toys,445,False
user_009575,24,M,DE,home_garden,289,True
user_009576,18,Other,AU,"clothing,books",1341,False
user_009577,44,M,US,clothing,347,False
user_009578,22,M,FR,"electronics,sports,clothing",1166,False
user_009579,30,M,AU,"sports,beauty",200,False
user_009580,52,F,IN,"beauty,toys",452,False
user_009581,18,M,IN,"beauty,electronics,books",1262,False
user_009582,18,M,FR,"food,books",1458,False
user_009583,38,M,CA,"home_garden,electronics",485,False
user_009584,48,M,MX,"automotive,beauty,sports",1350,False
user_009585,18,F,IN,toys,233,False
user_009586,39,F,BR,home_garden,147,True
user_009587,41,F,UK,"jewelry,electronics",458,False
user_009588,18,F,US,"toys,automotive",1796,False
user_009589,44,F,IN,"automotive,jewelry,food",53,False
user_009590,45,F,BR,books,1631,False
user_009591,31,Other,IN,"electronics,beauty,home_garden",1522,False
user_009592,50,F,MX,automotive,699,False
user_009593,48,F,US,"books,food",471,False
user_009594,36,M,IN,"food,home_garden",7,False
user_009595,29,F,FR,"clothing,sports",338,False
user_009596,23,M,US,"toys,sports,automotive",1685,False
user_009597,34,F,US,home_garden,69,False
user_009598,41,F,DE,"automotive,toys,beauty",1427,False
user_009599,31,M,BR,home_garden,1073,True
user_009600,18,F,UK,sports,131,False
user_009601,50,M,BR,"sports,toys",450,False
user_009602,37,M,JP,"clothing,sports",144,False
user_009603,30,M,FR,clothing,307,True
user_009604,45,Other,JP,"food,books,sports",234,False
user_009605,53,M,FR,home_garden,1450,True
user_009606,18,Other,UK,"toys,automotive",1753,False
user_009607,40,M,MX,"home_garden,sports",1714,False
user_009608,18,M,DE,"sports,clothing",787,False
user_009609,40,F,IN,"electronics,clothing,beauty",1313,False
user_009610,36,F,FR,books,92,False
user_009611,42,F,FR,clothing,1800,False
user_009612,29,M,IN,"beauty,electronics",839,False
user_009613,18,M,JP,"books,sports",286,False
user_009614,29,M,DE,sports,1175,False
user_009615,39,M,DE,jewelry,1100,False
user_009616,47,F,FR,"automotive,toys",245,False
user_009617,20,M,JP,books,402,False
user_009618,47,F,AU,"sports,automotive,food",1473,False
user_009619,27,Other,JP,"clothing,books,electronics",1242,False
user_009620,39,F,UK,"beauty,books",73,False
user_009621,28,M,UK,"beauty,home_garden,clothing",685,False
user_009622,37,F,MX,"food,automotive",909,False
user_009623,45,M,DE,sports,1245,True
user_009624,20,M,FR,"automotive,clothing,electronics",1129,False
user_009625,26,M,JP,"books,sports",655,False
user_009626,37,M,IN,"sports,beauty",663,False
user_009627,63,M,US,"automotive,beauty,electronics",627,False
user_009628,24,F,IN,"food,automotive,sports",1775,False
user_009629,59,M,JP,"electronics,toys",1188,False
user_009630,59,F,MX,jewelry,630,True
user_009631,33,M,US,"books,clothing,electronics",1629,False
user_009632,31,M,IN,"food,home_garden",1801,True
user_009633,26,M,MX,electronics,452,False
user_009634,34,M,DE,"food,jewelry",1156,False
user_009635,18,M,CA,beauty,208,False
user_009636,34,F,UK,food,1613,False
user_009637,52,M,AU,"home_garden,jewelry",1066,False
user_009638,27,F,JP,"sports,electronics,jewelry",354,False
user_009639,32,M,UK,books,181,False
user_009640,18,M,IN,"sports,jewelry",1542,False
user_009641,39,F,UK,sports,38,False
user_009642,38,F,UK,toys,1803,True
user_009643,35,F,BR,home_garden,1390,False
user_009644,32,F,AU,"food,home_garden,electronics",196,False
user_009645,31,M,BR,"toys,electronics,food",353,True
user_009646,41,F,CA,home_garden,19,False
user_009647,34,M,BR,clothing,1139,False
user_009648,38,M,UK,"home_garden,sports",561,False
user_009649,37,M,US,clothing,515,False
user_009650,48,Other,IN,automotive,1786,False
user_009651,43,M,JP,"food,beauty",1250,False
user_009652,37,M,DE,"home_garden,toys,jewelry",72,False
user_009653,53,M,MX,"clothing,toys,beauty",1186,False
user_009654,40,M,US,automotive,138,False
user_009655,50,M,US,"clothing,automotive",1606,False
user_009656,42,F,FR,food,1823,False
user_009657,18,F,FR,"toys,food",183,False
user_009658,50,M,US,"toys,sports,books",1041,False
user_009659,36,F,FR,"books,home_garden,jewelry",1279,False
user_009660,34,F,BR,"toys,sports,food",437,False
user_009661,38,M,MX,food,1461,False
user_009662,30,M,CA,"books,clothing,home_garden",11,False
user_009663,37,M,MX,automotive,1323,False
user_009664,27,M,DE,beauty,918,False
user_009665,50,F,JP,"electronics,beauty",1265,False
user_009666,33,F,JP,"books,toys,clothing",1509,False
user_009667,30,Other,IN,sports,1383,False
user_009668,23,F,US,beauty,380,False
user_009669,38,F,CA,"books,clothing",974,False
user_009670,37,M,CA,"sports,electronics",223,False
user_009671,39,M,UK,"toys,beauty,jewelry",1784,False
user_009672,22,M,US,"toys,sports",899,False
user_009673,18,Other,US,"toys,jewelry",732,False
user_009674,42,F,MX,clothing,1441,False
user_009675,52,M,JP,"home_garden,food,sports",1625,False
user_009676,22,M,BR,food,1615,False
user_009677,54,F,CA,"books,sports,jewelry",1603,False
user_009678,38,F,JP,automotive,1578,False
user_009679,34,F,IN,books,297,False
user_009680,30,M,MX,books,1255,False
user_009681,18,F,IN,"food,jewelry,sports",151,False
user_009682,46,M,BR,"electronics,toys,clothing",711,False
user_009683,25,M,US,electronics,1145,False
user_009684,25,M,IN,books,805,False
user_009685,46,M,DE,"automotive,clothing",566,False
user_009686,18,F,IN,"beauty,toys",1514,False
user_009687,18,M,CA,"clothing,books",228,False
user_009688,34,M,BR,automotive,1027,False
user_009689,38,M,JP,"food,jewelry",1191,False
user_009690,40,F,DE,electronics,1359,False
user_009691,31,Other,JP,"books,food",761,False
user_009692,65,F,IN,"automotive,clothing,home_garden",1215,False
user_009693,32,M,FR,"books,home_garden",749,False
user_009694,32,F,US,books,638,False
user_009695,25,F,AU,"toys,home_garden,beauty",283,False
user_009696,36,F,US,beauty,569,False
user_009697,42,F,JP,electronics,1565,False
user_009698,49,M,AU,"automotive,jewelry",1165,False
user_009699,18,M,IN,"home_garden,automotive",1283,False
user_009700,32,F,BR,books,115,False
user_009701,40,F,JP,toys,825,False
user_009702,42,F,MX,books,1367,False
user_009703,35,F,UK,automotive,527,False
user_009704,41,F,MX,"toys,beauty,jewelry",1356,False
user_009705,25,F,AU,"food,automotive,clothing",529,False
user_009706,53,F,UK,"home_garden,toys,clothing",648,False
user_009707,46,F,JP,home_garden,1561,False
user_009708,18,M,CA,"sports,home_garden",469,True
user_009709,22,F,BR,"books,toys",1121,False
user_009710,22,M,UK,"beauty,toys",224,False
user_009711,43,F,JP,"toys,automotive",7,False
user_009712,19,M,IN,"sports,electronics",1011,False
user_009713,31,M,IN,"electronics,clothing",323,False
user_009714,40,F,BR,"toys,clothing,sports",466,True
user_009715,34,M,MX,"automotive,electronics",1020,False
user_009716,38,M,MX,"books,food,home_garden",1258,False
user_009717,22,F,DE,"sports,toys,beauty",217,False
user_009718,42,F,IN,"toys,beauty",1097,False
user_009719,27,F,FR,"toys,automotive,sports",1411,False
user_009720,31,M,CA,"toys,automotive,sports",766,False
user_009721,37,M,UK,"beauty,jewelry,food",702,False
user_009722,36,F,AU,"food,jewelry,books",870,True
user_009723,35,F,BR,"electronics,books,home_garden",1788,False
user_009724,25,F,JP,jewelry,1457,False
user_009725,31,Other,MX,"sports,food,home_garden",924,False
user_009726,35,F,JP,"toys,beauty",606,False
user_009727,18,F,UK,"clothing,automotive",1381,False
user_009728,29,M,JP,"home_garden,sports",221,False
user_009729,39,M,BR,"jewelry,food,beauty",648,False
user_009730,19,F,US,sports,845,True
user_009731,48,F,JP,electronics,1666,False
user_009732,50,F,MX,toys,860,False
user_009733,20,F,IN,food,1427,False
user_009734,51,M,DE,home_garden,777,False
user_009735,33,F,IN,"home_garden,clothing",358,False
user_009736,40,F,DE,"jewelry,automotive",1818,True
user_009737,29,F,BR,"food,automotive",324,False
user_009738,46,Other,MX,beauty,177,False
user_009739,39,M,IN,"food,electronics,clothing",433,False
user_009740,25,M,JP,"sports,beauty,jewelry",565,False
user_009741,21,M,JP,"clothing,beauty",1311,False
user_009742,18,F,FR,"beauty,books",103,True
user_009743,37,F,IN,"beauty,food",1811,False
user_009744,41,M,DE,"jewelry,books",1773,False
user_009745,42,F,AU,electronics,1477,False
user_009746,33,F,CA,"food,sports",558,True
user_009747,21,F,US,clothing,432,False
user_009748,26,F,IN,electronics,957,False
user_009749,48,F,US,clothing,575,False
user_009750,29,Other,US,"toys,automotive",1356,False
user_009751,36,F,DE,"automotive,clothing,food",255,True
user_009752,22,M,US,"food,clothing",544,False
user_009753,39,Other,JP,"automotive,home_garden",1652,False
user_009754,29,M,JP,"automotive,electronics,clothing",734,False
user_009755,47,F,DE,"clothing,home_garden,toys",343,False
user_009756,44,F,UK,electronics,1403,True
user_009757,29,F,AU,home_garden,51,False
user_009758,33,F,FR,"home_garden,sports",604,False
user_009759,28,M,IN,sports,298,False
user_009760,18,Other,BR,"sports,electronics",1161,False
user_009761,24,M,UK,"home_garden,sports",1374,False
user_009762,37,F,UK,"toys,jewelry",1703,False
user_009763,38,M,FR,"books,clothing",1196,False
user_009764,36,F,MX,"beauty,electronics,clothing",990,False
user_009765,31,F,DE,electronics,1645,True
user_009766,46,Other,BR,"automotive,electronics",308,False
user_009767,35,F,UK,"electronics,beauty",1270,False
user_009768,43,F,CA,"automotive,home_garden,electronics",700,False
user_009769,18,F,BR,toys,1716,False
user_009770,18,F,US,jewelry,556,True
user_009771,38,F,AU,clothing,1200,True
user_009772,18,M,UK,"books,food",1567,False
user_009773,32,F,DE,"beauty,toys",381,False
user_009774,31,M,AU,automotive,1491,True
user_009775,54,M,US,automotive,197,False
user_009776,39,M,MX,"beauty,books,automotive",365,False
user_009777,36,M,JP,"sports,jewelry",885,False
user_009778,45,F,DE,beauty,1421,True
user_009779,39,F,JP,jewelry,1436,False
user_009780,29,F,IN,"toys,clothing,home_garden",345,False
user_009781,47,M,DE,"jewelry,clothing",1649,True
user_009782,21,M,AU,food,774,False
user_009783,38,M,IN,"clothing,automotive",1308,True
user_009784,18,F,US,"clothing,food",1078,False
user_009785,37,M,IN,home_garden,1472,False
user_009786,37,Other,DE,books,122,False
user_009787,55,F,JP,"beauty,food,electronics",746,False
user_009788,18,M,US,"jewelry,books",1009,False
user_009789,27,F,CA,"jewelry,books",1451,False
user_009790,44,F,UK,"jewelry,automotive,clothing",1492,False
user_009791,39,F,DE,home_garden,1439,False
user_009792,37,F,JP,toys,1414,False
user_009793,23,M,CA,"electronics,books",163,True
user_009794,27,M,US,toys,1095,False
user_009795,49,F,MX,"home_garden,books,electronics",178,False
user_009796,34,F,FR,clothing,1098,False
user_009797,39,F,FR,"clothing,beauty",186,False
user_009798,33,M,FR,"automotive,books,home_garden",164,False
user_009799,20,F,DE,"books,automotive",1084,False
user_009800,46,F,US,"clothing,home_garden",620,True
user_009801,41,M,JP,automotive,1033,False
user_009802,62,F,BR,"jewelry,electronics,automotive",1666,False
user_009803,22,M,BR,"jewelry,toys",1795,False
user_009804,44,F,IN,jewelry,1604,False
user_009805,19,M,IN,"home_garden,clothing",661,False
user_009806,36,M,BR,home_garden,1285,False
user_009807,46,F,UK,"automotive,beauty",1629,False
user_009808,18,F,FR,"sports,books",533,False
user_009809,32,F,IN,beauty,743,False
user_009810,28,F,MX,electronics,312,False
user_009811,26,M,US,food,1072,False
user_009812,39,M,AU,"automotive,beauty",1233,False
user_009813,48,F,JP,"jewelry,toys,sports",1430,True
user_009814,33,M,BR,"food,books,beauty",1021,False
user_009815,37,F,IN,"automotive,clothing,food",461,False
user_009816,36,M,UK,sports,1655,False
user_009817,35,F,UK,electronics,1625,False
user_009818,21,F,BR,jewelry,524,False
user_009819,48,M,IN,"toys,home_garden",1419,True
user_009820,38,M,UK,"beauty,clothing,toys",1461,False
user_009821,39,F,AU,"electronics,sports",238,False
user_009822,25,M,US,"sports,books",780,False
user_009823,29,M,CA,"clothing,electronics",1602,False
user_009824,32,M,JP,"books,beauty",1728,False
user_009825,18,M,CA,"clothing,home_garden",1690,False
user_009826,18,M,IN,jewelry,982,False
user_009827,27,M,CA,"automotive,jewelry",427,False
user_009828,41,M,UK,"beauty,clothing,home_garden",1466,False
user_009829,27,M,FR,"jewelry,beauty,sports",376,False
user_009830,22,M,MX,"home_garden,beauty,automotive",1017,False
user_009831,25,F,BR,food,987,False
user_009832,29,M,MX,sports,1020,False
user_009833,30,M,UK,"automotive,jewelry,sports",1511,False
user_009834,60,M,AU,"toys,beauty,jewelry",737,False
user_009835,47,M,FR,"books,automotive,sports",546,False
user_009836,47,F,CA,"toys,sports,beauty",1,False
user_009837,49,M,DE,"jewelry,sports,books",1056,False
user_009838,23,M,IN,"home_garden,electronics,automotive",1003,False
user_009839,20,F,DE,"home_garden,automotive,jewelry",74,False
user_009840,21,M,DE,"toys,beauty",1364,False
user_009841,51,F,UK,"clothing,toys",1117,False
user_009842,28,M,FR,jewelry,1696,False
user_009843,19,F,MX,"sports,electronics",682,False
user_009844,29,F,UK,beauty,1049,False
user_009845,32,F,BR,sports,495,False
user_009846,38,F,IN,clothing,619,False
user_009847,38,M,DE,"clothing,toys",1079,False
user_009848,25,M,US,"home_garden,jewelry",1666,False
user_009849,43,M,UK,beauty,1020,False
user_009850,27,F,DE,"books,clothing,automotive",1095,False
user_009851,33,F,AU,electronics,152,True
user_009852,43,M,IN,"clothing,electronics",180,False
user_009853,27,F,JP,"jewelry,toys,electronics",288,False
user_009854,28,F,BR,electronics,1182,False
user_009855,42,F,FR,"food,toys,beauty",535,False
user_009856,24,F,MX,"sports,beauty",664,False
user_009857,30,M,FR,food,21,True
user_009858,41,M,JP,"electronics,sports,food",1664,False
user_009859,59,Other,DE,sports,750,False
user_009860,42,F,UK,"electronics,clothing,books",1215,False
user_009861,40,M,MX,clothing,705,True
user_009862,41,F,CA,"automotive,clothing",201,False
user_009863,22,F,BR,"toys,jewelry",91,False
user_009864,36,M,BR,"sports,home_garden,food",1442,False
user_009865,34,Other,AU,"home_garden,beauty",720,False
user_009866,38,M,IN,"books,jewelry",1812,False
user_009867,36,M,MX,"toys,jewelry",998,False
user_009868,39,M,MX,"electronics,clothing,books",464,False
user_009869,31,M,UK,beauty,1115,False
user_009870,35,M,CA,"jewelry,sports",1044,False
user_009871,20,M,CA,"beauty,toys",792,False
user_009872,31,F,MX,"sports,beauty",1689,False
user_009873,51,M,UK,"beauty,jewelry",329,False
user_009874,38,Other,AU,electronics,274,False
user_009875,34,M,UK,sports,732,True
user_009876,57,M,UK,"books,sports",303,False
user_009877,18,M,CA,"books,jewelry",456,False
user_009878,21,F,DE,electronics,609,False
user_009879,55,F,AU,jewelry,949,False
user_009880,35,M,FR,"food,home_garden,sports",914,True
user_009881,32,M,BR,food,204,False
user_009882,20,M,CA,"clothing,automotive",1184,False
user_009883,40,F,DE,"beauty,home_garden,jewelry",658,False
user_009884,41,M,MX,beauty,1169,False
user_009885,21,Other,FR,"sports,clothing",863,False
user_009886,33,F,CA,"home_garden,automotive",482,True
user_009887,30,F,JP,"automotive,sports,toys",1744,False
user_009888,38,M,DE,sports,743,False
user_009889,21,M,BR,"electronics,toys,home_garden",680,False
user_009890,50,F,US,"electronics,clothing,beauty",1084,False
user_009891,45,F,AU,"home_garden,beauty",557,False
user_009892,30,M,BR,"beauty,books,toys",95,False
user_009893,32,F,US,"food,toys",1246,False
user_009894,33,F,US,"automotive,home_garden",728,True
user_009895,25,Other,DE,"home_garden,sports,automotive",938,False
user_009896,29,M,CA,"food,electronics",364,False
user_009897,31,F,JP,"beauty,electronics,home_garden",1180,False
user_009898,54,M,UK,"home_garden,sports,electronics",253,True
user_009899,46,M,CA,"sports,automotive",797,True
user_009900,46,F,FR,"home_garden,sports",43,False
user_009901,39,M,UK,"toys,home_garden",851,False
user_009902,21,F,BR,beauty,921,False
user_009903,34,M,CA,"jewelry,electronics,sports",394,False
user_009904,46,M,MX,home_garden,1284,False
user_009905,19,F,UK,clothing,1472,True
user_009906,42,F,US,clothing,445,False
user_009907,62,M,US,"home_garden,automotive",914,False
user_009908,47,F,JP,"jewelry,automotive,clothing",1131,False
user_009909,51,F,JP,"electronics,toys",1044,False
user_009910,37,F,JP,"home_garden,jewelry",657,True
user_009911,46,F,BR,"home_garden,jewelry,clothing",288,False
user_009912,26,M,CA,"electronics,clothing,sports",409,False
user_009913,44,M,MX,sports,1059,False
user_009914,42,F,CA,"food,home_garden",509,False
user_009915,38,M,AU,food,1478,False
user_009916,50,F,AU,beauty,1068,False
user_009917,28,M,DE,"books,electronics",1721,False
user_009918,32,M,MX,electronics,278,False
user_009919,36,F,IN,"toys,electronics,clothing",727,False
user_009920,22,M,UK,"beauty,jewelry",1282,False
user_009921,37,M,JP,"food,toys,clothing",1621,False
user_009922,18,M,BR,"sports,home_garden",1561,False
user_009923,47,M,US,"clothing,jewelry",110,False
user_009924,35,F,MX,toys,212,False
user_009925,28,M,IN,"jewelry,food",1214,False
user_009926,24,M,BR,"sports,books",694,False
user_009927,32,F,MX,food,144,True
user_009928,43,M,AU,food,840,False
user_009929,41,F,CA,home_garden,393,False
user_009930,26,M,US,"automotive,clothing,electronics",51,False
user_009931,24,F,UK,electronics,1646,True
user_009932,42,M,JP,"toys,electronics",1803,True
user_009933,26,F,CA,"jewelry,beauty,food",611,True
user_009934,35,M,CA,automotive,358,True
user_009935,36,F,DE,"books,food,sports",160,False
user_009936,38,Other,BR,"sports,electronics,jewelry",1141,False
user_009937,45,M,JP,"clothing,home_garden,toys",144,False
user_009938,19,F,JP,"sports,automotive,clothing",1788,False
user_009939,18,M,AU,"books,food,sports",1322,False
user_009940,28,M,FR,"electronics,food",401,False
user_009941,56,M,IN,"automotive,food,electronics",331,False
user_009942,59,F,DE,jewelry,1017,True
user_009943,56,M,CA,"food,home_garden,sports",1693,False
user_009944,32,M,BR,sports,528,False
user_009945,18,M,UK,"jewelry,clothing",30,True
user_009946,18,F,IN,"books,jewelry",192,False
user_009947,27,M,JP,"beauty,automotive,clothing",1634,False
user_009948,32,M,IN,"automotive,toys,jewelry",355,False
user_009949,50,M,FR,beauty,1345,False
user_009950,45,F,MX,"books,jewelry,beauty",1398,False
user_009951,37,M,BR,"food,electronics",824,False
user_009952,24,F,UK,electronics,1549,False
user_009953,23,M,BR,sports,386,True
user_009954,38,M,DE,sports,457,False
user_009955,43,F,AU,"sports,beauty",1769,False
user_009956,39,M,JP,"home_garden,jewelry",694,False
user_009957,22,M,BR,"automotive,food",1087,True
user_009958,42,M,AU,"jewelry,clothing",688,False
user_009959,40,M,IN,food,793,False
user_009960,22,M,UK,home_garden,984,False
user_009961,25,F,DE,"food,books",1671,False
user_009962,43,F,MX,"sports,beauty,home_garden",831,False
user_009963,32,M,CA,"clothing,toys",1800,False
user_009964,54,F,US,"electronics,beauty,sports",1063,False
user_009965,41,F,US,automotive,1362,False
user_009966,29,F,BR,"books,electronics",1559,False
user_009967,34,F,MX,"clothing,electronics,food",873,False
user_009968,35,M,BR,"clothing,home_garden,jewelry",46,False
user_009969,26,M,CA,"automotive,food,clothing",1422,False
user_009970,24,M,AU,"clothing,toys,food",888,False
user_009971,43,M,IN,"jewelry,automotive,toys",1096,False
user_009972,45,M,IN,"toys,automotive,books",1699,False
user_009973,42,F,US,"automotive,beauty,food",136,False
user_009974,53,F,US,"sports,clothing",818,False
user_009975,28,M,IN,"automotive,beauty,clothing",1313,True
user_009976,55,F,CA,"food,automotive",1048,False
user_009977,24,F,JP,"beauty,clothing,sports",1771,False
user_009978,22,F,JP,"food,clothing",1171,False
user_009979,18,M,FR,books,1559,False
user_009980,29,F,MX,toys,1340,False
user_009981,28,M,FR,"jewelry,beauty",1666,False
user_009982,41,M,UK,"jewelry,beauty,food",866,False
user_009983,37,F,DE,"beauty,clothing",1500,False
user_009984,20,F,BR,"electronics,books,home_garden",1656,False
user_009985,30,F,CA,"home_garden,electronics,jewelry",1497,False
user_009986,30,M,JP,sports,1791,False
user_009987,18,M,MX,toys,329,False
user_009988,23,M,UK,"beauty,home_garden,food",1756,True
user_009989,25,M,BR,"automotive,beauty,home_garden",266,False
user_009990,52,M,BR,electronics,755,False
user_009991,37,M,US,"electronics,beauty,food",493,False
user_009992,42,M,US,"home_garden,food,sports",1038,False
user_009993,18,F,DE,"home_garden,electronics,toys",1155,False
user_009994,49,F,US,food,570,False
user_009995,50,F,DE,"toys,food,books",914,False
user_009996,18,F,JP,jewelry,1784,False
user_009997,26,F,US,"jewelry,automotive",74,False
user_009998,40,M,IN,"books,electronics",1102,False
user_009999,42,F,MX,home_garden,1772,False
