2026-08-14T18:23:58.942051+0100 | INFO | main:76 | ============================================================
2026-08-14T18:23:58.943056+0100 | INFO | main:77 |   RecSys Inference API v0.1.0
2026-08-14T18:23:58.943056+0100 | INFO | main:78 |   Environment: development
2026-08-14T18:23:58.944057+0100 | INFO | main:79 | ============================================================
2026-08-14T18:23:58.944057+0100 | INFO | model_loader:215 | ============================================================
2026-08-14T18:23:58.944057+0100 | INFO | model_loader:216 |   LOADING ML ARTIFACTS
2026-08-14T18:23:58.945566+0100 | INFO | model_loader:217 | ============================================================
2026-08-14T18:23:58.951297+0100 | INFO | model_loader:233 | Encoders loaded | users=9,938 | items=4,998
2026-08-14T18:23:58.952324+0100 | INFO | dataset:106 | Normalization stats loaded ← src\training\data\processed\norm_stats.json
2026-08-14T18:23:58.952324+0100 | INFO | model_loader:246 | Normalization stats loaded
2026-08-14T18:23:58.952324+0100 | INFO | model_loader:102 | Loading model from MLflow | uri=models:/two-tower-recommender/latest
2026-08-14T18:24:00.656166+0100 | WARNING | model_loader:127 | MLflow model load failed: INVALID_PARAMETER_VALUE: Invalid Model Version stage: latest. Value must be one of None, Staging, Production, Archived.
Attempting fallback to local artifacts...
2026-08-14T18:38:51.863253+0100 | INFO | main:76 | ============================================================
2026-08-14T18:38:51.863253+0100 | INFO | main:77 |   RecSys Inference API v0.1.0
2026-08-14T18:38:51.864688+0100 | INFO | main:78 |   Environment: development
2026-08-14T18:38:51.864688+0100 | INFO | main:79 | ============================================================
2026-08-14T18:38:51.866001+0100 | INFO | model_loader:215 | ============================================================
2026-08-14T18:38:51.866999+0100 | INFO | model_loader:216 |   LOADING ML ARTIFACTS
2026-08-14T18:38:51.868054+0100 | INFO | model_loader:217 | ============================================================
2026-08-14T18:38:51.875575+0100 | INFO | model_loader:233 | Encoders loaded | users=9,938 | items=4,998
2026-08-14T18:38:51.877889+0100 | INFO | dataset:106 | Normalization stats loaded ← src\training\data\processed\norm_stats.json
2026-08-14T18:38:51.878632+0100 | INFO | model_loader:246 | Normalization stats loaded
2026-08-14T18:38:51.879175+0100 | INFO | model_loader:102 | Loading model from MLflow | uri=models:/two-tower-recommender/latest
2026-08-14T18:38:53.116788+0100 | WARNING | model_loader:127 | MLflow model load failed: INVALID_PARAMETER_VALUE: Invalid Model Version stage: latest. Value must be one of None, Staging, Production, Archived.
Attempting fallback to local artifacts...
2026-08-14T18:55:57.078041+0100 | INFO | main:76 | ============================================================
2026-08-14T18:55:57.078658+0100 | INFO | main:77 |   RecSys Inference API v0.1.0
2026-08-14T18:55:57.078658+0100 | INFO | main:78 |   Environment: development
2026-08-14T18:55:57.080189+0100 | INFO | main:79 | ============================================================
2026-08-14T18:55:57.080189+0100 | INFO | model_loader:215 | ============================================================
2026-08-14T18:55:57.081453+0100 | INFO | model_loader:216 |   LOADING ML ARTIFACTS
2026-08-14T18:55:57.081453+0100 | INFO | model_loader:217 | ============================================================
2026-08-14T18:55:57.088455+0100 | INFO | model_loader:233 | Encoders loaded | users=9,938 | items=4,998
2026-08-14T18:55:57.089456+0100 | INFO | dataset:106 | Normalization stats loaded ← src\training\data\processed\norm_stats.json
2026-08-14T18:55:57.090489+0100 | INFO | model_loader:246 | Normalization stats loaded
2026-08-14T18:55:57.091008+0100 | INFO | model_loader:102 | Loading model from MLflow | uri=models:/two-tower-recommender/latest
2026-08-14T18:55:58.331073+0100 | WARNING | model_loader:127 | MLflow model load failed: INVALID_PARAMETER_VALUE: Invalid Model Version stage: latest. Value must be one of None, Staging, Production, Archived.
Attempting fallback to local artifacts...
2026-08-14T18:55:58.403193+0100 | DEBUG | model:204 | UserTower initialized | input_dim=84 | output_dim=64
2026-08-14T18:55:58.413827+0100 | DEBUG | model:298 | ItemTower initialized | input_dim=87 | output_dim=64
2026-08-14T18:55:58.414782+0100 | INFO | model:368 | TwoTowerModel initialized | total_params=1,084,225 | trainable=1,084,225
2026-08-14T18:55:58.420073+0100 | SUCCESS | model_loader:158 | ✅ Model loaded from local checkpoint (fallback)
2026-08-14T18:55:58.426602+0100 | INFO | model_loader:181 | Building FAISS index | n_items=4,998 | dim=64 | type=IndexFlatIP
2026-08-14T18:55:58.431603+0100 | SUCCESS | model_loader:197 | ✅ FAISS index built | total_vectors=4,998
2026-08-14T18:55:58.433811+0100 | INFO | model_loader:279 | ============================================================
2026-08-14T18:55:58.435220+0100 | INFO | model_loader:280 |   ALL ARTIFACTS LOADED
2026-08-14T18:55:58.435220+0100 | INFO | model_loader:281 |   Model version:  local-checkpoint
2026-08-14T18:55:58.436455+0100 | INFO | model_loader:282 |   Device:         cpu
2026-08-14T18:55:58.437454+0100 | INFO | model_loader:283 |   FAISS vectors:  4,998
2026-08-14T18:55:58.437454+0100 | INFO | model_loader:284 |   Load time:      1.35s
2026-08-14T18:55:58.438597+0100 | INFO | model_loader:285 | ============================================================
2026-08-14T18:55:59.794236+0100 | SUCCESS | feature_fetcher:99 | ✅ Feast connected | project=recsys
2026-08-14T18:55:59.795374+0100 | INFO | feature_fetcher:89 | FeatureFetcher initialized
2026-08-14T18:55:59.797922+0100 | INFO | recommender:78 | PostgreSQL connection pool created
2026-08-14T18:55:59.797922+0100 | INFO | recommender:57 | RecommendationEngine initialized
2026-08-14T18:55:59.799149+0100 | SUCCESS | main:105 | ✅ Service startup complete — ready to serve requests
2026-08-14T18:56:48.208464+0100 | DEBUG | middleware:81 | GET / | status=404 | 1.6ms
2026-08-14T18:56:48.562042+0100 | DEBUG | middleware:81 | GET /favicon.ico | status=404 | 0.7ms
2026-08-14T18:57:22.193359+0100 | DEBUG | middleware:81 | GET /health | status=200 | 8.6ms
2026-08-14T18:57:54.900421+0100 | DEBUG | middleware:81 | GET /ready | status=200 | 1.4ms
2026-08-14T18:59:17.282685+0100 | DEBUG | feature_fetcher:158 | Cold start user detected: user_000001
2026-08-14T18:59:20.331521+0100 | WARNING | recommender:283 | Item metadata fetch failed: (psycopg2.OperationalError) could not translate host name "postgres" to address: No such host is known. 

(Background on this error at: https://sqlalche.me/e/20/e3q8)
2026-08-14T18:59:20.333436+0100 | INFO | recommender:220 | Recommendations generated | user=user_000001 | returned=5/5 | cold_start=True | feature=103.1ms | model=3.8ms | ann=14.1ms
2026-08-14T18:59:20.336453+0100 | ERROR | middleware:64 | SLA BREACH | GET /api/v1/recommend/user_000001 | status=200 | latency=3157.3ms | threshold=150ms
2026-08-14T19:08:43.317833+0100 | INFO | main:110 | Shutting down...
2026-08-14T19:08:43.323840+0100 | INFO | model_loader:297 | ML artifacts unloaded
2026-08-14T19:08:43.323840+0100 | INFO | main:112 | ✅ Shutdown complete
2026-08-14T19:09:18.233084+0100 | INFO | main:76 | ============================================================
2026-08-14T19:09:18.234118+0100 | INFO | main:77 |   RecSys Inference API v0.1.0
2026-08-14T19:09:18.234118+0100 | INFO | main:78 |   Environment: development
2026-08-14T19:09:18.235149+0100 | INFO | main:79 | ============================================================
2026-08-14T19:09:18.235149+0100 | INFO | model_loader:215 | ============================================================
2026-08-14T19:09:18.236160+0100 | INFO | model_loader:216 |   LOADING ML ARTIFACTS
2026-08-14T19:09:18.236160+0100 | INFO | model_loader:217 | ============================================================
2026-08-14T19:09:18.241586+0100 | INFO | model_loader:233 | Encoders loaded | users=9,938 | items=4,998
2026-08-14T19:09:18.242585+0100 | INFO | dataset:106 | Normalization stats loaded ← src\training\data\processed\norm_stats.json
2026-08-14T19:09:18.243585+0100 | INFO | model_loader:246 | Normalization stats loaded
2026-08-14T19:09:18.243585+0100 | INFO | model_loader:102 | Loading model from MLflow | uri=models:/two-tower-recommender/latest
2026-08-14T19:09:19.436231+0100 | WARNING | model_loader:127 | MLflow model load failed: INVALID_PARAMETER_VALUE: Invalid Model Version stage: latest. Value must be one of None, Staging, Production, Archived.
Attempting fallback to local artifacts...
2026-08-14T19:09:19.498326+0100 | DEBUG | model:204 | UserTower initialized | input_dim=84 | output_dim=64
2026-08-14T19:09:19.507015+0100 | DEBUG | model:298 | ItemTower initialized | input_dim=87 | output_dim=64
2026-08-14T19:09:19.508022+0100 | INFO | model:368 | TwoTowerModel initialized | total_params=1,084,225 | trainable=1,084,225
2026-08-14T19:09:19.513015+0100 | SUCCESS | model_loader:158 | ✅ Model loaded from local checkpoint (fallback)
2026-08-14T19:09:19.517539+0100 | INFO | model_loader:181 | Building FAISS index | n_items=4,998 | dim=64 | type=IndexFlatIP
2026-08-14T19:09:19.520600+0100 | SUCCESS | model_loader:197 | ✅ FAISS index built | total_vectors=4,998
2026-08-14T19:09:19.523134+0100 | INFO | model_loader:279 | ============================================================
2026-08-14T19:09:19.524173+0100 | INFO | model_loader:280 |   ALL ARTIFACTS LOADED
2026-08-14T19:09:19.524173+0100 | INFO | model_loader:281 |   Model version:  local-checkpoint
2026-08-14T19:09:19.525174+0100 | INFO | model_loader:282 |   Device:         cpu
2026-08-14T19:09:19.525174+0100 | INFO | model_loader:283 |   FAISS vectors:  4,998
2026-08-14T19:09:19.526686+0100 | INFO | model_loader:284 |   Load time:      1.29s
2026-08-14T19:09:19.526686+0100 | INFO | model_loader:285 | ============================================================
2026-08-14T19:09:20.559961+0100 | SUCCESS | feature_fetcher:99 | ✅ Feast connected | project=recsys
2026-08-14T19:09:20.560954+0100 | INFO | feature_fetcher:89 | FeatureFetcher initialized
2026-08-14T19:09:20.563953+0100 | INFO | recommender:78 | PostgreSQL connection pool created
2026-08-14T19:09:20.564953+0100 | INFO | recommender:57 | RecommendationEngine initialized
2026-08-14T19:09:20.565739+0100 | SUCCESS | main:105 | ✅ Service startup complete — ready to serve requests
2026-08-14T19:13:06.608564+0100 | DEBUG | feature_fetcher:158 | Cold start user detected: user_000001
2026-08-14T19:13:06.647155+0100 | WARNING | recommender:283 | Item metadata fetch failed: (psycopg2.errors.UndefinedColumn) column "item_name" does not exist
LINE 4:                     item_name,
                            ^

[SQL: 
                SELECT
                    item_id,
                    item_name,
                    category,
                    price,
                    avg_rating,
                    brand,
                    is_available
                FROM feast.item_features_raw
                WHERE item_id IN (%(id_0)s,%(id_1)s,%(id_2)s,%(id_3)s,%(id_4)s,%(id_5)s,%(id_6)s,%(id_7)s,%(id_8)s,%(id_9)s,%(id_10)s,%(id_11)s,%(id_12)s,%(id_13)s,%(id_14)s,%(id_15)s,%(id_16)s,%(id_17)s,%(id_18)s,%(id_19)s)
            ]
[parameters: {'id_0': 'item_002793', 'id_1': 'item_001374', 'id_2': 'item_000485', 'id_3': 'item_001418', 'id_4': 'item_001159', 'id_5': 'item_002065', 'id_6': 'item_001969', 'id_7': 'item_003073', 'id_8': 'item_001358', 'id_9': 'item_004608', 'id_10': 'item_000258', 'id_11': 'item_000856', 'id_12': 'item_003771', 'id_13': 'item_003439', 'id_14': 'item_001298', 'id_15': 'item_004754', 'id_16': 'item_000672', 'id_17': 'item_003560', 'id_18': 'item_003353', 'id_19': 'item_001107'}]
(Background on this error at: https://sqlalche.me/e/20/f405)
2026-08-14T19:13:06.647155+0100 | INFO | recommender:220 | Recommendations generated | user=user_000001 | returned=10/10 | cold_start=True | feature=40.0ms | model=1.6ms | ann=1.6ms
2026-08-14T19:13:06.648154+0100 | WARNING | middleware:70 | SLA WARNING | GET /api/v1/recommend/user_000001 | status=200 | latency=81.3ms | threshold=80ms
2026-08-14T19:13:22.318441+0100 | DEBUG | middleware:81 | GET /docs | status=200 | 1.1ms
2026-08-14T19:13:22.716315+0100 | DEBUG | middleware:81 | GET /openapi.json | status=200 | 8.6ms
2026-08-14T19:15:11.146350+0100 | DEBUG | middleware:81 | GET /health | status=200 | 1.4ms
2026-08-14T19:19:11.690801+0100 | DEBUG | middleware:81 | GET /health | status=200 | 1.3ms
2026-08-14T19:25:25.645024+0100 | DEBUG | feature_fetcher:158 | Cold start user detected: user_000001
2026-08-14T19:25:25.673693+0100 | WARNING | recommender:283 | Item metadata fetch failed: (psycopg2.errors.UndefinedColumn) column "item_name" does not exist
LINE 4:                     item_name,
                            ^

[SQL: 
                SELECT
                    item_id,
                    item_name,
                    category,
                    price,
                    avg_rating,
                    brand,
                    is_available
                FROM feast.item_features_raw
                WHERE item_id IN (%(id_0)s,%(id_1)s,%(id_2)s,%(id_3)s,%(id_4)s,%(id_5)s,%(id_6)s,%(id_7)s,%(id_8)s,%(id_9)s)
            ]
[parameters: {'id_0': 'item_002793', 'id_1': 'item_001374', 'id_2': 'item_000485', 'id_3': 'item_001418', 'id_4': 'item_001159', 'id_5': 'item_002065', 'id_6': 'item_001969', 'id_7': 'item_003073', 'id_8': 'item_001358', 'id_9': 'item_004608'}]
(Background on this error at: https://sqlalche.me/e/20/f405)
2026-08-14T19:25:25.674692+0100 | INFO | recommender:220 | Recommendations generated | user=user_000001 | returned=5/5 | cold_start=True | feature=37.5ms | model=0.9ms | ann=2.4ms
2026-08-14T19:25:25.675694+0100 | INFO | middleware:76 | GET /api/v1/recommend/user_000001 | status=200 | latency=68.9ms
2026-08-14T19:25:44.228779+0100 | DEBUG | middleware:81 | GET /docs | status=200 | 0.2ms
2026-08-14T19:25:44.407114+0100 | DEBUG | middleware:81 | GET /openapi.json | status=200 | 0.4ms
2026-08-14T19:26:27.714023+0100 | DEBUG | feature_fetcher:158 | Cold start user detected: user_000123
2026-08-14T19:26:27.722118+0100 | WARNING | recommender:283 | Item metadata fetch failed: (psycopg2.errors.UndefinedColumn) column "item_name" does not exist
LINE 4:                     item_name,
                            ^

[SQL: 
                SELECT
                    item_id,
                    item_name,
                    category,
                    price,
                    avg_rating,
                    brand,
                    is_available
                FROM feast.item_features_raw
                WHERE item_id IN (%(id_0)s,%(id_1)s,%(id_2)s,%(id_3)s,%(id_4)s,%(id_5)s,%(id_6)s,%(id_7)s,%(id_8)s,%(id_9)s,%(id_10)s,%(id_11)s,%(id_12)s,%(id_13)s,%(id_14)s,%(id_15)s,%(id_16)s,%(id_17)s,%(id_18)s,%(id_19)s)
            ]
[parameters: {'id_0': 'item_003825', 'id_1': 'item_000856', 'id_2': 'item_004838', 'id_3': 'item_001793', 'id_4': 'item_000109', 'id_5': 'item_004952', 'id_6': 'item_004203', 'id_7': 'item_001500', 'id_8': 'item_004830', 'id_9': 'item_004885', 'id_10': 'item_002235', 'id_11': 'item_000325', 'id_12': 'item_000221', 'id_13': 'item_003000', 'id_14': 'item_002744', 'id_15': 'item_000039', 'id_16': 'item_003041', 'id_17': 'item_004081', 'id_18': 'item_001956', 'id_19': 'item_002769'}]
(Background on this error at: https://sqlalche.me/e/20/f405)
2026-08-14T19:26:27.722118+0100 | INFO | recommender:220 | Recommendations generated | user=user_000123 | returned=0/10 | cold_start=True | feature=44.3ms | model=0.9ms | ann=2.5ms
2026-08-14T19:26:27.723117+0100 | INFO | middleware:76 | POST /api/v1/recommend | status=200 | latency=54.9ms
2026-08-14T19:30:09.667804+0100 | DEBUG | feature_fetcher:158 | Cold start user detected: user_000021
2026-08-14T19:30:09.676835+0100 | WARNING | recommender:283 | Item metadata fetch failed: (psycopg2.errors.UndefinedColumn) column "item_name" does not exist
LINE 4:                     item_name,
                            ^

[SQL: 
                SELECT
                    item_id,
                    item_name,
                    category,
                    price,
                    avg_rating,
                    brand,
                    is_available
                FROM feast.item_features_raw
                WHERE item_id IN (%(id_0)s,%(id_1)s,%(id_2)s,%(id_3)s,%(id_4)s,%(id_5)s,%(id_6)s,%(id_7)s,%(id_8)s,%(id_9)s,%(id_10)s,%(id_11)s,%(id_12)s,%(id_13)s,%(id_14)s,%(id_15)s,%(id_16)s,%(id_17)s,%(id_18)s,%(id_19)s)
            ]
[parameters: {'id_0': 'item_000891', 'id_1': 'item_001161', 'id_2': 'item_001374', 'id_3': 'item_001996', 'id_4': 'item_002769', 'id_5': 'item_001804', 'id_6': 'item_001844', 'id_7': 'item_000320', 'id_8': 'item_000548', 'id_9': 'item_003992', 'id_10': 'item_000170', 'id_11': 'item_004533', 'id_12': 'item_000109', 'id_13': 'item_004688', 'id_14': 'item_002441', 'id_15': 'item_000526', 'id_16': 'item_000591', 'id_17': 'item_003060', 'id_18': 'item_003244', 'id_19': 'item_004830'}]
(Background on this error at: https://sqlalche.me/e/20/f405)
2026-08-14T19:30:09.676835+0100 | INFO | recommender:220 | Recommendations generated | user=user_000021 | returned=0/10 | cold_start=True | feature=59.4ms | model=1.0ms | ann=2.7ms
2026-08-14T19:30:09.677836+0100 | INFO | middleware:76 | POST /api/v1/recommend | status=200 | latency=75.4ms
2026-08-14T19:39:19.387596+0100 | DEBUG | feature_fetcher:158 | Cold start user detected: user_000021
2026-08-14T19:39:19.416787+0100 | WARNING | recommender:283 | Item metadata fetch failed: (psycopg2.errors.UndefinedColumn) column "item_name" does not exist
LINE 4:                     item_name,
                            ^

[SQL: 
                SELECT
                    item_id,
                    item_name,
                    category,
                    price,
                    avg_rating,
                    brand,
                    is_available
                FROM feast.item_features_raw
                WHERE item_id IN (%(id_0)s,%(id_1)s,%(id_2)s,%(id_3)s,%(id_4)s,%(id_5)s,%(id_6)s,%(id_7)s,%(id_8)s,%(id_9)s,%(id_10)s,%(id_11)s,%(id_12)s,%(id_13)s,%(id_14)s,%(id_15)s,%(id_16)s,%(id_17)s,%(id_18)s,%(id_19)s)
            ]
[parameters: {'id_0': 'item_000891', 'id_1': 'item_001161', 'id_2': 'item_001374', 'id_3': 'item_001996', 'id_4': 'item_002769', 'id_5': 'item_001804', 'id_6': 'item_001844', 'id_7': 'item_000320', 'id_8': 'item_000548', 'id_9': 'item_003992', 'id_10': 'item_000170', 'id_11': 'item_004533', 'id_12': 'item_000109', 'id_13': 'item_004688', 'id_14': 'item_002441', 'id_15': 'item_000526', 'id_16': 'item_000591', 'id_17': 'item_003060', 'id_18': 'item_003244', 'id_19': 'item_004830'}]
(Background on this error at: https://sqlalche.me/e/20/f405)
2026-08-14T19:39:19.417789+0100 | INFO | recommender:220 | Recommendations generated | user=user_000021 | returned=10/10 | cold_start=True | feature=47.3ms | model=0.9ms | ann=2.6ms
2026-08-14T19:39:19.418790+0100 | WARNING | middleware:70 | SLA WARNING | POST /api/v1/recommend | status=200 | latency=84.4ms | threshold=80ms
2026-08-17T16:06:07.663872+0100 | INFO | main:110 | Shutting down...
2026-08-17T16:06:07.669767+0100 | INFO | model_loader:297 | ML artifacts unloaded
2026-08-17T16:06:07.669767+0100 | INFO | main:112 | ✅ Shutdown complete
2026-08-17T16:16:25.249668+0100 | INFO | main:76 | ============================================================
2026-08-17T16:16:25.250686+0100 | INFO | main:77 |   RecSys Inference API v0.1.0
2026-08-17T16:16:25.250686+0100 | INFO | main:78 |   Environment: development
2026-08-17T16:16:25.251681+0100 | INFO | main:79 | ============================================================
2026-08-17T16:16:25.251681+0100 | INFO | model_loader:215 | ============================================================
2026-08-17T16:16:25.251681+0100 | INFO | model_loader:216 |   LOADING ML ARTIFACTS
2026-08-17T16:16:25.253071+0100 | INFO | model_loader:217 | ============================================================
2026-08-17T16:16:25.258087+0100 | INFO | model_loader:233 | Encoders loaded | users=9,938 | items=4,998
2026-08-17T16:16:25.259594+0100 | INFO | dataset:106 | Normalization stats loaded ← src\training\data\processed\norm_stats.json
2026-08-17T16:16:25.259594+0100 | INFO | model_loader:246 | Normalization stats loaded
2026-08-17T16:16:25.260178+0100 | INFO | model_loader:102 | Loading model from MLflow | uri=models:/two-tower-recommender/latest
2026-08-17T16:16:26.510141+0100 | WARNING | model_loader:127 | MLflow model load failed: INVALID_PARAMETER_VALUE: Invalid Model Version stage: latest. Value must be one of None, Staging, Production, Archived.
Attempting fallback to local artifacts...
2026-08-17T16:16:26.550492+0100 | DEBUG | model:204 | UserTower initialized | input_dim=84 | output_dim=64
2026-08-17T16:16:26.558005+0100 | DEBUG | model:298 | ItemTower initialized | input_dim=87 | output_dim=64
2026-08-17T16:16:26.558005+0100 | INFO | model:368 | TwoTowerModel initialized | total_params=1,084,225 | trainable=1,084,225
2026-08-17T16:16:26.561007+0100 | SUCCESS | model_loader:158 | ✅ Model loaded from local checkpoint (fallback)
2026-08-17T16:16:26.563522+0100 | INFO | model_loader:181 | Building FAISS index | n_items=4,998 | dim=64 | type=IndexFlatIP
2026-08-17T16:16:26.564521+0100 | SUCCESS | model_loader:197 | ✅ FAISS index built | total_vectors=4,998
2026-08-17T16:16:26.567036+0100 | INFO | model_loader:279 | ============================================================
2026-08-17T16:16:26.567036+0100 | INFO | model_loader:280 |   ALL ARTIFACTS LOADED
2026-08-17T16:16:26.567036+0100 | INFO | model_loader:281 |   Model version:  local-checkpoint
2026-08-17T16:16:26.568038+0100 | INFO | model_loader:282 |   Device:         cpu
2026-08-17T16:16:26.568038+0100 | INFO | model_loader:283 |   FAISS vectors:  4,998
2026-08-17T16:16:26.569039+0100 | INFO | model_loader:284 |   Load time:      1.32s
2026-08-17T16:16:26.569039+0100 | INFO | model_loader:285 | ============================================================
2026-08-17T16:16:27.089466+0100 | SUCCESS | feature_fetcher:99 | ✅ Feast connected | project=recsys
2026-08-17T16:16:27.089466+0100 | INFO | feature_fetcher:89 | FeatureFetcher initialized
2026-08-17T16:16:27.089466+0100 | INFO | recommender:78 | PostgreSQL connection pool created
2026-08-17T16:16:27.090494+0100 | INFO | recommender:57 | RecommendationEngine initialized
2026-08-17T16:16:27.090494+0100 | SUCCESS | main:105 | ✅ Service startup complete — ready to serve requests
2026-08-17T16:17:06.464776+0100 | ERROR | main:159 | Unhandled exception | request_id=987661ad-bbd2-48c4-941f-5d67ed70bf03 | path=/api/v1/debug/user_000021 | error='RecommendationEngine' object has no attribute '_fetch_item_metadata'
2026-08-17T16:18:26.509989+0100 | ERROR | routers.recommendations:117 | Recommendation failed | user=user_000021 | request_id=f71fc98b-3157-4c20-bb78-a8c3218fbd23 | error='RecommendationEngine' object has no attribute '_fetch_item_metadata'
2026-08-17T16:18:26.509989+0100 | INFO | middleware:76 | POST /api/v1/recommend | status=500 | latency=52.4ms
2026-08-17T16:19:37.677253+0100 | ERROR | routers.recommendations:117 | Recommendation failed | user=user_000079 | request_id=39090c8e-f8fa-432b-8e8f-33027f625503 | error=index out of range in self
2026-08-17T16:19:37.678259+0100 | INFO | middleware:76 | POST /api/v1/recommend | status=500 | latency=78.3ms
2026-08-17T16:43:25.474087+0100 | INFO | main:110 | Shutting down...
2026-08-17T16:43:25.476178+0100 | INFO | model_loader:297 | ML artifacts unloaded
2026-08-17T16:43:25.477168+0100 | INFO | main:112 | ✅ Shutdown complete
2026-08-17T16:45:45.914041+0100 | INFO | main:76 | ============================================================
2026-08-17T16:45:45.914041+0100 | INFO | main:77 |   RecSys Inference API v0.1.0
2026-08-17T16:45:45.915129+0100 | INFO | main:78 |   Environment: development
2026-08-17T16:45:45.915129+0100 | INFO | main:79 | ============================================================
2026-08-17T16:45:45.916129+0100 | INFO | model_loader:215 | ============================================================
2026-08-17T16:45:45.916129+0100 | INFO | model_loader:216 |   LOADING ML ARTIFACTS
2026-08-17T16:45:45.917146+0100 | INFO | model_loader:217 | ============================================================
2026-08-17T16:45:45.921749+0100 | INFO | model_loader:233 | Encoders loaded | users=9,938 | items=4,998
2026-08-17T16:45:45.922773+0100 | INFO | dataset:106 | Normalization stats loaded ← src\training\data\processed\norm_stats.json
2026-08-17T16:45:45.922773+0100 | INFO | model_loader:246 | Normalization stats loaded
2026-08-17T16:45:45.923717+0100 | INFO | model_loader:102 | Loading model from MLflow | uri=models:/two-tower-recommender/latest
2026-08-17T16:45:46.660093+0100 | WARNING | model_loader:127 | MLflow model load failed: INVALID_PARAMETER_VALUE: Invalid Model Version stage: latest. Value must be one of None, Staging, Production, Archived.
Attempting fallback to local artifacts...
2026-08-17T16:45:46.690757+0100 | DEBUG | model:204 | UserTower initialized | input_dim=84 | output_dim=64
2026-08-17T16:45:46.695372+0100 | DEBUG | model:298 | ItemTower initialized | input_dim=87 | output_dim=64
2026-08-17T16:45:46.696072+0100 | INFO | model:368 | TwoTowerModel initialized | total_params=1,084,225 | trainable=1,084,225
2026-08-17T16:45:46.699114+0100 | SUCCESS | model_loader:158 | ✅ Model loaded from local checkpoint (fallback)
2026-08-17T16:45:46.701725+0100 | INFO | model_loader:181 | Building FAISS index | n_items=4,998 | dim=64 | type=IndexFlatIP
2026-08-17T16:45:46.703728+0100 | SUCCESS | model_loader:197 | ✅ FAISS index built | total_vectors=4,998
2026-08-17T16:45:46.704728+0100 | INFO | model_loader:279 | ============================================================
2026-08-17T16:45:46.704728+0100 | INFO | model_loader:280 |   ALL ARTIFACTS LOADED
2026-08-17T16:45:46.704728+0100 | INFO | model_loader:281 |   Model version:  local-checkpoint
2026-08-17T16:45:46.705724+0100 | INFO | model_loader:282 |   Device:         cpu
2026-08-17T16:45:46.706253+0100 | INFO | model_loader:283 |   FAISS vectors:  4,998
2026-08-17T16:45:46.706253+0100 | INFO | model_loader:284 |   Load time:      0.79s
2026-08-17T16:45:46.706253+0100 | INFO | model_loader:285 | ============================================================
2026-08-17T16:45:47.208954+0100 | SUCCESS | feature_fetcher:99 | ✅ Feast connected | project=recsys
2026-08-17T16:45:47.208954+0100 | INFO | feature_fetcher:89 | FeatureFetcher initialized
2026-08-17T16:45:47.209918+0100 | INFO | recommender:78 | PostgreSQL connection pool created
2026-08-17T16:45:47.209918+0100 | INFO | recommender:57 | RecommendationEngine initialized
2026-08-17T16:45:47.210916+0100 | SUCCESS | main:105 | ✅ Service startup complete — ready to serve requests
2026-08-17T16:45:58.216941+0100 | DEBUG | middleware:81 | GET /docs | status=200 | 0.9ms
2026-08-17T16:45:58.342303+0100 | DEBUG | middleware:81 | GET /openapi.json | status=200 | 9.4ms
2026-08-17T16:46:47.553986+0100 | ERROR | routers.recommendations:117 | Recommendation failed | user=user_000021 | request_id=7d4913a6-d63b-42aa-b048-52b43c30ba5a | error='RecommendationEngine' object has no attribute '_fetch_item_metadata'
2026-08-17T16:46:47.554987+0100 | INFO | middleware:76 | POST /api/v1/recommend | status=500 | latency=51.4ms
2026-08-17T16:48:58.656266+0100 | INFO | middleware:76 | POST /api/v1/recommend | status=422 | latency=1.5ms
2026-08-17T16:49:44.860905+0100 | ERROR | routers.recommendations:117 | Recommendation failed | user=user_000021 | request_id=a928de9d-ac8b-4bd8-870f-694b267dc652 | error='RecommendationEngine' object has no attribute '_fetch_item_metadata'
2026-08-17T16:49:44.861903+0100 | INFO | middleware:76 | GET /api/v1/recommend/user_000021 | status=500 | latency=44.9ms
2026-08-17T16:50:03.645338+0100 | ERROR | routers.recommendations:117 | Recommendation failed | user=user_000021 | request_id=30983110-64f1-4376-997a-a30dbecc4768 | error='RecommendationEngine' object has no attribute '_fetch_item_metadata'
2026-08-17T16:50:03.645338+0100 | INFO | middleware:76 | POST /api/v1/recommend | status=500 | latency=7.7ms
2026-08-17T16:54:06.425477+0100 | INFO | main:110 | Shutting down...
2026-08-17T16:54:06.427480+0100 | INFO | model_loader:297 | ML artifacts unloaded
2026-08-17T16:54:06.428480+0100 | INFO | main:112 | ✅ Shutdown complete
2026-08-17T16:54:16.705726+0100 | INFO | main:76 | ============================================================
2026-08-17T16:54:16.706741+0100 | INFO | main:77 |   RecSys Inference API v0.1.0
2026-08-17T16:54:16.706741+0100 | INFO | main:78 |   Environment: development
2026-08-17T16:54:16.707738+0100 | INFO | main:79 | ============================================================
2026-08-17T16:54:16.707738+0100 | INFO | model_loader:215 | ============================================================
2026-08-17T16:54:16.707738+0100 | INFO | model_loader:216 |   LOADING ML ARTIFACTS
2026-08-17T16:54:16.708736+0100 | INFO | model_loader:217 | ============================================================
2026-08-17T16:54:16.712367+0100 | INFO | model_loader:233 | Encoders loaded | users=9,938 | items=4,998
2026-08-17T16:54:16.713367+0100 | INFO | dataset:106 | Normalization stats loaded ← src\training\data\processed\norm_stats.json
2026-08-17T16:54:16.713367+0100 | INFO | model_loader:246 | Normalization stats loaded
2026-08-17T16:54:16.714379+0100 | INFO | model_loader:102 | Loading model from MLflow | uri=models:/two-tower-recommender/latest
2026-08-17T16:54:17.369777+0100 | WARNING | model_loader:127 | MLflow model load failed: INVALID_PARAMETER_VALUE: Invalid Model Version stage: latest. Value must be one of None, Staging, Production, Archived.
Attempting fallback to local artifacts...
2026-08-17T16:54:17.405928+0100 | DEBUG | model:204 | UserTower initialized | input_dim=84 | output_dim=64
2026-08-17T16:54:17.411549+0100 | DEBUG | model:298 | ItemTower initialized | input_dim=87 | output_dim=64
2026-08-17T16:54:17.412091+0100 | INFO | model:368 | TwoTowerModel initialized | total_params=1,084,225 | trainable=1,084,225
2026-08-17T16:54:17.415622+0100 | SUCCESS | model_loader:158 | ✅ Model loaded from local checkpoint (fallback)
2026-08-17T16:54:17.418628+0100 | INFO | model_loader:181 | Building FAISS index | n_items=4,998 | dim=64 | type=IndexFlatIP
2026-08-17T16:54:17.419613+0100 | SUCCESS | model_loader:197 | ✅ FAISS index built | total_vectors=4,998
2026-08-17T16:54:17.421614+0100 | INFO | model_loader:279 | ============================================================
2026-08-17T16:54:17.421614+0100 | INFO | model_loader:280 |   ALL ARTIFACTS LOADED
2026-08-17T16:54:17.421614+0100 | INFO | model_loader:281 |   Model version:  local-checkpoint
2026-08-17T16:54:17.422614+0100 | INFO | model_loader:282 |   Device:         cpu
2026-08-17T16:54:17.422614+0100 | INFO | model_loader:283 |   FAISS vectors:  4,998
2026-08-17T16:54:17.422614+0100 | INFO | model_loader:284 |   Load time:      0.71s
2026-08-17T16:54:17.423614+0100 | INFO | model_loader:285 | ============================================================
2026-08-17T16:54:17.961774+0100 | SUCCESS | feature_fetcher:99 | ✅ Feast connected | project=recsys
2026-08-17T16:54:17.961774+0100 | INFO | feature_fetcher:89 | FeatureFetcher initialized
2026-08-17T16:54:17.962773+0100 | INFO | recommender:78 | PostgreSQL connection pool created
2026-08-17T16:54:17.962773+0100 | INFO | recommender:57 | RecommendationEngine initialized
2026-08-17T16:54:17.962773+0100 | SUCCESS | main:105 | ✅ Service startup complete — ready to serve requests
2026-08-17T16:56:05.956598+0100 | DEBUG | recommender:300 | Metadata fetched | requested=20 | returned=20
2026-08-17T16:56:05.957595+0100 | INFO | recommender:220 | Recommendations generated | user=user_000021 | returned=10/10 | cold_start=False | feature=42.2ms | model=1.6ms | ann=1.7ms
2026-08-17T16:56:05.958189+0100 | WARNING | middleware:70 | SLA WARNING | POST /api/v1/recommend | status=200 | latency=93.0ms | threshold=80ms
2026-08-17T20:00:12.902288+0100 | INFO | main:110 | Shutting down...
2026-08-17T20:00:12.924102+0100 | INFO | model_loader:297 | ML artifacts unloaded
2026-08-17T20:00:12.926100+0100 | INFO | main:112 | ✅ Shutdown complete
2026-08-17T20:02:31.856179+0100 | INFO | main:76 | ============================================================
2026-08-17T20:02:31.856179+0100 | INFO | main:77 |   RecSys Inference API v0.1.0
2026-08-17T20:02:31.856179+0100 | INFO | main:78 |   Environment: development
2026-08-17T20:02:31.857510+0100 | INFO | main:79 | ============================================================
2026-08-17T20:02:31.857510+0100 | INFO | model_loader:215 | ============================================================
2026-08-17T20:02:31.857510+0100 | INFO | model_loader:216 |   LOADING ML ARTIFACTS
2026-08-17T20:02:31.859018+0100 | INFO | model_loader:217 | ============================================================
2026-08-17T20:02:31.864090+0100 | INFO | model_loader:233 | Encoders loaded | users=9,938 | items=4,998
2026-08-17T20:02:31.865087+0100 | INFO | dataset:106 | Normalization stats loaded ← src\training\data\processed\norm_stats.json
2026-08-17T20:02:31.866090+0100 | INFO | model_loader:246 | Normalization stats loaded
2026-08-17T20:02:31.867088+0100 | INFO | model_loader:102 | Loading model from MLflow | uri=models:/two-tower-recommender/latest
2026-08-17T20:06:39.684032+0100 | WARNING | model_loader:127 | MLflow model load failed: API request to http://localhost:5000/api/2.0/mlflow/registered-models/get-latest-versions failed with exception HTTPConnectionPool(host='localhost', port=5000): Max retries exceeded with url: /api/2.0/mlflow/registered-models/get-latest-versions (Caused by ResponseError('too many 500 error responses'))
Attempting fallback to local artifacts...
2026-08-17T20:06:39.723122+0100 | DEBUG | model:204 | UserTower initialized | input_dim=84 | output_dim=64
2026-08-17T20:06:39.731158+0100 | DEBUG | model:298 | ItemTower initialized | input_dim=87 | output_dim=64
2026-08-17T20:06:39.731158+0100 | INFO | model:368 | TwoTowerModel initialized | total_params=1,084,225 | trainable=1,084,225
2026-08-17T20:06:39.733158+0100 | SUCCESS | model_loader:158 | ✅ Model loaded from local checkpoint (fallback)
2026-08-17T20:06:39.736183+0100 | INFO | model_loader:181 | Building FAISS index | n_items=4,998 | dim=64 | type=IndexFlatIP
2026-08-17T20:06:39.737185+0100 | SUCCESS | model_loader:197 | ✅ FAISS index built | total_vectors=4,998
2026-08-17T20:06:39.738186+0100 | INFO | model_loader:279 | ============================================================
2026-08-17T20:06:39.738186+0100 | INFO | model_loader:280 |   ALL ARTIFACTS LOADED
2026-08-17T20:06:39.739186+0100 | INFO | model_loader:281 |   Model version:  local-checkpoint
2026-08-17T20:06:39.739186+0100 | INFO | model_loader:282 |   Device:         cpu
2026-08-17T20:06:39.739186+0100 | INFO | model_loader:283 |   FAISS vectors:  4,998
2026-08-17T20:06:39.739186+0100 | INFO | model_loader:284 |   Load time:      247.88s
2026-08-17T20:06:39.739186+0100 | INFO | model_loader:285 | ============================================================
2026-08-17T20:06:40.148804+0100 | SUCCESS | feature_fetcher:99 | ✅ Feast connected | project=recsys
2026-08-17T20:06:40.149815+0100 | INFO | feature_fetcher:89 | FeatureFetcher initialized
2026-08-17T20:06:40.149815+0100 | INFO | recommender:78 | PostgreSQL connection pool created
2026-08-17T20:06:40.149815+0100 | INFO | recommender:57 | RecommendationEngine initialized
2026-08-17T20:06:40.150815+0100 | SUCCESS | main:105 | ✅ Service startup complete — ready to serve requests
2026-08-17T20:06:54.874754+0100 | INFO | main:76 | ============================================================
2026-08-17T20:06:54.875271+0100 | INFO | main:77 |   RecSys Inference API v0.1.0
2026-08-17T20:06:54.875271+0100 | INFO | main:78 |   Environment: development
2026-08-17T20:06:54.875271+0100 | INFO | main:79 | ============================================================
2026-08-17T20:06:54.877791+0100 | INFO | model_loader:215 | ============================================================
2026-08-17T20:06:54.878339+0100 | INFO | model_loader:216 |   LOADING ML ARTIFACTS
2026-08-17T20:06:54.878918+0100 | INFO | model_loader:217 | ============================================================
2026-08-17T20:06:54.886767+0100 | INFO | model_loader:233 | Encoders loaded | users=9,938 | items=4,998
2026-08-17T20:06:54.887952+0100 | INFO | dataset:106 | Normalization stats loaded ← src\training\data\processed\norm_stats.json
2026-08-17T20:06:54.888500+0100 | INFO | model_loader:246 | Normalization stats loaded
2026-08-17T20:06:54.888500+0100 | INFO | model_loader:102 | Loading model from MLflow | uri=models:/two-tower-recommender/latest
2026-08-17T20:11:03.151977+0100 | WARNING | model_loader:127 | MLflow model load failed: API request to http://localhost:5000/api/2.0/mlflow/registered-models/get-latest-versions failed with exception HTTPConnectionPool(host='localhost', port=5000): Max retries exceeded with url: /api/2.0/mlflow/registered-models/get-latest-versions (Caused by ResponseError('too many 500 error responses'))
Attempting fallback to local artifacts...
2026-08-17T20:11:03.183308+0100 | DEBUG | model:204 | UserTower initialized | input_dim=84 | output_dim=64
2026-08-17T20:11:03.187835+0100 | DEBUG | model:298 | ItemTower initialized | input_dim=87 | output_dim=64
2026-08-17T20:11:03.188846+0100 | INFO | model:368 | TwoTowerModel initialized | total_params=1,084,225 | trainable=1,084,225
2026-08-17T20:11:03.191830+0100 | SUCCESS | model_loader:158 | ✅ Model loaded from local checkpoint (fallback)
2026-08-17T20:11:03.194826+0100 | INFO | model_loader:181 | Building FAISS index | n_items=4,998 | dim=64 | type=IndexFlatIP
2026-08-17T20:11:03.195826+0100 | SUCCESS | model_loader:197 | ✅ FAISS index built | total_vectors=4,998
2026-08-17T20:11:03.195826+0100 | INFO | model_loader:279 | ============================================================
2026-08-17T20:11:03.197333+0100 | INFO | model_loader:280 |   ALL ARTIFACTS LOADED
2026-08-17T20:11:03.197333+0100 | INFO | model_loader:281 |   Model version:  local-checkpoint
2026-08-17T20:11:03.197333+0100 | INFO | model_loader:282 |   Device:         cpu
2026-08-17T20:11:03.197333+0100 | INFO | model_loader:283 |   FAISS vectors:  4,998
2026-08-17T20:11:03.198340+0100 | INFO | model_loader:284 |   Load time:      248.32s
2026-08-17T20:11:03.198340+0100 | INFO | model_loader:285 | ============================================================
2026-08-17T20:11:03.531859+0100 | SUCCESS | feature_fetcher:99 | ✅ Feast connected | project=recsys
2026-08-17T20:11:03.532866+0100 | INFO | feature_fetcher:89 | FeatureFetcher initialized
2026-08-17T20:11:03.532866+0100 | INFO | recommender:78 | PostgreSQL connection pool created
2026-08-17T20:11:03.532866+0100 | INFO | recommender:57 | RecommendationEngine initialized
2026-08-17T20:11:03.533939+0100 | SUCCESS | main:105 | ✅ Service startup complete — ready to serve requests
2026-08-17T20:11:20.740316+0100 | DEBUG | recommender:300 | Metadata fetched | requested=20 | returned=20
2026-08-17T20:11:20.740316+0100 | INFO | recommender:220 | Recommendations generated | user=user_000021 | returned=10/10 | cold_start=False | feature=6.4ms | model=1.8ms | ann=1.7ms
2026-08-17T20:11:20.742833+0100 | INFO | middleware:76 | POST /api/v1/recommend | status=200 | latency=66.0ms
2026-08-18T13:56:26.730805+0100 | INFO | main:110 | Shutting down...
2026-08-18T13:56:26.783417+0100 | INFO | model_loader:297 | ML artifacts unloaded
2026-08-18T13:56:26.788622+0100 | INFO | main:112 | ✅ Shutdown complete
2026-08-18T14:02:15.701393+0100 | INFO | main:76 | ============================================================
2026-08-18T14:02:15.701965+0100 | INFO | main:77 |   RecSys Inference API v0.1.0
2026-08-18T14:02:15.701965+0100 | INFO | main:78 |   Environment: development
2026-08-18T14:02:15.701965+0100 | INFO | main:79 | ============================================================
2026-08-18T14:02:15.703006+0100 | INFO | model_loader:215 | ============================================================
2026-08-18T14:02:15.704212+0100 | INFO | model_loader:216 |   LOADING ML ARTIFACTS
2026-08-18T14:02:15.704212+0100 | INFO | model_loader:217 | ============================================================
2026-08-18T14:02:15.708918+0100 | INFO | model_loader:233 | Encoders loaded | users=9,938 | items=4,998
2026-08-18T14:02:15.709925+0100 | INFO | dataset:106 | Normalization stats loaded ← src\training\data\processed\norm_stats.json
2026-08-18T14:02:15.709925+0100 | INFO | model_loader:246 | Normalization stats loaded
2026-08-18T14:02:15.710925+0100 | INFO | model_loader:102 | Loading model from MLflow | uri=models:/two-tower-recommender/latest
2026-08-18T14:06:48.985817+0100 | WARNING | model_loader:127 | MLflow model load failed: API request to http://localhost:5000/api/2.0/mlflow/registered-models/get-latest-versions failed with exception HTTPConnectionPool(host='localhost', port=5000): Max retries exceeded with url: /api/2.0/mlflow/registered-models/get-latest-versions (Caused by NewConnectionError("HTTPConnection(host='localhost', port=5000): Failed to establish a new connection: [WinError 10061] No connection could be made because the target machine actively refused it"))
Attempting fallback to local artifacts...
2026-08-18T14:06:49.112686+0100 | DEBUG | model:204 | UserTower initialized | input_dim=84 | output_dim=64
2026-08-18T14:06:49.124582+0100 | DEBUG | model:298 | ItemTower initialized | input_dim=87 | output_dim=64
2026-08-18T14:06:49.125719+0100 | INFO | model:368 | TwoTowerModel initialized | total_params=1,084,225 | trainable=1,084,225
2026-08-18T14:06:49.130687+0100 | SUCCESS | model_loader:158 | ✅ Model loaded from local checkpoint (fallback)
2026-08-18T14:06:49.137159+0100 | INFO | model_loader:181 | Building FAISS index | n_items=4,998 | dim=64 | type=IndexFlatIP
2026-08-18T14:06:49.139819+0100 | SUCCESS | model_loader:197 | ✅ FAISS index built | total_vectors=4,998
2026-08-18T14:06:49.142399+0100 | INFO | model_loader:279 | ============================================================
2026-08-18T14:06:49.142399+0100 | INFO | model_loader:280 |   ALL ARTIFACTS LOADED
2026-08-18T14:06:49.143410+0100 | INFO | model_loader:281 |   Model version:  local-checkpoint
2026-08-18T14:06:49.144426+0100 | INFO | model_loader:282 |   Device:         cpu
2026-08-18T14:06:49.145440+0100 | INFO | model_loader:283 |   FAISS vectors:  4,998
2026-08-18T14:06:49.145440+0100 | INFO | model_loader:284 |   Load time:      273.44s
2026-08-18T14:06:49.146438+0100 | INFO | model_loader:285 | ============================================================
2026-08-18T14:06:50.407490+0100 | SUCCESS | feature_fetcher:99 | ✅ Feast connected | project=recsys
2026-08-18T14:06:50.408499+0100 | INFO | feature_fetcher:89 | FeatureFetcher initialized
2026-08-18T14:06:50.410490+0100 | INFO | recommender:78 | PostgreSQL connection pool created
2026-08-18T14:06:50.411494+0100 | INFO | recommender:57 | RecommendationEngine initialized
2026-08-18T14:06:50.415306+0100 | SUCCESS | main:105 | ✅ Service startup complete — ready to serve requests
2026-08-18T14:09:30.943000+0100 | INFO | main:110 | Shutting down...
2026-08-18T14:09:30.944290+0100 | INFO | model_loader:297 | ML artifacts unloaded
2026-08-18T14:09:30.945537+0100 | INFO | main:112 | ✅ Shutdown complete
2026-08-18T14:09:51.247229+0100 | INFO | main:76 | ============================================================
2026-08-18T14:09:51.249193+0100 | INFO | main:77 |   RecSys Inference API v0.1.0
2026-08-18T14:09:51.250182+0100 | INFO | main:78 |   Environment: development
2026-08-18T14:09:51.251234+0100 | INFO | main:79 | ============================================================
2026-08-18T14:09:51.253756+0100 | INFO | model_loader:215 | ============================================================
2026-08-18T14:09:51.253756+0100 | INFO | model_loader:216 |   LOADING ML ARTIFACTS
2026-08-18T14:09:51.256492+0100 | INFO | model_loader:217 | ============================================================
2026-08-18T14:09:51.271957+0100 | INFO | model_loader:233 | Encoders loaded | users=9,938 | items=4,998
2026-08-18T14:09:51.274944+0100 | INFO | dataset:106 | Normalization stats loaded ← src\training\data\processed\norm_stats.json
2026-08-18T14:09:51.276709+0100 | INFO | model_loader:246 | Normalization stats loaded
2026-08-18T14:09:51.277715+0100 | INFO | model_loader:102 | Loading model from MLflow | uri=models:/two-tower-recommender/latest
2026-08-18T14:14:28.262374+0100 | WARNING | model_loader:127 | MLflow model load failed: API request to http://localhost:5000/api/2.0/mlflow/registered-models/get-latest-versions failed with exception HTTPConnectionPool(host='localhost', port=5000): Max retries exceeded with url: /api/2.0/mlflow/registered-models/get-latest-versions (Caused by NewConnectionError("HTTPConnection(host='localhost', port=5000): Failed to establish a new connection: [WinError 10061] No connection could be made because the target machine actively refused it"))
Attempting fallback to local artifacts...
2026-08-18T14:14:28.299268+0100 | DEBUG | model:204 | UserTower initialized | input_dim=84 | output_dim=64
2026-08-18T14:14:28.304433+0100 | DEBUG | model:298 | ItemTower initialized | input_dim=87 | output_dim=64
2026-08-18T14:14:28.304433+0100 | INFO | model:368 | TwoTowerModel initialized | total_params=1,084,225 | trainable=1,084,225
2026-08-18T14:14:28.307376+0100 | SUCCESS | model_loader:158 | ✅ Model loaded from local checkpoint (fallback)
2026-08-18T14:14:28.309383+0100 | INFO | model_loader:181 | Building FAISS index | n_items=4,998 | dim=64 | type=IndexFlatIP
2026-08-18T14:14:28.310375+0100 | SUCCESS | model_loader:197 | ✅ FAISS index built | total_vectors=4,998
2026-08-18T14:14:28.311882+0100 | INFO | model_loader:279 | ============================================================
2026-08-18T14:14:28.312912+0100 | INFO | model_loader:280 |   ALL ARTIFACTS LOADED
2026-08-18T14:14:28.312912+0100 | INFO | model_loader:281 |   Model version:  local-checkpoint
2026-08-18T14:14:28.313890+0100 | INFO | model_loader:282 |   Device:         cpu
2026-08-18T14:14:28.313890+0100 | INFO | model_loader:283 |   FAISS vectors:  4,998
2026-08-18T14:14:28.313890+0100 | INFO | model_loader:284 |   Load time:      277.06s
2026-08-18T14:14:28.314890+0100 | INFO | model_loader:285 | ============================================================
2026-08-18T14:14:28.712109+0100 | SUCCESS | feature_fetcher:99 | ✅ Feast connected | project=recsys
2026-08-18T14:14:28.712109+0100 | INFO | feature_fetcher:89 | FeatureFetcher initialized
2026-08-18T14:14:28.713074+0100 | INFO | recommender:78 | PostgreSQL connection pool created
2026-08-18T14:14:28.713074+0100 | INFO | recommender:57 | RecommendationEngine initialized
2026-08-18T14:14:28.713074+0100 | SUCCESS | main:105 | ✅ Service startup complete — ready to serve requests
2026-08-18T14:15:17.905321+0100 | DEBUG | middleware:81 | GET / | status=404 | 0.4ms
2026-08-18T14:15:22.034884+0100 | DEBUG | middleware:81 | GET /docs | status=200 | 0.7ms
2026-08-18T14:15:22.140210+0100 | DEBUG | middleware:81 | GET /openapi.json | status=200 | 12.4ms
2026-08-18T14:15:40.080030+0100 | DEBUG | middleware:81 | GET /health | status=200 | 4.1ms
2026-08-18T14:16:21.366617+0100 | ERROR | routers.recommendations:117 | Recommendation failed | user=user_000123 | request_id=67d4777e-b981-42ac-8c67-8bf3df79021f | error=index out of range in self
2026-08-18T14:16:21.366617+0100 | INFO | middleware:76 | POST /api/v1/recommend | status=500 | latency=75.4ms
2026-08-18T14:17:30.952468+0100 | DEBUG | recommender:300 | Metadata fetched | requested=20 | returned=20
2026-08-18T14:17:30.952468+0100 | INFO | recommender:220 | Recommendations generated | user=user_000021 | returned=10/10 | cold_start=False | feature=37.1ms | model=2.2ms | ann=1.8ms
2026-08-18T14:17:30.953974+0100 | WARNING | middleware:70 | SLA WARNING | POST /api/v1/recommend | status=200 | latency=84.8ms | threshold=80ms
2026-08-18T18:44:20.627918+0100 | INFO | main:110 | Shutting down...
2026-08-18T18:44:20.645159+0100 | INFO | model_loader:297 | ML artifacts unloaded
2026-08-18T18:44:20.647157+0100 | INFO | main:112 | ✅ Shutdown complete
2026-08-19T16:04:13.709103+0100 | INFO | main:76 | ============================================================
2026-08-19T16:04:13.710098+0100 | INFO | main:77 |   RecSys Inference API v0.1.0
2026-08-19T16:04:13.711679+0100 | INFO | main:78 |   Environment: development
2026-08-19T16:04:13.712730+0100 | INFO | main:79 | ============================================================
2026-08-19T16:04:13.715781+0100 | INFO | model_loader:215 | ============================================================
2026-08-19T16:04:13.717247+0100 | INFO | model_loader:216 |   LOADING ML ARTIFACTS
2026-08-19T16:04:13.718557+0100 | INFO | model_loader:217 | ============================================================
2026-08-19T16:04:13.734666+0100 | INFO | model_loader:233 | Encoders loaded | users=9,938 | items=4,998
2026-08-19T16:04:13.737674+0100 | INFO | dataset:106 | Normalization stats loaded ← src\training\data\processed\norm_stats.json
2026-08-19T16:04:13.738676+0100 | INFO | model_loader:246 | Normalization stats loaded
2026-08-19T16:04:13.739701+0100 | INFO | model_loader:102 | Loading model from MLflow | uri=models:/two-tower-recommender/latest
2026-08-19T16:04:15.331029+0100 | WARNING | model_loader:127 | MLflow model load failed: INVALID_PARAMETER_VALUE: Invalid Model Version stage: latest. Value must be one of None, Staging, Production, Archived.
Attempting fallback to local artifacts...
2026-08-19T16:04:15.413285+0100 | DEBUG | model:204 | UserTower initialized | input_dim=84 | output_dim=64
2026-08-19T16:04:15.426393+0100 | DEBUG | model:298 | ItemTower initialized | input_dim=87 | output_dim=64
2026-08-19T16:04:15.428402+0100 | INFO | model:368 | TwoTowerModel initialized | total_params=1,084,225 | trainable=1,084,225
2026-08-19T16:04:15.436162+0100 | SUCCESS | model_loader:158 | ✅ Model loaded from local checkpoint (fallback)
2026-08-19T16:04:15.442691+0100 | INFO | model_loader:181 | Building FAISS index | n_items=4,998 | dim=64 | type=IndexFlatIP
2026-08-19T16:04:15.449233+0100 | SUCCESS | model_loader:197 | ✅ FAISS index built | total_vectors=4,998
2026-08-19T16:04:15.452796+0100 | INFO | model_loader:279 | ============================================================
2026-08-19T16:04:15.453794+0100 | INFO | model_loader:280 |   ALL ARTIFACTS LOADED
2026-08-19T16:04:15.455316+0100 | INFO | model_loader:281 |   Model version:  local-checkpoint
2026-08-19T16:04:15.455316+0100 | INFO | model_loader:282 |   Device:         cpu
2026-08-19T16:04:15.456348+0100 | INFO | model_loader:283 |   FAISS vectors:  4,998
2026-08-19T16:04:15.457356+0100 | INFO | model_loader:284 |   Load time:      1.74s
2026-08-19T16:04:15.458352+0100 | INFO | model_loader:285 | ============================================================
2026-08-19T16:04:16.194330+0100 | SUCCESS | feature_fetcher:99 | ✅ Feast connected | project=recsys
2026-08-19T16:04:16.195329+0100 | INFO | feature_fetcher:89 | FeatureFetcher initialized
2026-08-19T16:04:16.197287+0100 | INFO | recommender:78 | PostgreSQL connection pool created
2026-08-19T16:04:16.197287+0100 | INFO | recommender:57 | RecommendationEngine initialized
2026-08-19T16:04:16.198302+0100 | SUCCESS | main:105 | ✅ Service startup complete — ready to serve requests
2026-08-19T16:04:25.664290+0100 | DEBUG | middleware:81 | GET /docs | status=200 | 1.2ms
2026-08-19T16:04:26.015914+0100 | DEBUG | middleware:81 | GET /openapi.json | status=200 | 34.5ms
2026-08-19T16:05:19.372908+0100 | ERROR | routers.recommendations:117 | Recommendation failed | user=user_000123 | request_id=8d15ee5e-e522-4b35-87a2-9de1d318f8c7 | error=index out of range in self
2026-08-19T16:05:19.373908+0100 | WARNING | middleware:70 | SLA WARNING | POST /api/v1/recommend | status=500 | latency=112.0ms | threshold=80ms
2026-08-19T16:06:49.899036+0100 | ERROR | routers.recommendations:117 | Recommendation failed | user=user_000021 | request_id=e180fa34-7903-4bb2-b7ea-299c9f07d67c | error=index out of range in self
2026-08-19T16:06:49.900091+0100 | WARNING | middleware:70 | SLA WARNING | POST /api/v1/recommend | status=500 | latency=82.3ms | threshold=80ms
2026-08-19T16:07:55.518964+0100 | ERROR | routers.recommendations:117 | Recommendation failed | user=user_000123 | request_id=eb625343-8e7f-45b3-a08c-ac060e14c8fc | error=index out of range in self
2026-08-19T16:07:55.519494+0100 | WARNING | middleware:70 | SLA WARNING | POST /api/v1/recommend | status=500 | latency=111.0ms | threshold=80ms
2026-08-19T16:08:30.191949+0100 | ERROR | routers.recommendations:117 | Recommendation failed | user=user_000123 | request_id=8fd8d76b-d26f-4a9e-9687-90d1c2567a7c | error=index out of range in self
2026-08-19T16:08:30.193449+0100 | INFO | middleware:76 | GET /api/v1/recommend/user_000123 | status=500 | latency=6.3ms
2026-08-19T16:08:50.697180+0100 | DEBUG | feature_fetcher:158 | Cold start user detected: "user_000123"
2026-08-19T16:08:50.837852+0100 | DEBUG | recommender:300 | Metadata fetched | requested=20 | returned=20
2026-08-19T16:08:50.838546+0100 | INFO | recommender:220 | Recommendations generated | user="user_000123" | returned=10/10 | cold_start=True | feature=5.1ms | model=5.0ms | ann=16.2ms
2026-08-19T16:08:50.840555+0100 | WARNING | middleware:70 | SLA WARNING | GET /api/v1/recommend/"user_000123" | status=200 | latency=149.3ms | threshold=80ms
2026-08-19T16:13:21.393690+0100 | ERROR | routers.recommendations:117 | Recommendation failed | user=user_000123 | request_id=59d8b8c4-ec4b-49ae-b2fb-b6590d1f7686 | error=index out of range in self
2026-08-19T16:13:21.394694+0100 | WARNING | middleware:70 | SLA WARNING | POST /api/v1/recommend | status=500 | latency=96.7ms | threshold=80ms
2026-08-19T16:13:44.238629+0100 | ERROR | routers.recommendations:117 | Recommendation failed | user=user_000021 | request_id=641792c8-5cb1-4a66-82e2-953dcc6b6436 | error=index out of range in self
2026-08-19T16:13:44.241274+0100 | INFO | middleware:76 | POST /api/v1/recommend | status=500 | latency=17.3ms
2026-08-19T16:13:57.752621+0100 | ERROR | routers.recommendations:117 | Recommendation failed | user=user_000128 | request_id=517e45cc-37bc-48e9-8b01-f988ecbfc94f | error=index out of range in self
2026-08-19T16:13:57.753632+0100 | INFO | middleware:76 | POST /api/v1/recommend | status=500 | latency=15.5ms
2026-08-19T16:15:05.067392+0100 | ERROR | routers.recommendations:117 | Recommendation failed | user=user_009621 | request_id=6f2fecba-12dd-496a-b145-4e845b1c416b | error=index out of range in self
2026-08-19T16:15:05.069243+0100 | WARNING | middleware:70 | SLA WARNING | POST /api/v1/recommend | status=500 | latency=118.0ms | threshold=80ms
2026-08-19T16:15:53.500290+0100 | DEBUG | middleware:81 | GET /health | status=200 | 1.9ms
2026-08-19T16:17:33.782267+0100 | ERROR | main:159 | Unhandled exception | request_id=3fa10430-f5bb-49da-b78b-0e52d3407ab8 | path=/api/v1/debug/user_000001 | error=index out of range in self
2026-08-19T16:17:49.301814+0100 | DEBUG | middleware:81 | GET /health | status=200 | 2.5ms
2026-08-19T16:19:26.910572+0100 | ERROR | routers.recommendations:117 | Recommendation failed | user=user_000000 | request_id=adfe4443-3cb9-4059-8fc8-7f4125845e24 | error=index out of range in self
2026-08-19T16:19:26.911710+0100 | WARNING | middleware:70 | SLA WARNING | POST /api/v1/recommend | status=500 | latency=82.2ms | threshold=80ms
2026-08-19T16:30:25.867910+0100 | INFO | main:110 | Shutting down...
2026-08-19T16:30:25.868913+0100 | INFO | model_loader:297 | ML artifacts unloaded
2026-08-19T16:30:25.869910+0100 | INFO | main:112 | ✅ Shutdown complete
2026-08-19T16:30:42.785223+0100 | INFO | main:76 | ============================================================
2026-08-19T16:30:42.786227+0100 | INFO | main:77 |   RecSys Inference API v0.1.0
2026-08-19T16:30:42.786227+0100 | INFO | main:78 |   Environment: development
2026-08-19T16:30:42.787756+0100 | INFO | main:79 | ============================================================
2026-08-19T16:30:42.788796+0100 | INFO | model_loader:215 | ============================================================
2026-08-19T16:30:42.788796+0100 | INFO | model_loader:216 |   LOADING ML ARTIFACTS
2026-08-19T16:30:42.788796+0100 | INFO | model_loader:217 | ============================================================
2026-08-19T16:30:42.795390+0100 | INFO | model_loader:233 | Encoders loaded | users=9,938 | items=4,998
2026-08-19T16:30:42.796974+0100 | INFO | dataset:106 | Normalization stats loaded ← src\training\data\processed\norm_stats.json
2026-08-19T16:30:42.796974+0100 | INFO | model_loader:246 | Normalization stats loaded
2026-08-19T16:30:42.798005+0100 | INFO | model_loader:102 | Loading model from MLflow | uri=models:/two-tower-recommender/latest
2026-08-19T16:30:44.244196+0100 | WARNING | model_loader:127 | MLflow model load failed: INVALID_PARAMETER_VALUE: Invalid Model Version stage: latest. Value must be one of None, Staging, Production, Archived.
Attempting fallback to local artifacts...
2026-08-19T16:30:44.360502+0100 | DEBUG | model:204 | UserTower initialized | input_dim=84 | output_dim=64
2026-08-19T16:30:44.385624+0100 | DEBUG | model:298 | ItemTower initialized | input_dim=87 | output_dim=64
2026-08-19T16:30:44.387390+0100 | INFO | model:368 | TwoTowerModel initialized | total_params=1,084,225 | trainable=1,084,225
2026-08-19T16:30:44.394492+0100 | SUCCESS | model_loader:158 | ✅ Model loaded from local checkpoint (fallback)
2026-08-19T16:30:44.403364+0100 | INFO | model_loader:181 | Building FAISS index | n_items=4,998 | dim=64 | type=IndexFlatIP
2026-08-19T16:30:44.408435+0100 | SUCCESS | model_loader:197 | ✅ FAISS index built | total_vectors=4,998
2026-08-19T16:30:44.413445+0100 | INFO | model_loader:279 | ============================================================
2026-08-19T16:30:44.415447+0100 | INFO | model_loader:280 |   ALL ARTIFACTS LOADED
2026-08-19T16:30:44.415447+0100 | INFO | model_loader:281 |   Model version:  local-checkpoint
2026-08-19T16:30:44.417550+0100 | INFO | model_loader:282 |   Device:         cpu
2026-08-19T16:30:44.419321+0100 | INFO | model_loader:283 |   FAISS vectors:  4,998
2026-08-19T16:30:44.420351+0100 | INFO | model_loader:284 |   Load time:      1.62s
2026-08-19T16:30:44.422354+0100 | INFO | model_loader:285 | ============================================================
2026-08-19T16:30:45.191242+0100 | SUCCESS | feature_fetcher:99 | ✅ Feast connected | project=recsys
2026-08-19T16:30:45.192237+0100 | INFO | feature_fetcher:89 | FeatureFetcher initialized
2026-08-19T16:30:45.193242+0100 | INFO | recommender:78 | PostgreSQL connection pool created
2026-08-19T16:30:45.193242+0100 | INFO | recommender:57 | RecommendationEngine initialized
2026-08-19T16:30:45.194240+0100 | SUCCESS | main:105 | ✅ Service startup complete — ready to serve requests
2026-08-19T16:32:59.520264+0100 | ERROR | routers.recommendations:117 | Recommendation failed | user=user_000095 | request_id=e726f425-21e2-442f-b014-51195c043b7b | error=index out of range in self
2026-08-19T16:32:59.521264+0100 | WARNING | middleware:70 | SLA WARNING | POST /api/v1/recommend | status=500 | latency=84.5ms | threshold=80ms
2026-08-19T16:39:16.886696+0100 | DEBUG | feature_fetcher:158 | Cold start user detected: "user_000095"
2026-08-19T16:39:16.937612+0100 | DEBUG | recommender:300 | Metadata fetched | requested=20 | returned=20
2026-08-19T16:39:16.937612+0100 | INFO | recommender:220 | Recommendations generated | user="user_000095" | returned=10/10 | cold_start=True | feature=42.6ms | model=2.0ms | ann=1.9ms
2026-08-19T16:39:16.938610+0100 | WARNING | middleware:70 | SLA WARNING | GET /api/v1/recommend/"user_000095" | status=200 | latency=96.1ms | threshold=80ms
2026-08-19T16:39:38.634463+0100 | INFO | middleware:76 | POST /api/v1/recommend | status=422 | latency=1.3ms
2026-08-19T16:40:04.487155+0100 | INFO | middleware:76 | POST /api/v1/recommend | status=422 | latency=2.8ms
2026-08-19T16:40:22.901255+0100 | ERROR | routers.recommendations:117 | Recommendation failed | user=user_000095 | request_id=ae713cc6-451d-4834-b996-94e58acc0efa | error=index out of range in self
2026-08-19T16:40:22.902257+0100 | INFO | middleware:76 | POST /api/v1/recommend | status=500 | latency=46.7ms
2026-08-19T17:48:08.665416+0100 | INFO | main:110 | Shutting down...
2026-08-19T17:48:08.668448+0100 | INFO | model_loader:297 | ML artifacts unloaded
2026-08-19T17:48:08.668448+0100 | INFO | main:112 | ✅ Shutdown complete
2026-08-19T17:56:00.784230+0100 | INFO | main:76 | ============================================================
2026-08-19T17:56:00.785227+0100 | INFO | main:77 |   RecSys Inference API v0.1.0
2026-08-19T17:56:00.785227+0100 | INFO | main:78 |   Environment: development
2026-08-19T17:56:00.785227+0100 | INFO | main:79 | ============================================================
2026-08-19T17:56:00.786227+0100 | INFO | model_loader:215 | ============================================================
2026-08-19T17:56:00.786227+0100 | INFO | model_loader:216 |   LOADING ML ARTIFACTS
2026-08-19T17:56:00.787226+0100 | INFO | model_loader:217 | ============================================================
2026-08-19T17:56:00.789859+0100 | INFO | model_loader:233 | Encoders loaded | users=9,938 | items=4,998
2026-08-19T17:56:00.790866+0100 | INFO | dataset:106 | Normalization stats loaded ← src\training\data\processed\norm_stats.json
2026-08-19T17:56:00.791901+0100 | INFO | model_loader:246 | Normalization stats loaded
2026-08-19T17:56:00.791901+0100 | INFO | model_loader:102 | Loading model from MLflow | uri=models:/two-tower-recommender/latest
2026-08-19T17:56:01.689275+0100 | WARNING | model_loader:127 | MLflow model load failed: INVALID_PARAMETER_VALUE: Invalid Model Version stage: latest. Value must be one of None, Staging, Production, Archived.
Attempting fallback to local artifacts...
2026-08-19T17:56:01.719167+0100 | DEBUG | model:204 | UserTower initialized | input_dim=84 | output_dim=64
2026-08-19T17:56:01.723752+0100 | DEBUG | model:298 | ItemTower initialized | input_dim=87 | output_dim=64
2026-08-19T17:56:01.724734+0100 | INFO | model:368 | TwoTowerModel initialized | total_params=1,084,225 | trainable=1,084,225
2026-08-19T17:56:01.726698+0100 | SUCCESS | model_loader:158 | ✅ Model loaded from local checkpoint (fallback)
2026-08-19T17:56:01.730209+0100 | INFO | model_loader:181 | Building FAISS index | n_items=4,998 | dim=64 | type=IndexFlatIP
2026-08-19T17:56:01.731210+0100 | SUCCESS | model_loader:197 | ✅ FAISS index built | total_vectors=4,998
2026-08-19T17:56:01.733209+0100 | INFO | model_loader:279 | ============================================================
2026-08-19T17:56:01.733209+0100 | INFO | model_loader:280 |   ALL ARTIFACTS LOADED
2026-08-19T17:56:01.733209+0100 | INFO | model_loader:281 |   Model version:  local-checkpoint
2026-08-19T17:56:01.734209+0100 | INFO | model_loader:282 |   Device:         cpu
2026-08-19T17:56:01.734209+0100 | INFO | model_loader:283 |   FAISS vectors:  4,998
2026-08-19T17:56:01.734209+0100 | INFO | model_loader:284 |   Load time:      0.95s
2026-08-19T17:56:01.734209+0100 | INFO | model_loader:285 | ============================================================
2026-08-19T17:56:02.169659+0100 | WARNING | feature_fetcher:104 | Feast initialization failed: (psycopg2.OperationalError) connection to server at "localhost" (::1), port 5433 failed: FATAL:  database "feast_db" does not exist

(Background on this error at: https://sqlalche.me/e/20/e3q8)
Will use cold-start defaults for all users.
2026-08-19T17:56:02.170244+0100 | INFO | feature_fetcher:89 | FeatureFetcher initialized
2026-08-19T17:56:02.170244+0100 | INFO | recommender:78 | PostgreSQL connection pool created
2026-08-19T17:56:02.170244+0100 | INFO | recommender:57 | RecommendationEngine initialized
2026-08-19T17:56:02.171240+0100 | SUCCESS | main:105 | ✅ Service startup complete — ready to serve requests
2026-08-19T17:56:33.920382+0100 | DEBUG | middleware:81 | GET /docs | status=200 | 0.9ms
2026-08-19T17:56:34.040925+0100 | DEBUG | middleware:81 | GET /openapi.json | status=200 | 10.6ms
2026-08-19T17:57:04.532562+0100 | INFO | middleware:76 | POST /api/v1/recommend | status=422 | latency=1.1ms
2026-08-19T17:57:29.870608+0100 | INFO | middleware:76 | POST /api/v1/recommend | status=422 | latency=3.1ms
2026-08-19T17:59:05.295430+0100 | WARNING | feature_fetcher:131 | Feast unavailable — using cold start for user=user_006275
2026-08-19T17:59:05.357673+0100 | DEBUG | recommender:300 | Metadata fetched | requested=20 | returned=20
2026-08-19T17:59:05.357673+0100 | INFO | recommender:220 | Recommendations generated | user=user_006275 | returned=10/10 | cold_start=True | feature=2.2ms | model=4.0ms | ann=3.6ms
2026-08-19T17:59:05.358674+0100 | INFO | middleware:76 | POST /api/v1/recommend | status=200 | latency=71.8ms
2026-08-19T19:57:14.534752+0100 | INFO | main:110 | Shutting down...
2026-08-19T19:57:14.543752+0100 | INFO | model_loader:297 | ML artifacts unloaded
2026-08-19T19:57:14.545784+0100 | INFO | main:112 | ✅ Shutdown complete
2026-08-19T20:06:35.204762+0100 | INFO | main:76 | ============================================================
2026-08-19T20:06:35.205764+0100 | INFO | main:77 |   RecSys Inference API v0.1.0
2026-08-19T20:06:35.205764+0100 | INFO | main:78 |   Environment: development
2026-08-19T20:06:35.206763+0100 | INFO | main:79 | ============================================================
2026-08-19T20:06:35.206763+0100 | INFO | model_loader:215 | ============================================================
2026-08-19T20:06:35.207764+0100 | INFO | model_loader:216 |   LOADING ML ARTIFACTS
2026-08-19T20:06:35.207764+0100 | INFO | model_loader:217 | ============================================================
2026-08-19T20:06:35.211356+0100 | INFO | model_loader:233 | Encoders loaded | users=9,938 | items=4,998
2026-08-19T20:06:35.212357+0100 | INFO | dataset:106 | Normalization stats loaded ← src\training\data\processed\norm_stats.json
2026-08-19T20:06:35.212357+0100 | INFO | model_loader:246 | Normalization stats loaded
2026-08-19T20:06:35.212357+0100 | INFO | model_loader:102 | Loading model from MLflow | uri=models:/two-tower-recommender/latest
2026-08-19T20:06:36.173653+0100 | WARNING | model_loader:127 | MLflow model load failed: INVALID_PARAMETER_VALUE: Invalid Model Version stage: latest. Value must be one of None, Staging, Production, Archived.
Attempting fallback to local artifacts...
2026-08-19T20:06:36.205512+0100 | DEBUG | model:204 | UserTower initialized | input_dim=84 | output_dim=64
2026-08-19T20:06:36.210064+0100 | DEBUG | model:298 | ItemTower initialized | input_dim=87 | output_dim=64
2026-08-19T20:06:36.210064+0100 | INFO | model:368 | TwoTowerModel initialized | total_params=1,084,225 | trainable=1,084,225
2026-08-19T20:06:36.213179+0100 | SUCCESS | model_loader:158 | ✅ Model loaded from local checkpoint (fallback)
2026-08-19T20:06:36.216184+0100 | INFO | model_loader:181 | Building FAISS index | n_items=4,998 | dim=64 | type=IndexFlatIP
2026-08-19T20:06:36.217183+0100 | SUCCESS | model_loader:197 | ✅ FAISS index built | total_vectors=4,998
2026-08-19T20:06:36.218181+0100 | INFO | model_loader:279 | ============================================================
2026-08-19T20:06:36.219179+0100 | INFO | model_loader:280 |   ALL ARTIFACTS LOADED
2026-08-19T20:06:36.219179+0100 | INFO | model_loader:281 |   Model version:  local-checkpoint
2026-08-19T20:06:36.219179+0100 | INFO | model_loader:282 |   Device:         cpu
2026-08-19T20:06:36.220180+0100 | INFO | model_loader:283 |   FAISS vectors:  4,998
2026-08-19T20:06:36.220180+0100 | INFO | model_loader:284 |   Load time:      1.01s
2026-08-19T20:06:36.220180+0100 | INFO | model_loader:285 | ============================================================
2026-08-19T20:06:36.642971+0100 | WARNING | feature_fetcher:104 | Feast initialization failed: (psycopg2.OperationalError) connection to server at "localhost" (::1), port 5433 failed: FATAL:  database "feast_db" does not exist

(Background on this error at: https://sqlalche.me/e/20/e3q8)
Will use cold-start defaults for all users.
2026-08-19T20:06:36.642971+0100 | INFO | feature_fetcher:89 | FeatureFetcher initialized
2026-08-19T20:06:36.644485+0100 | INFO | recommender:78 | PostgreSQL connection pool created
2026-08-19T20:06:36.644485+0100 | INFO | recommender:57 | RecommendationEngine initialized
2026-08-19T20:06:36.645495+0100 | SUCCESS | main:105 | ✅ Service startup complete — ready to serve requests
2026-08-19T20:06:55.487239+0100 | DEBUG | middleware:81 | GET /docs | status=200 | 0.5ms
2026-08-19T20:06:55.611894+0100 | DEBUG | middleware:81 | GET /openapi.json | status=200 | 8.4ms
2026-08-19T20:07:14.667777+0100 | WARNING | feature_fetcher:131 | Feast unavailable — using cold start for user=user_000095
2026-08-19T20:07:14.668765+0100 | ERROR | routers.recommendations:117 | Recommendation failed | user=user_000095 | request_id=459cbdd3-e8fc-41fb-8902-0336ca847166 | error=index out of range in self
2026-08-19T20:07:14.669764+0100 | INFO | middleware:76 | POST /api/v1/recommend | status=500 | latency=4.5ms
2026-08-19T20:07:40.633265+0100 | WARNING | feature_fetcher:131 | Feast unavailable — using cold start for user="user_000095"
2026-08-19T20:07:40.634270+0100 | ERROR | routers.recommendations:117 | Recommendation failed | user="user_000095" | request_id=21ba29b3-7181-47e6-85d6-27b4387f5e67 | error=index out of range in self
2026-08-19T20:07:40.635280+0100 | INFO | middleware:76 | GET /api/v1/recommend/"user_000095" | status=500 | latency=2.7ms
2026-08-19T20:09:25.035411+0100 | INFO | main:110 | Shutting down...
2026-08-19T20:09:25.036409+0100 | INFO | model_loader:297 | ML artifacts unloaded
2026-08-19T20:09:25.036409+0100 | INFO | main:112 | ✅ Shutdown complete
2026-08-19T20:32:52.119767+0100 | INFO | main:76 | ============================================================
2026-08-19T20:32:52.121146+0100 | INFO | main:77 |   RecSys Inference API v0.1.0
2026-08-19T20:32:52.121146+0100 | INFO | main:78 |   Environment: development
2026-08-19T20:32:52.121146+0100 | INFO | main:79 | ============================================================
2026-08-19T20:32:52.122657+0100 | INFO | model_loader:215 | ============================================================
2026-08-19T20:32:52.122657+0100 | INFO | model_loader:216 |   LOADING ML ARTIFACTS
2026-08-19T20:32:52.124089+0100 | INFO | model_loader:217 | ============================================================
2026-08-19T20:32:52.132956+0100 | INFO | model_loader:233 | Encoders loaded | users=9,938 | items=4,998
2026-08-19T20:32:52.132956+0100 | INFO | dataset:106 | Normalization stats loaded ← src\training\data\processed\norm_stats.json
2026-08-19T20:32:52.134484+0100 | INFO | model_loader:246 | Normalization stats loaded
2026-08-19T20:32:52.135117+0100 | INFO | model_loader:102 | Loading model from MLflow | uri=models:/two-tower-recommender/latest
2026-08-19T20:32:53.384697+0100 | WARNING | model_loader:127 | MLflow model load failed: INVALID_PARAMETER_VALUE: Invalid Model Version stage: latest. Value must be one of None, Staging, Production, Archived.
Attempting fallback to local artifacts...
2026-08-19T20:32:53.453119+0100 | DEBUG | model:204 | UserTower initialized | input_dim=84 | output_dim=64
2026-08-19T20:32:53.465229+0100 | DEBUG | model:298 | ItemTower initialized | input_dim=87 | output_dim=64
2026-08-19T20:32:53.466383+0100 | INFO | model:368 | TwoTowerModel initialized | total_params=1,084,225 | trainable=1,084,225
2026-08-19T20:32:53.471558+0100 | SUCCESS | model_loader:158 | ✅ Model loaded from local checkpoint (fallback)
2026-08-19T20:32:53.476527+0100 | INFO | model_loader:181 | Building FAISS index | n_items=4,998 | dim=64 | type=IndexFlatIP
2026-08-19T20:32:53.479527+0100 | SUCCESS | model_loader:197 | ✅ FAISS index built | total_vectors=4,998
2026-08-19T20:32:53.481528+0100 | INFO | model_loader:279 | ============================================================
2026-08-19T20:32:53.481528+0100 | INFO | model_loader:280 |   ALL ARTIFACTS LOADED
2026-08-19T20:32:53.482533+0100 | INFO | model_loader:281 |   Model version:  local-checkpoint
2026-08-19T20:32:53.482533+0100 | INFO | model_loader:282 |   Device:         cpu
2026-08-19T20:32:53.484042+0100 | INFO | model_loader:283 |   FAISS vectors:  4,998
2026-08-19T20:32:53.485083+0100 | INFO | model_loader:284 |   Load time:      1.36s
2026-08-19T20:32:53.485083+0100 | INFO | model_loader:285 | ============================================================
2026-08-19T20:32:54.461532+0100 | SUCCESS | feature_fetcher:99 | ✅ Feast connected | project=recsys
2026-08-19T20:32:54.463030+0100 | INFO | feature_fetcher:89 | FeatureFetcher initialized
2026-08-19T20:32:54.464687+0100 | INFO | recommender:78 | PostgreSQL connection pool created
2026-08-19T20:32:54.465228+0100 | INFO | recommender:57 | RecommendationEngine initialized
2026-08-19T20:32:54.465756+0100 | SUCCESS | main:105 | ✅ Service startup complete — ready to serve requests
2026-08-19T20:33:02.242447+0100 | DEBUG | middleware:81 | GET /docs | status=200 | 1.4ms
2026-08-19T20:33:02.560498+0100 | DEBUG | middleware:81 | GET /openapi.json | status=200 | 19.3ms
2026-08-19T20:33:15.706174+0100 | ERROR | routers.recommendations:117 | Recommendation failed | user=user_000095 | request_id=d9a07e6d-dd2c-4c70-81dc-5990caf53674 | error=index out of range in self
2026-08-19T20:33:15.707688+0100 | INFO | middleware:76 | POST /api/v1/recommend | status=500 | latency=26.9ms
2026-08-19T20:33:43.401104+0100 | DEBUG | feature_fetcher:158 | Cold start user detected: "user_000095"
2026-08-19T20:33:43.404363+0100 | ERROR | routers.recommendations:117 | Recommendation failed | user="user_000095" | request_id=ae88429c-6765-42f3-82b2-a5e65027546c | error=index out of range in self
2026-08-19T20:33:43.406358+0100 | INFO | middleware:76 | GET /api/v1/recommend/"user_000095" | status=500 | latency=19.0ms
2026-08-19T20:34:28.939930+0100 | ERROR | routers.recommendations:117 | Recommendation failed | user=user_006275 | request_id=a335613d-79e5-477a-89d7-c916ceaec39e | error=index out of range in self
2026-08-19T20:34:28.941930+0100 | WARNING | middleware:70 | SLA WARNING | POST /api/v1/recommend | status=500 | latency=126.1ms | threshold=80ms
2026-08-19T20:34:38.630453+0100 | DEBUG | feature_fetcher:158 | Cold start user detected: "user_006275"
2026-08-19T20:34:38.631455+0100 | ERROR | routers.recommendations:117 | Recommendation failed | user="user_006275" | request_id=b8e01a2f-fa0c-4c78-9d17-df98eb18daee | error=index out of range in self
2026-08-19T20:34:38.632957+0100 | INFO | middleware:76 | GET /api/v1/recommend/"user_006275" | status=500 | latency=16.7ms
2026-08-20T12:02:13.684025+0100 | INFO | main:110 | Shutting down...
2026-08-20T12:02:13.686362+0100 | INFO | model_loader:297 | ML artifacts unloaded
2026-08-20T12:02:13.687364+0100 | INFO | main:112 | ✅ Shutdown complete
2026-08-20T12:10:09.239252+0100 | INFO | main:76 | ============================================================
2026-08-20T12:10:09.240247+0100 | INFO | main:77 |   RecSys Inference API v0.1.0
2026-08-20T12:10:09.241769+0100 | INFO | main:78 |   Environment: development
2026-08-20T12:10:09.242798+0100 | INFO | main:79 | ============================================================
2026-08-20T12:10:09.243790+0100 | INFO | model_loader:215 | ============================================================
2026-08-20T12:10:09.244787+0100 | INFO | model_loader:216 |   LOADING ML ARTIFACTS
2026-08-20T12:10:09.245788+0100 | INFO | model_loader:217 | ============================================================
2026-08-20T12:10:09.256341+0100 | INFO | model_loader:233 | Encoders loaded | users=9,938 | items=4,998
2026-08-20T12:10:09.257354+0100 | INFO | dataset:106 | Normalization stats loaded ← src\training\data\processed\norm_stats.json
2026-08-20T12:10:09.258340+0100 | INFO | model_loader:246 | Normalization stats loaded
2026-08-20T12:10:09.259342+0100 | INFO | model_loader:102 | Loading model from MLflow | uri=models:/two-tower-recommender/latest
2026-08-20T12:10:10.541897+0100 | WARNING | model_loader:127 | MLflow model load failed: INVALID_PARAMETER_VALUE: Invalid Model Version stage: latest. Value must be one of None, Staging, Production, Archived.
Attempting fallback to local artifacts...
2026-08-20T12:10:10.634204+0100 | DEBUG | model:204 | UserTower initialized | input_dim=84 | output_dim=64
2026-08-20T12:10:10.648642+0100 | DEBUG | model:298 | ItemTower initialized | input_dim=87 | output_dim=64
2026-08-20T12:10:10.649699+0100 | INFO | model:368 | TwoTowerModel initialized | total_params=1,084,225 | trainable=1,084,225
2026-08-20T12:10:10.653660+0100 | SUCCESS | model_loader:158 | ✅ Model loaded from local checkpoint (fallback)
2026-08-20T12:10:10.656653+0100 | INFO | model_loader:181 | Building FAISS index | n_items=4,998 | dim=64 | type=IndexFlatIP
2026-08-20T12:10:10.659171+0100 | SUCCESS | model_loader:197 | ✅ FAISS index built | total_vectors=4,998
2026-08-20T12:10:10.661384+0100 | INFO | model_loader:279 | ============================================================
2026-08-20T12:10:10.662389+0100 | INFO | model_loader:280 |   ALL ARTIFACTS LOADED
2026-08-20T12:10:10.662389+0100 | INFO | model_loader:281 |   Model version:  local-checkpoint
2026-08-20T12:10:10.662389+0100 | INFO | model_loader:282 |   Device:         cpu
2026-08-20T12:10:10.663564+0100 | INFO | model_loader:283 |   FAISS vectors:  4,998
2026-08-20T12:10:10.664178+0100 | INFO | model_loader:284 |   Load time:      1.42s
2026-08-20T12:10:10.664178+0100 | INFO | model_loader:285 | ============================================================
2026-08-20T12:10:11.498124+0100 | SUCCESS | feature_fetcher:99 | ✅ Feast connected | project=recsys
2026-08-20T12:10:11.499085+0100 | INFO | feature_fetcher:89 | FeatureFetcher initialized
2026-08-20T12:10:11.501123+0100 | INFO | recommender:78 | PostgreSQL connection pool created
2026-08-20T12:10:11.501685+0100 | INFO | recommender:57 | RecommendationEngine initialized
2026-08-20T12:10:11.502241+0100 | SUCCESS | main:105 | ✅ Service startup complete — ready to serve requests
2026-08-20T12:10:54.799299+0100 | DEBUG | middleware:81 | GET /docs | status=200 | 2.0ms
2026-08-20T12:10:55.154727+0100 | DEBUG | middleware:81 | GET /openapi.json | status=200 | 27.2ms
2026-08-20T12:11:03.421175+0100 | DEBUG | feature_fetcher:158 | Cold start user detected: "user_000010"
2026-08-20T12:11:03.422723+0100 | ERROR | routers.recommendations:117 | Recommendation failed | user="user_000010" | request_id=7ad5dbfb-9bb3-4bfa-9bb7-0bd184f63221 | error=index out of range in self
2026-08-20T12:11:03.423724+0100 | INFO | middleware:76 | GET /api/v1/recommend/"user_000010" | status=500 | latency=13.3ms
2026-08-20T12:11:38.498507+0100 | ERROR | routers.recommendations:117 | Recommendation failed | user=user_000010 | request_id=b0e23d09-2662-4bed-9138-b22d467ff631 | error=index out of range in self
2026-08-20T12:11:38.500507+0100 | ERROR | middleware:64 | SLA BREACH | POST /api/v1/recommend | status=500 | latency=170.6ms | threshold=150ms
2026-08-20T12:15:14.567663+0100 | INFO | main:110 | Shutting down...
2026-08-20T12:15:14.568989+0100 | INFO | model_loader:297 | ML artifacts unloaded
2026-08-20T12:15:14.569727+0100 | INFO | main:112 | ✅ Shutdown complete
2026-08-20T12:22:17.567214+0100 | INFO | main:76 | ============================================================
2026-08-20T12:22:17.567214+0100 | INFO | main:77 |   RecSys Inference API v0.1.0
2026-08-20T12:22:17.567214+0100 | INFO | main:78 |   Environment: development
2026-08-20T12:22:17.568211+0100 | INFO | main:79 | ============================================================
2026-08-20T12:22:17.568719+0100 | INFO | model_loader:215 | ============================================================
2026-08-20T12:22:17.568719+0100 | INFO | model_loader:216 |   LOADING ML ARTIFACTS
2026-08-20T12:22:17.569733+0100 | INFO | model_loader:217 | ============================================================
2026-08-20T12:22:17.575739+0100 | INFO | model_loader:233 | Encoders loaded | users=9,938 | items=4,998
2026-08-20T12:22:17.576740+0100 | INFO | dataset:106 | Normalization stats loaded ← src\training\data\processed\norm_stats.json
2026-08-20T12:22:17.576740+0100 | INFO | model_loader:246 | Normalization stats loaded
2026-08-20T12:22:17.577740+0100 | INFO | model_loader:102 | Loading model from MLflow | uri=models:/two-tower-recommender/latest
2026-08-20T12:22:18.753924+0100 | WARNING | model_loader:127 | MLflow model load failed: INVALID_PARAMETER_VALUE: Invalid Model Version stage: latest. Value must be one of None, Staging, Production, Archived.
Attempting fallback to local artifacts...
2026-08-20T12:22:18.809305+0100 | DEBUG | model:204 | UserTower initialized | input_dim=84 | output_dim=64
2026-08-20T12:22:18.819615+0100 | DEBUG | model:298 | ItemTower initialized | input_dim=87 | output_dim=64
2026-08-20T12:22:18.820614+0100 | INFO | model:368 | TwoTowerModel initialized | total_params=1,084,225 | trainable=1,084,225
2026-08-20T12:22:18.823606+0100 | SUCCESS | model_loader:158 | ✅ Model loaded from local checkpoint (fallback)
2026-08-20T12:22:18.830208+0100 | INFO | model_loader:181 | Building FAISS index | n_items=4,998 | dim=64 | type=IndexFlatIP
2026-08-20T12:22:18.832874+0100 | SUCCESS | model_loader:197 | ✅ FAISS index built | total_vectors=4,998
2026-08-20T12:22:18.834875+0100 | INFO | model_loader:279 | ============================================================
2026-08-20T12:22:18.835904+0100 | INFO | model_loader:280 |   ALL ARTIFACTS LOADED
2026-08-20T12:22:18.835904+0100 | INFO | model_loader:281 |   Model version:  local-checkpoint
2026-08-20T12:22:18.836906+0100 | INFO | model_loader:282 |   Device:         cpu
2026-08-20T12:22:18.837429+0100 | INFO | model_loader:283 |   FAISS vectors:  4,998
2026-08-20T12:22:18.837429+0100 | INFO | model_loader:284 |   Load time:      1.27s
2026-08-20T12:22:18.838944+0100 | INFO | model_loader:285 | ============================================================
2026-08-20T12:22:19.513778+0100 | SUCCESS | feature_fetcher:99 | ✅ Feast connected | project=recsys
2026-08-20T12:22:19.513778+0100 | INFO | feature_fetcher:89 | FeatureFetcher initialized
2026-08-20T12:22:19.513778+0100 | INFO | recommender:78 | PostgreSQL connection pool created
2026-08-20T12:22:19.515297+0100 | INFO | recommender:57 | RecommendationEngine initialized
2026-08-20T12:22:19.515297+0100 | SUCCESS | main:105 | ✅ Service startup complete — ready to serve requests
2026-08-20T12:22:43.255793+0100 | DEBUG | middleware:81 | GET /docs | status=200 | 1.8ms
2026-08-20T12:22:43.687573+0100 | DEBUG | middleware:81 | GET /openapi.json | status=200 | 21.2ms
2026-08-20T12:23:08.746102+0100 | DEBUG | feature_fetcher:251 | User tensors built | user_id=user_000123 | user_idx=121 | cat_idx=0 | n_users=9938 | n_categories=1
2026-08-20T12:23:08.859324+0100 | ERROR | routers.recommendations:117 | Recommendation failed | user=user_000123 | request_id=5b0a6d97-5486-4091-9b8b-724d5c3f72c4 | error="'id_0'"
2026-08-20T12:23:08.861490+0100 | WARNING | middleware:70 | SLA WARNING | POST /api/v1/recommend | status=500 | latency=138.3ms | threshold=80ms
2026-08-20T12:23:27.439456+0100 | DEBUG | feature_fetcher:251 | User tensors built | user_id=user_000009 | user_idx=9 | cat_idx=0 | n_users=9938 | n_categories=1
2026-08-20T12:23:27.451121+0100 | ERROR | routers.recommendations:117 | Recommendation failed | user=user_000009 | request_id=40beb42e-f7dc-4d43-b525-84866b27d857 | error="'id_0'"
2026-08-20T12:23:27.452323+0100 | ERROR | middleware:64 | SLA BREACH | POST /api/v1/recommend | status=500 | latency=155.5ms | threshold=150ms
2026-08-20T12:23:31.421901+0100 | DEBUG | feature_fetcher:251 | User tensors built | user_id=user_000009 | user_idx=9 | cat_idx=0 | n_users=9938 | n_categories=1
2026-08-20T12:23:31.431858+0100 | ERROR | routers.recommendations:117 | Recommendation failed | user=user_000009 | request_id=e5cdbbfe-ed7f-4d55-92bb-742974aa02d4 | error="'id_0'"
2026-08-20T12:23:31.433856+0100 | INFO | middleware:76 | POST /api/v1/recommend | status=500 | latency=16.9ms
2026-08-20T12:23:52.249559+0100 | DEBUG | feature_fetcher:251 | User tensors built | user_id=user_000016 | user_idx=16 | cat_idx=0 | n_users=9938 | n_categories=1
2026-08-20T12:23:52.272609+0100 | ERROR | routers.recommendations:117 | Recommendation failed | user=user_000016 | request_id=9a841084-eb34-499d-a9d2-681f8fb10687 | error="'id_0'"
2026-08-20T12:23:52.274415+0100 | INFO | middleware:76 | GET /api/v1/recommend/"user_000016" | status=500 | latency=38.6ms
2026-08-20T12:26:10.062908+0100 | DEBUG | feature_fetcher:251 | User tensors built | user_id=user_000016 | user_idx=16 | cat_idx=0 | n_users=9938 | n_categories=1
2026-08-20T12:26:10.082042+0100 | ERROR | routers.recommendations:117 | Recommendation failed | user=user_000016 | request_id=138f1829-161a-41d4-ad55-d9553dec5b22 | error="'id_0'"
2026-08-20T12:26:10.083727+0100 | WARNING | middleware:70 | SLA WARNING | GET /api/v1/recommend/user_000016 | status=500 | latency=123.3ms | threshold=80ms
2026-08-20T12:26:15.831183+0100 | DEBUG | feature_fetcher:158 | Cold start user detected: 000016
2026-08-20T12:26:15.832699+0100 | DEBUG | feature_fetcher:251 | User tensors built | user_id=000016 | user_idx=0 | cat_idx=0 | n_users=9938 | n_categories=1
2026-08-20T12:26:15.845037+0100 | ERROR | routers.recommendations:117 | Recommendation failed | user=000016 | request_id=e98326d2-7c00-4682-8111-ced8725f0241 | error="'id_0'"
2026-08-20T12:26:15.845037+0100 | INFO | middleware:76 | GET /api/v1/recommend/000016 | status=500 | latency=22.2ms
2026-08-20T12:26:35.901620+0100 | DEBUG | feature_fetcher:251 | User tensors built | user_id=user_000016 | user_idx=16 | cat_idx=0 | n_users=9938 | n_categories=1
2026-08-20T12:26:35.931489+0100 | ERROR | routers.recommendations:117 | Recommendation failed | user=user_000016 | request_id=eac80bf2-67cb-4048-a32a-f7165e83fecd | error="'id_0'"
2026-08-20T12:26:35.934914+0100 | INFO | middleware:76 | GET /api/v1/recommend/'user_000016' | status=500 | latency=48.2ms
2026-08-20T12:28:39.428671+0100 | DEBUG | feature_fetcher:251 | User tensors built | user_id=user_002356 | user_idx=2339 | cat_idx=0 | n_users=9938 | n_categories=1
2026-08-20T12:28:39.475159+0100 | ERROR | routers.recommendations:117 | Recommendation failed | user=user_002356 | request_id=37d7558a-4424-4273-83c2-ad692b288ecb | error="'id_0'"
2026-08-20T12:28:39.476668+0100 | ERROR | middleware:64 | SLA BREACH | GET /api/v1/recommend/"user_002356" | status=500 | latency=193.7ms | threshold=150ms
2026-08-20T12:28:51.747459+0100 | DEBUG | feature_fetcher:251 | User tensors built | user_id=user_002356 | user_idx=2339 | cat_idx=0 | n_users=9938 | n_categories=1
2026-08-20T12:28:51.778803+0100 | ERROR | routers.recommendations:117 | Recommendation failed | user=user_002356 | request_id=60a1f6b3-fbfe-4cae-b960-c1eb68d187a6 | error="'id_0'"
2026-08-20T12:28:51.781021+0100 | INFO | middleware:76 | POST /api/v1/recommend | status=500 | latency=42.8ms
2026-08-20T12:30:45.629724+0100 | INFO | main:110 | Shutting down...
2026-08-20T12:30:45.632778+0100 | INFO | model_loader:297 | ML artifacts unloaded
2026-08-20T12:30:45.632778+0100 | INFO | main:112 | ✅ Shutdown complete
2026-08-20T14:37:35.969689+0100 | INFO | main:76 | ============================================================
2026-08-20T14:37:35.970690+0100 | INFO | main:77 |   RecSys Inference API v0.1.0
2026-08-20T14:37:35.970690+0100 | INFO | main:78 |   Environment: development
2026-08-20T14:37:35.971691+0100 | INFO | main:79 | ============================================================
2026-08-20T14:37:35.971691+0100 | INFO | model_loader:258 | ============================================================
2026-08-20T14:37:35.971691+0100 | INFO | model_loader:259 |   LOADING ML ARTIFACTS
2026-08-20T14:37:35.972690+0100 | INFO | model_loader:260 |   processed_dir = C:\Users\info\Desktop\PFA\recsys-engine\data\processed
2026-08-20T14:37:35.973690+0100 | INFO | model_loader:261 |   artifacts_dir = C:\Users\info\Desktop\PFA\recsys-engine\data\artifacts
2026-08-20T14:37:35.973690+0100 | INFO | model_loader:262 | ============================================================
2026-08-20T14:37:35.977724+0100 | INFO | model_loader:279 | Encoders loaded | users=10,000 | items=5,000 | categories=10
2026-08-20T14:37:35.978725+0100 | INFO | dataset:111 | Normalization stats loaded ← C:\Users\info\Desktop\PFA\recsys-engine\data\processed\norm_stats.json
2026-08-20T14:37:35.978725+0100 | INFO | model_loader:294 | Normalization stats loaded
2026-08-20T14:37:36.102166+0100 | INFO | model_loader:123 | Loading model from MLflow | name=two-tower-recommender | version=3
2026-08-20T14:37:36.759759+0100 | SUCCESS | model_loader:135 | ✅ Model loaded from MLflow | version=3
2026-08-20T14:37:36.761757+0100 | INFO | model_loader:223 | Building FAISS index | n_items=5,000 | dim=64 | type=IndexFlatIP
2026-08-20T14:37:36.763263+0100 | SUCCESS | model_loader:239 | ✅ FAISS index built | total_vectors=5,000
2026-08-20T14:37:36.764271+0100 | INFO | model_loader:328 | ============================================================
2026-08-20T14:37:36.764271+0100 | INFO | model_loader:329 |   ALL ARTIFACTS LOADED
2026-08-20T14:37:36.765272+0100 | INFO | model_loader:330 |   Model version:  mlflow-v3
2026-08-20T14:37:36.765272+0100 | INFO | model_loader:331 |   Device:         cpu
2026-08-20T14:37:36.765795+0100 | INFO | model_loader:332 |   FAISS vectors:  5,000
2026-08-20T14:37:36.765795+0100 | INFO | model_loader:333 |   n_categories:   10
2026-08-20T14:37:36.766303+0100 | INFO | model_loader:334 |   Load time:      0.79s
2026-08-20T14:37:36.766303+0100 | INFO | model_loader:335 | ============================================================
2026-08-20T14:37:37.254591+0100 | SUCCESS | feature_fetcher:103 | ✅ Feast connected | project=recsys
2026-08-20T14:37:37.254591+0100 | INFO | feature_fetcher:93 | FeatureFetcher initialized
2026-08-20T14:37:37.255567+0100 | INFO | recommender:78 | PostgreSQL connection pool created
2026-08-20T14:37:37.255567+0100 | INFO | recommender:57 | RecommendationEngine initialized
2026-08-20T14:37:37.255567+0100 | SUCCESS | main:105 | ✅ Service startup complete — ready to serve requests
2026-08-20T14:38:56.139239+0100 | DEBUG | middleware:81 | GET /docs | status=200 | 0.4ms
2026-08-20T14:38:56.261623+0100 | DEBUG | middleware:81 | GET /openapi.json | status=200 | 9.2ms
2026-08-20T14:39:08.222811+0100 | DEBUG | feature_fetcher:255 | User tensors built | user_id=user_002356 | user_idx=2356 | cat_idx=6 | n_users=10000 | n_categories=10
2026-08-20T14:39:08.227209+0100 | INFO | recommender:220 | Recommendations generated | user=user_002356 | returned=0/10 | cold_start=False | feature=41.6ms | model=2.6ms | ann=1.5ms
2026-08-20T14:39:08.228207+0100 | INFO | middleware:76 | POST /api/v1/recommend | status=200 | latency=50.1ms
2026-08-20T14:40:06.697084+0100 | DEBUG | feature_fetcher:255 | User tensors built | user_id=user_002356 | user_idx=2356 | cat_idx=6 | n_users=10000 | n_categories=10
2026-08-20T14:40:06.700084+0100 | INFO | recommender:220 | Recommendations generated | user=user_002356 | returned=0/10 | cold_start=False | feature=2.8ms | model=1.0ms | ann=2.4ms
2026-08-20T14:40:06.701082+0100 | INFO | middleware:76 | GET /api/v1/recommend/"user_002356" | status=200 | latency=8.2ms
2026-08-20T14:40:21.507031+0100 | DEBUG | feature_fetcher:255 | User tensors built | user_id=user_002366 | user_idx=2366 | cat_idx=9 | n_users=10000 | n_categories=10
2026-08-20T14:40:21.510585+0100 | INFO | recommender:220 | Recommendations generated | user=user_002366 | returned=0/10 | cold_start=False | feature=41.8ms | model=0.7ms | ann=2.6ms
2026-08-20T14:40:21.511585+0100 | INFO | middleware:76 | GET /api/v1/recommend/"user_002366" | status=200 | latency=47.0ms
2026-08-20T14:41:10.835560+0100 | DEBUG | feature_fetcher:255 | User tensors built | user_id=user_003286 | user_idx=3286 | cat_idx=6 | n_users=10000 | n_categories=10
2026-08-20T14:41:10.842263+0100 | INFO | recommender:220 | Recommendations generated | user=user_003286 | returned=0/10 | cold_start=False | feature=6.9ms | model=1.7ms | ann=5.0ms
2026-08-20T14:41:10.843251+0100 | INFO | middleware:76 | POST /api/v1/recommend | status=200 | latency=20.5ms
2026-08-20T14:41:52.424936+0100 | INFO | main:110 | Shutting down...
2026-08-20T14:41:52.428019+0100 | INFO | model_loader:346 | ML artifacts unloaded
2026-08-20T14:41:52.429019+0100 | INFO | main:112 | ✅ Shutdown complete
2026-08-21T15:43:37.954053+0100 | INFO | main:76 | ============================================================
2026-08-21T15:43:37.955058+0100 | INFO | main:77 |   RecSys Inference API v0.1.0
2026-08-21T15:43:37.956058+0100 | INFO | main:78 |   Environment: development
2026-08-21T15:43:37.957011+0100 | INFO | main:79 | ============================================================
2026-08-21T15:43:37.958006+0100 | INFO | model_loader:258 | ============================================================
2026-08-21T15:43:37.959232+0100 | INFO | model_loader:259 |   LOADING ML ARTIFACTS
2026-08-21T15:43:37.960538+0100 | INFO | model_loader:260 |   processed_dir = C:\Users\info\Desktop\PFA\recsys-engine\data\processed
2026-08-21T15:43:37.962532+0100 | INFO | model_loader:261 |   artifacts_dir = C:\Users\info\Desktop\PFA\recsys-engine\data\artifacts
2026-08-21T15:43:37.962532+0100 | INFO | model_loader:262 | ============================================================
2026-08-21T15:43:37.970704+0100 | INFO | model_loader:279 | Encoders loaded | users=10,000 | items=5,000 | categories=10
2026-08-21T15:43:37.972704+0100 | INFO | dataset:111 | Normalization stats loaded ← C:\Users\info\Desktop\PFA\recsys-engine\data\processed\norm_stats.json
2026-08-21T15:43:37.972704+0100 | INFO | model_loader:294 | Normalization stats loaded
2026-08-21T15:43:38.165122+0100 | INFO | model_loader:123 | Loading model from MLflow | name=two-tower-recommender | version=1
2026-08-21T15:43:40.442858+0100 | WARNING | model_loader:141 | MLflow load failed: An error occurred (AccessDenied) when calling the ListObjectsV2 operation: Access Denied
Using local checkpoint fallback...
2026-08-21T16:27:46.622272+0100 | INFO | main:76 | ============================================================
2026-08-21T16:27:46.622272+0100 | INFO | main:77 |   RecSys Inference API v0.1.0
2026-08-21T16:27:46.622272+0100 | INFO | main:78 |   Environment: development
2026-08-21T16:27:46.622272+0100 | INFO | main:79 | ============================================================
2026-08-21T16:27:46.623318+0100 | INFO | model_loader:258 | ============================================================
2026-08-21T16:27:46.623823+0100 | INFO | model_loader:259 |   LOADING ML ARTIFACTS
2026-08-21T16:27:46.624836+0100 | INFO | model_loader:260 |   processed_dir = C:\Users\info\Desktop\PFA\recsys-engine\data\processed
2026-08-21T16:27:46.624836+0100 | INFO | model_loader:261 |   artifacts_dir = C:\Users\info\Desktop\PFA\recsys-engine\data\artifacts
2026-08-21T16:27:46.624836+0100 | INFO | model_loader:262 | ============================================================
2026-08-21T16:27:46.628834+0100 | INFO | model_loader:279 | Encoders loaded | users=10,000 | items=5,000 | categories=10
2026-08-21T16:27:46.629835+0100 | INFO | dataset:111 | Normalization stats loaded ← C:\Users\info\Desktop\PFA\recsys-engine\data\processed\norm_stats.json
2026-08-21T16:27:46.629835+0100 | INFO | model_loader:294 | Normalization stats loaded
2026-08-21T16:27:46.886159+0100 | INFO | model_loader:123 | Loading model from MLflow | name=two-tower-recommender | version=1
2026-08-21T16:27:47.473114+0100 | SUCCESS | model_loader:135 | ✅ Model loaded from MLflow | version=1
2026-08-21T16:27:47.475160+0100 | INFO | model_loader:223 | Building FAISS index | n_items=5,000 | dim=64 | type=IndexFlatIP
2026-08-21T16:27:47.478543+0100 | SUCCESS | model_loader:239 | ✅ FAISS index built | total_vectors=5,000
2026-08-21T16:27:47.479550+0100 | INFO | model_loader:328 | ============================================================
2026-08-21T16:27:47.479550+0100 | INFO | model_loader:329 |   ALL ARTIFACTS LOADED
2026-08-21T16:27:47.479550+0100 | INFO | model_loader:330 |   Model version:  mlflow-v1
2026-08-21T16:27:47.479550+0100 | INFO | model_loader:331 |   Device:         cpu
2026-08-21T16:27:47.480609+0100 | INFO | model_loader:332 |   FAISS vectors:  5,000
2026-08-21T16:27:47.480609+0100 | INFO | model_loader:333 |   n_categories:   10
2026-08-21T16:27:47.480609+0100 | INFO | model_loader:334 |   Load time:      0.86s
2026-08-21T16:27:47.480609+0100 | INFO | model_loader:335 | ============================================================
2026-08-21T16:27:47.968509+0100 | SUCCESS | feature_fetcher:103 | ✅ Feast connected | project=recsys
2026-08-21T16:27:47.968509+0100 | INFO | feature_fetcher:93 | FeatureFetcher initialized
2026-08-21T16:27:47.969506+0100 | INFO | recommender:78 | PostgreSQL connection pool created
2026-08-21T16:27:47.969506+0100 | INFO | recommender:57 | RecommendationEngine initialized
2026-08-21T16:27:47.969506+0100 | SUCCESS | main:105 | ✅ Service startup complete — ready to serve requests
2026-08-21T16:28:00.934193+0100 | DEBUG | feature_fetcher:255 | User tensors built | user_id=user_003286 | user_idx=3286 | cat_idx=6 | n_users=10000 | n_categories=10
2026-08-21T16:28:00.940743+0100 | INFO | recommender:220 | Recommendations generated | user=user_003286 | returned=0/10 | cold_start=False | feature=9.4ms | model=3.0ms | ann=2.7ms
2026-08-21T16:28:00.942753+0100 | INFO | middleware:76 | POST /api/v1/recommend | status=200 | latency=21.8ms
2026-08-21T16:28:12.451022+0100 | DEBUG | middleware:81 | GET /docs | status=200 | 0.6ms
2026-08-21T16:28:12.572403+0100 | DEBUG | middleware:81 | GET /openapi.json | status=200 | 9.5ms
2026-08-21T16:28:12.607336+0100 | DEBUG | middleware:81 | GET /docs | status=200 | 0.2ms
2026-08-21T16:28:12.716842+0100 | DEBUG | middleware:81 | GET /openapi.json | status=200 | 0.5ms
2026-08-21T16:28:12.741506+0100 | DEBUG | middleware:81 | GET /docs | status=200 | 0.2ms
2026-08-21T16:28:12.854587+0100 | DEBUG | middleware:81 | GET /openapi.json | status=200 | 0.7ms
2026-08-21T16:28:22.822932+0100 | DEBUG | feature_fetcher:255 | User tensors built | user_id=user_003286 | user_idx=3286 | cat_idx=6 | n_users=10000 | n_categories=10
2026-08-21T16:28:22.826949+0100 | INFO | recommender:220 | Recommendations generated | user=user_003286 | returned=0/10 | cold_start=False | feature=2.8ms | model=0.9ms | ann=2.3ms
2026-08-21T16:28:22.827942+0100 | INFO | middleware:76 | POST /api/v1/recommend | status=200 | latency=9.0ms
2026-08-21T16:28:47.845068+0100 | DEBUG | feature_fetcher:255 | User tensors built | user_id=user_003286 | user_idx=3286 | cat_idx=6 | n_users=10000 | n_categories=10
2026-08-21T16:28:47.848067+0100 | INFO | recommender:220 | Recommendations generated | user=user_003286 | returned=0/10 | cold_start=False | feature=3.9ms | model=0.8ms | ann=2.4ms
2026-08-21T16:28:47.849067+0100 | INFO | middleware:76 | GET /api/v1/recommend/"user_003286" | status=200 | latency=9.2ms
2026-08-21T16:37:58.796575+0100 | DEBUG | feature_fetcher:255 | User tensors built | user_id=user_003286 | user_idx=3286 | cat_idx=6 | n_users=10000 | n_categories=10
2026-08-21T16:37:58.827077+0100 | ERROR | main:159 | Unhandled exception | request_id=4af46754-787a-4337-a94a-e54f5085ccdf | path=/api/v1/debug/user_003286 | error="'item_ids'"
2026-08-21T16:38:41.585243+0100 | DEBUG | feature_fetcher:255 | User tensors built | user_id=user_003286 | user_idx=3286 | cat_idx=6 | n_users=10000 | n_categories=10
2026-08-21T16:38:41.591240+0100 | ERROR | main:159 | Unhandled exception | request_id=f1c5aecc-7384-4c68-82b2-509a6faebff3 | path=/api/v1/debug/user_003286 | error="'item_ids'"
2026-08-21T16:39:11.769474+0100 | DEBUG | feature_fetcher:255 | User tensors built | user_id=user_003286 | user_idx=3286 | cat_idx=6 | n_users=10000 | n_categories=10
2026-08-21T16:39:11.774560+0100 | ERROR | main:159 | Unhandled exception | request_id=a5e9163c-cc3d-4287-9bca-8a4608e7a1c6 | path=/api/v1/debug/user_003286 | error="'item_ids'"
2026-08-21T16:41:24.351553+0100 | DEBUG | feature_fetcher:255 | User tensors built | user_id=user_000050 | user_idx=50 | cat_idx=5 | n_users=10000 | n_categories=10
2026-08-21T16:41:24.355561+0100 | INFO | recommender:220 | Recommendations generated | user=user_000050 | returned=0/10 | cold_start=False | feature=46.1ms | model=0.8ms | ann=2.3ms
2026-08-21T16:41:24.356562+0100 | INFO | middleware:76 | GET /api/v1/recommend/"user_000050" | status=200 | latency=51.6ms
2026-08-23T11:43:24.676051+0100 | DEBUG | feature_fetcher:162 | Cold start user detected: user_000001
2026-08-23T11:43:24.676051+0100 | DEBUG | feature_fetcher:255 | User tensors built | user_id=user_000001 | user_idx=1 | cat_idx=4 | n_users=10000 | n_categories=10
2026-08-23T11:43:24.681294+0100 | INFO | recommender:220 | Recommendations generated | user=user_000001 | returned=0/10 | cold_start=True | feature=93.0ms | model=1.1ms | ann=3.7ms
2026-08-23T11:43:24.683293+0100 | WARNING | middleware:70 | SLA WARNING | GET /api/v1/recommend/"user_000001" | status=200 | latency=101.8ms | threshold=80ms
2026-08-23T11:43:39.922276+0100 | DEBUG | feature_fetcher:162 | Cold start user detected: user_000001
2026-08-23T11:43:39.923375+0100 | DEBUG | feature_fetcher:255 | User tensors built | user_id=user_000001 | user_idx=1 | cat_idx=4 | n_users=10000 | n_categories=10
2026-08-23T11:43:39.968848+0100 | INFO | recommender:220 | Recommendations generated | user=user_000001 | returned=0/10 | cold_start=True | feature=37.3ms | model=6.0ms | ann=36.0ms
2026-08-23T11:43:39.973449+0100 | WARNING | middleware:70 | SLA WARNING | POST /api/v1/recommend | status=200 | latency=94.2ms | threshold=80ms
2026-08-23T11:51:41.903558+0100 | DEBUG | feature_fetcher:162 | Cold start user detected: user_000011
2026-08-23T11:51:41.904562+0100 | DEBUG | feature_fetcher:255 | User tensors built | user_id=user_000011 | user_idx=11 | cat_idx=4 | n_users=10000 | n_categories=10
2026-08-23T11:51:41.915418+0100 | INFO | recommender:220 | Recommendations generated | user=user_000011 | returned=0/10 | cold_start=True | feature=130.4ms | model=3.4ms | ann=6.6ms
2026-08-23T11:51:41.918421+0100 | WARNING | middleware:70 | SLA WARNING | POST /api/v1/recommend | status=200 | latency=148.5ms | threshold=80ms
2026-08-23T11:52:00.418500+0100 | DEBUG | feature_fetcher:162 | Cold start user detected: user_003286
2026-08-23T11:52:00.419508+0100 | DEBUG | feature_fetcher:255 | User tensors built | user_id=user_003286 | user_idx=3286 | cat_idx=4 | n_users=10000 | n_categories=10
2026-08-23T11:52:00.428089+0100 | INFO | recommender:220 | Recommendations generated | user=user_003286 | returned=0/10 | cold_start=True | feature=6.5ms | model=1.9ms | ann=5.9ms
2026-08-23T11:52:00.430092+0100 | INFO | middleware:76 | POST /api/v1/recommend | status=200 | latency=20.7ms
2026-08-23T11:55:54.577190+0100 | DEBUG | feature_fetcher:162 | Cold start user detected: user_000001
2026-08-23T11:55:54.578774+0100 | DEBUG | feature_fetcher:255 | User tensors built | user_id=user_000001 | user_idx=1 | cat_idx=4 | n_users=10000 | n_categories=10
2026-08-23T11:55:54.589380+0100 | INFO | recommender:220 | Recommendations generated | user=user_000001 | returned=0/10 | cold_start=True | feature=133.9ms | model=3.2ms | ann=6.0ms
2026-08-23T11:55:54.590883+0100 | ERROR | middleware:64 | SLA BREACH | POST /api/v1/recommend | status=200 | latency=150.0ms | threshold=150ms
2026-08-23T11:56:15.645302+0100 | DEBUG | feature_fetcher:162 | Cold start user detected: user_000001
2026-08-23T11:56:15.646826+0100 | DEBUG | feature_fetcher:255 | User tensors built | user_id=user_000001 | user_idx=1 | cat_idx=4 | n_users=10000 | n_categories=10
2026-08-23T11:56:15.669217+0100 | INFO | recommender:220 | Recommendations generated | user=user_000001 | returned=0/10 | cold_start=True | feature=12.1ms | model=12.0ms | ann=8.6ms
2026-08-23T11:56:15.673103+0100 | INFO | middleware:76 | POST /api/v1/recommend | status=200 | latency=45.0ms
2026-08-23T11:56:34.933558+0100 | DEBUG | feature_fetcher:162 | Cold start user detected: user_000001
2026-08-23T11:56:34.933558+0100 | DEBUG | feature_fetcher:255 | User tensors built | user_id=user_000001 | user_idx=1 | cat_idx=4 | n_users=10000 | n_categories=10
2026-08-23T11:56:34.942529+0100 | INFO | recommender:220 | Recommendations generated | user=user_000001 | returned=0/10 | cold_start=True | feature=5.8ms | model=1.7ms | ann=5.6ms
2026-08-23T11:56:34.944522+0100 | INFO | middleware:76 | POST /api/v1/recommend | status=200 | latency=18.8ms
2026-08-23T11:57:39.397503+0100 | DEBUG | feature_fetcher:162 | Cold start user detected: user_000001
2026-08-23T11:57:39.397503+0100 | DEBUG | feature_fetcher:255 | User tensors built | user_id=user_000001 | user_idx=1 | cat_idx=4 | n_users=10000 | n_categories=10
2026-08-23T11:57:39.511364+0100 | ERROR | main:159 | Unhandled exception | request_id=42a741d6-1fd6-43e6-a2c4-d4295a97c44f | path=/api/v1/debug/user_000001 | error="'item_ids'"
2026-08-23T11:58:11.163046+0100 | DEBUG | feature_fetcher:162 | Cold start user detected: "user_000001"
2026-08-23T11:58:11.164054+0100 | DEBUG | feature_fetcher:255 | User tensors built | user_id="user_000001" | user_idx=0 | cat_idx=4 | n_users=10000 | n_categories=10
2026-08-23T11:58:11.172576+0100 | ERROR | main:159 | Unhandled exception | request_id=418488ad-0f86-4a7b-b488-44e86b2ae105 | path=/api/v1/debug/"user_000001" | error="'item_ids'"
2026-08-23T12:37:15.890438+0100 | INFO | main:110 | Shutting down...
2026-08-23T12:37:15.900520+0100 | INFO | model_loader:346 | ML artifacts unloaded
2026-08-23T12:37:15.901520+0100 | INFO | main:112 | ✅ Shutdown complete
2026-08-23T12:37:39.789942+0100 | INFO | main:76 | ============================================================
2026-08-23T12:37:39.790961+0100 | INFO | main:77 |   RecSys Inference API v0.1.0
2026-08-23T12:37:39.790961+0100 | INFO | main:78 |   Environment: development
2026-08-23T12:37:39.792280+0100 | INFO | main:79 | ============================================================
2026-08-23T12:37:39.793307+0100 | INFO | model_loader:258 | ============================================================
2026-08-23T12:37:39.794346+0100 | INFO | model_loader:259 |   LOADING ML ARTIFACTS
2026-08-23T12:37:39.795303+0100 | INFO | model_loader:260 |   processed_dir = C:\Users\info\Desktop\PFA\recsys-engine\data\processed
2026-08-23T12:37:39.796304+0100 | INFO | model_loader:261 |   artifacts_dir = C:\Users\info\Desktop\PFA\recsys-engine\data\artifacts
2026-08-23T12:37:39.797306+0100 | INFO | model_loader:262 | ============================================================
2026-08-23T12:37:39.804329+0100 | INFO | model_loader:279 | Encoders loaded | users=10,000 | items=5,000 | categories=10
2026-08-23T12:37:39.805328+0100 | INFO | dataset:111 | Normalization stats loaded ← C:\Users\info\Desktop\PFA\recsys-engine\data\processed\norm_stats.json
2026-08-23T12:37:39.806322+0100 | INFO | model_loader:294 | Normalization stats loaded
2026-08-23T12:37:41.898466+0100 | INFO | model_loader:123 | Loading model from MLflow | name=two-tower-recommender | version=1
2026-08-23T12:37:43.848769+0100 | SUCCESS | model_loader:135 | ✅ Model loaded from MLflow | version=1
2026-08-23T12:37:43.850316+0100 | INFO | model_loader:223 | Building FAISS index | n_items=5,000 | dim=64 | type=IndexFlatIP
2026-08-23T12:37:43.852255+0100 | SUCCESS | model_loader:239 | ✅ FAISS index built | total_vectors=5,000
2026-08-23T12:37:43.853314+0100 | INFO | model_loader:328 | ============================================================
2026-08-23T12:37:43.854265+0100 | INFO | model_loader:329 |   ALL ARTIFACTS LOADED
2026-08-23T12:37:43.854265+0100 | INFO | model_loader:330 |   Model version:  mlflow-v1
2026-08-23T12:37:43.854265+0100 | INFO | model_loader:331 |   Device:         cpu
2026-08-23T12:37:43.855265+0100 | INFO | model_loader:332 |   FAISS vectors:  5,000
2026-08-23T12:37:43.855265+0100 | INFO | model_loader:333 |   n_categories:   10
2026-08-23T12:37:43.855265+0100 | INFO | model_loader:334 |   Load time:      4.06s
2026-08-23T12:37:43.855265+0100 | INFO | model_loader:335 | ============================================================
2026-08-23T12:37:45.096625+0100 | SUCCESS | feature_fetcher:103 | ✅ Feast connected | project=recsys
2026-08-23T12:37:45.097777+0100 | INFO | feature_fetcher:93 | FeatureFetcher initialized
2026-08-23T12:37:45.100367+0100 | INFO | recommender:78 | PostgreSQL connection pool created
2026-08-23T12:37:45.101330+0100 | INFO | recommender:57 | RecommendationEngine initialized
2026-08-23T12:37:45.101330+0100 | SUCCESS | main:105 | ✅ Service startup complete — ready to serve requests
2026-08-23T12:37:56.970395+0100 | DEBUG | middleware:81 | GET /docs | status=200 | 2.2ms
2026-08-23T12:37:57.320693+0100 | DEBUG | middleware:81 | GET /openapi.json | status=200 | 26.8ms
2026-08-23T12:38:11.356250+0100 | DEBUG | feature_fetcher:162 | Cold start user detected: user_000001
2026-08-23T12:38:11.357247+0100 | DEBUG | feature_fetcher:255 | User tensors built | user_id=user_000001 | user_idx=1 | cat_idx=4 | n_users=10000 | n_categories=10
2026-08-23T12:38:11.510205+0100 | ERROR | routers.recommendations:117 | Recommendation failed | user=user_000001 | request_id=3e4460ce-da5d-4af8-8c4e-d0c114003959 | error="'item_ids'"
2026-08-23T12:38:11.512036+0100 | ERROR | middleware:64 | SLA BREACH | POST /api/v1/recommend | status=500 | latency=191.7ms | threshold=150ms
2026-08-23T12:38:47.443151+0100 | DEBUG | feature_fetcher:162 | Cold start user detected: user_000123
2026-08-23T12:38:47.443151+0100 | DEBUG | feature_fetcher:255 | User tensors built | user_id=user_000123 | user_idx=123 | cat_idx=4 | n_users=10000 | n_categories=10
2026-08-23T12:38:47.454702+0100 | ERROR | routers.recommendations:117 | Recommendation failed | user=user_000123 | request_id=a9c97c79-f229-4ccf-a5c2-bd23a9013e4a | error="'item_ids'"
2026-08-23T12:38:47.455712+0100 | ERROR | middleware:64 | SLA BREACH | POST /api/v1/recommend | status=500 | latency=166.2ms | threshold=150ms
2026-08-23T12:46:30.957055+0100 | INFO | main:110 | Shutting down...
2026-08-23T12:46:30.961329+0100 | INFO | model_loader:346 | ML artifacts unloaded
2026-08-23T12:46:30.963336+0100 | INFO | main:112 | ✅ Shutdown complete
2026-08-23T12:47:00.809328+0100 | INFO | main:96 | ============================================================
2026-08-23T12:47:00.809328+0100 | INFO | main:96 | ============================================================

2026-08-23T12:47:00.810839+0100 | INFO | main:97 |   RecSys Inference API v0.1.0
2026-08-23T12:47:00.810839+0100 | INFO | main:97 |   RecSys Inference API v0.1.0

2026-08-23T12:47:00.811354+0100 | INFO | main:98 |   Environment: development
2026-08-23T12:47:00.811354+0100 | INFO | main:98 |   Environment: development

2026-08-23T12:47:00.812372+0100 | INFO | main:99 | ============================================================
2026-08-23T12:47:00.812372+0100 | INFO | main:99 | ============================================================

2026-08-23T12:47:00.814112+0100 | INFO | model_loader:258 | ============================================================
2026-08-23T12:47:00.814112+0100 | INFO | model_loader:258 | ============================================================

2026-08-23T12:47:00.814112+0100 | INFO | model_loader:259 |   LOADING ML ARTIFACTS
2026-08-23T12:47:00.814112+0100 | INFO | model_loader:259 |   LOADING ML ARTIFACTS

2026-08-23T12:47:00.816133+0100 | INFO | model_loader:260 |   processed_dir = C:\Users\info\Desktop\PFA\recsys-engine\data\processed
2026-08-23T12:47:00.816133+0100 | INFO | model_loader:260 |   processed_dir = C:\Users\info\Desktop\PFA\recsys-engine\data\processed

2026-08-23T12:47:00.817129+0100 | INFO | model_loader:261 |   artifacts_dir = C:\Users\info\Desktop\PFA\recsys-engine\data\artifacts
2026-08-23T12:47:00.817129+0100 | INFO | model_loader:261 |   artifacts_dir = C:\Users\info\Desktop\PFA\recsys-engine\data\artifacts

2026-08-23T12:47:00.818127+0100 | INFO | model_loader:262 | ============================================================
2026-08-23T12:47:00.818127+0100 | INFO | model_loader:262 | ============================================================

2026-08-23T12:47:00.823669+0100 | INFO | model_loader:279 | Encoders loaded | users=10,000 | items=5,000 | categories=10
2026-08-23T12:47:00.823669+0100 | INFO | model_loader:279 | Encoders loaded | users=10,000 | items=5,000 | categories=10

2026-08-23T12:47:00.825717+0100 | INFO | dataset:111 | Normalization stats loaded ← C:\Users\info\Desktop\PFA\recsys-engine\data\processed\norm_stats.json
2026-08-23T12:47:00.825717+0100 | INFO | dataset:111 | Normalization stats loaded ← C:\Users\info\Desktop\PFA\recsys-engine\data\processed\norm_stats.json

2026-08-23T12:47:00.825717+0100 | INFO | model_loader:294 | Normalization stats loaded
2026-08-23T12:47:00.825717+0100 | INFO | model_loader:294 | Normalization stats loaded

2026-08-23T12:47:00.955939+0100 | INFO | model_loader:123 | Loading model from MLflow | name=two-tower-recommender | version=1
2026-08-23T12:47:00.955939+0100 | INFO | model_loader:123 | Loading model from MLflow | name=two-tower-recommender | version=1

2026-08-23T12:47:03.586171+0100 | SUCCESS | model_loader:135 | ✅ Model loaded from MLflow | version=1
2026-08-23T12:47:03.586171+0100 | SUCCESS | model_loader:135 | ✅ Model loaded from MLflow | version=1

2026-08-23T12:47:03.590235+0100 | INFO | model_loader:223 | Building FAISS index | n_items=5,000 | dim=64 | type=IndexFlatIP
2026-08-23T12:47:03.590235+0100 | INFO | model_loader:223 | Building FAISS index | n_items=5,000 | dim=64 | type=IndexFlatIP

2026-08-23T12:47:03.593201+0100 | SUCCESS | model_loader:239 | ✅ FAISS index built | total_vectors=5,000
2026-08-23T12:47:03.593201+0100 | SUCCESS | model_loader:239 | ✅ FAISS index built | total_vectors=5,000

2026-08-23T12:47:03.595232+0100 | INFO | model_loader:328 | ============================================================
2026-08-23T12:47:03.595232+0100 | INFO | model_loader:328 | ============================================================

2026-08-23T12:47:03.596786+0100 | INFO | model_loader:329 |   ALL ARTIFACTS LOADED
2026-08-23T12:47:03.596786+0100 | INFO | model_loader:329 |   ALL ARTIFACTS LOADED

2026-08-23T12:47:03.597808+0100 | INFO | model_loader:330 |   Model version:  mlflow-v1
2026-08-23T12:47:03.597808+0100 | INFO | model_loader:330 |   Model version:  mlflow-v1

2026-08-23T12:47:03.598496+0100 | INFO | model_loader:331 |   Device:         cpu
2026-08-23T12:47:03.598496+0100 | INFO | model_loader:331 |   Device:         cpu

2026-08-23T12:47:03.600558+0100 | INFO | model_loader:332 |   FAISS vectors:  5,000
2026-08-23T12:47:03.600558+0100 | INFO | model_loader:332 |   FAISS vectors:  5,000

2026-08-23T12:47:03.601516+0100 | INFO | model_loader:333 |   n_categories:   10
2026-08-23T12:47:03.601516+0100 | INFO | model_loader:333 |   n_categories:   10

2026-08-23T12:47:03.602579+0100 | INFO | model_loader:334 |   Load time:      2.78s
2026-08-23T12:47:03.602579+0100 | INFO | model_loader:334 |   Load time:      2.78s

2026-08-23T12:47:03.602579+0100 | INFO | model_loader:335 | ============================================================
2026-08-23T12:47:03.602579+0100 | INFO | model_loader:335 | ============================================================

2026-08-23T12:47:04.729957+0100 | SUCCESS | feature_fetcher:103 | ✅ Feast connected | project=recsys
2026-08-23T12:47:04.729957+0100 | SUCCESS | feature_fetcher:103 | ✅ Feast connected | project=recsys

2026-08-23T12:47:04.732513+0100 | INFO | feature_fetcher:93 | FeatureFetcher initialized
2026-08-23T12:47:04.732513+0100 | INFO | feature_fetcher:93 | FeatureFetcher initialized

2026-08-23T12:47:04.736603+0100 | INFO | recommender:78 | PostgreSQL connection pool created
2026-08-23T12:47:04.736603+0100 | INFO | recommender:78 | PostgreSQL connection pool created

2026-08-23T12:47:04.738605+0100 | INFO | recommender:57 | RecommendationEngine initialized
2026-08-23T12:47:04.738605+0100 | INFO | recommender:57 | RecommendationEngine initialized

2026-08-23T12:47:04.740581+0100 | SUCCESS | main:125 | ✅ Service startup complete — ready to serve requests
2026-08-23T12:47:04.740581+0100 | SUCCESS | main:125 | ✅ Service startup complete — ready to serve requests

2026-08-23T12:47:48.636592+0100 | DEBUG | middleware:81 | GET /docs | status=200 | 2.7ms
2026-08-23T12:47:48.636592+0100 | DEBUG | middleware:81 | GET /docs | status=200 | 2.7ms

2026-08-23T12:47:48.995157+0100 | DEBUG | middleware:81 | GET /openapi.json | status=200 | 28.2ms
2026-08-23T12:47:48.995157+0100 | DEBUG | middleware:81 | GET /openapi.json | status=200 | 28.2ms

2026-08-23T12:48:01.654981+0100 | DEBUG | feature_fetcher:162 | Cold start user detected: user_000123
2026-08-23T12:48:01.654981+0100 | DEBUG | feature_fetcher:162 | Cold start user detected: user_000123

2026-08-23T12:48:01.654981+0100 | DEBUG | feature_fetcher:255 | User tensors built | user_id=user_000123 | user_idx=123 | cat_idx=4 | n_users=10000 | n_categories=10
2026-08-23T12:48:01.654981+0100 | DEBUG | feature_fetcher:255 | User tensors built | user_id=user_000123 | user_idx=123 | cat_idx=4 | n_users=10000 | n_categories=10

2026-08-23T12:48:01.743705+0100 | ERROR | routers.recommendations:117 | Recommendation failed | user=user_000123 | request_id=0f4e2e9e-e5d1-46c3-bbf9-790b5508b3cf | error="'item_ids'"
2026-08-23T12:48:01.743705+0100 | ERROR | routers.recommendations:117 | Recommendation failed | user=user_000123 | request_id=0f4e2e9e-e5d1-46c3-bbf9-790b5508b3cf | error="'item_ids'"

2026-08-23T12:48:01.746928+0100 | WARNING | middleware:70 | SLA WARNING | POST /api/v1/recommend | status=500 | latency=107.8ms | threshold=80ms
2026-08-23T12:48:01.746928+0100 | WARNING | middleware:70 | SLA WARNING | POST /api/v1/recommend | status=500 | latency=107.8ms | threshold=80ms

2026-08-23T12:48:31.225257+0100 | DEBUG | feature_fetcher:162 | Cold start user detected: user_000001
2026-08-23T12:48:31.225257+0100 | DEBUG | feature_fetcher:162 | Cold start user detected: user_000001

2026-08-23T12:48:31.226257+0100 | DEBUG | feature_fetcher:255 | User tensors built | user_id=user_000001 | user_idx=1 | cat_idx=4 | n_users=10000 | n_categories=10
2026-08-23T12:48:31.226257+0100 | DEBUG | feature_fetcher:255 | User tensors built | user_id=user_000001 | user_idx=1 | cat_idx=4 | n_users=10000 | n_categories=10

2026-08-23T12:48:31.244073+0100 | ERROR | routers.recommendations:117 | Recommendation failed | user=user_000001 | request_id=26993c59-abe7-4671-9a2f-d78f1572a7f5 | error="'item_ids'"
2026-08-23T12:48:31.244073+0100 | ERROR | routers.recommendations:117 | Recommendation failed | user=user_000001 | request_id=26993c59-abe7-4671-9a2f-d78f1572a7f5 | error="'item_ids'"

2026-08-23T12:48:31.247072+0100 | WARNING | middleware:70 | SLA WARNING | POST /api/v1/recommend | status=500 | latency=142.6ms | threshold=80ms
2026-08-23T12:48:31.247072+0100 | WARNING | middleware:70 | SLA WARNING | POST /api/v1/recommend | status=500 | latency=142.6ms | threshold=80ms

2026-08-23T12:54:57.664699+0100 | INFO | main:130 | Shutting down...
2026-08-23T12:54:57.664699+0100 | INFO | main:130 | Shutting down...

2026-08-23T12:54:57.669658+0100 | INFO | model_loader:346 | ML artifacts unloaded
2026-08-23T12:54:57.669658+0100 | INFO | model_loader:346 | ML artifacts unloaded

2026-08-23T12:54:57.671698+0100 | INFO | main:132 | ✅ Shutdown complete
2026-08-23T12:54:57.671698+0100 | INFO | main:132 | ✅ Shutdown complete

2026-08-23T12:55:35.291862+0100 | INFO | main:96 | ============================================================
2026-08-23T12:55:35.291862+0100 | INFO | main:96 | ============================================================

2026-08-23T12:55:35.293853+0100 | INFO | main:97 |   RecSys Inference API v0.1.0
2026-08-23T12:55:35.293853+0100 | INFO | main:97 |   RecSys Inference API v0.1.0

2026-08-23T12:55:35.295368+0100 | INFO | main:98 |   Environment: development
2026-08-23T12:55:35.295368+0100 | INFO | main:98 |   Environment: development

2026-08-23T12:55:35.297168+0100 | INFO | main:99 | ============================================================
2026-08-23T12:55:35.297168+0100 | INFO | main:99 | ============================================================

2026-08-23T12:55:35.299250+0100 | INFO | model_loader:258 | ============================================================
2026-08-23T12:55:35.299250+0100 | INFO | model_loader:258 | ============================================================

2026-08-23T12:55:35.299818+0100 | INFO | model_loader:259 |   LOADING ML ARTIFACTS
2026-08-23T12:55:35.299818+0100 | INFO | model_loader:259 |   LOADING ML ARTIFACTS

2026-08-23T12:55:35.301820+0100 | INFO | model_loader:260 |   processed_dir = C:\Users\info\Desktop\PFA\recsys-engine\data\processed
2026-08-23T12:55:35.301820+0100 | INFO | model_loader:260 |   processed_dir = C:\Users\info\Desktop\PFA\recsys-engine\data\processed

2026-08-23T12:55:35.303865+0100 | INFO | model_loader:261 |   artifacts_dir = C:\Users\info\Desktop\PFA\recsys-engine\data\artifacts
2026-08-23T12:55:35.303865+0100 | INFO | model_loader:261 |   artifacts_dir = C:\Users\info\Desktop\PFA\recsys-engine\data\artifacts

2026-08-23T12:55:35.304833+0100 | INFO | model_loader:262 | ============================================================
2026-08-23T12:55:35.304833+0100 | INFO | model_loader:262 | ============================================================

2026-08-23T12:55:35.313368+0100 | INFO | model_loader:279 | Encoders loaded | users=10,000 | items=5,000 | categories=10
2026-08-23T12:55:35.313368+0100 | INFO | model_loader:279 | Encoders loaded | users=10,000 | items=5,000 | categories=10

2026-08-23T12:55:35.316369+0100 | INFO | dataset:111 | Normalization stats loaded ← C:\Users\info\Desktop\PFA\recsys-engine\data\processed\norm_stats.json
2026-08-23T12:55:35.316369+0100 | INFO | dataset:111 | Normalization stats loaded ← C:\Users\info\Desktop\PFA\recsys-engine\data\processed\norm_stats.json

2026-08-23T12:55:35.316369+0100 | INFO | model_loader:294 | Normalization stats loaded
2026-08-23T12:55:35.316369+0100 | INFO | model_loader:294 | Normalization stats loaded

2026-08-23T12:55:37.283157+0100 | INFO | model_loader:123 | Loading model from MLflow | name=two-tower-recommender | version=1
2026-08-23T12:55:37.283157+0100 | INFO | model_loader:123 | Loading model from MLflow | name=two-tower-recommender | version=1

2026-08-23T12:55:38.051286+0100 | SUCCESS | model_loader:135 | ✅ Model loaded from MLflow | version=1
2026-08-23T12:55:38.051286+0100 | SUCCESS | model_loader:135 | ✅ Model loaded from MLflow | version=1

2026-08-23T12:55:38.053973+0100 | INFO | model_loader:223 | Building FAISS index | n_items=5,000 | dim=64 | type=IndexFlatIP
2026-08-23T12:55:38.053973+0100 | INFO | model_loader:223 | Building FAISS index | n_items=5,000 | dim=64 | type=IndexFlatIP

2026-08-23T12:55:38.055976+0100 | SUCCESS | model_loader:239 | ✅ FAISS index built | total_vectors=5,000
2026-08-23T12:55:38.055976+0100 | SUCCESS | model_loader:239 | ✅ FAISS index built | total_vectors=5,000

2026-08-23T12:55:38.056995+0100 | INFO | model_loader:328 | ============================================================
2026-08-23T12:55:38.056995+0100 | INFO | model_loader:328 | ============================================================

2026-08-23T12:55:38.057978+0100 | INFO | model_loader:329 |   ALL ARTIFACTS LOADED
2026-08-23T12:55:38.057978+0100 | INFO | model_loader:329 |   ALL ARTIFACTS LOADED

2026-08-23T12:55:38.058979+0100 | INFO | model_loader:330 |   Model version:  mlflow-v1
2026-08-23T12:55:38.058979+0100 | INFO | model_loader:330 |   Model version:  mlflow-v1

2026-08-23T12:55:38.058979+0100 | INFO | model_loader:331 |   Device:         cpu
2026-08-23T12:55:38.058979+0100 | INFO | model_loader:331 |   Device:         cpu

2026-08-23T12:55:38.059982+0100 | INFO | model_loader:332 |   FAISS vectors:  5,000
2026-08-23T12:55:38.059982+0100 | INFO | model_loader:332 |   FAISS vectors:  5,000

2026-08-23T12:55:38.059982+0100 | INFO | model_loader:333 |   n_categories:   10
2026-08-23T12:55:38.059982+0100 | INFO | model_loader:333 |   n_categories:   10

2026-08-23T12:55:38.061523+0100 | INFO | model_loader:334 |   Load time:      2.76s
2026-08-23T12:55:38.061523+0100 | INFO | model_loader:334 |   Load time:      2.76s

2026-08-23T12:55:38.061523+0100 | INFO | model_loader:335 | ============================================================
2026-08-23T12:55:38.061523+0100 | INFO | model_loader:335 | ============================================================

2026-08-23T12:55:39.003846+0100 | SUCCESS | feature_fetcher:103 | ✅ Feast connected | project=recsys
2026-08-23T12:55:39.003846+0100 | SUCCESS | feature_fetcher:103 | ✅ Feast connected | project=recsys

2026-08-23T12:55:39.005851+0100 | INFO | feature_fetcher:93 | FeatureFetcher initialized
2026-08-23T12:55:39.005851+0100 | INFO | feature_fetcher:93 | FeatureFetcher initialized

2026-08-23T12:55:39.008798+0100 | INFO | recommender:78 | PostgreSQL connection pool created
2026-08-23T12:55:39.008798+0100 | INFO | recommender:78 | PostgreSQL connection pool created

2026-08-23T12:55:39.011322+0100 | INFO | recommender:57 | RecommendationEngine initialized
2026-08-23T12:55:39.011322+0100 | INFO | recommender:57 | RecommendationEngine initialized

2026-08-23T12:55:39.012866+0100 | SUCCESS | main:125 | ✅ Service startup complete — ready to serve requests
2026-08-23T12:55:39.012866+0100 | SUCCESS | main:125 | ✅ Service startup complete — ready to serve requests

2026-08-23T12:56:45.828123+0100 | DEBUG | middleware:81 | GET /docs | status=200 | 1.5ms
2026-08-23T12:56:45.828123+0100 | DEBUG | middleware:81 | GET /docs | status=200 | 1.5ms

2026-08-23T12:56:46.232109+0100 | DEBUG | middleware:81 | GET /openapi.json | status=200 | 19.6ms
2026-08-23T12:56:46.232109+0100 | DEBUG | middleware:81 | GET /openapi.json | status=200 | 19.6ms

2026-08-23T12:56:55.628356+0100 | DEBUG | feature_fetcher:162 | Cold start user detected: user_000001
2026-08-23T12:56:55.628356+0100 | DEBUG | feature_fetcher:162 | Cold start user detected: user_000001

2026-08-23T12:56:55.629400+0100 | DEBUG | feature_fetcher:255 | User tensors built | user_id=user_000001 | user_idx=1 | cat_idx=4 | n_users=10000 | n_categories=10
2026-08-23T12:56:55.629400+0100 | DEBUG | feature_fetcher:255 | User tensors built | user_id=user_000001 | user_idx=1 | cat_idx=4 | n_users=10000 | n_categories=10

2026-08-23T12:56:55.762376+0100 | ERROR | main:179 | Unhandled exception | request_id=10fffc63-b3bf-4e6a-8a80-9842ae4a8775 | path=/api/v1/recommend | error="'item_ids'"
2026-08-23T12:56:55.762376+0100 | ERROR | main:179 | Unhandled exception | request_id=10fffc63-b3bf-4e6a-8a80-9842ae4a8775 | path=/api/v1/recommend | error="'item_ids'"

2026-08-23T12:58:22.411644+0100 | DEBUG | feature_fetcher:162 | Cold start user detected: user_000001
2026-08-23T12:58:22.411644+0100 | DEBUG | feature_fetcher:162 | Cold start user detected: user_000001

2026-08-23T12:58:22.412657+0100 | DEBUG | feature_fetcher:255 | User tensors built | user_id=user_000001 | user_idx=1 | cat_idx=4 | n_users=10000 | n_categories=10
2026-08-23T12:58:22.412657+0100 | DEBUG | feature_fetcher:255 | User tensors built | user_id=user_000001 | user_idx=1 | cat_idx=4 | n_users=10000 | n_categories=10

2026-08-23T12:58:22.454183+0100 | ERROR | main:179 | Unhandled exception | request_id=69a90dc9-6b02-4449-a8cd-904648ab0ba8 | path=/api/v1/recommend | error="'item_ids'"
2026-08-23T12:58:22.454183+0100 | ERROR | main:179 | Unhandled exception | request_id=69a90dc9-6b02-4449-a8cd-904648ab0ba8 | path=/api/v1/recommend | error="'item_ids'"

2026-08-23T13:12:49.121221+0100 | INFO | main:130 | Shutting down...
2026-08-23T13:12:49.121221+0100 | INFO | main:130 | Shutting down...

2026-08-23T13:12:49.123244+0100 | INFO | model_loader:346 | ML artifacts unloaded
2026-08-23T13:12:49.123244+0100 | INFO | model_loader:346 | ML artifacts unloaded

2026-08-23T13:12:49.125244+0100 | INFO | main:132 | ✅ Shutdown complete
2026-08-23T13:12:49.125244+0100 | INFO | main:132 | ✅ Shutdown complete

2026-08-23T13:13:06.471859+0100 | INFO | main:96 | ============================================================
2026-08-23T13:13:06.471859+0100 | INFO | main:96 | ============================================================

2026-08-23T13:13:06.474375+0100 | INFO | main:97 |   RecSys Inference API v0.1.0
2026-08-23T13:13:06.474375+0100 | INFO | main:97 |   RecSys Inference API v0.1.0

2026-08-23T13:13:06.477403+0100 | INFO | main:98 |   Environment: development
2026-08-23T13:13:06.477403+0100 | INFO | main:98 |   Environment: development

2026-08-23T13:13:06.478399+0100 | INFO | main:99 | ============================================================
2026-08-23T13:13:06.478399+0100 | INFO | main:99 | ============================================================

2026-08-23T13:13:06.481399+0100 | INFO | model_loader:258 | ============================================================
2026-08-23T13:13:06.481399+0100 | INFO | model_loader:258 | ============================================================

2026-08-23T13:13:06.482404+0100 | INFO | model_loader:259 |   LOADING ML ARTIFACTS
2026-08-23T13:13:06.482404+0100 | INFO | model_loader:259 |   LOADING ML ARTIFACTS

2026-08-23T13:13:06.484988+0100 | INFO | model_loader:260 |   processed_dir = C:\Users\info\Desktop\PFA\recsys-engine\data\processed
2026-08-23T13:13:06.484988+0100 | INFO | model_loader:260 |   processed_dir = C:\Users\info\Desktop\PFA\recsys-engine\data\processed

2026-08-23T13:13:06.488253+0100 | INFO | model_loader:261 |   artifacts_dir = C:\Users\info\Desktop\PFA\recsys-engine\data\artifacts
2026-08-23T13:13:06.488253+0100 | INFO | model_loader:261 |   artifacts_dir = C:\Users\info\Desktop\PFA\recsys-engine\data\artifacts

2026-08-23T13:13:06.490254+0100 | INFO | model_loader:262 | ============================================================
2026-08-23T13:13:06.490254+0100 | INFO | model_loader:262 | ============================================================

2026-08-23T13:13:06.503504+0100 | INFO | model_loader:279 | Encoders loaded | users=10,000 | items=5,000 | categories=10
2026-08-23T13:13:06.503504+0100 | INFO | model_loader:279 | Encoders loaded | users=10,000 | items=5,000 | categories=10

2026-08-23T13:13:06.506015+0100 | INFO | dataset:111 | Normalization stats loaded ← C:\Users\info\Desktop\PFA\recsys-engine\data\processed\norm_stats.json
2026-08-23T13:13:06.506015+0100 | INFO | dataset:111 | Normalization stats loaded ← C:\Users\info\Desktop\PFA\recsys-engine\data\processed\norm_stats.json

2026-08-23T13:13:06.509383+0100 | INFO | model_loader:294 | Normalization stats loaded
2026-08-23T13:13:06.509383+0100 | INFO | model_loader:294 | Normalization stats loaded

2026-08-23T13:13:06.658553+0100 | INFO | model_loader:123 | Loading model from MLflow | name=two-tower-recommender | version=1
2026-08-23T13:13:06.658553+0100 | INFO | model_loader:123 | Loading model from MLflow | name=two-tower-recommender | version=1

2026-08-23T13:13:07.571937+0100 | SUCCESS | model_loader:135 | ✅ Model loaded from MLflow | version=1
2026-08-23T13:13:07.571937+0100 | SUCCESS | model_loader:135 | ✅ Model loaded from MLflow | version=1

2026-08-23T13:13:07.576611+0100 | INFO | model_loader:223 | Building FAISS index | n_items=5,000 | dim=64 | type=IndexFlatIP
2026-08-23T13:13:07.576611+0100 | INFO | model_loader:223 | Building FAISS index | n_items=5,000 | dim=64 | type=IndexFlatIP

2026-08-23T13:13:07.579660+0100 | SUCCESS | model_loader:239 | ✅ FAISS index built | total_vectors=5,000
2026-08-23T13:13:07.579660+0100 | SUCCESS | model_loader:239 | ✅ FAISS index built | total_vectors=5,000

2026-08-23T13:13:07.581617+0100 | INFO | model_loader:328 | ============================================================
2026-08-23T13:13:07.581617+0100 | INFO | model_loader:328 | ============================================================

2026-08-23T13:13:07.583171+0100 | INFO | model_loader:329 |   ALL ARTIFACTS LOADED
2026-08-23T13:13:07.583171+0100 | INFO | model_loader:329 |   ALL ARTIFACTS LOADED

2026-08-23T13:13:07.584187+0100 | INFO | model_loader:330 |   Model version:  mlflow-v1
2026-08-23T13:13:07.584187+0100 | INFO | model_loader:330 |   Model version:  mlflow-v1

2026-08-23T13:13:07.585186+0100 | INFO | model_loader:331 |   Device:         cpu
2026-08-23T13:13:07.585186+0100 | INFO | model_loader:331 |   Device:         cpu

2026-08-23T13:13:07.586185+0100 | INFO | model_loader:332 |   FAISS vectors:  5,000
2026-08-23T13:13:07.586185+0100 | INFO | model_loader:332 |   FAISS vectors:  5,000

2026-08-23T13:13:07.587186+0100 | INFO | model_loader:333 |   n_categories:   10
2026-08-23T13:13:07.587186+0100 | INFO | model_loader:333 |   n_categories:   10

2026-08-23T13:13:07.588747+0100 | INFO | model_loader:334 |   Load time:      1.10s
2026-08-23T13:13:07.588747+0100 | INFO | model_loader:334 |   Load time:      1.10s

2026-08-23T13:13:07.589815+0100 | INFO | model_loader:335 | ============================================================
2026-08-23T13:13:07.589815+0100 | INFO | model_loader:335 | ============================================================

2026-08-23T13:13:08.575782+0100 | SUCCESS | feature_fetcher:103 | ✅ Feast connected | project=recsys
2026-08-23T13:13:08.575782+0100 | SUCCESS | feature_fetcher:103 | ✅ Feast connected | project=recsys

2026-08-23T13:13:08.578456+0100 | INFO | feature_fetcher:93 | FeatureFetcher initialized
2026-08-23T13:13:08.578456+0100 | INFO | feature_fetcher:93 | FeatureFetcher initialized

2026-08-23T13:13:08.581963+0100 | INFO | recommender:78 | PostgreSQL connection pool created
2026-08-23T13:13:08.581963+0100 | INFO | recommender:78 | PostgreSQL connection pool created

2026-08-23T13:13:08.583807+0100 | INFO | recommender:57 | RecommendationEngine initialized
2026-08-23T13:13:08.583807+0100 | INFO | recommender:57 | RecommendationEngine initialized

2026-08-23T13:13:08.585870+0100 | SUCCESS | main:125 | ✅ Service startup complete — ready to serve requests
2026-08-23T13:13:08.585870+0100 | SUCCESS | main:125 | ✅ Service startup complete — ready to serve requests

2026-08-23T13:13:18.618915+0100 | DEBUG | middleware:81 | GET /docs | status=200 | 1.5ms
2026-08-23T13:13:18.618915+0100 | DEBUG | middleware:81 | GET /docs | status=200 | 1.5ms

2026-08-23T13:13:19.008301+0100 | DEBUG | middleware:81 | GET /openapi.json | status=200 | 26.8ms
2026-08-23T13:13:19.008301+0100 | DEBUG | middleware:81 | GET /openapi.json | status=200 | 26.8ms

2026-08-23T13:13:27.591989+0100 | DEBUG | feature_fetcher:162 | Cold start user detected: user_000001
2026-08-23T13:13:27.591989+0100 | DEBUG | feature_fetcher:162 | Cold start user detected: user_000001

2026-08-23T13:13:27.593023+0100 | DEBUG | feature_fetcher:255 | User tensors built | user_id=user_000001 | user_idx=1 | cat_idx=4 | n_users=10000 | n_categories=10
2026-08-23T13:13:27.593023+0100 | DEBUG | feature_fetcher:255 | User tensors built | user_id=user_000001 | user_idx=1 | cat_idx=4 | n_users=10000 | n_categories=10

2026-08-23T13:13:27.674813+0100 | ERROR | routers.recommendations:117 | Recommendation failed | user=user_000001 | request_id=44409840-bb7d-4dbe-a0f7-6ef3a0a2ec82
Traceback (most recent call last):

  File "C:\Users\info\desktop\pfa\recsys-engine\.venv\Lib\site-packages\sqlalchemy\engine\base.py", line 1969, in _exec_single_context
    self.dialect.do_execute(
    │    │       └ <function DefaultDialect.do_execute at 0x0000024E038D6020>
    │    └ <sqlalchemy.dialects.postgresql.psycopg2.PGDialect_psycopg2 object at 0x0000024E05552E50>
    └ <sqlalchemy.engine.base.Connection object at 0x0000024E05553250>
  File "C:\Users\info\desktop\pfa\recsys-engine\.venv\Lib\site-packages\sqlalchemy\engine\default.py", line 922, in do_execute
    cursor.execute(statement, parameters)
    │      │       │          └ {'item_ids': ['item_004635', 'item_002414', 'item_004769', 'item_003593', 'item_004331', 'item_004572', 'item_001080', 'item_...
    │      │       └ '\n                        SELECT\n                            item_id,\n                            category,\n             ...
    │      └ <method 'execute' of 'psycopg2.extensions.cursor' objects>
    └ <cursor object at 0x0000024E055D9E00; closed: -1>

psycopg2.errors.UndefinedTable: relation "feast.item_features_raw" does not exist
LINE 10:                         FROM feast.item_features_raw
                                      ^



The above exception was the direct cause of the following exception:


Traceback (most recent call last):

  File "C:\Users\info\desktop\pfa\recsys-engine\src\serving\recommender.py", line 255, in _fetch_item_metadata
    result = conn.execute(
             │    └ <function Connection.execute at 0x0000024E03816C00>
             └ <sqlalchemy.engine.base.Connection object at 0x0000024E05553250>

  File "C:\Users\info\desktop\pfa\recsys-engine\.venv\Lib\site-packages\sqlalchemy\engine\base.py", line 1416, in execute
    return meth(
           └ <bound method ClauseElement._execute_on_connection of <sqlalchemy.sql.elements.TextClause object at 0x0000024E051A9550>>
  File "C:\Users\info\desktop\pfa\recsys-engine\.venv\Lib\site-packages\sqlalchemy\sql\elements.py", line 516, in _execute_on_connection
    return connection._execute_clauseelement(
           │          └ <function Connection._execute_clauseelement at 0x0000024E03816F20>
           └ <sqlalchemy.engine.base.Connection object at 0x0000024E05553250>
  File "C:\Users\info\desktop\pfa\recsys-engine\.venv\Lib\site-packages\sqlalchemy\engine\base.py", line 1639, in _execute_clauseelement
    ret = self._execute_context(
          │    └ <function Connection._execute_context at 0x0000024E03817100>
          └ <sqlalchemy.engine.base.Connection object at 0x0000024E05553250>
  File "C:\Users\info\desktop\pfa\recsys-engine\.venv\Lib\site-packages\sqlalchemy\engine\base.py", line 1848, in _execute_context
    return self._exec_single_context(
           │    └ <function Connection._exec_single_context at 0x0000024E038171A0>
           └ <sqlalchemy.engine.base.Connection object at 0x0000024E05553250>
  File "C:\Users\info\desktop\pfa\recsys-engine\.venv\Lib\site-packages\sqlalchemy\engine\base.py", line 1988, in _exec_single_context
    self._handle_dbapi_exception(
    │    └ <function Connection._handle_dbapi_exception at 0x0000024E03817420>
    └ <sqlalchemy.engine.base.Connection object at 0x0000024E05553250>
  File "C:\Users\info\desktop\pfa\recsys-engine\.venv\Lib\site-packages\sqlalchemy\engine\base.py", line 2343, in _handle_dbapi_exception
    raise sqlalchemy_exception.with_traceback(exc_info[2]) from e
          │                    │              │                 └ UndefinedTable('relation "feast.item_features_raw" does not exist\nLINE 10:                         FROM feast.item_features_...
          │                    │              └ (<class 'psycopg2.errors.UndefinedTable'>, UndefinedTable('relation "feast.item_features_raw" does not exist\nLINE 10:       ...
          │                    └ <method 'with_traceback' of 'BaseException' objects>
          └ ProgrammingError('(psycopg2.errors.UndefinedTable) relation "feast.item_features_raw" does not exist\nLINE 10:               ...
  File "C:\Users\info\desktop\pfa\recsys-engine\.venv\Lib\site-packages\sqlalchemy\engine\base.py", line 1969, in _exec_single_context
    self.dialect.do_execute(
    │    │       └ <function DefaultDialect.do_execute at 0x0000024E038D6020>
    │    └ <sqlalchemy.dialects.postgresql.psycopg2.PGDialect_psycopg2 object at 0x0000024E05552E50>
    └ <sqlalchemy.engine.base.Connection object at 0x0000024E05553250>
  File "C:\Users\info\desktop\pfa\recsys-engine\.venv\Lib\site-packages\sqlalchemy\engine\default.py", line 922, in do_execute
    cursor.execute(statement, parameters)
    │      │       │          └ {'item_ids': ['item_004635', 'item_002414', 'item_004769', 'item_003593', 'item_004331', 'item_004572', 'item_001080', 'item_...
    │      │       └ '\n                        SELECT\n                            item_id,\n                            category,\n             ...
    │      └ <method 'execute' of 'psycopg2.extensions.cursor' objects>
    └ <cursor object at 0x0000024E055D9E00; closed: -1>

sqlalchemy.exc.ProgrammingError: (psycopg2.errors.UndefinedTable) relation "feast.item_features_raw" does not exist
LINE 10:                         FROM feast.item_features_raw
                                      ^

[SQL: 
                        SELECT
                            item_id,
                            category,
                            price,
                            avg_rating,
                            item_name,
                            brand,
                            is_available
                        FROM feast.item_features_raw
                        WHERE item_id = ANY(%(item_ids)s)
                    ]
[parameters: {'item_ids': ['item_004635', 'item_002414', 'item_004769', 'item_003593', 'item_004331', 'item_004572', 'item_001080', 'item_000284', 'item_002393', 'item_001898', 'item_003942', 'item_001144', 'item_004935', 'item_003808', 'item_003844', 'item_002313', 'item_001635', 'item_002260', 'item_000844', 'item_000467']}]
(Background on this error at: https://sqlalche.me/e/20/f405)


During handling of the above exception, another exception occurred:


Traceback (most recent call last):

  File "C:\Users\info\desktop\pfa\recsys-engine\src\serving\main.py", line 203, in <module>
    uvicorn.run(
    │       └ <function run at 0x0000024E020AA340>
    └ <module 'uvicorn' from 'C:\\Users\\info\\desktop\\pfa\\recsys-engine\\.venv\\Lib\\site-packages\\uvicorn\\__init__.py'>

  File "C:\Users\info\desktop\pfa\recsys-engine\.venv\Lib\site-packages\uvicorn\main.py", line 579, in run
    server.run()
    │      └ <function Server.run at 0x0000024E020ABC40>
    └ <uvicorn.server.Server object at 0x0000024E039D8190>
  File "C:\Users\info\desktop\pfa\recsys-engine\.venv\Lib\site-packages\uvicorn\server.py", line 66, in run
    return asyncio.run(self.serve(sockets=sockets))
           │       │   │    │             └ None
           │       │   │    └ <function Server.serve at 0x0000024E020ABCE0>
           │       │   └ <uvicorn.server.Server object at 0x0000024E039D8190>
           │       └ <function run at 0x0000024DFE60D940>
           └ <module 'asyncio' from 'C:\\Users\\info\\AppData\\Local\\Programs\\Python\\Python311\\Lib\\asyncio\\__init__.py'>
  File "C:\Users\info\AppData\Local\Programs\Python\Python311\Lib\asyncio\runners.py", line 190, in run
    return runner.run(main)
           │      │   └ <coroutine object Server.serve at 0x0000024E03906A70>
           │      └ <function Runner.run at 0x0000024DFE691940>
           └ <asyncio.runners.Runner object at 0x0000024E039B8090>
  File "C:\Users\info\AppData\Local\Programs\Python\Python311\Lib\asyncio\runners.py", line 118, in run
    return self._loop.run_until_complete(task)
           │    │     │                  └ <Task pending name='Task-1' coro=<Server.serve() running at C:\Users\info\desktop\pfa\recsys-engine\.venv\Lib\site-packages\u...
           │    │     └ <function BaseEventLoop.run_until_complete at 0x0000024DFE68B420>
           │    └ <ProactorEventLoop running=True closed=False debug=False>
           └ <asyncio.runners.Runner object at 0x0000024E039B8090>
  File "C:\Users\info\AppData\Local\Programs\Python\Python311\Lib\asyncio\base_events.py", line 640, in run_until_complete
    self.run_forever()
    │    └ <function ProactorEventLoop.run_forever at 0x0000024DFFD4E3E0>
    └ <ProactorEventLoop running=True closed=False debug=False>
  File "C:\Users\info\AppData\Local\Programs\Python\Python311\Lib\asyncio\windows_events.py", line 321, in run_forever
    super().run_forever()
  File "C:\Users\info\AppData\Local\Programs\Python\Python311\Lib\asyncio\base_events.py", line 607, in run_forever
    self._run_once()
    │    └ <function BaseEventLoop._run_once at 0x0000024DFE6911C0>
    └ <ProactorEventLoop running=True closed=False debug=False>
  File "C:\Users\info\AppData\Local\Programs\Python\Python311\Lib\asyncio\base_events.py", line 1922, in _run_once
    handle._run()
    │      └ <function Handle._run at 0x0000024DFE5BA7A0>
    └ <Handle Task.task_wakeup(<Future finis...024E04A23850>>)>
  File "C:\Users\info\AppData\Local\Programs\Python\Python311\Lib\asyncio\events.py", line 80, in _run
    self._context.run(self._callback, *self._args)
    │    │            │    │           │    └ <member '_args' of 'Handle' objects>
    │    │            │    │           └ <Handle Task.task_wakeup(<Future finis...024E04A23850>>)>
    │    │            │    └ <member '_callback' of 'Handle' objects>
    │    │            └ <Handle Task.task_wakeup(<Future finis...024E04A23850>>)>
    │    └ <member '_context' of 'Handle' objects>
    └ <Handle Task.task_wakeup(<Future finis...024E04A23850>>)>
  File "C:\Users\info\desktop\pfa\recsys-engine\.venv\Lib\site-packages\anyio\_core\_tasks.py", line 275, in _run_coro
    retval = await self._coro
                   │    └ <member '_coro' of 'TaskHandle' objects>
                   └ <TaskHandle pending name='starlette.middleware.base.BaseHTTPMiddleware.__call__.<locals>.call_next.<locals>.coro' coro=<corou...
  File "C:\Users\info\desktop\pfa\recsys-engine\.venv\Lib\site-packages\starlette\middleware\base.py", line 151, in coro
    await self.app(scope, receive_or_disconnect, send_no_error)
          │    │   │      │                      └ <function BaseHTTPMiddleware.__call__.<locals>.call_next.<locals>.send_no_error at 0x0000024E055B8C20>
          │    │   │      └ <function BaseHTTPMiddleware.__call__.<locals>.call_next.<locals>.receive_or_disconnect at 0x0000024E055B9580>
          │    │   └ {'type': 'http', 'asgi': {'version': '3.0', 'spec_version': '2.3'}, 'http_version': '1.1', 'server': ('127.0.0.1', 8000), 'cl...
          │    └ <starlette.middleware.cors.CORSMiddleware object at 0x0000024D80E9C850>
          └ <middleware.LatencyMonitoringMiddleware object at 0x0000024E039B2F50>
  File "C:\Users\info\desktop\pfa\recsys-engine\.venv\Lib\site-packages\starlette\middleware\cors.py", line 91, in __call__
    await self.simple_response(scope, receive, send, request_headers=headers)
          │    │               │      │        │                     └ Headers({'host': 'localhost:8000', 'connection': 'keep-alive', 'content-length': '98', 'sec-ch-ua-platform': '"Windows"', 'us...
          │    │               │      │        └ <function BaseHTTPMiddleware.__call__.<locals>.call_next.<locals>.send_no_error at 0x0000024E055B8C20>
          │    │               │      └ <function BaseHTTPMiddleware.__call__.<locals>.call_next.<locals>.receive_or_disconnect at 0x0000024E055B9580>
          │    │               └ {'type': 'http', 'asgi': {'version': '3.0', 'spec_version': '2.3'}, 'http_version': '1.1', 'server': ('127.0.0.1', 8000), 'cl...
          │    └ <function CORSMiddleware.simple_response at 0x0000024D80E95BC0>
          └ <starlette.middleware.cors.CORSMiddleware object at 0x0000024D80E9C850>
  File "C:\Users\info\desktop\pfa\recsys-engine\.venv\Lib\site-packages\starlette\middleware\cors.py", line 146, in simple_response
    await self.app(scope, receive, send)
          │    │   │      │        └ functools.partial(<bound method CORSMiddleware.send of <starlette.middleware.cors.CORSMiddleware object at 0x0000024D80E9C850...
          │    │   │      └ <function BaseHTTPMiddleware.__call__.<locals>.call_next.<locals>.receive_or_disconnect at 0x0000024E055B9580>
          │    │   └ {'type': 'http', 'asgi': {'version': '3.0', 'spec_version': '2.3'}, 'http_version': '1.1', 'server': ('127.0.0.1', 8000), 'cl...
          │    └ <starlette.middleware.exceptions.ExceptionMiddleware object at 0x0000024D80E9D7D0>
          └ <starlette.middleware.cors.CORSMiddleware object at 0x0000024D80E9C850>
  File "C:\Users\info\desktop\pfa\recsys-engine\.venv\Lib\site-packages\starlette\middleware\exceptions.py", line 62, in __call__
    await wrap_app_handling_exceptions(self.app, conn)(scope, receive, send)
          │                            │    │    │     │      │        └ functools.partial(<bound method CORSMiddleware.send of <starlette.middleware.cors.CORSMiddleware object at 0x0000024D80E9C850...
          │                            │    │    │     │      └ <function BaseHTTPMiddleware.__call__.<locals>.call_next.<locals>.receive_or_disconnect at 0x0000024E055B9580>
          │                            │    │    │     └ {'type': 'http', 'asgi': {'version': '3.0', 'spec_version': '2.3'}, 'http_version': '1.1', 'server': ('127.0.0.1', 8000), 'cl...
          │                            │    │    └ <starlette.requests.Request object at 0x0000024E055C4DD0>
          │                            │    └ <fastapi.routing.APIRouter object at 0x0000024E03A66D10>
          │                            └ <starlette.middleware.exceptions.ExceptionMiddleware object at 0x0000024D80E9D7D0>
          └ <function wrap_app_handling_exceptions at 0x0000024D80DE0AE0>
  File "C:\Users\info\desktop\pfa\recsys-engine\.venv\Lib\site-packages\starlette\_exception_handler.py", line 44, in wrapped_app
    await app(scope, receive, sender)
          │   │      │        └ <function wrap_app_handling_exceptions.<locals>.wrapped_app.<locals>.sender at 0x0000024E055B8F40>
          │   │      └ <function BaseHTTPMiddleware.__call__.<locals>.call_next.<locals>.receive_or_disconnect at 0x0000024E055B9580>
          │   └ {'type': 'http', 'asgi': {'version': '3.0', 'spec_version': '2.3'}, 'http_version': '1.1', 'server': ('127.0.0.1', 8000), 'cl...
          └ <fastapi.routing.APIRouter object at 0x0000024E03A66D10>
  File "C:\Users\info\desktop\pfa\recsys-engine\.venv\Lib\site-packages\starlette\routing.py", line 746, in __call__
    await route.handle(scope, receive, send)
          │     │      │      │        └ <function wrap_app_handling_exceptions.<locals>.wrapped_app.<locals>.sender at 0x0000024E055B8F40>
          │     │      │      └ <function BaseHTTPMiddleware.__call__.<locals>.call_next.<locals>.receive_or_disconnect at 0x0000024E055B9580>
          │     │      └ {'type': 'http', 'asgi': {'version': '3.0', 'spec_version': '2.3'}, 'http_version': '1.1', 'server': ('127.0.0.1', 8000), 'cl...
          │     └ <function Route.handle at 0x0000024D80DE2020>
          └ APIRoute(path='/api/v1/recommend', name='get_recommendations', methods=['POST'])
  File "C:\Users\info\desktop\pfa\recsys-engine\.venv\Lib\site-packages\starlette\routing.py", line 288, in handle
    await self.app(scope, receive, send)
          │    │   │      │        └ <function wrap_app_handling_exceptions.<locals>.wrapped_app.<locals>.sender at 0x0000024E055B8F40>
          │    │   │      └ <function BaseHTTPMiddleware.__call__.<locals>.call_next.<locals>.receive_or_disconnect at 0x0000024E055B9580>
          │    │   └ {'type': 'http', 'asgi': {'version': '3.0', 'spec_version': '2.3'}, 'http_version': '1.1', 'server': ('127.0.0.1', 8000), 'cl...
          │    └ <function request_response.<locals>.app at 0x0000024E03A75C60>
          └ APIRoute(path='/api/v1/recommend', name='get_recommendations', methods=['POST'])
  File "C:\Users\info\desktop\pfa\recsys-engine\.venv\Lib\site-packages\starlette\routing.py", line 75, in app
    await wrap_app_handling_exceptions(app, request)(scope, receive, send)
          │                            │    │        │      │        └ <function wrap_app_handling_exceptions.<locals>.wrapped_app.<locals>.sender at 0x0000024E055B8F40>
          │                            │    │        │      └ <function BaseHTTPMiddleware.__call__.<locals>.call_next.<locals>.receive_or_disconnect at 0x0000024E055B9580>
          │                            │    │        └ {'type': 'http', 'asgi': {'version': '3.0', 'spec_version': '2.3'}, 'http_version': '1.1', 'server': ('127.0.0.1', 8000), 'cl...
          │                            │    └ <starlette.requests.Request object at 0x0000024E055C4D10>
          │                            └ <function request_response.<locals>.app.<locals>.app at 0x0000024E055B87C0>
          └ <function wrap_app_handling_exceptions at 0x0000024D80DE0AE0>
  File "C:\Users\info\desktop\pfa\recsys-engine\.venv\Lib\site-packages\starlette\_exception_handler.py", line 44, in wrapped_app
    await app(scope, receive, sender)
          │   │      │        └ <function wrap_app_handling_exceptions.<locals>.wrapped_app.<locals>.sender at 0x0000024E055B9440>
          │   │      └ <function BaseHTTPMiddleware.__call__.<locals>.call_next.<locals>.receive_or_disconnect at 0x0000024E055B9580>
          │   └ {'type': 'http', 'asgi': {'version': '3.0', 'spec_version': '2.3'}, 'http_version': '1.1', 'server': ('127.0.0.1', 8000), 'cl...
          └ <function request_response.<locals>.app.<locals>.app at 0x0000024E055B87C0>
  File "C:\Users\info\desktop\pfa\recsys-engine\.venv\Lib\site-packages\starlette\routing.py", line 70, in app
    response = await func(request)
                     │    └ <starlette.requests.Request object at 0x0000024E055C4D10>
                     └ <function get_request_handler.<locals>.app at 0x0000024E03A75BC0>
  File "C:\Users\info\desktop\pfa\recsys-engine\.venv\Lib\site-packages\fastapi\routing.py", line 294, in app
    raw_response = await run_endpoint_function(
                         └ <function run_endpoint_function at 0x0000024D80DE0360>
  File "C:\Users\info\desktop\pfa\recsys-engine\.venv\Lib\site-packages\fastapi\routing.py", line 191, in run_endpoint_function
    return await dependant.call(**values)
                 │         │      └ {'engine': <recommender.RecommendationEngine object at 0x0000024E04A23850>, 'settings': Settings(app_name='RecSys Inference A...
                 │         └ <function get_recommendations at 0x0000024E03978900>
                 └ <fastapi.dependencies.models.Dependant object at 0x0000024E03A85D50>

> File "C:\Users\info\desktop\pfa\recsys-engine\src\serving\routers\recommendations.py", line 94, in get_recommendations
    recommendations, timings, is_cold_start = await engine.recommend(
                                                    │      └ <function RecommendationEngine.recommend at 0x0000024E03947BA0>
                                                    └ <recommender.RecommendationEngine object at 0x0000024E04A23850>

  File "C:\Users\info\desktop\pfa\recsys-engine\src\serving\recommender.py", line 185, in recommend
    item_metadata = self._fetch_item_metadata(
                    │    └ <function RecommendationEngine._fetch_item_metadata at 0x0000024E03947D80>
                    └ <recommender.RecommendationEngine object at 0x0000024E04A23850>

  File "C:\Users\info\desktop\pfa\recsys-engine\src\serving\recommender.py", line 283, in _fetch_item_metadata
    logger.error(f"_fetch_item_metadata FAILED: {e}", exc_info=True)
    │      └ <function Logger.error at 0x0000024DFFE03740>
    └ <loguru.logger handlers=[(id=5, level=20, sink=<stdout>), (id=6, level=10, sink='logs/serving.log'), (id=7, level=20, sink=<s...

KeyError: "'item_ids'"
2026-08-23T13:13:27.674813+0100 | ERROR | routers.recommendations:117 | Recommendation failed | user=user_000001 | request_id=44409840-bb7d-4dbe-a0f7-6ef3a0a2ec82
Traceback (most recent call last):

  File "C:\Users\info\desktop\pfa\recsys-engine\.venv\Lib\site-packages\sqlalchemy\engine\base.py", line 1969, in _exec_single_context
    self.dialect.do_execute(
    │    │       └ <function DefaultDialect.do_execute at 0x0000024E038D6020>
    │    └ <sqlalchemy.dialects.postgresql.psycopg2.PGDialect_psycopg2 object at 0x0000024E05552E50>
    └ <sqlalchemy.engine.base.Connection object at 0x0000024E05553250>
  File "C:\Users\info\desktop\pfa\recsys-engine\.venv\Lib\site-packages\sqlalchemy\engine\default.py", line 922, in do_execute
    cursor.execute(statement, parameters)
    │      │       │          └ {'item_ids': ['item_004635', 'item_002414', 'item_004769', 'item_003593', 'item_004331', 'item_004572', 'item_001080', 'item_...
    │      │       └ '\n                        SELECT\n                            item_id,\n                            category,\n             ...
    │      └ <method 'execute' of 'psycopg2.extensions.cursor' objects>
    └ <cursor object at 0x0000024E055D9E00; closed: -1>

psycopg2.errors.UndefinedTable: relation "feast.item_features_raw" does not exist
LINE 10:                         FROM feast.item_features_raw
                                      ^



The above exception was the direct cause of the following exception:


Traceback (most recent call last):

  File "C:\Users\info\desktop\pfa\recsys-engine\src\serving\recommender.py", line 255, in _fetch_item_metadata
    result = conn.execute(
             │    └ <function Connection.execute at 0x0000024E03816C00>
             └ <sqlalchemy.engine.base.Connection object at 0x0000024E05553250>

  File "C:\Users\info\desktop\pfa\recsys-engine\.venv\Lib\site-packages\sqlalchemy\engine\base.py", line 1416, in execute
    return meth(
           └ <bound method ClauseElement._execute_on_connection of <sqlalchemy.sql.elements.TextClause object at 0x0000024E051A9550>>
  File "C:\Users\info\desktop\pfa\recsys-engine\.venv\Lib\site-packages\sqlalchemy\sql\elements.py", line 516, in _execute_on_connection
    return connection._execute_clauseelement(
           │          └ <function Connection._execute_clauseelement at 0x0000024E03816F20>
           └ <sqlalchemy.engine.base.Connection object at 0x0000024E05553250>
  File "C:\Users\info\desktop\pfa\recsys-engine\.venv\Lib\site-packages\sqlalchemy\engine\base.py", line 1639, in _execute_clauseelement
    ret = self._execute_context(
          │    └ <function Connection._execute_context at 0x0000024E03817100>
          └ <sqlalchemy.engine.base.Connection object at 0x0000024E05553250>
  File "C:\Users\info\desktop\pfa\recsys-engine\.venv\Lib\site-packages\sqlalchemy\engine\base.py", line 1848, in _execute_context
    return self._exec_single_context(
           │    └ <function Connection._exec_single_context at 0x0000024E038171A0>
           └ <sqlalchemy.engine.base.Connection object at 0x0000024E05553250>
  File "C:\Users\info\desktop\pfa\recsys-engine\.venv\Lib\site-packages\sqlalchemy\engine\base.py", line 1988, in _exec_single_context
    self._handle_dbapi_exception(
    │    └ <function Connection._handle_dbapi_exception at 0x0000024E03817420>
    └ <sqlalchemy.engine.base.Connection object at 0x0000024E05553250>
  File "C:\Users\info\desktop\pfa\recsys-engine\.venv\Lib\site-packages\sqlalchemy\engine\base.py", line 2343, in _handle_dbapi_exception
    raise sqlalchemy_exception.with_traceback(exc_info[2]) from e
          │                    │              │                 └ UndefinedTable('relation "feast.item_features_raw" does not exist\nLINE 10:                         FROM feast.item_features_...
          │                    │              └ (<class 'psycopg2.errors.UndefinedTable'>, UndefinedTable('relation "feast.item_features_raw" does not exist\nLINE 10:       ...
          │                    └ <method 'with_traceback' of 'BaseException' objects>
          └ ProgrammingError('(psycopg2.errors.UndefinedTable) relation "feast.item_features_raw" does not exist\nLINE 10:               ...
  File "C:\Users\info\desktop\pfa\recsys-engine\.venv\Lib\site-packages\sqlalchemy\engine\base.py", line 1969, in _exec_single_context
    self.dialect.do_execute(
    │    │       └ <function DefaultDialect.do_execute at 0x0000024E038D6020>
    │    └ <sqlalchemy.dialects.postgresql.psycopg2.PGDialect_psycopg2 object at 0x0000024E05552E50>
    └ <sqlalchemy.engine.base.Connection object at 0x0000024E05553250>
  File "C:\Users\info\desktop\pfa\recsys-engine\.venv\Lib\site-packages\sqlalchemy\engine\default.py", line 922, in do_execute
    cursor.execute(statement, parameters)
    │      │       │          └ {'item_ids': ['item_004635', 'item_002414', 'item_004769', 'item_003593', 'item_004331', 'item_004572', 'item_001080', 'item_...
    │      │       └ '\n                        SELECT\n                            item_id,\n                            category,\n             ...
    │      └ <method 'execute' of 'psycopg2.extensions.cursor' objects>
    └ <cursor object at 0x0000024E055D9E00; closed: -1>

sqlalchemy.exc.ProgrammingError: (psycopg2.errors.UndefinedTable) relation "feast.item_features_raw" does not exist
LINE 10:                         FROM feast.item_features_raw
                                      ^

[SQL: 
                        SELECT
                            item_id,
                            category,
                            price,
                            avg_rating,
                            item_name,
                            brand,
                            is_available
                        FROM feast.item_features_raw
                        WHERE item_id = ANY(%(item_ids)s)
                    ]
[parameters: {'item_ids': ['item_004635', 'item_002414', 'item_004769', 'item_003593', 'item_004331', 'item_004572', 'item_001080', 'item_000284', 'item_002393', 'item_001898', 'item_003942', 'item_001144', 'item_004935', 'item_003808', 'item_003844', 'item_002313', 'item_001635', 'item_002260', 'item_000844', 'item_000467']}]
(Background on this error at: https://sqlalche.me/e/20/f405)


During handling of the above exception, another exception occurred:


Traceback (most recent call last):

  File "C:\Users\info\desktop\pfa\recsys-engine\src\serving\main.py", line 203, in <module>
    uvicorn.run(
    │       └ <function run at 0x0000024E020AA340>
    └ <module 'uvicorn' from 'C:\\Users\\info\\desktop\\pfa\\recsys-engine\\.venv\\Lib\\site-packages\\uvicorn\\__init__.py'>

  File "C:\Users\info\desktop\pfa\recsys-engine\.venv\Lib\site-packages\uvicorn\main.py", line 579, in run
    server.run()
    │      └ <function Server.run at 0x0000024E020ABC40>
    └ <uvicorn.server.Server object at 0x0000024E039D8190>
  File "C:\Users\info\desktop\pfa\recsys-engine\.venv\Lib\site-packages\uvicorn\server.py", line 66, in run
    return asyncio.run(self.serve(sockets=sockets))
           │       │   │    │             └ None
           │       │   │    └ <function Server.serve at 0x0000024E020ABCE0>
           │       │   └ <uvicorn.server.Server object at 0x0000024E039D8190>
           │       └ <function run at 0x0000024DFE60D940>
           └ <module 'asyncio' from 'C:\\Users\\info\\AppData\\Local\\Programs\\Python\\Python311\\Lib\\asyncio\\__init__.py'>
  File "C:\Users\info\AppData\Local\Programs\Python\Python311\Lib\asyncio\runners.py", line 190, in run
    return runner.run(main)
           │      │   └ <coroutine object Server.serve at 0x0000024E03906A70>
           │      └ <function Runner.run at 0x0000024DFE691940>
           └ <asyncio.runners.Runner object at 0x0000024E039B8090>
  File "C:\Users\info\AppData\Local\Programs\Python\Python311\Lib\asyncio\runners.py", line 118, in run
    return self._loop.run_until_complete(task)
           │    │     │                  └ <Task pending name='Task-1' coro=<Server.serve() running at C:\Users\info\desktop\pfa\recsys-engine\.venv\Lib\site-packages\u...
           │    │     └ <function BaseEventLoop.run_until_complete at 0x0000024DFE68B420>
           │    └ <ProactorEventLoop running=True closed=False debug=False>
           └ <asyncio.runners.Runner object at 0x0000024E039B8090>
  File "C:\Users\info\AppData\Local\Programs\Python\Python311\Lib\asyncio\base_events.py", line 640, in run_until_complete
    self.run_forever()
    │    └ <function ProactorEventLoop.run_forever at 0x0000024DFFD4E3E0>
    └ <ProactorEventLoop running=True closed=False debug=False>
  File "C:\Users\info\AppData\Local\Programs\Python\Python311\Lib\asyncio\windows_events.py", line 321, in run_forever
    super().run_forever()
  File "C:\Users\info\AppData\Local\Programs\Python\Python311\Lib\asyncio\base_events.py", line 607, in run_forever
    self._run_once()
    │    └ <function BaseEventLoop._run_once at 0x0000024DFE6911C0>
    └ <ProactorEventLoop running=True closed=False debug=False>
  File "C:\Users\info\AppData\Local\Programs\Python\Python311\Lib\asyncio\base_events.py", line 1922, in _run_once
    handle._run()
    │      └ <function Handle._run at 0x0000024DFE5BA7A0>
    └ <Handle Task.task_wakeup(<Future finis...024E04A23850>>)>
  File "C:\Users\info\AppData\Local\Programs\Python\Python311\Lib\asyncio\events.py", line 80, in _run
    self._context.run(self._callback, *self._args)
    │    │            │    │           │    └ <member '_args' of 'Handle' objects>
    │    │            │    │           └ <Handle Task.task_wakeup(<Future finis...024E04A23850>>)>
    │    │            │    └ <member '_callback' of 'Handle' objects>
    │    │            └ <Handle Task.task_wakeup(<Future finis...024E04A23850>>)>
    │    └ <member '_context' of 'Handle' objects>
    └ <Handle Task.task_wakeup(<Future finis...024E04A23850>>)>
  File "C:\Users\info\desktop\pfa\recsys-engine\.venv\Lib\site-packages\anyio\_core\_tasks.py", line 275, in _run_coro
    retval = await self._coro
                   │    └ <member '_coro' of 'TaskHandle' objects>
                   └ <TaskHandle pending name='starlette.middleware.base.BaseHTTPMiddleware.__call__.<locals>.call_next.<locals>.coro' coro=<corou...
  File "C:\Users\info\desktop\pfa\recsys-engine\.venv\Lib\site-packages\starlette\middleware\base.py", line 151, in coro
    await self.app(scope, receive_or_disconnect, send_no_error)
          │    │   │      │                      └ <function BaseHTTPMiddleware.__call__.<locals>.call_next.<locals>.send_no_error at 0x0000024E055B8C20>
          │    │   │      └ <function BaseHTTPMiddleware.__call__.<locals>.call_next.<locals>.receive_or_disconnect at 0x0000024E055B9580>
          │    │   └ {'type': 'http', 'asgi': {'version': '3.0', 'spec_version': '2.3'}, 'http_version': '1.1', 'server': ('127.0.0.1', 8000), 'cl...
          │    └ <starlette.middleware.cors.CORSMiddleware object at 0x0000024D80E9C850>
          └ <middleware.LatencyMonitoringMiddleware object at 0x0000024E039B2F50>
  File "C:\Users\info\desktop\pfa\recsys-engine\.venv\Lib\site-packages\starlette\middleware\cors.py", line 91, in __call__
    await self.simple_response(scope, receive, send, request_headers=headers)
          │    │               │      │        │                     └ Headers({'host': 'localhost:8000', 'connection': 'keep-alive', 'content-length': '98', 'sec-ch-ua-platform': '"Windows"', 'us...
          │    │               │      │        └ <function BaseHTTPMiddleware.__call__.<locals>.call_next.<locals>.send_no_error at 0x0000024E055B8C20>
          │    │               │      └ <function BaseHTTPMiddleware.__call__.<locals>.call_next.<locals>.receive_or_disconnect at 0x0000024E055B9580>
          │    │               └ {'type': 'http', 'asgi': {'version': '3.0', 'spec_version': '2.3'}, 'http_version': '1.1', 'server': ('127.0.0.1', 8000), 'cl...
          │    └ <function CORSMiddleware.simple_response at 0x0000024D80E95BC0>
          └ <starlette.middleware.cors.CORSMiddleware object at 0x0000024D80E9C850>
  File "C:\Users\info\desktop\pfa\recsys-engine\.venv\Lib\site-packages\starlette\middleware\cors.py", line 146, in simple_response
    await self.app(scope, receive, send)
          │    │   │      │        └ functools.partial(<bound method CORSMiddleware.send of <starlette.middleware.cors.CORSMiddleware object at 0x0000024D80E9C850...
          │    │   │      └ <function BaseHTTPMiddleware.__call__.<locals>.call_next.<locals>.receive_or_disconnect at 0x0000024E055B9580>
          │    │   └ {'type': 'http', 'asgi': {'version': '3.0', 'spec_version': '2.3'}, 'http_version': '1.1', 'server': ('127.0.0.1', 8000), 'cl...
          │    └ <starlette.middleware.exceptions.ExceptionMiddleware object at 0x0000024D80E9D7D0>
          └ <starlette.middleware.cors.CORSMiddleware object at 0x0000024D80E9C850>
  File "C:\Users\info\desktop\pfa\recsys-engine\.venv\Lib\site-packages\starlette\middleware\exceptions.py", line 62, in __call__
    await wrap_app_handling_exceptions(self.app, conn)(scope, receive, send)
          │                            │    │    │     │      │        └ functools.partial(<bound method CORSMiddleware.send of <starlette.middleware.cors.CORSMiddleware object at 0x0000024D80E9C850...
          │                            │    │    │     │      └ <function BaseHTTPMiddleware.__call__.<locals>.call_next.<locals>.receive_or_disconnect at 0x0000024E055B9580>
          │                            │    │    │     └ {'type': 'http', 'asgi': {'version': '3.0', 'spec_version': '2.3'}, 'http_version': '1.1', 'server': ('127.0.0.1', 8000), 'cl...
          │                            │    │    └ <starlette.requests.Request object at 0x0000024E055C4DD0>
          │                            │    └ <fastapi.routing.APIRouter object at 0x0000024E03A66D10>
          │                            └ <starlette.middleware.exceptions.ExceptionMiddleware object at 0x0000024D80E9D7D0>
          └ <function wrap_app_handling_exceptions at 0x0000024D80DE0AE0>
  File "C:\Users\info\desktop\pfa\recsys-engine\.venv\Lib\site-packages\starlette\_exception_handler.py", line 44, in wrapped_app
    await app(scope, receive, sender)
          │   │      │        └ <function wrap_app_handling_exceptions.<locals>.wrapped_app.<locals>.sender at 0x0000024E055B8F40>
          │   │      └ <function BaseHTTPMiddleware.__call__.<locals>.call_next.<locals>.receive_or_disconnect at 0x0000024E055B9580>
          │   └ {'type': 'http', 'asgi': {'version': '3.0', 'spec_version': '2.3'}, 'http_version': '1.1', 'server': ('127.0.0.1', 8000), 'cl...
          └ <fastapi.routing.APIRouter object at 0x0000024E03A66D10>
  File "C:\Users\info\desktop\pfa\recsys-engine\.venv\Lib\site-packages\starlette\routing.py", line 746, in __call__
    await route.handle(scope, receive, send)
          │     │      │      │        └ <function wrap_app_handling_exceptions.<locals>.wrapped_app.<locals>.sender at 0x0000024E055B8F40>
          │     │      │      └ <function BaseHTTPMiddleware.__call__.<locals>.call_next.<locals>.receive_or_disconnect at 0x0000024E055B9580>
          │     │      └ {'type': 'http', 'asgi': {'version': '3.0', 'spec_version': '2.3'}, 'http_version': '1.1', 'server': ('127.0.0.1', 8000), 'cl...
          │     └ <function Route.handle at 0x0000024D80DE2020>
          └ APIRoute(path='/api/v1/recommend', name='get_recommendations', methods=['POST'])
  File "C:\Users\info\desktop\pfa\recsys-engine\.venv\Lib\site-packages\starlette\routing.py", line 288, in handle
    await self.app(scope, receive, send)
          │    │   │      │        └ <function wrap_app_handling_exceptions.<locals>.wrapped_app.<locals>.sender at 0x0000024E055B8F40>
          │    │   │      └ <function BaseHTTPMiddleware.__call__.<locals>.call_next.<locals>.receive_or_disconnect at 0x0000024E055B9580>
          │    │   └ {'type': 'http', 'asgi': {'version': '3.0', 'spec_version': '2.3'}, 'http_version': '1.1', 'server': ('127.0.0.1', 8000), 'cl...
          │    └ <function request_response.<locals>.app at 0x0000024E03A75C60>
          └ APIRoute(path='/api/v1/recommend', name='get_recommendations', methods=['POST'])
  File "C:\Users\info\desktop\pfa\recsys-engine\.venv\Lib\site-packages\starlette\routing.py", line 75, in app
    await wrap_app_handling_exceptions(app, request)(scope, receive, send)
          │                            │    │        │      │        └ <function wrap_app_handling_exceptions.<locals>.wrapped_app.<locals>.sender at 0x0000024E055B8F40>
          │                            │    │        │      └ <function BaseHTTPMiddleware.__call__.<locals>.call_next.<locals>.receive_or_disconnect at 0x0000024E055B9580>
          │                            │    │        └ {'type': 'http', 'asgi': {'version': '3.0', 'spec_version': '2.3'}, 'http_version': '1.1', 'server': ('127.0.0.1', 8000), 'cl...
          │                            │    └ <starlette.requests.Request object at 0x0000024E055C4D10>
          │                            └ <function request_response.<locals>.app.<locals>.app at 0x0000024E055B87C0>
          └ <function wrap_app_handling_exceptions at 0x0000024D80DE0AE0>
  File "C:\Users\info\desktop\pfa\recsys-engine\.venv\Lib\site-packages\starlette\_exception_handler.py", line 44, in wrapped_app
    await app(scope, receive, sender)
          │   │      │        └ <function wrap_app_handling_exceptions.<locals>.wrapped_app.<locals>.sender at 0x0000024E055B9440>
          │   │      └ <function BaseHTTPMiddleware.__call__.<locals>.call_next.<locals>.receive_or_disconnect at 0x0000024E055B9580>
          │   └ {'type': 'http', 'asgi': {'version': '3.0', 'spec_version': '2.3'}, 'http_version': '1.1', 'server': ('127.0.0.1', 8000), 'cl...
          └ <function request_response.<locals>.app.<locals>.app at 0x0000024E055B87C0>
  File "C:\Users\info\desktop\pfa\recsys-engine\.venv\Lib\site-packages\starlette\routing.py", line 70, in app
    response = await func(request)
                     │    └ <starlette.requests.Request object at 0x0000024E055C4D10>
                     └ <function get_request_handler.<locals>.app at 0x0000024E03A75BC0>
  File "C:\Users\info\desktop\pfa\recsys-engine\.venv\Lib\site-packages\fastapi\routing.py", line 294, in app
    raw_response = await run_endpoint_function(
                         └ <function run_endpoint_function at 0x0000024D80DE0360>
  File "C:\Users\info\desktop\pfa\recsys-engine\.venv\Lib\site-packages\fastapi\routing.py", line 191, in run_endpoint_function
    return await dependant.call(**values)
                 │         │      └ {'engine': <recommender.RecommendationEngine object at 0x0000024E04A23850>, 'settings': Settings(app_name='RecSys Inference A...
                 │         └ <function get_recommendations at 0x0000024E03978900>
                 └ <fastapi.dependencies.models.Dependant object at 0x0000024E03A85D50>

> File "C:\Users\info\desktop\pfa\recsys-engine\src\serving\routers\recommendations.py", line 94, in get_recommendations
    recommendations, timings, is_cold_start = await engine.recommend(
                                                    │      └ <function RecommendationEngine.recommend at 0x0000024E03947BA0>
                                                    └ <recommender.RecommendationEngine object at 0x0000024E04A23850>

  File "C:\Users\info\desktop\pfa\recsys-engine\src\serving\recommender.py", line 185, in recommend
    item_metadata = self._fetch_item_metadata(
                    │    └ <function RecommendationEngine._fetch_item_metadata at 0x0000024E03947D80>
                    └ <recommender.RecommendationEngine object at 0x0000024E04A23850>

  File "C:\Users\info\desktop\pfa\recsys-engine\src\serving\recommender.py", line 283, in _fetch_item_metadata
    logger.error(f"_fetch_item_metadata FAILED: {e}", exc_info=True)
    │      └ <function Logger.error at 0x0000024DFFE03740>
    └ <loguru.logger handlers=[(id=5, level=20, sink=<stdout>), (id=6, level=10, sink='logs/serving.log'), (id=7, level=20, sink=<s...

KeyError: "'item_ids'"

Traceback (most recent call last):

  File "C:\Users\info\desktop\pfa\recsys-engine\.venv\Lib\site-packages\sqlalchemy\engine\base.py", line 1969, in _exec_single_context
    self.dialect.do_execute(
    │    │       └ <function DefaultDialect.do_execute at 0x0000024E038D6020>
    │    └ <sqlalchemy.dialects.postgresql.psycopg2.PGDialect_psycopg2 object at 0x0000024E05552E50>
    └ <sqlalchemy.engine.base.Connection object at 0x0000024E05553250>
  File "C:\Users\info\desktop\pfa\recsys-engine\.venv\Lib\site-packages\sqlalchemy\engine\default.py", line 922, in do_execute
    cursor.execute(statement, parameters)
    │      │       │          └ {'item_ids': ['item_004635', 'item_002414', 'item_004769', 'item_003593', 'item_004331', 'item_004572', 'item_001080', 'item_...
    │      │       └ '\n                        SELECT\n                            item_id,\n                            category,\n             ...
    │      └ <method 'execute' of 'psycopg2.extensions.cursor' objects>
    └ <cursor object at 0x0000024E055D9E00; closed: -1>

psycopg2.errors.UndefinedTable: relation "feast.item_features_raw" does not exist
LINE 10:                         FROM feast.item_features_raw
                                      ^



The above exception was the direct cause of the following exception:


Traceback (most recent call last):

  File "C:\Users\info\desktop\pfa\recsys-engine\src\serving\recommender.py", line 255, in _fetch_item_metadata
    result = conn.execute(
             │    └ <function Connection.execute at 0x0000024E03816C00>
             └ <sqlalchemy.engine.base.Connection object at 0x0000024E05553250>

  File "C:\Users\info\desktop\pfa\recsys-engine\.venv\Lib\site-packages\sqlalchemy\engine\base.py", line 1416, in execute
    return meth(
           └ <bound method ClauseElement._execute_on_connection of <sqlalchemy.sql.elements.TextClause object at 0x0000024E051A9550>>
  File "C:\Users\info\desktop\pfa\recsys-engine\.venv\Lib\site-packages\sqlalchemy\sql\elements.py", line 516, in _execute_on_connection
    return connection._execute_clauseelement(
           │          └ <function Connection._execute_clauseelement at 0x0000024E03816F20>
           └ <sqlalchemy.engine.base.Connection object at 0x0000024E05553250>
  File "C:\Users\info\desktop\pfa\recsys-engine\.venv\Lib\site-packages\sqlalchemy\engine\base.py", line 1639, in _execute_clauseelement
    ret = self._execute_context(
          │    └ <function Connection._execute_context at 0x0000024E03817100>
          └ <sqlalchemy.engine.base.Connection object at 0x0000024E05553250>
  File "C:\Users\info\desktop\pfa\recsys-engine\.venv\Lib\site-packages\sqlalchemy\engine\base.py", line 1848, in _execute_context
    return self._exec_single_context(
           │    └ <function Connection._exec_single_context at 0x0000024E038171A0>
           └ <sqlalchemy.engine.base.Connection object at 0x0000024E05553250>
  File "C:\Users\info\desktop\pfa\recsys-engine\.venv\Lib\site-packages\sqlalchemy\engine\base.py", line 1988, in _exec_single_context
    self._handle_dbapi_exception(
    │    └ <function Connection._handle_dbapi_exception at 0x0000024E03817420>
    └ <sqlalchemy.engine.base.Connection object at 0x0000024E05553250>
  File "C:\Users\info\desktop\pfa\recsys-engine\.venv\Lib\site-packages\sqlalchemy\engine\base.py", line 2343, in _handle_dbapi_exception
    raise sqlalchemy_exception.with_traceback(exc_info[2]) from e
          │                    │              │                 └ UndefinedTable('relation "feast.item_features_raw" does not exist\nLINE 10:                         FROM feast.item_features_...
          │                    │              └ (<class 'psycopg2.errors.UndefinedTable'>, UndefinedTable('relation "feast.item_features_raw" does not exist\nLINE 10:       ...
          │                    └ <method 'with_traceback' of 'BaseException' objects>
          └ ProgrammingError('(psycopg2.errors.UndefinedTable) relation "feast.item_features_raw" does not exist\nLINE 10:               ...
  File "C:\Users\info\desktop\pfa\recsys-engine\.venv\Lib\site-packages\sqlalchemy\engine\base.py", line 1969, in _exec_single_context
    self.dialect.do_execute(
    │    │       └ <function DefaultDialect.do_execute at 0x0000024E038D6020>
    │    └ <sqlalchemy.dialects.postgresql.psycopg2.PGDialect_psycopg2 object at 0x0000024E05552E50>
    └ <sqlalchemy.engine.base.Connection object at 0x0000024E05553250>
  File "C:\Users\info\desktop\pfa\recsys-engine\.venv\Lib\site-packages\sqlalchemy\engine\default.py", line 922, in do_execute
    cursor.execute(statement, parameters)
    │      │       │          └ {'item_ids': ['item_004635', 'item_002414', 'item_004769', 'item_003593', 'item_004331', 'item_004572', 'item_001080', 'item_...
    │      │       └ '\n                        SELECT\n                            item_id,\n                            category,\n             ...
    │      └ <method 'execute' of 'psycopg2.extensions.cursor' objects>
    └ <cursor object at 0x0000024E055D9E00; closed: -1>

sqlalchemy.exc.ProgrammingError: (psycopg2.errors.UndefinedTable) relation "feast.item_features_raw" does not exist
LINE 10:                         FROM feast.item_features_raw
                                      ^

[SQL: 
                        SELECT
                            item_id,
                            category,
                            price,
                            avg_rating,
                            item_name,
                            brand,
                            is_available
                        FROM feast.item_features_raw
                        WHERE item_id = ANY(%(item_ids)s)
                    ]
[parameters: {'item_ids': ['item_004635', 'item_002414', 'item_004769', 'item_003593', 'item_004331', 'item_004572', 'item_001080', 'item_000284', 'item_002393', 'item_001898', 'item_003942', 'item_001144', 'item_004935', 'item_003808', 'item_003844', 'item_002313', 'item_001635', 'item_002260', 'item_000844', 'item_000467']}]
(Background on this error at: https://sqlalche.me/e/20/f405)


During handling of the above exception, another exception occurred:


Traceback (most recent call last):

  File "C:\Users\info\desktop\pfa\recsys-engine\src\serving\main.py", line 203, in <module>
    uvicorn.run(
    │       └ <function run at 0x0000024E020AA340>
    └ <module 'uvicorn' from 'C:\\Users\\info\\desktop\\pfa\\recsys-engine\\.venv\\Lib\\site-packages\\uvicorn\\__init__.py'>

  File "C:\Users\info\desktop\pfa\recsys-engine\.venv\Lib\site-packages\uvicorn\main.py", line 579, in run
    server.run()
    │      └ <function Server.run at 0x0000024E020ABC40>
    └ <uvicorn.server.Server object at 0x0000024E039D8190>
  File "C:\Users\info\desktop\pfa\recsys-engine\.venv\Lib\site-packages\uvicorn\server.py", line 66, in run
    return asyncio.run(self.serve(sockets=sockets))
           │       │   │    │             └ None
           │       │   │    └ <function Server.serve at 0x0000024E020ABCE0>
           │       │   └ <uvicorn.server.Server object at 0x0000024E039D8190>
           │       └ <function run at 0x0000024DFE60D940>
           └ <module 'asyncio' from 'C:\\Users\\info\\AppData\\Local\\Programs\\Python\\Python311\\Lib\\asyncio\\__init__.py'>
  File "C:\Users\info\AppData\Local\Programs\Python\Python311\Lib\asyncio\runners.py", line 190, in run
    return runner.run(main)
           │      │   └ <coroutine object Server.serve at 0x0000024E03906A70>
           │      └ <function Runner.run at 0x0000024DFE691940>
           └ <asyncio.runners.Runner object at 0x0000024E039B8090>
  File "C:\Users\info\AppData\Local\Programs\Python\Python311\Lib\asyncio\runners.py", line 118, in run
    return self._loop.run_until_complete(task)
           │    │     │                  └ <Task pending name='Task-1' coro=<Server.serve() running at C:\Users\info\desktop\pfa\recsys-engine\.venv\Lib\site-packages\u...
           │    │     └ <function BaseEventLoop.run_until_complete at 0x0000024DFE68B420>
           │    └ <ProactorEventLoop running=True closed=False debug=False>
           └ <asyncio.runners.Runner object at 0x0000024E039B8090>
  File "C:\Users\info\AppData\Local\Programs\Python\Python311\Lib\asyncio\base_events.py", line 640, in run_until_complete
    self.run_forever()
    │    └ <function ProactorEventLoop.run_forever at 0x0000024DFFD4E3E0>
    └ <ProactorEventLoop running=True closed=False debug=False>
  File "C:\Users\info\AppData\Local\Programs\Python\Python311\Lib\asyncio\windows_events.py", line 321, in run_forever
    super().run_forever()
  File "C:\Users\info\AppData\Local\Programs\Python\Python311\Lib\asyncio\base_events.py", line 607, in run_forever
    self._run_once()
    │    └ <function BaseEventLoop._run_once at 0x0000024DFE6911C0>
    └ <ProactorEventLoop running=True closed=False debug=False>
  File "C:\Users\info\AppData\Local\Programs\Python\Python311\Lib\asyncio\base_events.py", line 1922, in _run_once
    handle._run()
    │      └ <function Handle._run at 0x0000024DFE5BA7A0>
    └ <Handle Task.task_wakeup(<Future finis...024E04A23850>>)>
  File "C:\Users\info\AppData\Local\Programs\Python\Python311\Lib\asyncio\events.py", line 80, in _run
    self._context.run(self._callback, *self._args)
    │    │            │    │           │    └ <member '_args' of 'Handle' objects>
    │    │            │    │           └ <Handle Task.task_wakeup(<Future finis...024E04A23850>>)>
    │    │            │    └ <member '_callback' of 'Handle' objects>
    │    │            └ <Handle Task.task_wakeup(<Future finis...024E04A23850>>)>
    │    └ <member '_context' of 'Handle' objects>
    └ <Handle Task.task_wakeup(<Future finis...024E04A23850>>)>
  File "C:\Users\info\desktop\pfa\recsys-engine\.venv\Lib\site-packages\anyio\_core\_tasks.py", line 275, in _run_coro
    retval = await self._coro
                   │    └ <member '_coro' of 'TaskHandle' objects>
                   └ <TaskHandle pending name='starlette.middleware.base.BaseHTTPMiddleware.__call__.<locals>.call_next.<locals>.coro' coro=<corou...
  File "C:\Users\info\desktop\pfa\recsys-engine\.venv\Lib\site-packages\starlette\middleware\base.py", line 151, in coro
    await self.app(scope, receive_or_disconnect, send_no_error)
          │    │   │      │                      └ <function BaseHTTPMiddleware.__call__.<locals>.call_next.<locals>.send_no_error at 0x0000024E055B8C20>
          │    │   │      └ <function BaseHTTPMiddleware.__call__.<locals>.call_next.<locals>.receive_or_disconnect at 0x0000024E055B9580>
          │    │   └ {'type': 'http', 'asgi': {'version': '3.0', 'spec_version': '2.3'}, 'http_version': '1.1', 'server': ('127.0.0.1', 8000), 'cl...
          │    └ <starlette.middleware.cors.CORSMiddleware object at 0x0000024D80E9C850>
          └ <middleware.LatencyMonitoringMiddleware object at 0x0000024E039B2F50>
  File "C:\Users\info\desktop\pfa\recsys-engine\.venv\Lib\site-packages\starlette\middleware\cors.py", line 91, in __call__
    await self.simple_response(scope, receive, send, request_headers=headers)
          │    │               │      │        │                     └ Headers({'host': 'localhost:8000', 'connection': 'keep-alive', 'content-length': '98', 'sec-ch-ua-platform': '"Windows"', 'us...
          │    │               │      │        └ <function BaseHTTPMiddleware.__call__.<locals>.call_next.<locals>.send_no_error at 0x0000024E055B8C20>
          │    │               │      └ <function BaseHTTPMiddleware.__call__.<locals>.call_next.<locals>.receive_or_disconnect at 0x0000024E055B9580>
          │    │               └ {'type': 'http', 'asgi': {'version': '3.0', 'spec_version': '2.3'}, 'http_version': '1.1', 'server': ('127.0.0.1', 8000), 'cl...
          │    └ <function CORSMiddleware.simple_response at 0x0000024D80E95BC0>
          └ <starlette.middleware.cors.CORSMiddleware object at 0x0000024D80E9C850>
  File "C:\Users\info\desktop\pfa\recsys-engine\.venv\Lib\site-packages\starlette\middleware\cors.py", line 146, in simple_response
    await self.app(scope, receive, send)
          │    │   │      │        └ functools.partial(<bound method CORSMiddleware.send of <starlette.middleware.cors.CORSMiddleware object at 0x0000024D80E9C850...
          │    │   │      └ <function BaseHTTPMiddleware.__call__.<locals>.call_next.<locals>.receive_or_disconnect at 0x0000024E055B9580>
          │    │   └ {'type': 'http', 'asgi': {'version': '3.0', 'spec_version': '2.3'}, 'http_version': '1.1', 'server': ('127.0.0.1', 8000), 'cl...
          │    └ <starlette.middleware.exceptions.ExceptionMiddleware object at 0x0000024D80E9D7D0>
          └ <starlette.middleware.cors.CORSMiddleware object at 0x0000024D80E9C850>
  File "C:\Users\info\desktop\pfa\recsys-engine\.venv\Lib\site-packages\starlette\middleware\exceptions.py", line 62, in __call__
    await wrap_app_handling_exceptions(self.app, conn)(scope, receive, send)
          │                            │    │    │     │      │        └ functools.partial(<bound method CORSMiddleware.send of <starlette.middleware.cors.CORSMiddleware object at 0x0000024D80E9C850...
          │                            │    │    │     │      └ <function BaseHTTPMiddleware.__call__.<locals>.call_next.<locals>.receive_or_disconnect at 0x0000024E055B9580>
          │                            │    │    │     └ {'type': 'http', 'asgi': {'version': '3.0', 'spec_version': '2.3'}, 'http_version': '1.1', 'server': ('127.0.0.1', 8000), 'cl...
          │                            │    │    └ <starlette.requests.Request object at 0x0000024E055C4DD0>
          │                            │    └ <fastapi.routing.APIRouter object at 0x0000024E03A66D10>
          │                            └ <starlette.middleware.exceptions.ExceptionMiddleware object at 0x0000024D80E9D7D0>
          └ <function wrap_app_handling_exceptions at 0x0000024D80DE0AE0>
  File "C:\Users\info\desktop\pfa\recsys-engine\.venv\Lib\site-packages\starlette\_exception_handler.py", line 44, in wrapped_app
    await app(scope, receive, sender)
          │   │      │        └ <function wrap_app_handling_exceptions.<locals>.wrapped_app.<locals>.sender at 0x0000024E055B8F40>
          │   │      └ <function BaseHTTPMiddleware.__call__.<locals>.call_next.<locals>.receive_or_disconnect at 0x0000024E055B9580>
          │   └ {'type': 'http', 'asgi': {'version': '3.0', 'spec_version': '2.3'}, 'http_version': '1.1', 'server': ('127.0.0.1', 8000), 'cl...
          └ <fastapi.routing.APIRouter object at 0x0000024E03A66D10>
  File "C:\Users\info\desktop\pfa\recsys-engine\.venv\Lib\site-packages\starlette\routing.py", line 746, in __call__
    await route.handle(scope, receive, send)
          │     │      │      │        └ <function wrap_app_handling_exceptions.<locals>.wrapped_app.<locals>.sender at 0x0000024E055B8F40>
          │     │      │      └ <function BaseHTTPMiddleware.__call__.<locals>.call_next.<locals>.receive_or_disconnect at 0x0000024E055B9580>
          │     │      └ {'type': 'http', 'asgi': {'version': '3.0', 'spec_version': '2.3'}, 'http_version': '1.1', 'server': ('127.0.0.1', 8000), 'cl...
          │     └ <function Route.handle at 0x0000024D80DE2020>
          └ APIRoute(path='/api/v1/recommend', name='get_recommendations', methods=['POST'])
  File "C:\Users\info\desktop\pfa\recsys-engine\.venv\Lib\site-packages\starlette\routing.py", line 288, in handle
    await self.app(scope, receive, send)
          │    │   │      │        └ <function wrap_app_handling_exceptions.<locals>.wrapped_app.<locals>.sender at 0x0000024E055B8F40>
          │    │   │      └ <function BaseHTTPMiddleware.__call__.<locals>.call_next.<locals>.receive_or_disconnect at 0x0000024E055B9580>
          │    │   └ {'type': 'http', 'asgi': {'version': '3.0', 'spec_version': '2.3'}, 'http_version': '1.1', 'server': ('127.0.0.1', 8000), 'cl...
          │    └ <function request_response.<locals>.app at 0x0000024E03A75C60>
          └ APIRoute(path='/api/v1/recommend', name='get_recommendations', methods=['POST'])
  File "C:\Users\info\desktop\pfa\recsys-engine\.venv\Lib\site-packages\starlette\routing.py", line 75, in app
    await wrap_app_handling_exceptions(app, request)(scope, receive, send)
          │                            │    │        │      │        └ <function wrap_app_handling_exceptions.<locals>.wrapped_app.<locals>.sender at 0x0000024E055B8F40>
          │                            │    │        │      └ <function BaseHTTPMiddleware.__call__.<locals>.call_next.<locals>.receive_or_disconnect at 0x0000024E055B9580>
          │                            │    │        └ {'type': 'http', 'asgi': {'version': '3.0', 'spec_version': '2.3'}, 'http_version': '1.1', 'server': ('127.0.0.1', 8000), 'cl...
          │                            │    └ <starlette.requests.Request object at 0x0000024E055C4D10>
          │                            └ <function request_response.<locals>.app.<locals>.app at 0x0000024E055B87C0>
          └ <function wrap_app_handling_exceptions at 0x0000024D80DE0AE0>
  File "C:\Users\info\desktop\pfa\recsys-engine\.venv\Lib\site-packages\starlette\_exception_handler.py", line 44, in wrapped_app
    await app(scope, receive, sender)
          │   │      │        └ <function wrap_app_handling_exceptions.<locals>.wrapped_app.<locals>.sender at 0x0000024E055B9440>
          │   │      └ <function BaseHTTPMiddleware.__call__.<locals>.call_next.<locals>.receive_or_disconnect at 0x0000024E055B9580>
          │   └ {'type': 'http', 'asgi': {'version': '3.0', 'spec_version': '2.3'}, 'http_version': '1.1', 'server': ('127.0.0.1', 8000), 'cl...
          └ <function request_response.<locals>.app.<locals>.app at 0x0000024E055B87C0>
  File "C:\Users\info\desktop\pfa\recsys-engine\.venv\Lib\site-packages\starlette\routing.py", line 70, in app
    response = await func(request)
                     │    └ <starlette.requests.Request object at 0x0000024E055C4D10>
                     └ <function get_request_handler.<locals>.app at 0x0000024E03A75BC0>
  File "C:\Users\info\desktop\pfa\recsys-engine\.venv\Lib\site-packages\fastapi\routing.py", line 294, in app
    raw_response = await run_endpoint_function(
                         └ <function run_endpoint_function at 0x0000024D80DE0360>
  File "C:\Users\info\desktop\pfa\recsys-engine\.venv\Lib\site-packages\fastapi\routing.py", line 191, in run_endpoint_function
    return await dependant.call(**values)
                 │         │      └ {'engine': <recommender.RecommendationEngine object at 0x0000024E04A23850>, 'settings': Settings(app_name='RecSys Inference A...
                 │         └ <function get_recommendations at 0x0000024E03978900>
                 └ <fastapi.dependencies.models.Dependant object at 0x0000024E03A85D50>

> File "C:\Users\info\desktop\pfa\recsys-engine\src\serving\routers\recommendations.py", line 94, in get_recommendations
    recommendations, timings, is_cold_start = await engine.recommend(
                                                    │      └ <function RecommendationEngine.recommend at 0x0000024E03947BA0>
                                                    └ <recommender.RecommendationEngine object at 0x0000024E04A23850>

  File "C:\Users\info\desktop\pfa\recsys-engine\src\serving\recommender.py", line 185, in recommend
    item_metadata = self._fetch_item_metadata(
                    │    └ <function RecommendationEngine._fetch_item_metadata at 0x0000024E03947D80>
                    └ <recommender.RecommendationEngine object at 0x0000024E04A23850>

  File "C:\Users\info\desktop\pfa\recsys-engine\src\serving\recommender.py", line 283, in _fetch_item_metadata
    logger.error(f"_fetch_item_metadata FAILED: {e}", exc_info=True)
    │      └ <function Logger.error at 0x0000024DFFE03740>
    └ <loguru.logger handlers=[(id=5, level=20, sink=<stdout>), (id=6, level=10, sink='logs/serving.log'), (id=7, level=20, sink=<s...

KeyError: "'item_ids'"
2026-08-23T13:13:27.814012+0100 | ERROR | middleware:64 | SLA BREACH | POST /api/v1/recommend | status=500 | latency=238.5ms | threshold=150ms
2026-08-23T13:13:27.814012+0100 | ERROR | middleware:64 | SLA BREACH | POST /api/v1/recommend | status=500 | latency=238.5ms | threshold=150ms

2026-08-23T13:14:26.604770+0100 | DEBUG | feature_fetcher:162 | Cold start user detected: user_000001
2026-08-23T13:14:26.604770+0100 | DEBUG | feature_fetcher:162 | Cold start user detected: user_000001

2026-08-23T13:14:26.604770+0100 | DEBUG | feature_fetcher:255 | User tensors built | user_id=user_000001 | user_idx=1 | cat_idx=4 | n_users=10000 | n_categories=10
2026-08-23T13:14:26.604770+0100 | DEBUG | feature_fetcher:255 | User tensors built | user_id=user_000001 | user_idx=1 | cat_idx=4 | n_users=10000 | n_categories=10

2026-08-23T13:14:26.621485+0100 | ERROR | routers.recommendations:117 | Recommendation failed | user=user_000001 | request_id=22b0afc3-9cb2-413b-977b-90f57a905f79
Traceback (most recent call last):

  File "C:\Users\info\desktop\pfa\recsys-engine\.venv\Lib\site-packages\sqlalchemy\engine\base.py", line 1969, in _exec_single_context
    self.dialect.do_execute(
    │    │       └ <function DefaultDialect.do_execute at 0x0000024E038D6020>
    │    └ <sqlalchemy.dialects.postgresql.psycopg2.PGDialect_psycopg2 object at 0x0000024E05552E50>
    └ <sqlalchemy.engine.base.Connection object at 0x0000024E05635F50>
  File "C:\Users\info\desktop\pfa\recsys-engine\.venv\Lib\site-packages\sqlalchemy\engine\default.py", line 922, in do_execute
    cursor.execute(statement, parameters)
    │      │       │          └ {'item_ids': ['item_004635', 'item_002414', 'item_004769', 'item_003593', 'item_004331', 'item_004572', 'item_001080', 'item_...
    │      │       └ '\n                        SELECT\n                            item_id,\n                            category,\n             ...
    │      └ <method 'execute' of 'psycopg2.extensions.cursor' objects>
    └ <cursor object at 0x0000024E055B4580; closed: -1>

psycopg2.errors.UndefinedTable: relation "feast.item_features_raw" does not exist
LINE 10:                         FROM feast.item_features_raw
                                      ^



The above exception was the direct cause of the following exception:


Traceback (most recent call last):

  File "C:\Users\info\desktop\pfa\recsys-engine\src\serving\recommender.py", line 255, in _fetch_item_metadata
    result = conn.execute(
             │    └ <function Connection.execute at 0x0000024E03816C00>
             └ <sqlalchemy.engine.base.Connection object at 0x0000024E05635F50>

  File "C:\Users\info\desktop\pfa\recsys-engine\.venv\Lib\site-packages\sqlalchemy\engine\base.py", line 1416, in execute
    return meth(
           └ <bound method ClauseElement._execute_on_connection of <sqlalchemy.sql.elements.TextClause object at 0x0000024E0551C3D0>>
  File "C:\Users\info\desktop\pfa\recsys-engine\.venv\Lib\site-packages\sqlalchemy\sql\elements.py", line 516, in _execute_on_connection
    return connection._execute_clauseelement(
           │          └ <function Connection._execute_clauseelement at 0x0000024E03816F20>
           └ <sqlalchemy.engine.base.Connection object at 0x0000024E05635F50>
  File "C:\Users\info\desktop\pfa\recsys-engine\.venv\Lib\site-packages\sqlalchemy\engine\base.py", line 1639, in _execute_clauseelement
    ret = self._execute_context(
          │    └ <function Connection._execute_context at 0x0000024E03817100>
          └ <sqlalchemy.engine.base.Connection object at 0x0000024E05635F50>
  File "C:\Users\info\desktop\pfa\recsys-engine\.venv\Lib\site-packages\sqlalchemy\engine\base.py", line 1848, in _execute_context
    return self._exec_single_context(
           │    └ <function Connection._exec_single_context at 0x0000024E038171A0>
           └ <sqlalchemy.engine.base.Connection object at 0x0000024E05635F50>
  File "C:\Users\info\desktop\pfa\recsys-engine\.venv\Lib\site-packages\sqlalchemy\engine\base.py", line 1988, in _exec_single_context
    self._handle_dbapi_exception(
    │    └ <function Connection._handle_dbapi_exception at 0x0000024E03817420>
    └ <sqlalchemy.engine.base.Connection object at 0x0000024E05635F50>
  File "C:\Users\info\desktop\pfa\recsys-engine\.venv\Lib\site-packages\sqlalchemy\engine\base.py", line 2343, in _handle_dbapi_exception
    raise sqlalchemy_exception.with_traceback(exc_info[2]) from e
          │                    │              │                 └ UndefinedTable('relation "feast.item_features_raw" does not exist\nLINE 10:                         FROM feast.item_features_...
          │                    │              └ (<class 'psycopg2.errors.UndefinedTable'>, UndefinedTable('relation "feast.item_features_raw" does not exist\nLINE 10:       ...
          │                    └ <method 'with_traceback' of 'BaseException' objects>
          └ ProgrammingError('(psycopg2.errors.UndefinedTable) relation "feast.item_features_raw" does not exist\nLINE 10:               ...
  File "C:\Users\info\desktop\pfa\recsys-engine\.venv\Lib\site-packages\sqlalchemy\engine\base.py", line 1969, in _exec_single_context
    self.dialect.do_execute(
    │    │       └ <function DefaultDialect.do_execute at 0x0000024E038D6020>
    │    └ <sqlalchemy.dialects.postgresql.psycopg2.PGDialect_psycopg2 object at 0x0000024E05552E50>
    └ <sqlalchemy.engine.base.Connection object at 0x0000024E05635F50>
  File "C:\Users\info\desktop\pfa\recsys-engine\.venv\Lib\site-packages\sqlalchemy\engine\default.py", line 922, in do_execute
    cursor.execute(statement, parameters)
    │      │       │          └ {'item_ids': ['item_004635', 'item_002414', 'item_004769', 'item_003593', 'item_004331', 'item_004572', 'item_001080', 'item_...
    │      │       └ '\n                        SELECT\n                            item_id,\n                            category,\n             ...
    │      └ <method 'execute' of 'psycopg2.extensions.cursor' objects>
    └ <cursor object at 0x0000024E055B4580; closed: -1>

sqlalchemy.exc.ProgrammingError: (psycopg2.errors.UndefinedTable) relation "feast.item_features_raw" does not exist
LINE 10:                         FROM feast.item_features_raw
                                      ^

[SQL: 
                        SELECT
                            item_id,
                            category,
                            price,
                            avg_rating,
                            item_name,
                            brand,
                            is_available
                        FROM feast.item_features_raw
                        WHERE item_id = ANY(%(item_ids)s)
                    ]
[parameters: {'item_ids': ['item_004635', 'item_002414', 'item_004769', 'item_003593', 'item_004331', 'item_004572', 'item_001080', 'item_000284', 'item_002393', 'item_001898', 'item_003942', 'item_001144', 'item_004935', 'item_003808', 'item_003844', 'item_002313', 'item_001635', 'item_002260', 'item_000844', 'item_000467']}]
(Background on this error at: https://sqlalche.me/e/20/f405)


During handling of the above exception, another exception occurred:


Traceback (most recent call last):

  File "C:\Users\info\desktop\pfa\recsys-engine\src\serving\main.py", line 203, in <module>
    uvicorn.run(
    │       └ <function run at 0x0000024E020AA340>
    └ <module 'uvicorn' from 'C:\\Users\\info\\desktop\\pfa\\recsys-engine\\.venv\\Lib\\site-packages\\uvicorn\\__init__.py'>

  File "C:\Users\info\desktop\pfa\recsys-engine\.venv\Lib\site-packages\uvicorn\main.py", line 579, in run
    server.run()
    │      └ <function Server.run at 0x0000024E020ABC40>
    └ <uvicorn.server.Server object at 0x0000024E039D8190>
  File "C:\Users\info\desktop\pfa\recsys-engine\.venv\Lib\site-packages\uvicorn\server.py", line 66, in run
    return asyncio.run(self.serve(sockets=sockets))
           │       │   │    │             └ None
           │       │   │    └ <function Server.serve at 0x0000024E020ABCE0>
           │       │   └ <uvicorn.server.Server object at 0x0000024E039D8190>
           │       └ <function run at 0x0000024DFE60D940>
           └ <module 'asyncio' from 'C:\\Users\\info\\AppData\\Local\\Programs\\Python\\Python311\\Lib\\asyncio\\__init__.py'>
  File "C:\Users\info\AppData\Local\Programs\Python\Python311\Lib\asyncio\runners.py", line 190, in run
    return runner.run(main)
           │      │   └ <coroutine object Server.serve at 0x0000024E03906A70>
           │      └ <function Runner.run at 0x0000024DFE691940>
           └ <asyncio.runners.Runner object at 0x0000024E039B8090>
  File "C:\Users\info\AppData\Local\Programs\Python\Python311\Lib\asyncio\runners.py", line 118, in run
    return self._loop.run_until_complete(task)
           │    │     │                  └ <Task pending name='Task-1' coro=<Server.serve() running at C:\Users\info\desktop\pfa\recsys-engine\.venv\Lib\site-packages\u...
           │    │     └ <function BaseEventLoop.run_until_complete at 0x0000024DFE68B420>
           │    └ <ProactorEventLoop running=True closed=False debug=False>
           └ <asyncio.runners.Runner object at 0x0000024E039B8090>
  File "C:\Users\info\AppData\Local\Programs\Python\Python311\Lib\asyncio\base_events.py", line 640, in run_until_complete
    self.run_forever()
    │    └ <function ProactorEventLoop.run_forever at 0x0000024DFFD4E3E0>
    └ <ProactorEventLoop running=True closed=False debug=False>
  File "C:\Users\info\AppData\Local\Programs\Python\Python311\Lib\asyncio\windows_events.py", line 321, in run_forever
    super().run_forever()
  File "C:\Users\info\AppData\Local\Programs\Python\Python311\Lib\asyncio\base_events.py", line 607, in run_forever
    self._run_once()
    │    └ <function BaseEventLoop._run_once at 0x0000024DFE6911C0>
    └ <ProactorEventLoop running=True closed=False debug=False>
  File "C:\Users\info\AppData\Local\Programs\Python\Python311\Lib\asyncio\base_events.py", line 1922, in _run_once
    handle._run()
    │      └ <function Handle._run at 0x0000024DFE5BA7A0>
    └ <Handle Task.task_wakeup(<Future finis...024E04A23850>>)>
  File "C:\Users\info\AppData\Local\Programs\Python\Python311\Lib\asyncio\events.py", line 80, in _run
    self._context.run(self._callback, *self._args)
    │    │            │    │           │    └ <member '_args' of 'Handle' objects>
    │    │            │    │           └ <Handle Task.task_wakeup(<Future finis...024E04A23850>>)>
    │    │            │    └ <member '_callback' of 'Handle' objects>
    │    │            └ <Handle Task.task_wakeup(<Future finis...024E04A23850>>)>
    │    └ <member '_context' of 'Handle' objects>
    └ <Handle Task.task_wakeup(<Future finis...024E04A23850>>)>
  File "C:\Users\info\desktop\pfa\recsys-engine\.venv\Lib\site-packages\anyio\_core\_tasks.py", line 275, in _run_coro
    retval = await self._coro
                   │    └ <member '_coro' of 'TaskHandle' objects>
                   └ <TaskHandle pending name='starlette.middleware.base.BaseHTTPMiddleware.__call__.<locals>.call_next.<locals>.coro' coro=<corou...
  File "C:\Users\info\desktop\pfa\recsys-engine\.venv\Lib\site-packages\starlette\middleware\base.py", line 151, in coro
    await self.app(scope, receive_or_disconnect, send_no_error)
          │    │   │      │                      └ <function BaseHTTPMiddleware.__call__.<locals>.call_next.<locals>.send_no_error at 0x0000024E055BA020>
          │    │   │      └ <function BaseHTTPMiddleware.__call__.<locals>.call_next.<locals>.receive_or_disconnect at 0x0000024E055B85E0>
          │    │   └ {'type': 'http', 'asgi': {'version': '3.0', 'spec_version': '2.3'}, 'http_version': '1.1', 'server': ('127.0.0.1', 8000), 'cl...
          │    └ <starlette.middleware.cors.CORSMiddleware object at 0x0000024D80E9C850>
          └ <middleware.LatencyMonitoringMiddleware object at 0x0000024E039B2F50>
  File "C:\Users\info\desktop\pfa\recsys-engine\.venv\Lib\site-packages\starlette\middleware\cors.py", line 83, in __call__
    await self.app(scope, receive, send)
          │    │   │      │        └ <function BaseHTTPMiddleware.__call__.<locals>.call_next.<locals>.send_no_error at 0x0000024E055BA020>
          │    │   │      └ <function BaseHTTPMiddleware.__call__.<locals>.call_next.<locals>.receive_or_disconnect at 0x0000024E055B85E0>
          │    │   └ {'type': 'http', 'asgi': {'version': '3.0', 'spec_version': '2.3'}, 'http_version': '1.1', 'server': ('127.0.0.1', 8000), 'cl...
          │    └ <starlette.middleware.exceptions.ExceptionMiddleware object at 0x0000024D80E9D7D0>
          └ <starlette.middleware.cors.CORSMiddleware object at 0x0000024D80E9C850>
  File "C:\Users\info\desktop\pfa\recsys-engine\.venv\Lib\site-packages\starlette\middleware\exceptions.py", line 62, in __call__
    await wrap_app_handling_exceptions(self.app, conn)(scope, receive, send)
          │                            │    │    │     │      │        └ <function BaseHTTPMiddleware.__call__.<locals>.call_next.<locals>.send_no_error at 0x0000024E055BA020>
          │                            │    │    │     │      └ <function BaseHTTPMiddleware.__call__.<locals>.call_next.<locals>.receive_or_disconnect at 0x0000024E055B85E0>
          │                            │    │    │     └ {'type': 'http', 'asgi': {'version': '3.0', 'spec_version': '2.3'}, 'http_version': '1.1', 'server': ('127.0.0.1', 8000), 'cl...
          │                            │    │    └ <starlette.requests.Request object at 0x0000024E057AF350>
          │                            │    └ <fastapi.routing.APIRouter object at 0x0000024E03A66D10>
          │                            └ <starlette.middleware.exceptions.ExceptionMiddleware object at 0x0000024D80E9D7D0>
          └ <function wrap_app_handling_exceptions at 0x0000024D80DE0AE0>
  File "C:\Users\info\desktop\pfa\recsys-engine\.venv\Lib\site-packages\starlette\_exception_handler.py", line 44, in wrapped_app
    await app(scope, receive, sender)
          │   │      │        └ <function wrap_app_handling_exceptions.<locals>.wrapped_app.<locals>.sender at 0x0000024E055B8CC0>
          │   │      └ <function BaseHTTPMiddleware.__call__.<locals>.call_next.<locals>.receive_or_disconnect at 0x0000024E055B85E0>
          │   └ {'type': 'http', 'asgi': {'version': '3.0', 'spec_version': '2.3'}, 'http_version': '1.1', 'server': ('127.0.0.1', 8000), 'cl...
          └ <fastapi.routing.APIRouter object at 0x0000024E03A66D10>
  File "C:\Users\info\desktop\pfa\recsys-engine\.venv\Lib\site-packages\starlette\routing.py", line 746, in __call__
    await route.handle(scope, receive, send)
          │     │      │      │        └ <function wrap_app_handling_exceptions.<locals>.wrapped_app.<locals>.sender at 0x0000024E055B8CC0>
          │     │      │      └ <function BaseHTTPMiddleware.__call__.<locals>.call_next.<locals>.receive_or_disconnect at 0x0000024E055B85E0>
          │     │      └ {'type': 'http', 'asgi': {'version': '3.0', 'spec_version': '2.3'}, 'http_version': '1.1', 'server': ('127.0.0.1', 8000), 'cl...
          │     └ <function Route.handle at 0x0000024D80DE2020>
          └ APIRoute(path='/api/v1/recommend/{user_id}', name='get_recommendations_simple', methods=['GET'])
  File "C:\Users\info\desktop\pfa\recsys-engine\.venv\Lib\site-packages\starlette\routing.py", line 288, in handle
    await self.app(scope, receive, send)
          │    │   │      │        └ <function wrap_app_handling_exceptions.<locals>.wrapped_app.<locals>.sender at 0x0000024E055B8CC0>
          │    │   │      └ <function BaseHTTPMiddleware.__call__.<locals>.call_next.<locals>.receive_or_disconnect at 0x0000024E055B85E0>
          │    │   └ {'type': 'http', 'asgi': {'version': '3.0', 'spec_version': '2.3'}, 'http_version': '1.1', 'server': ('127.0.0.1', 8000), 'cl...
          │    └ <function request_response.<locals>.app at 0x0000024E03A75EE0>
          └ APIRoute(path='/api/v1/recommend/{user_id}', name='get_recommendations_simple', methods=['GET'])
  File "C:\Users\info\desktop\pfa\recsys-engine\.venv\Lib\site-packages\starlette\routing.py", line 75, in app
    await wrap_app_handling_exceptions(app, request)(scope, receive, send)
          │                            │    │        │      │        └ <function wrap_app_handling_exceptions.<locals>.wrapped_app.<locals>.sender at 0x0000024E055B8CC0>
          │                            │    │        │      └ <function BaseHTTPMiddleware.__call__.<locals>.call_next.<locals>.receive_or_disconnect at 0x0000024E055B85E0>
          │                            │    │        └ {'type': 'http', 'asgi': {'version': '3.0', 'spec_version': '2.3'}, 'http_version': '1.1', 'server': ('127.0.0.1', 8000), 'cl...
          │                            │    └ <starlette.requests.Request object at 0x0000024E057AF3D0>
          │                            └ <function request_response.<locals>.app.<locals>.app at 0x0000024E055BBC40>
          └ <function wrap_app_handling_exceptions at 0x0000024D80DE0AE0>
  File "C:\Users\info\desktop\pfa\recsys-engine\.venv\Lib\site-packages\starlette\_exception_handler.py", line 44, in wrapped_app
    await app(scope, receive, sender)
          │   │      │        └ <function wrap_app_handling_exceptions.<locals>.wrapped_app.<locals>.sender at 0x0000024E055B8A40>
          │   │      └ <function BaseHTTPMiddleware.__call__.<locals>.call_next.<locals>.receive_or_disconnect at 0x0000024E055B85E0>
          │   └ {'type': 'http', 'asgi': {'version': '3.0', 'spec_version': '2.3'}, 'http_version': '1.1', 'server': ('127.0.0.1', 8000), 'cl...
          └ <function request_response.<locals>.app.<locals>.app at 0x0000024E055BBC40>
  File "C:\Users\info\desktop\pfa\recsys-engine\.venv\Lib\site-packages\starlette\routing.py", line 70, in app
    response = await func(request)
                     │    └ <starlette.requests.Request object at 0x0000024E057AF3D0>
                     └ <function get_request_handler.<locals>.app at 0x0000024E03A75A80>
  File "C:\Users\info\desktop\pfa\recsys-engine\.venv\Lib\site-packages\fastapi\routing.py", line 294, in app
    raw_response = await run_endpoint_function(
                         └ <function run_endpoint_function at 0x0000024D80DE0360>
  File "C:\Users\info\desktop\pfa\recsys-engine\.venv\Lib\site-packages\fastapi\routing.py", line 191, in run_endpoint_function
    return await dependant.call(**values)
                 │         │      └ {'engine': <recommender.RecommendationEngine object at 0x0000024E04A23850>, 'settings': Settings(app_name='RecSys Inference A...
                 │         └ <function get_recommendations_simple at 0x0000024E039787C0>
                 └ <fastapi.dependencies.models.Dependant object at 0x0000024E03A87650>

  File "C:\Users\info\desktop\pfa\recsys-engine\src\serving\routers\recommendations.py", line 148, in get_recommendations_simple
    return await get_recommendations(body, request, engine, settings)
                 │                   │     │        │       └ Settings(app_name='RecSys Inference API', app_version='0.1.0', app_env='development', log_level='INFO', debug=False, host='0....
                 │                   │     │        └ <recommender.RecommendationEngine object at 0x0000024E04A23850>
                 │                   │     └ <starlette.requests.Request object at 0x0000024E057AF3D0>
                 │                   └ RecommendationRequest(user_id='user_000001', top_k=10, exclude_item_ids=[], category_filter=None)
                 └ <function get_recommendations at 0x0000024E03978900>

> File "C:\Users\info\desktop\pfa\recsys-engine\src\serving\routers\recommendations.py", line 94, in get_recommendations
    recommendations, timings, is_cold_start = await engine.recommend(
                                                    │      └ <function RecommendationEngine.recommend at 0x0000024E03947BA0>
                                                    └ <recommender.RecommendationEngine object at 0x0000024E04A23850>

  File "C:\Users\info\desktop\pfa\recsys-engine\src\serving\recommender.py", line 185, in recommend
    item_metadata = self._fetch_item_metadata(
                    │    └ <function RecommendationEngine._fetch_item_metadata at 0x0000024E03947D80>
                    └ <recommender.RecommendationEngine object at 0x0000024E04A23850>

  File "C:\Users\info\desktop\pfa\recsys-engine\src\serving\recommender.py", line 283, in _fetch_item_metadata
    logger.error(f"_fetch_item_metadata FAILED: {e}", exc_info=True)
    │      └ <function Logger.error at 0x0000024DFFE03740>
    └ <loguru.logger handlers=[(id=5, level=20, sink=<stdout>), (id=6, level=10, sink='logs/serving.log'), (id=7, level=20, sink=<s...

KeyError: "'item_ids'"
2026-08-23T13:14:26.621485+0100 | ERROR | routers.recommendations:117 | Recommendation failed | user=user_000001 | request_id=22b0afc3-9cb2-413b-977b-90f57a905f79
Traceback (most recent call last):

  File "C:\Users\info\desktop\pfa\recsys-engine\.venv\Lib\site-packages\sqlalchemy\engine\base.py", line 1969, in _exec_single_context
    self.dialect.do_execute(
    │    │       └ <function DefaultDialect.do_execute at 0x0000024E038D6020>
    │    └ <sqlalchemy.dialects.postgresql.psycopg2.PGDialect_psycopg2 object at 0x0000024E05552E50>
    └ <sqlalchemy.engine.base.Connection object at 0x0000024E05635F50>
  File "C:\Users\info\desktop\pfa\recsys-engine\.venv\Lib\site-packages\sqlalchemy\engine\default.py", line 922, in do_execute
    cursor.execute(statement, parameters)
    │      │       │          └ {'item_ids': ['item_004635', 'item_002414', 'item_004769', 'item_003593', 'item_004331', 'item_004572', 'item_001080', 'item_...
    │      │       └ '\n                        SELECT\n                            item_id,\n                            category,\n             ...
    │      └ <method 'execute' of 'psycopg2.extensions.cursor' objects>
    └ <cursor object at 0x0000024E055B4580; closed: -1>

psycopg2.errors.UndefinedTable: relation "feast.item_features_raw" does not exist
LINE 10:                         FROM feast.item_features_raw
                                      ^



The above exception was the direct cause of the following exception:


Traceback (most recent call last):

  File "C:\Users\info\desktop\pfa\recsys-engine\src\serving\recommender.py", line 255, in _fetch_item_metadata
    result = conn.execute(
             │    └ <function Connection.execute at 0x0000024E03816C00>
             └ <sqlalchemy.engine.base.Connection object at 0x0000024E05635F50>

  File "C:\Users\info\desktop\pfa\recsys-engine\.venv\Lib\site-packages\sqlalchemy\engine\base.py", line 1416, in execute
    return meth(
           └ <bound method ClauseElement._execute_on_connection of <sqlalchemy.sql.elements.TextClause object at 0x0000024E0551C3D0>>
  File "C:\Users\info\desktop\pfa\recsys-engine\.venv\Lib\site-packages\sqlalchemy\sql\elements.py", line 516, in _execute_on_connection
    return connection._execute_clauseelement(
           │          └ <function Connection._execute_clauseelement at 0x0000024E03816F20>
           └ <sqlalchemy.engine.base.Connection object at 0x0000024E05635F50>
  File "C:\Users\info\desktop\pfa\recsys-engine\.venv\Lib\site-packages\sqlalchemy\engine\base.py", line 1639, in _execute_clauseelement
    ret = self._execute_context(
          │    └ <function Connection._execute_context at 0x0000024E03817100>
          └ <sqlalchemy.engine.base.Connection object at 0x0000024E05635F50>
  File "C:\Users\info\desktop\pfa\recsys-engine\.venv\Lib\site-packages\sqlalchemy\engine\base.py", line 1848, in _execute_context
    return self._exec_single_context(
           │    └ <function Connection._exec_single_context at 0x0000024E038171A0>
           └ <sqlalchemy.engine.base.Connection object at 0x0000024E05635F50>
  File "C:\Users\info\desktop\pfa\recsys-engine\.venv\Lib\site-packages\sqlalchemy\engine\base.py", line 1988, in _exec_single_context
    self._handle_dbapi_exception(
    │    └ <function Connection._handle_dbapi_exception at 0x0000024E03817420>
    └ <sqlalchemy.engine.base.Connection object at 0x0000024E05635F50>
  File "C:\Users\info\desktop\pfa\recsys-engine\.venv\Lib\site-packages\sqlalchemy\engine\base.py", line 2343, in _handle_dbapi_exception
    raise sqlalchemy_exception.with_traceback(exc_info[2]) from e
          │                    │              │                 └ UndefinedTable('relation "feast.item_features_raw" does not exist\nLINE 10:                         FROM feast.item_features_...
          │                    │              └ (<class 'psycopg2.errors.UndefinedTable'>, UndefinedTable('relation "feast.item_features_raw" does not exist\nLINE 10:       ...
          │                    └ <method 'with_traceback' of 'BaseException' objects>
          └ ProgrammingError('(psycopg2.errors.UndefinedTable) relation "feast.item_features_raw" does not exist\nLINE 10:               ...
  File "C:\Users\info\desktop\pfa\recsys-engine\.venv\Lib\site-packages\sqlalchemy\engine\base.py", line 1969, in _exec_single_context
    self.dialect.do_execute(
    │    │       └ <function DefaultDialect.do_execute at 0x0000024E038D6020>
    │    └ <sqlalchemy.dialects.postgresql.psycopg2.PGDialect_psycopg2 object at 0x0000024E05552E50>
    └ <sqlalchemy.engine.base.Connection object at 0x0000024E05635F50>
  File "C:\Users\info\desktop\pfa\recsys-engine\.venv\Lib\site-packages\sqlalchemy\engine\default.py", line 922, in do_execute
    cursor.execute(statement, parameters)
    │      │       │          └ {'item_ids': ['item_004635', 'item_002414', 'item_004769', 'item_003593', 'item_004331', 'item_004572', 'item_001080', 'item_...
    │      │       └ '\n                        SELECT\n                            item_id,\n                            category,\n             ...
    │      └ <method 'execute' of 'psycopg2.extensions.cursor' objects>
    └ <cursor object at 0x0000024E055B4580; closed: -1>

sqlalchemy.exc.ProgrammingError: (psycopg2.errors.UndefinedTable) relation "feast.item_features_raw" does not exist
LINE 10:                         FROM feast.item_features_raw
                                      ^

[SQL: 
                        SELECT
                            item_id,
                            category,
                            price,
                            avg_rating,
                            item_name,
                            brand,
                            is_available
                        FROM feast.item_features_raw
                        WHERE item_id = ANY(%(item_ids)s)
                    ]
[parameters: {'item_ids': ['item_004635', 'item_002414', 'item_004769', 'item_003593', 'item_004331', 'item_004572', 'item_001080', 'item_000284', 'item_002393', 'item_001898', 'item_003942', 'item_001144', 'item_004935', 'item_003808', 'item_003844', 'item_002313', 'item_001635', 'item_002260', 'item_000844', 'item_000467']}]
(Background on this error at: https://sqlalche.me/e/20/f405)


During handling of the above exception, another exception occurred:


Traceback (most recent call last):

  File "C:\Users\info\desktop\pfa\recsys-engine\src\serving\main.py", line 203, in <module>
    uvicorn.run(
    │       └ <function run at 0x0000024E020AA340>
    └ <module 'uvicorn' from 'C:\\Users\\info\\desktop\\pfa\\recsys-engine\\.venv\\Lib\\site-packages\\uvicorn\\__init__.py'>

  File "C:\Users\info\desktop\pfa\recsys-engine\.venv\Lib\site-packages\uvicorn\main.py", line 579, in run
    server.run()
    │      └ <function Server.run at 0x0000024E020ABC40>
    └ <uvicorn.server.Server object at 0x0000024E039D8190>
  File "C:\Users\info\desktop\pfa\recsys-engine\.venv\Lib\site-packages\uvicorn\server.py", line 66, in run
    return asyncio.run(self.serve(sockets=sockets))
           │       │   │    │             └ None
           │       │   │    └ <function Server.serve at 0x0000024E020ABCE0>
           │       │   └ <uvicorn.server.Server object at 0x0000024E039D8190>
           │       └ <function run at 0x0000024DFE60D940>
           └ <module 'asyncio' from 'C:\\Users\\info\\AppData\\Local\\Programs\\Python\\Python311\\Lib\\asyncio\\__init__.py'>
  File "C:\Users\info\AppData\Local\Programs\Python\Python311\Lib\asyncio\runners.py", line 190, in run
    return runner.run(main)
           │      │   └ <coroutine object Server.serve at 0x0000024E03906A70>
           │      └ <function Runner.run at 0x0000024DFE691940>
           └ <asyncio.runners.Runner object at 0x0000024E039B8090>
  File "C:\Users\info\AppData\Local\Programs\Python\Python311\Lib\asyncio\runners.py", line 118, in run
    return self._loop.run_until_complete(task)
           │    │     │                  └ <Task pending name='Task-1' coro=<Server.serve() running at C:\Users\info\desktop\pfa\recsys-engine\.venv\Lib\site-packages\u...
           │    │     └ <function BaseEventLoop.run_until_complete at 0x0000024DFE68B420>
           │    └ <ProactorEventLoop running=True closed=False debug=False>
           └ <asyncio.runners.Runner object at 0x0000024E039B8090>
  File "C:\Users\info\AppData\Local\Programs\Python\Python311\Lib\asyncio\base_events.py", line 640, in run_until_complete
    self.run_forever()
    │    └ <function ProactorEventLoop.run_forever at 0x0000024DFFD4E3E0>
    └ <ProactorEventLoop running=True closed=False debug=False>
  File "C:\Users\info\AppData\Local\Programs\Python\Python311\Lib\asyncio\windows_events.py", line 321, in run_forever
    super().run_forever()
  File "C:\Users\info\AppData\Local\Programs\Python\Python311\Lib\asyncio\base_events.py", line 607, in run_forever
    self._run_once()
    │    └ <function BaseEventLoop._run_once at 0x0000024DFE6911C0>
    └ <ProactorEventLoop running=True closed=False debug=False>
  File "C:\Users\info\AppData\Local\Programs\Python\Python311\Lib\asyncio\base_events.py", line 1922, in _run_once
    handle._run()
    │      └ <function Handle._run at 0x0000024DFE5BA7A0>
    └ <Handle Task.task_wakeup(<Future finis...024E04A23850>>)>
  File "C:\Users\info\AppData\Local\Programs\Python\Python311\Lib\asyncio\events.py", line 80, in _run
    self._context.run(self._callback, *self._args)
    │    │            │    │           │    └ <member '_args' of 'Handle' objects>
    │    │            │    │           └ <Handle Task.task_wakeup(<Future finis...024E04A23850>>)>
    │    │            │    └ <member '_callback' of 'Handle' objects>
    │    │            └ <Handle Task.task_wakeup(<Future finis...024E04A23850>>)>
    │    └ <member '_context' of 'Handle' objects>
    └ <Handle Task.task_wakeup(<Future finis...024E04A23850>>)>
  File "C:\Users\info\desktop\pfa\recsys-engine\.venv\Lib\site-packages\anyio\_core\_tasks.py", line 275, in _run_coro
    retval = await self._coro
                   │    └ <member '_coro' of 'TaskHandle' objects>
                   └ <TaskHandle pending name='starlette.middleware.base.BaseHTTPMiddleware.__call__.<locals>.call_next.<locals>.coro' coro=<corou...
  File "C:\Users\info\desktop\pfa\recsys-engine\.venv\Lib\site-packages\starlette\middleware\base.py", line 151, in coro
    await self.app(scope, receive_or_disconnect, send_no_error)
          │    │   │      │                      └ <function BaseHTTPMiddleware.__call__.<locals>.call_next.<locals>.send_no_error at 0x0000024E055BA020>
          │    │   │      └ <function BaseHTTPMiddleware.__call__.<locals>.call_next.<locals>.receive_or_disconnect at 0x0000024E055B85E0>
          │    │   └ {'type': 'http', 'asgi': {'version': '3.0', 'spec_version': '2.3'}, 'http_version': '1.1', 'server': ('127.0.0.1', 8000), 'cl...
          │    └ <starlette.middleware.cors.CORSMiddleware object at 0x0000024D80E9C850>
          └ <middleware.LatencyMonitoringMiddleware object at 0x0000024E039B2F50>
  File "C:\Users\info\desktop\pfa\recsys-engine\.venv\Lib\site-packages\starlette\middleware\cors.py", line 83, in __call__
    await self.app(scope, receive, send)
          │    │   │      │        └ <function BaseHTTPMiddleware.__call__.<locals>.call_next.<locals>.send_no_error at 0x0000024E055BA020>
          │    │   │      └ <function BaseHTTPMiddleware.__call__.<locals>.call_next.<locals>.receive_or_disconnect at 0x0000024E055B85E0>
          │    │   └ {'type': 'http', 'asgi': {'version': '3.0', 'spec_version': '2.3'}, 'http_version': '1.1', 'server': ('127.0.0.1', 8000), 'cl...
          │    └ <starlette.middleware.exceptions.ExceptionMiddleware object at 0x0000024D80E9D7D0>
          └ <starlette.middleware.cors.CORSMiddleware object at 0x0000024D80E9C850>
  File "C:\Users\info\desktop\pfa\recsys-engine\.venv\Lib\site-packages\starlette\middleware\exceptions.py", line 62, in __call__
    await wrap_app_handling_exceptions(self.app, conn)(scope, receive, send)
          │                            │    │    │     │      │        └ <function BaseHTTPMiddleware.__call__.<locals>.call_next.<locals>.send_no_error at 0x0000024E055BA020>
          │                            │    │    │     │      └ <function BaseHTTPMiddleware.__call__.<locals>.call_next.<locals>.receive_or_disconnect at 0x0000024E055B85E0>
          │                            │    │    │     └ {'type': 'http', 'asgi': {'version': '3.0', 'spec_version': '2.3'}, 'http_version': '1.1', 'server': ('127.0.0.1', 8000), 'cl...
          │                            │    │    └ <starlette.requests.Request object at 0x0000024E057AF350>
          │                            │    └ <fastapi.routing.APIRouter object at 0x0000024E03A66D10>
          │                            └ <starlette.middleware.exceptions.ExceptionMiddleware object at 0x0000024D80E9D7D0>
          └ <function wrap_app_handling_exceptions at 0x0000024D80DE0AE0>
  File "C:\Users\info\desktop\pfa\recsys-engine\.venv\Lib\site-packages\starlette\_exception_handler.py", line 44, in wrapped_app
    await app(scope, receive, sender)
          │   │      │        └ <function wrap_app_handling_exceptions.<locals>.wrapped_app.<locals>.sender at 0x0000024E055B8CC0>
          │   │      └ <function BaseHTTPMiddleware.__call__.<locals>.call_next.<locals>.receive_or_disconnect at 0x0000024E055B85E0>
          │   └ {'type': 'http', 'asgi': {'version': '3.0', 'spec_version': '2.3'}, 'http_version': '1.1', 'server': ('127.0.0.1', 8000), 'cl...
          └ <fastapi.routing.APIRouter object at 0x0000024E03A66D10>
  File "C:\Users\info\desktop\pfa\recsys-engine\.venv\Lib\site-packages\starlette\routing.py", line 746, in __call__
    await route.handle(scope, receive, send)
          │     │      │      │        └ <function wrap_app_handling_exceptions.<locals>.wrapped_app.<locals>.sender at 0x0000024E055B8CC0>
          │     │      │      └ <function BaseHTTPMiddleware.__call__.<locals>.call_next.<locals>.receive_or_disconnect at 0x0000024E055B85E0>
          │     │      └ {'type': 'http', 'asgi': {'version': '3.0', 'spec_version': '2.3'}, 'http_version': '1.1', 'server': ('127.0.0.1', 8000), 'cl...
          │     └ <function Route.handle at 0x0000024D80DE2020>
          └ APIRoute(path='/api/v1/recommend/{user_id}', name='get_recommendations_simple', methods=['GET'])
  File "C:\Users\info\desktop\pfa\recsys-engine\.venv\Lib\site-packages\starlette\routing.py", line 288, in handle
    await self.app(scope, receive, send)
          │    │   │      │        └ <function wrap_app_handling_exceptions.<locals>.wrapped_app.<locals>.sender at 0x0000024E055B8CC0>
          │    │   │      └ <function BaseHTTPMiddleware.__call__.<locals>.call_next.<locals>.receive_or_disconnect at 0x0000024E055B85E0>
          │    │   └ {'type': 'http', 'asgi': {'version': '3.0', 'spec_version': '2.3'}, 'http_version': '1.1', 'server': ('127.0.0.1', 8000), 'cl...
          │    └ <function request_response.<locals>.app at 0x0000024E03A75EE0>
          └ APIRoute(path='/api/v1/recommend/{user_id}', name='get_recommendations_simple', methods=['GET'])
  File "C:\Users\info\desktop\pfa\recsys-engine\.venv\Lib\site-packages\starlette\routing.py", line 75, in app
    await wrap_app_handling_exceptions(app, request)(scope, receive, send)
          │                            │    │        │      │        └ <function wrap_app_handling_exceptions.<locals>.wrapped_app.<locals>.sender at 0x0000024E055B8CC0>
          │                            │    │        │      └ <function BaseHTTPMiddleware.__call__.<locals>.call_next.<locals>.receive_or_disconnect at 0x0000024E055B85E0>
          │                            │    │        └ {'type': 'http', 'asgi': {'version': '3.0', 'spec_version': '2.3'}, 'http_version': '1.1', 'server': ('127.0.0.1', 8000), 'cl...
          │                            │    └ <starlette.requests.Request object at 0x0000024E057AF3D0>
          │                            └ <function request_response.<locals>.app.<locals>.app at 0x0000024E055BBC40>
          └ <function wrap_app_handling_exceptions at 0x0000024D80DE0AE0>
  File "C:\Users\info\desktop\pfa\recsys-engine\.venv\Lib\site-packages\starlette\_exception_handler.py", line 44, in wrapped_app
    await app(scope, receive, sender)
          │   │      │        └ <function wrap_app_handling_exceptions.<locals>.wrapped_app.<locals>.sender at 0x0000024E055B8A40>
          │   │      └ <function BaseHTTPMiddleware.__call__.<locals>.call_next.<locals>.receive_or_disconnect at 0x0000024E055B85E0>
          │   └ {'type': 'http', 'asgi': {'version': '3.0', 'spec_version': '2.3'}, 'http_version': '1.1', 'server': ('127.0.0.1', 8000), 'cl...
          └ <function request_response.<locals>.app.<locals>.app at 0x0000024E055BBC40>
  File "C:\Users\info\desktop\pfa\recsys-engine\.venv\Lib\site-packages\starlette\routing.py", line 70, in app
    response = await func(request)
                     │    └ <starlette.requests.Request object at 0x0000024E057AF3D0>
                     └ <function get_request_handler.<locals>.app at 0x0000024E03A75A80>
  File "C:\Users\info\desktop\pfa\recsys-engine\.venv\Lib\site-packages\fastapi\routing.py", line 294, in app
    raw_response = await run_endpoint_function(
                         └ <function run_endpoint_function at 0x0000024D80DE0360>
  File "C:\Users\info\desktop\pfa\recsys-engine\.venv\Lib\site-packages\fastapi\routing.py", line 191, in run_endpoint_function
    return await dependant.call(**values)
                 │         │      └ {'engine': <recommender.RecommendationEngine object at 0x0000024E04A23850>, 'settings': Settings(app_name='RecSys Inference A...
                 │         └ <function get_recommendations_simple at 0x0000024E039787C0>
                 └ <fastapi.dependencies.models.Dependant object at 0x0000024E03A87650>

  File "C:\Users\info\desktop\pfa\recsys-engine\src\serving\routers\recommendations.py", line 148, in get_recommendations_simple
    return await get_recommendations(body, request, engine, settings)
                 │                   │     │        │       └ Settings(app_name='RecSys Inference API', app_version='0.1.0', app_env='development', log_level='INFO', debug=False, host='0....
                 │                   │     │        └ <recommender.RecommendationEngine object at 0x0000024E04A23850>
                 │                   │     └ <starlette.requests.Request object at 0x0000024E057AF3D0>
                 │                   └ RecommendationRequest(user_id='user_000001', top_k=10, exclude_item_ids=[], category_filter=None)
                 └ <function get_recommendations at 0x0000024E03978900>

> File "C:\Users\info\desktop\pfa\recsys-engine\src\serving\routers\recommendations.py", line 94, in get_recommendations
    recommendations, timings, is_cold_start = await engine.recommend(
                                                    │      └ <function RecommendationEngine.recommend at 0x0000024E03947BA0>
                                                    └ <recommender.RecommendationEngine object at 0x0000024E04A23850>

  File "C:\Users\info\desktop\pfa\recsys-engine\src\serving\recommender.py", line 185, in recommend
    item_metadata = self._fetch_item_metadata(
                    │    └ <function RecommendationEngine._fetch_item_metadata at 0x0000024E03947D80>
                    └ <recommender.RecommendationEngine object at 0x0000024E04A23850>

  File "C:\Users\info\desktop\pfa\recsys-engine\src\serving\recommender.py", line 283, in _fetch_item_metadata
    logger.error(f"_fetch_item_metadata FAILED: {e}", exc_info=True)
    │      └ <function Logger.error at 0x0000024DFFE03740>
    └ <loguru.logger handlers=[(id=5, level=20, sink=<stdout>), (id=6, level=10, sink='logs/serving.log'), (id=7, level=20, sink=<s...

KeyError: "'item_ids'"

Traceback (most recent call last):

  File "C:\Users\info\desktop\pfa\recsys-engine\.venv\Lib\site-packages\sqlalchemy\engine\base.py", line 1969, in _exec_single_context
    self.dialect.do_execute(
    │    │       └ <function DefaultDialect.do_execute at 0x0000024E038D6020>
    │    └ <sqlalchemy.dialects.postgresql.psycopg2.PGDialect_psycopg2 object at 0x0000024E05552E50>
    └ <sqlalchemy.engine.base.Connection object at 0x0000024E05635F50>
  File "C:\Users\info\desktop\pfa\recsys-engine\.venv\Lib\site-packages\sqlalchemy\engine\default.py", line 922, in do_execute
    cursor.execute(statement, parameters)
    │      │       │          └ {'item_ids': ['item_004635', 'item_002414', 'item_004769', 'item_003593', 'item_004331', 'item_004572', 'item_001080', 'item_...
    │      │       └ '\n                        SELECT\n                            item_id,\n                            category,\n             ...
    │      └ <method 'execute' of 'psycopg2.extensions.cursor' objects>
    └ <cursor object at 0x0000024E055B4580; closed: -1>

psycopg2.errors.UndefinedTable: relation "feast.item_features_raw" does not exist
LINE 10:                         FROM feast.item_features_raw
                                      ^



The above exception was the direct cause of the following exception:


Traceback (most recent call last):

  File "C:\Users\info\desktop\pfa\recsys-engine\src\serving\recommender.py", line 255, in _fetch_item_metadata
    result = conn.execute(
             │    └ <function Connection.execute at 0x0000024E03816C00>
             └ <sqlalchemy.engine.base.Connection object at 0x0000024E05635F50>

  File "C:\Users\info\desktop\pfa\recsys-engine\.venv\Lib\site-packages\sqlalchemy\engine\base.py", line 1416, in execute
    return meth(
           └ <bound method ClauseElement._execute_on_connection of <sqlalchemy.sql.elements.TextClause object at 0x0000024E0551C3D0>>
  File "C:\Users\info\desktop\pfa\recsys-engine\.venv\Lib\site-packages\sqlalchemy\sql\elements.py", line 516, in _execute_on_connection
    return connection._execute_clauseelement(
           │          └ <function Connection._execute_clauseelement at 0x0000024E03816F20>
           └ <sqlalchemy.engine.base.Connection object at 0x0000024E05635F50>
  File "C:\Users\info\desktop\pfa\recsys-engine\.venv\Lib\site-packages\sqlalchemy\engine\base.py", line 1639, in _execute_clauseelement
    ret = self._execute_context(
          │    └ <function Connection._execute_context at 0x0000024E03817100>
          └ <sqlalchemy.engine.base.Connection object at 0x0000024E05635F50>
  File "C:\Users\info\desktop\pfa\recsys-engine\.venv\Lib\site-packages\sqlalchemy\engine\base.py", line 1848, in _execute_context
    return self._exec_single_context(
           │    └ <function Connection._exec_single_context at 0x0000024E038171A0>
           └ <sqlalchemy.engine.base.Connection object at 0x0000024E05635F50>
  File "C:\Users\info\desktop\pfa\recsys-engine\.venv\Lib\site-packages\sqlalchemy\engine\base.py", line 1988, in _exec_single_context
    self._handle_dbapi_exception(
    │    └ <function Connection._handle_dbapi_exception at 0x0000024E03817420>
    └ <sqlalchemy.engine.base.Connection object at 0x0000024E05635F50>
  File "C:\Users\info\desktop\pfa\recsys-engine\.venv\Lib\site-packages\sqlalchemy\engine\base.py", line 2343, in _handle_dbapi_exception
    raise sqlalchemy_exception.with_traceback(exc_info[2]) from e
          │                    │              │                 └ UndefinedTable('relation "feast.item_features_raw" does not exist\nLINE 10:                         FROM feast.item_features_...
          │                    │              └ (<class 'psycopg2.errors.UndefinedTable'>, UndefinedTable('relation "feast.item_features_raw" does not exist\nLINE 10:       ...
          │                    └ <method 'with_traceback' of 'BaseException' objects>
          └ ProgrammingError('(psycopg2.errors.UndefinedTable) relation "feast.item_features_raw" does not exist\nLINE 10:               ...
  File "C:\Users\info\desktop\pfa\recsys-engine\.venv\Lib\site-packages\sqlalchemy\engine\base.py", line 1969, in _exec_single_context
    self.dialect.do_execute(
    │    │       └ <function DefaultDialect.do_execute at 0x0000024E038D6020>
    │    └ <sqlalchemy.dialects.postgresql.psycopg2.PGDialect_psycopg2 object at 0x0000024E05552E50>
    └ <sqlalchemy.engine.base.Connection object at 0x0000024E05635F50>
  File "C:\Users\info\desktop\pfa\recsys-engine\.venv\Lib\site-packages\sqlalchemy\engine\default.py", line 922, in do_execute
    cursor.execute(statement, parameters)
    │      │       │          └ {'item_ids': ['item_004635', 'item_002414', 'item_004769', 'item_003593', 'item_004331', 'item_004572', 'item_001080', 'item_...
    │      │       └ '\n                        SELECT\n                            item_id,\n                            category,\n             ...
    │      └ <method 'execute' of 'psycopg2.extensions.cursor' objects>
    └ <cursor object at 0x0000024E055B4580; closed: -1>

sqlalchemy.exc.ProgrammingError: (psycopg2.errors.UndefinedTable) relation "feast.item_features_raw" does not exist
LINE 10:                         FROM feast.item_features_raw
                                      ^

[SQL: 
                        SELECT
                            item_id,
                            category,
                            price,
                            avg_rating,
                            item_name,
                            brand,
                            is_available
                        FROM feast.item_features_raw
                        WHERE item_id = ANY(%(item_ids)s)
                    ]
[parameters: {'item_ids': ['item_004635', 'item_002414', 'item_004769', 'item_003593', 'item_004331', 'item_004572', 'item_001080', 'item_000284', 'item_002393', 'item_001898', 'item_003942', 'item_001144', 'item_004935', 'item_003808', 'item_003844', 'item_002313', 'item_001635', 'item_002260', 'item_000844', 'item_000467']}]
(Background on this error at: https://sqlalche.me/e/20/f405)


During handling of the above exception, another exception occurred:


Traceback (most recent call last):

  File "C:\Users\info\desktop\pfa\recsys-engine\src\serving\main.py", line 203, in <module>
    uvicorn.run(
    │       └ <function run at 0x0000024E020AA340>
    └ <module 'uvicorn' from 'C:\\Users\\info\\desktop\\pfa\\recsys-engine\\.venv\\Lib\\site-packages\\uvicorn\\__init__.py'>

  File "C:\Users\info\desktop\pfa\recsys-engine\.venv\Lib\site-packages\uvicorn\main.py", line 579, in run
    server.run()
    │      └ <function Server.run at 0x0000024E020ABC40>
    └ <uvicorn.server.Server object at 0x0000024E039D8190>
  File "C:\Users\info\desktop\pfa\recsys-engine\.venv\Lib\site-packages\uvicorn\server.py", line 66, in run
    return asyncio.run(self.serve(sockets=sockets))
           │       │   │    │             └ None
           │       │   │    └ <function Server.serve at 0x0000024E020ABCE0>
           │       │   └ <uvicorn.server.Server object at 0x0000024E039D8190>
           │       └ <function run at 0x0000024DFE60D940>
           └ <module 'asyncio' from 'C:\\Users\\info\\AppData\\Local\\Programs\\Python\\Python311\\Lib\\asyncio\\__init__.py'>
  File "C:\Users\info\AppData\Local\Programs\Python\Python311\Lib\asyncio\runners.py", line 190, in run
    return runner.run(main)
           │      │   └ <coroutine object Server.serve at 0x0000024E03906A70>
           │      └ <function Runner.run at 0x0000024DFE691940>
           └ <asyncio.runners.Runner object at 0x0000024E039B8090>
  File "C:\Users\info\AppData\Local\Programs\Python\Python311\Lib\asyncio\runners.py", line 118, in run
    return self._loop.run_until_complete(task)
           │    │     │                  └ <Task pending name='Task-1' coro=<Server.serve() running at C:\Users\info\desktop\pfa\recsys-engine\.venv\Lib\site-packages\u...
           │    │     └ <function BaseEventLoop.run_until_complete at 0x0000024DFE68B420>
           │    └ <ProactorEventLoop running=True closed=False debug=False>
           └ <asyncio.runners.Runner object at 0x0000024E039B8090>
  File "C:\Users\info\AppData\Local\Programs\Python\Python311\Lib\asyncio\base_events.py", line 640, in run_until_complete
    self.run_forever()
    │    └ <function ProactorEventLoop.run_forever at 0x0000024DFFD4E3E0>
    └ <ProactorEventLoop running=True closed=False debug=False>
  File "C:\Users\info\AppData\Local\Programs\Python\Python311\Lib\asyncio\windows_events.py", line 321, in run_forever
    super().run_forever()
  File "C:\Users\info\AppData\Local\Programs\Python\Python311\Lib\asyncio\base_events.py", line 607, in run_forever
    self._run_once()
    │    └ <function BaseEventLoop._run_once at 0x0000024DFE6911C0>
    └ <ProactorEventLoop running=True closed=False debug=False>
  File "C:\Users\info\AppData\Local\Programs\Python\Python311\Lib\asyncio\base_events.py", line 1922, in _run_once
    handle._run()
    │      └ <function Handle._run at 0x0000024DFE5BA7A0>
    └ <Handle Task.task_wakeup(<Future finis...024E04A23850>>)>
  File "C:\Users\info\AppData\Local\Programs\Python\Python311\Lib\asyncio\events.py", line 80, in _run
    self._context.run(self._callback, *self._args)
    │    │            │    │           │    └ <member '_args' of 'Handle' objects>
    │    │            │    │           └ <Handle Task.task_wakeup(<Future finis...024E04A23850>>)>
    │    │            │    └ <member '_callback' of 'Handle' objects>
    │    │            └ <Handle Task.task_wakeup(<Future finis...024E04A23850>>)>
    │    └ <member '_context' of 'Handle' objects>
    └ <Handle Task.task_wakeup(<Future finis...024E04A23850>>)>
  File "C:\Users\info\desktop\pfa\recsys-engine\.venv\Lib\site-packages\anyio\_core\_tasks.py", line 275, in _run_coro
    retval = await self._coro
                   │    └ <member '_coro' of 'TaskHandle' objects>
                   └ <TaskHandle pending name='starlette.middleware.base.BaseHTTPMiddleware.__call__.<locals>.call_next.<locals>.coro' coro=<corou...
  File "C:\Users\info\desktop\pfa\recsys-engine\.venv\Lib\site-packages\starlette\middleware\base.py", line 151, in coro
    await self.app(scope, receive_or_disconnect, send_no_error)
          │    │   │      │                      └ <function BaseHTTPMiddleware.__call__.<locals>.call_next.<locals>.send_no_error at 0x0000024E055BA020>
          │    │   │      └ <function BaseHTTPMiddleware.__call__.<locals>.call_next.<locals>.receive_or_disconnect at 0x0000024E055B85E0>
          │    │   └ {'type': 'http', 'asgi': {'version': '3.0', 'spec_version': '2.3'}, 'http_version': '1.1', 'server': ('127.0.0.1', 8000), 'cl...
          │    └ <starlette.middleware.cors.CORSMiddleware object at 0x0000024D80E9C850>
          └ <middleware.LatencyMonitoringMiddleware object at 0x0000024E039B2F50>
  File "C:\Users\info\desktop\pfa\recsys-engine\.venv\Lib\site-packages\starlette\middleware\cors.py", line 83, in __call__
    await self.app(scope, receive, send)
          │    │   │      │        └ <function BaseHTTPMiddleware.__call__.<locals>.call_next.<locals>.send_no_error at 0x0000024E055BA020>
          │    │   │      └ <function BaseHTTPMiddleware.__call__.<locals>.call_next.<locals>.receive_or_disconnect at 0x0000024E055B85E0>
          │    │   └ {'type': 'http', 'asgi': {'version': '3.0', 'spec_version': '2.3'}, 'http_version': '1.1', 'server': ('127.0.0.1', 8000), 'cl...
          │    └ <starlette.middleware.exceptions.ExceptionMiddleware object at 0x0000024D80E9D7D0>
          └ <starlette.middleware.cors.CORSMiddleware object at 0x0000024D80E9C850>
  File "C:\Users\info\desktop\pfa\recsys-engine\.venv\Lib\site-packages\starlette\middleware\exceptions.py", line 62, in __call__
    await wrap_app_handling_exceptions(self.app, conn)(scope, receive, send)
          │                            │    │    │     │      │        └ <function BaseHTTPMiddleware.__call__.<locals>.call_next.<locals>.send_no_error at 0x0000024E055BA020>
          │                            │    │    │     │      └ <function BaseHTTPMiddleware.__call__.<locals>.call_next.<locals>.receive_or_disconnect at 0x0000024E055B85E0>
          │                            │    │    │     └ {'type': 'http', 'asgi': {'version': '3.0', 'spec_version': '2.3'}, 'http_version': '1.1', 'server': ('127.0.0.1', 8000), 'cl...
          │                            │    │    └ <starlette.requests.Request object at 0x0000024E057AF350>
          │                            │    └ <fastapi.routing.APIRouter object at 0x0000024E03A66D10>
          │                            └ <starlette.middleware.exceptions.ExceptionMiddleware object at 0x0000024D80E9D7D0>
          └ <function wrap_app_handling_exceptions at 0x0000024D80DE0AE0>
  File "C:\Users\info\desktop\pfa\recsys-engine\.venv\Lib\site-packages\starlette\_exception_handler.py", line 44, in wrapped_app
    await app(scope, receive, sender)
          │   │      │        └ <function wrap_app_handling_exceptions.<locals>.wrapped_app.<locals>.sender at 0x0000024E055B8CC0>
          │   │      └ <function BaseHTTPMiddleware.__call__.<locals>.call_next.<locals>.receive_or_disconnect at 0x0000024E055B85E0>
          │   └ {'type': 'http', 'asgi': {'version': '3.0', 'spec_version': '2.3'}, 'http_version': '1.1', 'server': ('127.0.0.1', 8000), 'cl...
          └ <fastapi.routing.APIRouter object at 0x0000024E03A66D10>
  File "C:\Users\info\desktop\pfa\recsys-engine\.venv\Lib\site-packages\starlette\routing.py", line 746, in __call__
    await route.handle(scope, receive, send)
          │     │      │      │        └ <function wrap_app_handling_exceptions.<locals>.wrapped_app.<locals>.sender at 0x0000024E055B8CC0>
          │     │      │      └ <function BaseHTTPMiddleware.__call__.<locals>.call_next.<locals>.receive_or_disconnect at 0x0000024E055B85E0>
          │     │      └ {'type': 'http', 'asgi': {'version': '3.0', 'spec_version': '2.3'}, 'http_version': '1.1', 'server': ('127.0.0.1', 8000), 'cl...
          │     └ <function Route.handle at 0x0000024D80DE2020>
          └ APIRoute(path='/api/v1/recommend/{user_id}', name='get_recommendations_simple', methods=['GET'])
  File "C:\Users\info\desktop\pfa\recsys-engine\.venv\Lib\site-packages\starlette\routing.py", line 288, in handle
    await self.app(scope, receive, send)
          │    │   │      │        └ <function wrap_app_handling_exceptions.<locals>.wrapped_app.<locals>.sender at 0x0000024E055B8CC0>
          │    │   │      └ <function BaseHTTPMiddleware.__call__.<locals>.call_next.<locals>.receive_or_disconnect at 0x0000024E055B85E0>
          │    │   └ {'type': 'http', 'asgi': {'version': '3.0', 'spec_version': '2.3'}, 'http_version': '1.1', 'server': ('127.0.0.1', 8000), 'cl...
          │    └ <function request_response.<locals>.app at 0x0000024E03A75EE0>
          └ APIRoute(path='/api/v1/recommend/{user_id}', name='get_recommendations_simple', methods=['GET'])
  File "C:\Users\info\desktop\pfa\recsys-engine\.venv\Lib\site-packages\starlette\routing.py", line 75, in app
    await wrap_app_handling_exceptions(app, request)(scope, receive, send)
          │                            │    │        │      │        └ <function wrap_app_handling_exceptions.<locals>.wrapped_app.<locals>.sender at 0x0000024E055B8CC0>
          │                            │    │        │      └ <function BaseHTTPMiddleware.__call__.<locals>.call_next.<locals>.receive_or_disconnect at 0x0000024E055B85E0>
          │                            │    │        └ {'type': 'http', 'asgi': {'version': '3.0', 'spec_version': '2.3'}, 'http_version': '1.1', 'server': ('127.0.0.1', 8000), 'cl...
          │                            │    └ <starlette.requests.Request object at 0x0000024E057AF3D0>
          │                            └ <function request_response.<locals>.app.<locals>.app at 0x0000024E055BBC40>
          └ <function wrap_app_handling_exceptions at 0x0000024D80DE0AE0>
  File "C:\Users\info\desktop\pfa\recsys-engine\.venv\Lib\site-packages\starlette\_exception_handler.py", line 44, in wrapped_app
    await app(scope, receive, sender)
          │   │      │        └ <function wrap_app_handling_exceptions.<locals>.wrapped_app.<locals>.sender at 0x0000024E055B8A40>
          │   │      └ <function BaseHTTPMiddleware.__call__.<locals>.call_next.<locals>.receive_or_disconnect at 0x0000024E055B85E0>
          │   └ {'type': 'http', 'asgi': {'version': '3.0', 'spec_version': '2.3'}, 'http_version': '1.1', 'server': ('127.0.0.1', 8000), 'cl...
          └ <function request_response.<locals>.app.<locals>.app at 0x0000024E055BBC40>
  File "C:\Users\info\desktop\pfa\recsys-engine\.venv\Lib\site-packages\starlette\routing.py", line 70, in app
    response = await func(request)
                     │    └ <starlette.requests.Request object at 0x0000024E057AF3D0>
                     └ <function get_request_handler.<locals>.app at 0x0000024E03A75A80>
  File "C:\Users\info\desktop\pfa\recsys-engine\.venv\Lib\site-packages\fastapi\routing.py", line 294, in app
    raw_response = await run_endpoint_function(
                         └ <function run_endpoint_function at 0x0000024D80DE0360>
  File "C:\Users\info\desktop\pfa\recsys-engine\.venv\Lib\site-packages\fastapi\routing.py", line 191, in run_endpoint_function
    return await dependant.call(**values)
                 │         │      └ {'engine': <recommender.RecommendationEngine object at 0x0000024E04A23850>, 'settings': Settings(app_name='RecSys Inference A...
                 │         └ <function get_recommendations_simple at 0x0000024E039787C0>
                 └ <fastapi.dependencies.models.Dependant object at 0x0000024E03A87650>

  File "C:\Users\info\desktop\pfa\recsys-engine\src\serving\routers\recommendations.py", line 148, in get_recommendations_simple
    return await get_recommendations(body, request, engine, settings)
                 │                   │     │        │       └ Settings(app_name='RecSys Inference API', app_version='0.1.0', app_env='development', log_level='INFO', debug=False, host='0....
                 │                   │     │        └ <recommender.RecommendationEngine object at 0x0000024E04A23850>
                 │                   │     └ <starlette.requests.Request object at 0x0000024E057AF3D0>
                 │                   └ RecommendationRequest(user_id='user_000001', top_k=10, exclude_item_ids=[], category_filter=None)
                 └ <function get_recommendations at 0x0000024E03978900>

> File "C:\Users\info\desktop\pfa\recsys-engine\src\serving\routers\recommendations.py", line 94, in get_recommendations
    recommendations, timings, is_cold_start = await engine.recommend(
                                                    │      └ <function RecommendationEngine.recommend at 0x0000024E03947BA0>
                                                    └ <recommender.RecommendationEngine object at 0x0000024E04A23850>

  File "C:\Users\info\desktop\pfa\recsys-engine\src\serving\recommender.py", line 185, in recommend
    item_metadata = self._fetch_item_metadata(
                    │    └ <function RecommendationEngine._fetch_item_metadata at 0x0000024E03947D80>
                    └ <recommender.RecommendationEngine object at 0x0000024E04A23850>

  File "C:\Users\info\desktop\pfa\recsys-engine\src\serving\recommender.py", line 283, in _fetch_item_metadata
    logger.error(f"_fetch_item_metadata FAILED: {e}", exc_info=True)
    │      └ <function Logger.error at 0x0000024DFFE03740>
    └ <loguru.logger handlers=[(id=5, level=20, sink=<stdout>), (id=6, level=10, sink='logs/serving.log'), (id=7, level=20, sink=<s...

KeyError: "'item_ids'"
2026-08-23T13:14:26.732672+0100 | ERROR | middleware:64 | SLA BREACH | GET /api/v1/recommend/"user_000001" | status=500 | latency=200.4ms | threshold=150ms
2026-08-23T13:14:26.732672+0100 | ERROR | middleware:64 | SLA BREACH | GET /api/v1/recommend/"user_000001" | status=500 | latency=200.4ms | threshold=150ms

2026-08-23T13:47:21.978070+0100 | INFO | main:130 | Shutting down...
2026-08-23T13:47:21.978070+0100 | INFO | main:130 | Shutting down...

2026-08-23T13:47:21.987643+0100 | INFO | model_loader:346 | ML artifacts unloaded
2026-08-23T13:47:21.987643+0100 | INFO | model_loader:346 | ML artifacts unloaded

2026-08-23T13:47:21.990145+0100 | INFO | main:132 | ✅ Shutdown complete
2026-08-23T13:47:21.990145+0100 | INFO | main:132 | ✅ Shutdown complete

2026-08-23T13:48:03.863119+0100 | INFO | main:96 | ============================================================
2026-08-23T13:48:03.863119+0100 | INFO | main:96 | ============================================================

2026-08-23T13:48:03.864173+0100 | INFO | main:97 |   RecSys Inference API v0.1.0
2026-08-23T13:48:03.864173+0100 | INFO | main:97 |   RecSys Inference API v0.1.0

2026-08-23T13:48:03.865158+0100 | INFO | main:98 |   Environment: development
2026-08-23T13:48:03.865158+0100 | INFO | main:98 |   Environment: development

2026-08-23T13:48:03.866263+0100 | INFO | main:99 | ============================================================
2026-08-23T13:48:03.866263+0100 | INFO | main:99 | ============================================================

2026-08-23T13:48:03.867939+0100 | INFO | model_loader:258 | ============================================================
2026-08-23T13:48:03.867939+0100 | INFO | model_loader:258 | ============================================================

2026-08-23T13:48:03.867939+0100 | INFO | model_loader:259 |   LOADING ML ARTIFACTS
2026-08-23T13:48:03.867939+0100 | INFO | model_loader:259 |   LOADING ML ARTIFACTS

2026-08-23T13:48:03.870031+0100 | INFO | model_loader:260 |   processed_dir = C:\Users\info\Desktop\PFA\recsys-engine\data\processed
2026-08-23T13:48:03.870031+0100 | INFO | model_loader:260 |   processed_dir = C:\Users\info\Desktop\PFA\recsys-engine\data\processed

2026-08-23T13:48:03.871030+0100 | INFO | model_loader:261 |   artifacts_dir = C:\Users\info\Desktop\PFA\recsys-engine\data\artifacts
2026-08-23T13:48:03.871030+0100 | INFO | model_loader:261 |   artifacts_dir = C:\Users\info\Desktop\PFA\recsys-engine\data\artifacts

2026-08-23T13:48:03.872030+0100 | INFO | model_loader:262 | ============================================================
2026-08-23T13:48:03.872030+0100 | INFO | model_loader:262 | ============================================================

2026-08-23T13:48:03.879015+0100 | INFO | model_loader:279 | Encoders loaded | users=10,000 | items=5,000 | categories=10
2026-08-23T13:48:03.879015+0100 | INFO | model_loader:279 | Encoders loaded | users=10,000 | items=5,000 | categories=10

2026-08-23T13:48:03.880013+0100 | INFO | dataset:111 | Normalization stats loaded ← C:\Users\info\Desktop\PFA\recsys-engine\data\processed\norm_stats.json
2026-08-23T13:48:03.880013+0100 | INFO | dataset:111 | Normalization stats loaded ← C:\Users\info\Desktop\PFA\recsys-engine\data\processed\norm_stats.json

2026-08-23T13:48:03.881050+0100 | INFO | model_loader:294 | Normalization stats loaded
2026-08-23T13:48:03.881050+0100 | INFO | model_loader:294 | Normalization stats loaded

2026-08-23T13:48:04.563066+0100 | INFO | model_loader:123 | Loading model from MLflow | name=two-tower-recommender | version=1
2026-08-23T13:48:04.563066+0100 | INFO | model_loader:123 | Loading model from MLflow | name=two-tower-recommender | version=1

2026-08-23T13:48:05.601086+0100 | SUCCESS | model_loader:135 | ✅ Model loaded from MLflow | version=1
2026-08-23T13:48:05.601086+0100 | SUCCESS | model_loader:135 | ✅ Model loaded from MLflow | version=1

2026-08-23T13:48:05.604299+0100 | INFO | model_loader:223 | Building FAISS index | n_items=5,000 | dim=64 | type=IndexFlatIP
2026-08-23T13:48:05.604299+0100 | INFO | model_loader:223 | Building FAISS index | n_items=5,000 | dim=64 | type=IndexFlatIP

2026-08-23T13:48:05.606317+0100 | SUCCESS | model_loader:239 | ✅ FAISS index built | total_vectors=5,000
2026-08-23T13:48:05.606317+0100 | SUCCESS | model_loader:239 | ✅ FAISS index built | total_vectors=5,000

2026-08-23T13:48:05.607344+0100 | INFO | model_loader:328 | ============================================================
2026-08-23T13:48:05.607344+0100 | INFO | model_loader:328 | ============================================================

2026-08-23T13:48:05.608314+0100 | INFO | model_loader:329 |   ALL ARTIFACTS LOADED
2026-08-23T13:48:05.608314+0100 | INFO | model_loader:329 |   ALL ARTIFACTS LOADED

2026-08-23T13:48:05.608314+0100 | INFO | model_loader:330 |   Model version:  mlflow-v1
2026-08-23T13:48:05.608314+0100 | INFO | model_loader:330 |   Model version:  mlflow-v1

2026-08-23T13:48:05.608314+0100 | INFO | model_loader:331 |   Device:         cpu
2026-08-23T13:48:05.608314+0100 | INFO | model_loader:331 |   Device:         cpu

2026-08-23T13:48:05.609830+0100 | INFO | model_loader:332 |   FAISS vectors:  5,000
2026-08-23T13:48:05.609830+0100 | INFO | model_loader:332 |   FAISS vectors:  5,000

2026-08-23T13:48:05.609830+0100 | INFO | model_loader:333 |   n_categories:   10
2026-08-23T13:48:05.609830+0100 | INFO | model_loader:333 |   n_categories:   10

2026-08-23T13:48:05.610876+0100 | INFO | model_loader:334 |   Load time:      1.74s
2026-08-23T13:48:05.610876+0100 | INFO | model_loader:334 |   Load time:      1.74s

2026-08-23T13:48:05.611871+0100 | INFO | model_loader:335 | ============================================================
2026-08-23T13:48:05.611871+0100 | INFO | model_loader:335 | ============================================================

2026-08-23T13:48:06.732449+0100 | SUCCESS | feature_fetcher:103 | ✅ Feast connected | project=recsys
2026-08-23T13:48:06.732449+0100 | SUCCESS | feature_fetcher:103 | ✅ Feast connected | project=recsys

2026-08-23T13:48:06.734108+0100 | INFO | feature_fetcher:93 | FeatureFetcher initialized
2026-08-23T13:48:06.734108+0100 | INFO | feature_fetcher:93 | FeatureFetcher initialized

2026-08-23T13:48:06.737702+0100 | INFO | recommender:78 | PostgreSQL connection pool created
2026-08-23T13:48:06.737702+0100 | INFO | recommender:78 | PostgreSQL connection pool created

2026-08-23T13:48:06.740809+0100 | INFO | recommender:57 | RecommendationEngine initialized
2026-08-23T13:48:06.740809+0100 | INFO | recommender:57 | RecommendationEngine initialized

2026-08-23T13:48:06.743949+0100 | SUCCESS | main:125 | ✅ Service startup complete — ready to serve requests
2026-08-23T13:48:06.743949+0100 | SUCCESS | main:125 | ✅ Service startup complete — ready to serve requests

2026-08-23T13:52:05.509920+0100 | DEBUG | middleware:81 | GET /docs | status=200 | 0.8ms
2026-08-23T13:52:05.509920+0100 | DEBUG | middleware:81 | GET /docs | status=200 | 0.8ms

2026-08-23T13:52:05.643723+0100 | DEBUG | middleware:81 | GET /openapi.json | status=200 | 9.6ms
2026-08-23T13:52:05.643723+0100 | DEBUG | middleware:81 | GET /openapi.json | status=200 | 9.6ms

2026-08-23T13:52:16.359125+0100 | DEBUG | feature_fetcher:162 | Cold start user detected: user_000001
2026-08-23T13:52:16.359125+0100 | DEBUG | feature_fetcher:162 | Cold start user detected: user_000001

2026-08-23T13:52:16.360128+0100 | DEBUG | feature_fetcher:255 | User tensors built | user_id=user_000001 | user_idx=1 | cat_idx=4 | n_users=10000 | n_categories=10
2026-08-23T13:52:16.360128+0100 | DEBUG | feature_fetcher:255 | User tensors built | user_id=user_000001 | user_idx=1 | cat_idx=4 | n_users=10000 | n_categories=10

2026-08-23T13:52:16.410076+0100 | INFO | recommender:220 | Recommendations generated | user=user_000001 | returned=10/10 | cold_start=True | feature=46.0ms | model=2.9ms | ann=1.7ms
2026-08-23T13:52:16.410076+0100 | INFO | recommender:220 | Recommendations generated | user=user_000001 | returned=10/10 | cold_start=True | feature=46.0ms | model=2.9ms | ann=1.7ms

2026-08-23T13:52:16.411084+0100 | WARNING | middleware:70 | SLA WARNING | POST /api/v1/recommend | status=200 | latency=100.0ms | threshold=80ms
2026-08-23T13:52:16.411084+0100 | WARNING | middleware:70 | SLA WARNING | POST /api/v1/recommend | status=200 | latency=100.0ms | threshold=80ms

2026-08-23T13:56:36.652656+0100 | INFO | main:130 | Shutting down...
2026-08-23T13:56:36.652656+0100 | INFO | main:130 | Shutting down...

2026-08-23T13:56:36.655672+0100 | INFO | model_loader:346 | ML artifacts unloaded
2026-08-23T13:56:36.655672+0100 | INFO | model_loader:346 | ML artifacts unloaded

2026-08-23T13:56:36.657671+0100 | INFO | main:132 | ✅ Shutdown complete
2026-08-23T13:56:36.657671+0100 | INFO | main:132 | ✅ Shutdown complete

2026-08-23T13:56:48.201904+0100 | INFO | main:96 | ============================================================
2026-08-23T13:56:48.201904+0100 | INFO | main:96 | ============================================================

2026-08-23T13:56:48.202905+0100 | INFO | main:97 |   RecSys Inference API v0.1.0
2026-08-23T13:56:48.202905+0100 | INFO | main:97 |   RecSys Inference API v0.1.0

2026-08-23T13:56:48.202905+0100 | INFO | main:98 |   Environment: development
2026-08-23T13:56:48.202905+0100 | INFO | main:98 |   Environment: development

2026-08-23T13:56:48.203906+0100 | INFO | main:99 | ============================================================
2026-08-23T13:56:48.203906+0100 | INFO | main:99 | ============================================================

2026-08-23T13:56:48.204943+0100 | INFO | model_loader:258 | ============================================================
2026-08-23T13:56:48.204943+0100 | INFO | model_loader:258 | ============================================================

2026-08-23T13:56:48.205910+0100 | INFO | model_loader:259 |   LOADING ML ARTIFACTS
2026-08-23T13:56:48.205910+0100 | INFO | model_loader:259 |   LOADING ML ARTIFACTS

2026-08-23T13:56:48.207623+0100 | INFO | model_loader:260 |   processed_dir = C:\Users\info\Desktop\PFA\recsys-engine\data\processed
2026-08-23T13:56:48.207623+0100 | INFO | model_loader:260 |   processed_dir = C:\Users\info\Desktop\PFA\recsys-engine\data\processed

2026-08-23T13:56:48.208621+0100 | INFO | model_loader:261 |   artifacts_dir = C:\Users\info\Desktop\PFA\recsys-engine\data\artifacts
2026-08-23T13:56:48.208621+0100 | INFO | model_loader:261 |   artifacts_dir = C:\Users\info\Desktop\PFA\recsys-engine\data\artifacts

2026-08-23T13:56:48.209128+0100 | INFO | model_loader:262 | ============================================================
2026-08-23T13:56:48.209128+0100 | INFO | model_loader:262 | ============================================================

2026-08-23T13:56:48.212172+0100 | INFO | model_loader:279 | Encoders loaded | users=10,000 | items=5,000 | categories=10
2026-08-23T13:56:48.212172+0100 | INFO | model_loader:279 | Encoders loaded | users=10,000 | items=5,000 | categories=10

2026-08-23T13:56:48.213174+0100 | INFO | dataset:111 | Normalization stats loaded ← C:\Users\info\Desktop\PFA\recsys-engine\data\processed\norm_stats.json
2026-08-23T13:56:48.213174+0100 | INFO | dataset:111 | Normalization stats loaded ← C:\Users\info\Desktop\PFA\recsys-engine\data\processed\norm_stats.json

2026-08-23T13:56:48.213174+0100 | INFO | model_loader:294 | Normalization stats loaded
2026-08-23T13:56:48.213174+0100 | INFO | model_loader:294 | Normalization stats loaded

2026-08-23T13:56:48.293355+0100 | INFO | model_loader:123 | Loading model from MLflow | name=two-tower-recommender | version=1
2026-08-23T13:56:48.293355+0100 | INFO | model_loader:123 | Loading model from MLflow | name=two-tower-recommender | version=1

2026-08-23T13:56:48.836527+0100 | SUCCESS | model_loader:135 | ✅ Model loaded from MLflow | version=1
2026-08-23T13:56:48.836527+0100 | SUCCESS | model_loader:135 | ✅ Model loaded from MLflow | version=1

2026-08-23T13:56:48.837549+0100 | INFO | model_loader:223 | Building FAISS index | n_items=5,000 | dim=64 | type=IndexFlatIP
2026-08-23T13:56:48.837549+0100 | INFO | model_loader:223 | Building FAISS index | n_items=5,000 | dim=64 | type=IndexFlatIP

2026-08-23T13:56:48.840147+0100 | SUCCESS | model_loader:239 | ✅ FAISS index built | total_vectors=5,000
2026-08-23T13:56:48.840147+0100 | SUCCESS | model_loader:239 | ✅ FAISS index built | total_vectors=5,000

2026-08-23T13:56:48.841146+0100 | INFO | model_loader:328 | ============================================================
2026-08-23T13:56:48.841146+0100 | INFO | model_loader:328 | ============================================================

2026-08-23T13:56:48.841146+0100 | INFO | model_loader:329 |   ALL ARTIFACTS LOADED
2026-08-23T13:56:48.841146+0100 | INFO | model_loader:329 |   ALL ARTIFACTS LOADED

2026-08-23T13:56:48.842156+0100 | INFO | model_loader:330 |   Model version:  mlflow-v1
2026-08-23T13:56:48.842156+0100 | INFO | model_loader:330 |   Model version:  mlflow-v1

2026-08-23T13:56:48.842156+0100 | INFO | model_loader:331 |   Device:         cpu
2026-08-23T13:56:48.842156+0100 | INFO | model_loader:331 |   Device:         cpu

2026-08-23T13:56:48.843144+0100 | INFO | model_loader:332 |   FAISS vectors:  5,000
2026-08-23T13:56:48.843144+0100 | INFO | model_loader:332 |   FAISS vectors:  5,000

2026-08-23T13:56:48.843144+0100 | INFO | model_loader:333 |   n_categories:   10
2026-08-23T13:56:48.843144+0100 | INFO | model_loader:333 |   n_categories:   10

2026-08-23T13:56:48.843144+0100 | INFO | model_loader:334 |   Load time:      0.64s
2026-08-23T13:56:48.843144+0100 | INFO | model_loader:334 |   Load time:      0.64s

2026-08-23T13:56:48.844146+0100 | INFO | model_loader:335 | ============================================================
2026-08-23T13:56:48.844146+0100 | INFO | model_loader:335 | ============================================================

2026-08-23T13:56:49.298109+0100 | SUCCESS | feature_fetcher:103 | ✅ Feast connected | project=recsys
2026-08-23T13:56:49.298109+0100 | SUCCESS | feature_fetcher:103 | ✅ Feast connected | project=recsys

2026-08-23T13:56:49.299109+0100 | INFO | feature_fetcher:93 | FeatureFetcher initialized
2026-08-23T13:56:49.299109+0100 | INFO | feature_fetcher:93 | FeatureFetcher initialized

2026-08-23T13:56:49.300109+0100 | INFO | recommender:78 | PostgreSQL connection pool created
2026-08-23T13:56:49.300109+0100 | INFO | recommender:78 | PostgreSQL connection pool created

2026-08-23T13:56:49.300109+0100 | INFO | recommender:57 | RecommendationEngine initialized
2026-08-23T13:56:49.300109+0100 | INFO | recommender:57 | RecommendationEngine initialized

2026-08-23T13:56:49.301109+0100 | SUCCESS | main:125 | ✅ Service startup complete — ready to serve requests
2026-08-23T13:56:49.301109+0100 | SUCCESS | main:125 | ✅ Service startup complete — ready to serve requests

2026-08-23T13:58:28.690637+0100 | DEBUG | feature_fetcher:255 | User tensors built | user_id=user_000001 | user_idx=1 | cat_idx=9 | n_users=10000 | n_categories=10
2026-08-23T13:58:28.690637+0100 | DEBUG | feature_fetcher:255 | User tensors built | user_id=user_000001 | user_idx=1 | cat_idx=9 | n_users=10000 | n_categories=10

2026-08-23T13:58:28.733707+0100 | INFO | recommender:220 | Recommendations generated | user=user_000001 | returned=10/10 | cold_start=False | feature=44.0ms | model=2.7ms | ann=1.4ms
2026-08-23T13:58:28.733707+0100 | INFO | recommender:220 | Recommendations generated | user=user_000001 | returned=10/10 | cold_start=False | feature=44.0ms | model=2.7ms | ann=1.4ms

2026-08-23T13:58:28.735274+0100 | WARNING | middleware:70 | SLA WARNING | POST /api/v1/recommend | status=200 | latency=92.2ms | threshold=80ms
2026-08-23T13:58:28.735274+0100 | WARNING | middleware:70 | SLA WARNING | POST /api/v1/recommend | status=200 | latency=92.2ms | threshold=80ms

2026-08-23T17:10:41.875971+0100 | INFO | main:130 | Shutting down...
2026-08-23T17:10:41.875971+0100 | INFO | main:130 | Shutting down...

2026-08-23T17:10:41.891710+0100 | INFO | model_loader:346 | ML artifacts unloaded
2026-08-23T17:10:41.891710+0100 | INFO | model_loader:346 | ML artifacts unloaded

2026-08-23T17:10:41.893650+0100 | INFO | main:132 | ✅ Shutdown complete
2026-08-23T17:10:41.893650+0100 | INFO | main:132 | ✅ Shutdown complete

2026-08-23T17:10:58.292026+0100 | INFO | main:96 | ============================================================
2026-08-23T17:10:58.292026+0100 | INFO | main:96 | ============================================================

2026-08-23T17:10:58.295074+0100 | INFO | main:97 |   RecSys Inference API v0.1.0
2026-08-23T17:10:58.295074+0100 | INFO | main:97 |   RecSys Inference API v0.1.0

2026-08-23T17:10:58.297613+0100 | INFO | main:98 |   Environment: development
2026-08-23T17:10:58.297613+0100 | INFO | main:98 |   Environment: development

2026-08-23T17:10:58.300068+0100 | INFO | main:99 | ============================================================
2026-08-23T17:10:58.300068+0100 | INFO | main:99 | ============================================================

2026-08-23T17:10:58.303797+0100 | INFO | model_loader:258 | ============================================================
2026-08-23T17:10:58.303797+0100 | INFO | model_loader:258 | ============================================================

2026-08-23T17:10:58.305493+0100 | INFO | model_loader:259 |   LOADING ML ARTIFACTS
2026-08-23T17:10:58.305493+0100 | INFO | model_loader:259 |   LOADING ML ARTIFACTS

2026-08-23T17:10:58.309467+0100 | INFO | model_loader:260 |   processed_dir = C:\Users\info\Desktop\PFA\recsys-engine\data\processed
2026-08-23T17:10:58.309467+0100 | INFO | model_loader:260 |   processed_dir = C:\Users\info\Desktop\PFA\recsys-engine\data\processed

2026-08-23T17:10:58.312443+0100 | INFO | model_loader:261 |   artifacts_dir = C:\Users\info\Desktop\PFA\recsys-engine\data\artifacts
2026-08-23T17:10:58.312443+0100 | INFO | model_loader:261 |   artifacts_dir = C:\Users\info\Desktop\PFA\recsys-engine\data\artifacts

2026-08-23T17:10:58.315251+0100 | INFO | model_loader:262 | ============================================================
2026-08-23T17:10:58.315251+0100 | INFO | model_loader:262 | ============================================================

2026-08-23T17:10:58.330806+0100 | INFO | model_loader:279 | Encoders loaded | users=10,000 | items=5,000 | categories=10
2026-08-23T17:10:58.330806+0100 | INFO | model_loader:279 | Encoders loaded | users=10,000 | items=5,000 | categories=10

2026-08-23T17:10:58.334380+0100 | INFO | dataset:111 | Normalization stats loaded ← C:\Users\info\Desktop\PFA\recsys-engine\data\processed\norm_stats.json
2026-08-23T17:10:58.334380+0100 | INFO | dataset:111 | Normalization stats loaded ← C:\Users\info\Desktop\PFA\recsys-engine\data\processed\norm_stats.json

2026-08-23T17:10:58.336361+0100 | INFO | model_loader:294 | Normalization stats loaded
2026-08-23T17:10:58.336361+0100 | INFO | model_loader:294 | Normalization stats loaded

2026-08-23T17:10:58.770596+0100 | INFO | model_loader:123 | Loading model from MLflow | name=two-tower-recommender | version=4
2026-08-23T17:10:58.770596+0100 | INFO | model_loader:123 | Loading model from MLflow | name=two-tower-recommender | version=4

2026-08-23T17:10:59.806531+0100 | SUCCESS | model_loader:135 | ✅ Model loaded from MLflow | version=4
2026-08-23T17:10:59.806531+0100 | SUCCESS | model_loader:135 | ✅ Model loaded from MLflow | version=4

2026-08-23T17:10:59.811466+0100 | INFO | model_loader:223 | Building FAISS index | n_items=5,000 | dim=64 | type=IndexFlatIP
2026-08-23T17:10:59.811466+0100 | INFO | model_loader:223 | Building FAISS index | n_items=5,000 | dim=64 | type=IndexFlatIP

2026-08-23T17:10:59.814467+0100 | SUCCESS | model_loader:239 | ✅ FAISS index built | total_vectors=5,000
2026-08-23T17:10:59.814467+0100 | SUCCESS | model_loader:239 | ✅ FAISS index built | total_vectors=5,000

2026-08-23T17:10:59.816514+0100 | INFO | model_loader:328 | ============================================================
2026-08-23T17:10:59.816514+0100 | INFO | model_loader:328 | ============================================================

2026-08-23T17:10:59.817785+0100 | INFO | model_loader:329 |   ALL ARTIFACTS LOADED
2026-08-23T17:10:59.817785+0100 | INFO | model_loader:329 |   ALL ARTIFACTS LOADED

2026-08-23T17:10:59.819316+0100 | INFO | model_loader:330 |   Model version:  mlflow-v4
2026-08-23T17:10:59.819316+0100 | INFO | model_loader:330 |   Model version:  mlflow-v4

2026-08-23T17:10:59.820333+0100 | INFO | model_loader:331 |   Device:         cpu
2026-08-23T17:10:59.820333+0100 | INFO | model_loader:331 |   Device:         cpu

2026-08-23T17:10:59.821335+0100 | INFO | model_loader:332 |   FAISS vectors:  5,000
2026-08-23T17:10:59.821335+0100 | INFO | model_loader:332 |   FAISS vectors:  5,000

2026-08-23T17:10:59.822333+0100 | INFO | model_loader:333 |   n_categories:   10
2026-08-23T17:10:59.822333+0100 | INFO | model_loader:333 |   n_categories:   10

2026-08-23T17:10:59.824509+0100 | INFO | model_loader:334 |   Load time:      1.51s
2026-08-23T17:10:59.824509+0100 | INFO | model_loader:334 |   Load time:      1.51s

2026-08-23T17:10:59.825088+0100 | INFO | model_loader:335 | ============================================================
2026-08-23T17:10:59.825088+0100 | INFO | model_loader:335 | ============================================================

2026-08-23T17:11:00.931391+0100 | SUCCESS | feature_fetcher:103 | ✅ Feast connected | project=recsys
2026-08-23T17:11:00.931391+0100 | SUCCESS | feature_fetcher:103 | ✅ Feast connected | project=recsys

2026-08-23T17:11:00.933377+0100 | INFO | feature_fetcher:93 | FeatureFetcher initialized
2026-08-23T17:11:00.933377+0100 | INFO | feature_fetcher:93 | FeatureFetcher initialized

2026-08-23T17:11:00.937328+0100 | INFO | recommender:78 | PostgreSQL connection pool created
2026-08-23T17:11:00.937328+0100 | INFO | recommender:78 | PostgreSQL connection pool created

2026-08-23T17:11:00.938352+0100 | INFO | recommender:57 | RecommendationEngine initialized
2026-08-23T17:11:00.938352+0100 | INFO | recommender:57 | RecommendationEngine initialized

2026-08-23T17:11:00.940940+0100 | SUCCESS | main:125 | ✅ Service startup complete — ready to serve requests
2026-08-23T17:11:00.940940+0100 | SUCCESS | main:125 | ✅ Service startup complete — ready to serve requests

2026-08-23T17:11:11.980540+0100 | DEBUG | feature_fetcher:255 | User tensors built | user_id=user_000001 | user_idx=1 | cat_idx=9 | n_users=10000 | n_categories=10
2026-08-23T17:11:11.980540+0100 | DEBUG | feature_fetcher:255 | User tensors built | user_id=user_000001 | user_idx=1 | cat_idx=9 | n_users=10000 | n_categories=10

2026-08-23T17:11:12.126175+0100 | INFO | recommender:220 | Recommendations generated | user=user_000001 | returned=10/10 | cold_start=False | feature=34.3ms | model=12.1ms | ann=5.8ms
2026-08-23T17:11:12.126175+0100 | INFO | recommender:220 | Recommendations generated | user=user_000001 | returned=10/10 | cold_start=False | feature=34.3ms | model=12.1ms | ann=5.8ms

2026-08-23T17:11:12.128755+0100 | ERROR | middleware:64 | SLA BREACH | POST /api/v1/recommend | status=200 | latency=192.3ms | threshold=150ms
2026-08-23T17:11:12.128755+0100 | ERROR | middleware:64 | SLA BREACH | POST /api/v1/recommend | status=200 | latency=192.3ms | threshold=150ms

2026-08-23T17:11:53.284143+0100 | DEBUG | feature_fetcher:255 | User tensors built | user_id=user_000011 | user_idx=11 | cat_idx=8 | n_users=10000 | n_categories=10
2026-08-23T17:11:53.284143+0100 | DEBUG | feature_fetcher:255 | User tensors built | user_id=user_000011 | user_idx=11 | cat_idx=8 | n_users=10000 | n_categories=10

2026-08-23T17:11:53.317395+0100 | INFO | recommender:220 | Recommendations generated | user=user_000011 | returned=10/10 | cold_start=False | feature=9.1ms | model=2.9ms | ann=8.6ms
2026-08-23T17:11:53.317395+0100 | INFO | recommender:220 | Recommendations generated | user=user_000011 | returned=10/10 | cold_start=False | feature=9.1ms | model=2.9ms | ann=8.6ms

2026-08-23T17:11:53.323035+0100 | INFO | middleware:76 | POST /api/v1/recommend | status=200 | latency=53.4ms
2026-08-23T17:11:53.323035+0100 | INFO | middleware:76 | POST /api/v1/recommend | status=200 | latency=53.4ms

2026-08-23T17:12:14.059463+0100 | DEBUG | feature_fetcher:255 | User tensors built | user_id=user_000111 | user_idx=111 | cat_idx=4 | n_users=10000 | n_categories=10
2026-08-23T17:12:14.059463+0100 | DEBUG | feature_fetcher:255 | User tensors built | user_id=user_000111 | user_idx=111 | cat_idx=4 | n_users=10000 | n_categories=10

2026-08-23T17:12:14.090441+0100 | INFO | recommender:220 | Recommendations generated | user=user_000111 | returned=10/10 | cold_start=False | feature=164.5ms | model=2.9ms | ann=9.2ms
2026-08-23T17:12:14.090441+0100 | INFO | recommender:220 | Recommendations generated | user=user_000111 | returned=10/10 | cold_start=False | feature=164.5ms | model=2.9ms | ann=9.2ms

2026-08-23T17:12:14.096088+0100 | ERROR | middleware:64 | SLA BREACH | POST /api/v1/recommend | status=200 | latency=206.9ms | threshold=150ms
2026-08-23T17:12:14.096088+0100 | ERROR | middleware:64 | SLA BREACH | POST /api/v1/recommend | status=200 | latency=206.9ms | threshold=150ms

2026-08-23T17:23:25.422166+0100 | INFO | main:130 | Shutting down...
2026-08-23T17:23:25.422166+0100 | INFO | main:130 | Shutting down...

2026-08-23T17:23:25.428157+0100 | INFO | model_loader:346 | ML artifacts unloaded
2026-08-23T17:23:25.428157+0100 | INFO | model_loader:346 | ML artifacts unloaded

2026-08-23T17:23:25.430181+0100 | INFO | main:132 | ✅ Shutdown complete
2026-08-23T17:23:25.430181+0100 | INFO | main:132 | ✅ Shutdown complete

2026-08-23T17:23:41.369615+0100 | INFO | main:96 | ============================================================
2026-08-23T17:23:41.369615+0100 | INFO | main:96 | ============================================================

2026-08-23T17:23:41.370612+0100 | INFO | main:97 |   RecSys Inference API v0.1.0
2026-08-23T17:23:41.370612+0100 | INFO | main:97 |   RecSys Inference API v0.1.0

2026-08-23T17:23:41.371614+0100 | INFO | main:98 |   Environment: development
2026-08-23T17:23:41.371614+0100 | INFO | main:98 |   Environment: development

2026-08-23T17:23:41.373614+0100 | INFO | main:99 | ============================================================
2026-08-23T17:23:41.373614+0100 | INFO | main:99 | ============================================================

2026-08-23T17:23:41.376125+0100 | INFO | model_loader:258 | ============================================================
2026-08-23T17:23:41.376125+0100 | INFO | model_loader:258 | ============================================================

2026-08-23T17:23:41.376635+0100 | INFO | model_loader:259 |   LOADING ML ARTIFACTS
2026-08-23T17:23:41.376635+0100 | INFO | model_loader:259 |   LOADING ML ARTIFACTS

2026-08-23T17:23:41.378665+0100 | INFO | model_loader:260 |   processed_dir = C:\Users\info\Desktop\PFA\recsys-engine\data\processed
2026-08-23T17:23:41.378665+0100 | INFO | model_loader:260 |   processed_dir = C:\Users\info\Desktop\PFA\recsys-engine\data\processed

2026-08-23T17:23:41.380685+0100 | INFO | model_loader:261 |   artifacts_dir = C:\Users\info\Desktop\PFA\recsys-engine\data\artifacts
2026-08-23T17:23:41.380685+0100 | INFO | model_loader:261 |   artifacts_dir = C:\Users\info\Desktop\PFA\recsys-engine\data\artifacts

2026-08-23T17:23:41.381667+0100 | INFO | model_loader:262 | ============================================================
2026-08-23T17:23:41.381667+0100 | INFO | model_loader:262 | ============================================================

2026-08-23T17:23:41.390191+0100 | INFO | model_loader:279 | Encoders loaded | users=10,000 | items=5,000 | categories=10
2026-08-23T17:23:41.390191+0100 | INFO | model_loader:279 | Encoders loaded | users=10,000 | items=5,000 | categories=10

2026-08-23T17:23:41.392192+0100 | INFO | dataset:111 | Normalization stats loaded ← C:\Users\info\Desktop\PFA\recsys-engine\data\processed\norm_stats.json
2026-08-23T17:23:41.392192+0100 | INFO | dataset:111 | Normalization stats loaded ← C:\Users\info\Desktop\PFA\recsys-engine\data\processed\norm_stats.json

2026-08-23T17:23:41.392192+0100 | INFO | model_loader:294 | Normalization stats loaded
2026-08-23T17:23:41.392192+0100 | INFO | model_loader:294 | Normalization stats loaded

2026-08-23T17:23:41.503903+0100 | INFO | model_loader:123 | Loading model from MLflow | name=two-tower-recommender | version=4
2026-08-23T17:23:41.503903+0100 | INFO | model_loader:123 | Loading model from MLflow | name=two-tower-recommender | version=4

2026-08-23T17:23:42.355316+0100 | SUCCESS | model_loader:135 | ✅ Model loaded from MLflow | version=4
2026-08-23T17:23:42.355316+0100 | SUCCESS | model_loader:135 | ✅ Model loaded from MLflow | version=4

2026-08-23T17:23:42.360047+0100 | INFO | model_loader:223 | Building FAISS index | n_items=5,000 | dim=64 | type=IndexFlatIP
2026-08-23T17:23:42.360047+0100 | INFO | model_loader:223 | Building FAISS index | n_items=5,000 | dim=64 | type=IndexFlatIP

2026-08-23T17:23:42.363138+0100 | SUCCESS | model_loader:239 | ✅ FAISS index built | total_vectors=5,000
2026-08-23T17:23:42.363138+0100 | SUCCESS | model_loader:239 | ✅ FAISS index built | total_vectors=5,000

2026-08-23T17:23:42.365139+0100 | INFO | model_loader:328 | ============================================================
2026-08-23T17:23:42.365139+0100 | INFO | model_loader:328 | ============================================================

2026-08-23T17:23:42.367142+0100 | INFO | model_loader:329 |   ALL ARTIFACTS LOADED
2026-08-23T17:23:42.367142+0100 | INFO | model_loader:329 |   ALL ARTIFACTS LOADED

2026-08-23T17:23:42.368141+0100 | INFO | model_loader:330 |   Model version:  mlflow-v4
2026-08-23T17:23:42.368141+0100 | INFO | model_loader:330 |   Model version:  mlflow-v4

2026-08-23T17:23:42.369577+0100 | INFO | model_loader:331 |   Device:         cpu
2026-08-23T17:23:42.369577+0100 | INFO | model_loader:331 |   Device:         cpu

2026-08-23T17:23:42.370578+0100 | INFO | model_loader:332 |   FAISS vectors:  5,000
2026-08-23T17:23:42.370578+0100 | INFO | model_loader:332 |   FAISS vectors:  5,000

2026-08-23T17:23:42.372417+0100 | INFO | model_loader:333 |   n_categories:   10
2026-08-23T17:23:42.372417+0100 | INFO | model_loader:333 |   n_categories:   10

2026-08-23T17:23:42.373540+0100 | INFO | model_loader:334 |   Load time:      0.99s
2026-08-23T17:23:42.373540+0100 | INFO | model_loader:334 |   Load time:      0.99s

2026-08-23T17:23:42.374574+0100 | INFO | model_loader:335 | ============================================================
2026-08-23T17:23:42.374574+0100 | INFO | model_loader:335 | ============================================================

2026-08-23T17:23:42.375764+0100 | WARNING | main:115 | Warm-up request failed (non-fatal): name 'RecommendationRequest' is not defined
2026-08-23T17:23:42.375764+0100 | WARNING | main:115 | Warm-up request failed (non-fatal): name 'RecommendationRequest' is not defined

2026-08-23T17:23:43.462610+0100 | SUCCESS | feature_fetcher:103 | ✅ Feast connected | project=recsys
2026-08-23T17:23:43.462610+0100 | SUCCESS | feature_fetcher:103 | ✅ Feast connected | project=recsys

2026-08-23T17:23:43.464549+0100 | INFO | feature_fetcher:93 | FeatureFetcher initialized
2026-08-23T17:23:43.464549+0100 | INFO | feature_fetcher:93 | FeatureFetcher initialized

2026-08-23T17:23:43.468242+0100 | INFO | recommender:78 | PostgreSQL connection pool created
2026-08-23T17:23:43.468242+0100 | INFO | recommender:78 | PostgreSQL connection pool created

2026-08-23T17:23:43.470181+0100 | INFO | recommender:57 | RecommendationEngine initialized
2026-08-23T17:23:43.470181+0100 | INFO | recommender:57 | RecommendationEngine initialized

2026-08-23T17:23:43.472205+0100 | SUCCESS | main:136 | ✅ Service startup complete — ready to serve requests
2026-08-23T17:23:43.472205+0100 | SUCCESS | main:136 | ✅ Service startup complete — ready to serve requests

2026-08-23T17:24:05.257034+0100 | DEBUG | feature_fetcher:255 | User tensors built | user_id=user_000111 | user_idx=111 | cat_idx=4 | n_users=10000 | n_categories=10
2026-08-23T17:24:05.257034+0100 | DEBUG | feature_fetcher:255 | User tensors built | user_id=user_000111 | user_idx=111 | cat_idx=4 | n_users=10000 | n_categories=10

2026-08-23T17:24:05.405375+0100 | INFO | recommender:220 | Recommendations generated | user=user_000111 | returned=10/10 | cold_start=False | feature=37.9ms | model=20.4ms | ann=8.5ms
2026-08-23T17:24:05.405375+0100 | INFO | recommender:220 | Recommendations generated | user=user_000111 | returned=10/10 | cold_start=False | feature=37.9ms | model=20.4ms | ann=8.5ms

2026-08-23T17:24:05.407397+0100 | ERROR | middleware:64 | SLA BREACH | POST /api/v1/recommend | status=200 | latency=199.7ms | threshold=150ms
2026-08-23T17:24:05.407397+0100 | ERROR | middleware:64 | SLA BREACH | POST /api/v1/recommend | status=200 | latency=199.7ms | threshold=150ms

2026-08-23T17:24:10.227360+0100 | DEBUG | feature_fetcher:255 | User tensors built | user_id=user_000111 | user_idx=111 | cat_idx=4 | n_users=10000 | n_categories=10
2026-08-23T17:24:10.227360+0100 | DEBUG | feature_fetcher:255 | User tensors built | user_id=user_000111 | user_idx=111 | cat_idx=4 | n_users=10000 | n_categories=10

2026-08-23T17:24:10.259913+0100 | INFO | recommender:220 | Recommendations generated | user=user_000111 | returned=10/10 | cold_start=False | feature=10.5ms | model=3.7ms | ann=7.8ms
2026-08-23T17:24:10.259913+0100 | INFO | recommender:220 | Recommendations generated | user=user_000111 | returned=10/10 | cold_start=False | feature=10.5ms | model=3.7ms | ann=7.8ms

2026-08-23T17:24:10.264874+0100 | INFO | middleware:76 | POST /api/v1/recommend | status=200 | latency=54.5ms
2026-08-23T17:24:10.264874+0100 | INFO | middleware:76 | POST /api/v1/recommend | status=200 | latency=54.5ms

2026-08-23T17:24:30.605008+0100 | DEBUG | feature_fetcher:255 | User tensors built | user_id=user_001111 | user_idx=1111 | cat_idx=8 | n_users=10000 | n_categories=10
2026-08-23T17:24:30.605008+0100 | DEBUG | feature_fetcher:255 | User tensors built | user_id=user_001111 | user_idx=1111 | cat_idx=8 | n_users=10000 | n_categories=10

2026-08-23T17:24:30.623742+0100 | INFO | recommender:220 | Recommendations generated | user=user_001111 | returned=10/10 | cold_start=False | feature=7.9ms | model=2.1ms | ann=6.3ms
2026-08-23T17:24:30.623742+0100 | INFO | recommender:220 | Recommendations generated | user=user_001111 | returned=10/10 | cold_start=False | feature=7.9ms | model=2.1ms | ann=6.3ms

2026-08-23T17:24:30.625736+0100 | INFO | middleware:76 | POST /api/v1/recommend | status=200 | latency=33.2ms
2026-08-23T17:24:30.625736+0100 | INFO | middleware:76 | POST /api/v1/recommend | status=200 | latency=33.2ms

2026-08-23T17:24:39.506858+0100 | DEBUG | feature_fetcher:255 | User tensors built | user_id=user_001111 | user_idx=1111 | cat_idx=8 | n_users=10000 | n_categories=10
2026-08-23T17:24:39.506858+0100 | DEBUG | feature_fetcher:255 | User tensors built | user_id=user_001111 | user_idx=1111 | cat_idx=8 | n_users=10000 | n_categories=10

2026-08-23T17:24:39.537178+0100 | INFO | recommender:220 | Recommendations generated | user=user_001111 | returned=10/10 | cold_start=False | feature=9.2ms | model=3.5ms | ann=8.3ms
2026-08-23T17:24:39.537178+0100 | INFO | recommender:220 | Recommendations generated | user=user_001111 | returned=10/10 | cold_start=False | feature=9.2ms | model=3.5ms | ann=8.3ms

2026-08-23T17:24:39.542737+0100 | INFO | middleware:76 | POST /api/v1/recommend | status=200 | latency=50.4ms
2026-08-23T17:24:39.542737+0100 | INFO | middleware:76 | POST /api/v1/recommend | status=200 | latency=50.4ms

2026-08-23T17:24:52.020762+0100 | DEBUG | feature_fetcher:255 | User tensors built | user_id=user_001119 | user_idx=1119 | cat_idx=6 | n_users=10000 | n_categories=10
2026-08-23T17:24:52.020762+0100 | DEBUG | feature_fetcher:255 | User tensors built | user_id=user_001119 | user_idx=1119 | cat_idx=6 | n_users=10000 | n_categories=10

2026-08-23T17:24:52.052190+0100 | INFO | recommender:220 | Recommendations generated | user=user_001119 | returned=10/10 | cold_start=False | feature=170.3ms | model=3.1ms | ann=8.4ms
2026-08-23T17:24:52.052190+0100 | INFO | recommender:220 | Recommendations generated | user=user_001119 | returned=10/10 | cold_start=False | feature=170.3ms | model=3.1ms | ann=8.4ms

2026-08-23T17:24:52.057300+0100 | ERROR | middleware:64 | SLA BREACH | POST /api/v1/recommend | status=200 | latency=211.1ms | threshold=150ms
2026-08-23T17:24:52.057300+0100 | ERROR | middleware:64 | SLA BREACH | POST /api/v1/recommend | status=200 | latency=211.1ms | threshold=150ms

2026-08-23T17:27:06.136815+0100 | INFO | main:141 | Shutting down...
2026-08-23T17:27:06.136815+0100 | INFO | main:141 | Shutting down...

2026-08-23T17:27:06.141724+0100 | INFO | model_loader:346 | ML artifacts unloaded
2026-08-23T17:27:06.141724+0100 | INFO | model_loader:346 | ML artifacts unloaded

2026-08-23T17:27:06.143803+0100 | INFO | main:143 | ✅ Shutdown complete
2026-08-23T17:27:06.143803+0100 | INFO | main:143 | ✅ Shutdown complete

2026-08-23T17:27:25.415925+0100 | INFO | main:96 | ============================================================
2026-08-23T17:27:25.415925+0100 | INFO | main:96 | ============================================================

2026-08-23T17:27:25.417864+0100 | INFO | main:97 |   RecSys Inference API v0.1.0
2026-08-23T17:27:25.417864+0100 | INFO | main:97 |   RecSys Inference API v0.1.0

2026-08-23T17:27:25.418934+0100 | INFO | main:98 |   Environment: development
2026-08-23T17:27:25.418934+0100 | INFO | main:98 |   Environment: development

2026-08-23T17:27:25.421353+0100 | INFO | main:99 | ============================================================
2026-08-23T17:27:25.421353+0100 | INFO | main:99 | ============================================================

2026-08-23T17:27:25.422884+0100 | INFO | model_loader:258 | ============================================================
2026-08-23T17:27:25.422884+0100 | INFO | model_loader:258 | ============================================================

2026-08-23T17:27:25.423883+0100 | INFO | model_loader:259 |   LOADING ML ARTIFACTS
2026-08-23T17:27:25.423883+0100 | INFO | model_loader:259 |   LOADING ML ARTIFACTS

2026-08-23T17:27:25.426419+0100 | INFO | model_loader:260 |   processed_dir = C:\Users\info\Desktop\PFA\recsys-engine\data\processed
2026-08-23T17:27:25.426419+0100 | INFO | model_loader:260 |   processed_dir = C:\Users\info\Desktop\PFA\recsys-engine\data\processed

2026-08-23T17:27:25.428480+0100 | INFO | model_loader:261 |   artifacts_dir = C:\Users\info\Desktop\PFA\recsys-engine\data\artifacts
2026-08-23T17:27:25.428480+0100 | INFO | model_loader:261 |   artifacts_dir = C:\Users\info\Desktop\PFA\recsys-engine\data\artifacts

2026-08-23T17:27:25.430508+0100 | INFO | model_loader:262 | ============================================================
2026-08-23T17:27:25.430508+0100 | INFO | model_loader:262 | ============================================================

2026-08-23T17:27:25.439166+0100 | INFO | model_loader:279 | Encoders loaded | users=10,000 | items=5,000 | categories=10
2026-08-23T17:27:25.439166+0100 | INFO | model_loader:279 | Encoders loaded | users=10,000 | items=5,000 | categories=10

2026-08-23T17:27:25.440912+0100 | INFO | dataset:111 | Normalization stats loaded ← C:\Users\info\Desktop\PFA\recsys-engine\data\processed\norm_stats.json
2026-08-23T17:27:25.440912+0100 | INFO | dataset:111 | Normalization stats loaded ← C:\Users\info\Desktop\PFA\recsys-engine\data\processed\norm_stats.json

2026-08-23T17:27:25.441912+0100 | INFO | model_loader:294 | Normalization stats loaded
2026-08-23T17:27:25.441912+0100 | INFO | model_loader:294 | Normalization stats loaded

2026-08-23T17:27:25.586881+0100 | INFO | model_loader:123 | Loading model from MLflow | name=two-tower-recommender | version=4
2026-08-23T17:27:25.586881+0100 | INFO | model_loader:123 | Loading model from MLflow | name=two-tower-recommender | version=4

2026-08-23T17:27:26.380016+0100 | SUCCESS | model_loader:135 | ✅ Model loaded from MLflow | version=4
2026-08-23T17:27:26.380016+0100 | SUCCESS | model_loader:135 | ✅ Model loaded from MLflow | version=4

2026-08-23T17:27:26.383016+0100 | INFO | model_loader:223 | Building FAISS index | n_items=5,000 | dim=64 | type=IndexFlatIP
2026-08-23T17:27:26.383016+0100 | INFO | model_loader:223 | Building FAISS index | n_items=5,000 | dim=64 | type=IndexFlatIP

2026-08-23T17:27:26.385012+0100 | SUCCESS | model_loader:239 | ✅ FAISS index built | total_vectors=5,000
2026-08-23T17:27:26.385012+0100 | SUCCESS | model_loader:239 | ✅ FAISS index built | total_vectors=5,000

2026-08-23T17:27:26.387956+0100 | INFO | model_loader:328 | ============================================================
2026-08-23T17:27:26.387956+0100 | INFO | model_loader:328 | ============================================================

2026-08-23T17:27:26.388968+0100 | INFO | model_loader:329 |   ALL ARTIFACTS LOADED
2026-08-23T17:27:26.388968+0100 | INFO | model_loader:329 |   ALL ARTIFACTS LOADED

2026-08-23T17:27:26.388968+0100 | INFO | model_loader:330 |   Model version:  mlflow-v4
2026-08-23T17:27:26.388968+0100 | INFO | model_loader:330 |   Model version:  mlflow-v4

2026-08-23T17:27:26.389969+0100 | INFO | model_loader:331 |   Device:         cpu
2026-08-23T17:27:26.389969+0100 | INFO | model_loader:331 |   Device:         cpu

2026-08-23T17:27:26.389969+0100 | INFO | model_loader:332 |   FAISS vectors:  5,000
2026-08-23T17:27:26.389969+0100 | INFO | model_loader:332 |   FAISS vectors:  5,000

2026-08-23T17:27:26.390970+0100 | INFO | model_loader:333 |   n_categories:   10
2026-08-23T17:27:26.390970+0100 | INFO | model_loader:333 |   n_categories:   10

2026-08-23T17:27:26.391970+0100 | INFO | model_loader:334 |   Load time:      0.97s
2026-08-23T17:27:26.391970+0100 | INFO | model_loader:334 |   Load time:      0.97s

2026-08-23T17:27:26.391970+0100 | INFO | model_loader:335 | ============================================================
2026-08-23T17:27:26.391970+0100 | INFO | model_loader:335 | ============================================================

2026-08-23T17:27:27.304239+0100 | SUCCESS | feature_fetcher:103 | ✅ Feast connected | project=recsys
2026-08-23T17:27:27.304239+0100 | SUCCESS | feature_fetcher:103 | ✅ Feast connected | project=recsys

2026-08-23T17:27:27.305799+0100 | INFO | feature_fetcher:93 | FeatureFetcher initialized
2026-08-23T17:27:27.305799+0100 | INFO | feature_fetcher:93 | FeatureFetcher initialized

2026-08-23T17:27:27.307803+0100 | INFO | recommender:78 | PostgreSQL connection pool created
2026-08-23T17:27:27.307803+0100 | INFO | recommender:78 | PostgreSQL connection pool created

2026-08-23T17:27:27.309804+0100 | INFO | recommender:57 | RecommendationEngine initialized
2026-08-23T17:27:27.309804+0100 | INFO | recommender:57 | RecommendationEngine initialized

2026-08-23T17:27:27.310802+0100 | WARNING | main:127 | Warm-up request failed (non-fatal): name 'RecommendationRequest' is not defined
2026-08-23T17:27:27.310802+0100 | WARNING | main:127 | Warm-up request failed (non-fatal): name 'RecommendationRequest' is not defined

2026-08-23T17:27:27.312485+0100 | SUCCESS | main:134 | ✅ Service startup complete — ready to serve requests
2026-08-23T17:27:27.312485+0100 | SUCCESS | main:134 | ✅ Service startup complete — ready to serve requests

2026-08-23T17:28:51.830006+0100 | DEBUG | feature_fetcher:255 | User tensors built | user_id=user_001119 | user_idx=1119 | cat_idx=6 | n_users=10000 | n_categories=10
2026-08-23T17:28:51.830006+0100 | DEBUG | feature_fetcher:255 | User tensors built | user_id=user_001119 | user_idx=1119 | cat_idx=6 | n_users=10000 | n_categories=10

2026-08-23T17:28:51.876279+0100 | INFO | recommender:220 | Recommendations generated | user=user_001119 | returned=10/10 | cold_start=False | feature=46.4ms | model=3.3ms | ann=1.5ms
2026-08-23T17:28:51.876279+0100 | INFO | recommender:220 | Recommendations generated | user=user_001119 | returned=10/10 | cold_start=False | feature=46.4ms | model=3.3ms | ann=1.5ms

2026-08-23T17:28:51.877277+0100 | WARNING | middleware:70 | SLA WARNING | POST /api/v1/recommend | status=200 | latency=95.8ms | threshold=80ms
2026-08-23T17:28:51.877277+0100 | WARNING | middleware:70 | SLA WARNING | POST /api/v1/recommend | status=200 | latency=95.8ms | threshold=80ms

2026-08-23T17:28:59.525146+0100 | DEBUG | feature_fetcher:255 | User tensors built | user_id=user_001119 | user_idx=1119 | cat_idx=6 | n_users=10000 | n_categories=10
2026-08-23T17:28:59.525146+0100 | DEBUG | feature_fetcher:255 | User tensors built | user_id=user_001119 | user_idx=1119 | cat_idx=6 | n_users=10000 | n_categories=10

2026-08-23T17:28:59.533659+0100 | INFO | recommender:220 | Recommendations generated | user=user_001119 | returned=10/10 | cold_start=False | feature=3.2ms | model=0.8ms | ann=2.2ms
2026-08-23T17:28:59.533659+0100 | INFO | recommender:220 | Recommendations generated | user=user_001119 | returned=10/10 | cold_start=False | feature=3.2ms | model=0.8ms | ann=2.2ms

2026-08-23T17:28:59.534660+0100 | INFO | middleware:76 | POST /api/v1/recommend | status=200 | latency=14.7ms
2026-08-23T17:28:59.534660+0100 | INFO | middleware:76 | POST /api/v1/recommend | status=200 | latency=14.7ms

2026-08-23T17:29:26.149496+0100 | DEBUG | feature_fetcher:255 | User tensors built | user_id=user_001119 | user_idx=1119 | cat_idx=6 | n_users=10000 | n_categories=10
2026-08-23T17:29:26.149496+0100 | DEBUG | feature_fetcher:255 | User tensors built | user_id=user_001119 | user_idx=1119 | cat_idx=6 | n_users=10000 | n_categories=10

2026-08-23T17:29:26.162712+0100 | INFO | recommender:220 | Recommendations generated | user=user_001119 | returned=10/10 | cold_start=False | feature=4.2ms | model=1.3ms | ann=4.3ms
2026-08-23T17:29:26.162712+0100 | INFO | recommender:220 | Recommendations generated | user=user_001119 | returned=10/10 | cold_start=False | feature=4.2ms | model=1.3ms | ann=4.3ms

2026-08-23T17:29:26.164223+0100 | INFO | middleware:76 | GET /api/v1/recommend/"user_001119" | status=200 | latency=20.4ms
2026-08-23T17:29:26.164223+0100 | INFO | middleware:76 | GET /api/v1/recommend/"user_001119" | status=200 | latency=20.4ms

2026-08-23T19:38:50.270279+0100 | INFO | main:139 | Shutting down...
2026-08-23T19:38:50.270279+0100 | INFO | main:139 | Shutting down...

2026-08-23T19:38:50.301469+0100 | INFO | model_loader:346 | ML artifacts unloaded
2026-08-23T19:38:50.301469+0100 | INFO | model_loader:346 | ML artifacts unloaded

2026-08-23T19:38:50.306184+0100 | INFO | main:141 | ✅ Shutdown complete
2026-08-23T19:38:50.306184+0100 | INFO | main:141 | ✅ Shutdown complete

2026-08-23T20:28:07.387926+0100 | INFO | main:96 | ============================================================
2026-08-23T20:28:07.387926+0100 | INFO | main:96 | ============================================================

2026-08-23T20:28:07.387926+0100 | INFO | main:97 |   RecSys Inference API v0.1.0
2026-08-23T20:28:07.387926+0100 | INFO | main:97 |   RecSys Inference API v0.1.0

2026-08-23T20:28:07.389433+0100 | INFO | main:98 |   Environment: development
2026-08-23T20:28:07.389433+0100 | INFO | main:98 |   Environment: development

2026-08-23T20:28:07.389433+0100 | INFO | main:99 | ============================================================
2026-08-23T20:28:07.389433+0100 | INFO | main:99 | ============================================================

2026-08-23T20:28:07.390441+0100 | INFO | model_loader:258 | ============================================================
2026-08-23T20:28:07.390441+0100 | INFO | model_loader:258 | ============================================================

2026-08-23T20:28:07.391444+0100 | INFO | model_loader:259 |   LOADING ML ARTIFACTS
2026-08-23T20:28:07.391444+0100 | INFO | model_loader:259 |   LOADING ML ARTIFACTS

2026-08-23T20:28:07.392445+0100 | INFO | model_loader:260 |   processed_dir = C:\Users\info\Desktop\PFA\recsys-engine\data\processed
2026-08-23T20:28:07.392445+0100 | INFO | model_loader:260 |   processed_dir = C:\Users\info\Desktop\PFA\recsys-engine\data\processed

2026-08-23T20:28:07.393447+0100 | INFO | model_loader:261 |   artifacts_dir = C:\Users\info\Desktop\PFA\recsys-engine\data\artifacts
2026-08-23T20:28:07.393447+0100 | INFO | model_loader:261 |   artifacts_dir = C:\Users\info\Desktop\PFA\recsys-engine\data\artifacts

2026-08-23T20:28:07.394444+0100 | INFO | model_loader:262 | ============================================================
2026-08-23T20:28:07.394444+0100 | INFO | model_loader:262 | ============================================================

2026-08-23T20:28:07.398105+0100 | INFO | model_loader:279 | Encoders loaded | users=10,000 | items=5,000 | categories=10
2026-08-23T20:28:07.398105+0100 | INFO | model_loader:279 | Encoders loaded | users=10,000 | items=5,000 | categories=10

2026-08-23T20:28:07.398105+0100 | INFO | dataset:111 | Normalization stats loaded ← C:\Users\info\Desktop\PFA\recsys-engine\data\processed\norm_stats.json
2026-08-23T20:28:07.398105+0100 | INFO | dataset:111 | Normalization stats loaded ← C:\Users\info\Desktop\PFA\recsys-engine\data\processed\norm_stats.json

2026-08-23T20:28:07.399611+0100 | INFO | model_loader:294 | Normalization stats loaded
2026-08-23T20:28:07.399611+0100 | INFO | model_loader:294 | Normalization stats loaded

2026-08-23T20:28:07.880258+0100 | INFO | model_loader:123 | Loading model from MLflow | name=two-tower-recommender | version=6
2026-08-23T20:28:07.880258+0100 | INFO | model_loader:123 | Loading model from MLflow | name=two-tower-recommender | version=6

2026-08-23T20:28:08.664220+0100 | SUCCESS | model_loader:135 | ✅ Model loaded from MLflow | version=6
2026-08-23T20:28:08.664220+0100 | SUCCESS | model_loader:135 | ✅ Model loaded from MLflow | version=6

2026-08-23T20:28:08.668420+0100 | INFO | model_loader:223 | Building FAISS index | n_items=5,000 | dim=64 | type=IndexFlatIP
2026-08-23T20:28:08.668420+0100 | INFO | model_loader:223 | Building FAISS index | n_items=5,000 | dim=64 | type=IndexFlatIP

2026-08-23T20:28:08.672418+0100 | SUCCESS | model_loader:239 | ✅ FAISS index built | total_vectors=5,000
2026-08-23T20:28:08.672418+0100 | SUCCESS | model_loader:239 | ✅ FAISS index built | total_vectors=5,000

2026-08-23T20:28:08.677715+0100 | INFO | model_loader:328 | ============================================================
2026-08-23T20:28:08.677715+0100 | INFO | model_loader:328 | ============================================================

2026-08-23T20:28:08.678745+0100 | INFO | model_loader:329 |   ALL ARTIFACTS LOADED
2026-08-23T20:28:08.678745+0100 | INFO | model_loader:329 |   ALL ARTIFACTS LOADED

2026-08-23T20:28:08.679717+0100 | INFO | model_loader:330 |   Model version:  mlflow-v6
2026-08-23T20:28:08.679717+0100 | INFO | model_loader:330 |   Model version:  mlflow-v6

2026-08-23T20:28:08.679717+0100 | INFO | model_loader:331 |   Device:         cpu
2026-08-23T20:28:08.679717+0100 | INFO | model_loader:331 |   Device:         cpu

2026-08-23T20:28:08.679717+0100 | INFO | model_loader:332 |   FAISS vectors:  5,000
2026-08-23T20:28:08.679717+0100 | INFO | model_loader:332 |   FAISS vectors:  5,000

2026-08-23T20:28:08.680715+0100 | INFO | model_loader:333 |   n_categories:   10
2026-08-23T20:28:08.680715+0100 | INFO | model_loader:333 |   n_categories:   10

2026-08-23T20:28:08.680715+0100 | INFO | model_loader:334 |   Load time:      1.29s
2026-08-23T20:28:08.680715+0100 | INFO | model_loader:334 |   Load time:      1.29s

2026-08-23T20:28:08.680715+0100 | INFO | model_loader:335 | ============================================================
2026-08-23T20:28:08.680715+0100 | INFO | model_loader:335 | ============================================================

2026-08-23T20:28:09.287327+0100 | SUCCESS | feature_fetcher:103 | ✅ Feast connected | project=recsys
2026-08-23T20:28:09.287327+0100 | SUCCESS | feature_fetcher:103 | ✅ Feast connected | project=recsys

2026-08-23T20:28:09.288322+0100 | INFO | feature_fetcher:93 | FeatureFetcher initialized
2026-08-23T20:28:09.288322+0100 | INFO | feature_fetcher:93 | FeatureFetcher initialized

2026-08-23T20:28:09.289324+0100 | INFO | recommender:78 | PostgreSQL connection pool created
2026-08-23T20:28:09.289324+0100 | INFO | recommender:78 | PostgreSQL connection pool created

2026-08-23T20:28:09.289324+0100 | INFO | recommender:57 | RecommendationEngine initialized
2026-08-23T20:28:09.289324+0100 | INFO | recommender:57 | RecommendationEngine initialized

2026-08-23T20:28:09.290323+0100 | WARNING | main:127 | Warm-up request failed (non-fatal): name 'RecommendationRequest' is not defined
2026-08-23T20:28:09.290323+0100 | WARNING | main:127 | Warm-up request failed (non-fatal): name 'RecommendationRequest' is not defined

2026-08-23T20:28:09.290323+0100 | SUCCESS | main:134 | ✅ Service startup complete — ready to serve requests
2026-08-23T20:28:09.290323+0100 | SUCCESS | main:134 | ✅ Service startup complete — ready to serve requests

2026-08-23T20:28:34.303196+0100 | DEBUG | feature_fetcher:255 | User tensors built | user_id=user_001119 | user_idx=1119 | cat_idx=6 | n_users=10000 | n_categories=10
2026-08-23T20:28:34.303196+0100 | DEBUG | feature_fetcher:255 | User tensors built | user_id=user_001119 | user_idx=1119 | cat_idx=6 | n_users=10000 | n_categories=10

2026-08-23T20:28:34.416342+0100 | INFO | recommender:220 | Recommendations generated | user=user_001119 | returned=10/10 | cold_start=False | feature=14.7ms | model=63.7ms | ann=5.1ms
2026-08-23T20:28:34.416342+0100 | INFO | recommender:220 | Recommendations generated | user=user_001119 | returned=10/10 | cold_start=False | feature=14.7ms | model=63.7ms | ann=5.1ms

2026-08-23T20:28:34.418855+0100 | WARNING | middleware:70 | SLA WARNING | POST /api/v1/recommend | status=200 | latency=137.4ms | threshold=80ms
2026-08-23T20:28:34.418855+0100 | WARNING | middleware:70 | SLA WARNING | POST /api/v1/recommend | status=200 | latency=137.4ms | threshold=80ms

2026-08-23T21:21:43.587550+0100 | INFO | main:139 | Shutting down...
2026-08-23T21:21:43.587550+0100 | INFO | main:139 | Shutting down...

2026-08-23T21:21:43.595979+0100 | INFO | model_loader:346 | ML artifacts unloaded
2026-08-23T21:21:43.595979+0100 | INFO | model_loader:346 | ML artifacts unloaded

2026-08-23T21:21:43.598094+0100 | INFO | main:141 | ✅ Shutdown complete
2026-08-23T21:21:43.598094+0100 | INFO | main:141 | ✅ Shutdown complete

2026-08-23T21:22:15.134645+0100 | INFO | main:96 | ============================================================
2026-08-23T21:22:15.134645+0100 | INFO | main:96 | ============================================================

2026-08-23T21:22:15.137203+0100 | INFO | main:97 |   RecSys Inference API v0.1.0
2026-08-23T21:22:15.137203+0100 | INFO | main:97 |   RecSys Inference API v0.1.0

2026-08-23T21:22:15.138881+0100 | INFO | main:98 |   Environment: development
2026-08-23T21:22:15.138881+0100 | INFO | main:98 |   Environment: development

2026-08-23T21:22:15.140630+0100 | INFO | main:99 | ============================================================
2026-08-23T21:22:15.140630+0100 | INFO | main:99 | ============================================================

2026-08-23T21:22:15.141645+0100 | INFO | model_loader:258 | ============================================================
2026-08-23T21:22:15.141645+0100 | INFO | model_loader:258 | ============================================================

2026-08-23T21:22:15.143642+0100 | INFO | model_loader:259 |   LOADING ML ARTIFACTS
2026-08-23T21:22:15.143642+0100 | INFO | model_loader:259 |   LOADING ML ARTIFACTS

2026-08-23T21:22:15.145210+0100 | INFO | model_loader:260 |   processed_dir = C:\Users\info\Desktop\PFA\recsys-engine\data\processed
2026-08-23T21:22:15.145210+0100 | INFO | model_loader:260 |   processed_dir = C:\Users\info\Desktop\PFA\recsys-engine\data\processed

2026-08-23T21:22:15.147965+0100 | INFO | model_loader:261 |   artifacts_dir = C:\Users\info\Desktop\PFA\recsys-engine\data\artifacts
2026-08-23T21:22:15.147965+0100 | INFO | model_loader:261 |   artifacts_dir = C:\Users\info\Desktop\PFA\recsys-engine\data\artifacts

2026-08-23T21:22:15.149030+0100 | INFO | model_loader:262 | ============================================================
2026-08-23T21:22:15.149030+0100 | INFO | model_loader:262 | ============================================================

2026-08-23T21:22:15.159334+0100 | INFO | model_loader:279 | Encoders loaded | users=10,000 | items=5,000 | categories=10
2026-08-23T21:22:15.159334+0100 | INFO | model_loader:279 | Encoders loaded | users=10,000 | items=5,000 | categories=10

2026-08-23T21:22:15.160811+0100 | INFO | dataset:111 | Normalization stats loaded ← C:\Users\info\Desktop\PFA\recsys-engine\data\processed\norm_stats.json
2026-08-23T21:22:15.160811+0100 | INFO | dataset:111 | Normalization stats loaded ← C:\Users\info\Desktop\PFA\recsys-engine\data\processed\norm_stats.json

2026-08-23T21:22:15.162855+0100 | INFO | model_loader:294 | Normalization stats loaded
2026-08-23T21:22:15.162855+0100 | INFO | model_loader:294 | Normalization stats loaded

2026-08-23T21:22:15.471227+0100 | INFO | model_loader:123 | Loading model from MLflow | name=two-tower-recommender | version=7
2026-08-23T21:22:15.471227+0100 | INFO | model_loader:123 | Loading model from MLflow | name=two-tower-recommender | version=7

2026-08-23T21:22:16.817659+0100 | SUCCESS | model_loader:135 | ✅ Model loaded from MLflow | version=7
2026-08-23T21:22:16.817659+0100 | SUCCESS | model_loader:135 | ✅ Model loaded from MLflow | version=7

2026-08-23T21:22:16.822223+0100 | INFO | model_loader:223 | Building FAISS index | n_items=5,000 | dim=64 | type=IndexFlatIP
2026-08-23T21:22:16.822223+0100 | INFO | model_loader:223 | Building FAISS index | n_items=5,000 | dim=64 | type=IndexFlatIP

2026-08-23T21:22:16.824224+0100 | SUCCESS | model_loader:239 | ✅ FAISS index built | total_vectors=5,000
2026-08-23T21:22:16.824224+0100 | SUCCESS | model_loader:239 | ✅ FAISS index built | total_vectors=5,000

2026-08-23T21:22:16.825954+0100 | INFO | model_loader:328 | ============================================================
2026-08-23T21:22:16.825954+0100 | INFO | model_loader:328 | ============================================================

2026-08-23T21:22:16.826960+0100 | INFO | model_loader:329 |   ALL ARTIFACTS LOADED
2026-08-23T21:22:16.826960+0100 | INFO | model_loader:329 |   ALL ARTIFACTS LOADED

2026-08-23T21:22:16.827911+0100 | INFO | model_loader:330 |   Model version:  mlflow-v7
2026-08-23T21:22:16.827911+0100 | INFO | model_loader:330 |   Model version:  mlflow-v7

2026-08-23T21:22:16.829461+0100 | INFO | model_loader:331 |   Device:         cpu
2026-08-23T21:22:16.829461+0100 | INFO | model_loader:331 |   Device:         cpu

2026-08-23T21:22:16.830038+0100 | INFO | model_loader:332 |   FAISS vectors:  5,000
2026-08-23T21:22:16.830038+0100 | INFO | model_loader:332 |   FAISS vectors:  5,000

2026-08-23T21:22:16.831052+0100 | INFO | model_loader:333 |   n_categories:   10
2026-08-23T21:22:16.831052+0100 | INFO | model_loader:333 |   n_categories:   10

2026-08-23T21:22:16.832059+0100 | INFO | model_loader:334 |   Load time:      1.68s
2026-08-23T21:22:16.832059+0100 | INFO | model_loader:334 |   Load time:      1.68s

2026-08-23T21:22:16.833058+0100 | INFO | model_loader:335 | ============================================================
2026-08-23T21:22:16.833058+0100 | INFO | model_loader:335 | ============================================================

2026-08-23T21:22:17.873451+0100 | SUCCESS | feature_fetcher:103 | ✅ Feast connected | project=recsys
2026-08-23T21:22:17.873451+0100 | SUCCESS | feature_fetcher:103 | ✅ Feast connected | project=recsys

2026-08-23T21:22:17.875444+0100 | INFO | feature_fetcher:93 | FeatureFetcher initialized
2026-08-23T21:22:17.875444+0100 | INFO | feature_fetcher:93 | FeatureFetcher initialized

2026-08-23T21:22:17.878178+0100 | INFO | recommender:78 | PostgreSQL connection pool created
2026-08-23T21:22:17.878178+0100 | INFO | recommender:78 | PostgreSQL connection pool created

2026-08-23T21:22:17.879177+0100 | INFO | recommender:57 | RecommendationEngine initialized
2026-08-23T21:22:17.879177+0100 | INFO | recommender:57 | RecommendationEngine initialized

2026-08-23T21:22:17.880695+0100 | WARNING | main:127 | Warm-up request failed (non-fatal): name 'RecommendationRequest' is not defined
2026-08-23T21:22:17.880695+0100 | WARNING | main:127 | Warm-up request failed (non-fatal): name 'RecommendationRequest' is not defined

2026-08-23T21:22:17.882710+0100 | SUCCESS | main:134 | ✅ Service startup complete — ready to serve requests
2026-08-23T21:22:17.882710+0100 | SUCCESS | main:134 | ✅ Service startup complete — ready to serve requests

2026-08-23T21:22:38.194726+0100 | DEBUG | feature_fetcher:255 | User tensors built | user_id=user_001119 | user_idx=1119 | cat_idx=6 | n_users=10000 | n_categories=10
2026-08-23T21:22:38.194726+0100 | DEBUG | feature_fetcher:255 | User tensors built | user_id=user_001119 | user_idx=1119 | cat_idx=6 | n_users=10000 | n_categories=10

2026-08-23T21:22:38.386948+0100 | INFO | recommender:220 | Recommendations generated | user=user_001119 | returned=10/10 | cold_start=False | feature=28.1ms | model=10.7ms | ann=6.5ms
2026-08-23T21:22:38.386948+0100 | INFO | recommender:220 | Recommendations generated | user=user_001119 | returned=10/10 | cold_start=False | feature=28.1ms | model=10.7ms | ann=6.5ms

2026-08-23T21:22:38.388957+0100 | ERROR | middleware:64 | SLA BREACH | POST /api/v1/recommend | status=200 | latency=230.8ms | threshold=150ms
2026-08-23T21:22:38.388957+0100 | ERROR | middleware:64 | SLA BREACH | POST /api/v1/recommend | status=200 | latency=230.8ms | threshold=150ms

2026-08-23T21:23:00.937172+0100 | DEBUG | feature_fetcher:255 | User tensors built | user_id=user_001119 | user_idx=1119 | cat_idx=6 | n_users=10000 | n_categories=10
2026-08-23T21:23:00.937172+0100 | DEBUG | feature_fetcher:255 | User tensors built | user_id=user_001119 | user_idx=1119 | cat_idx=6 | n_users=10000 | n_categories=10

2026-08-23T21:23:00.983184+0100 | INFO | recommender:220 | Recommendations generated | user=user_001119 | returned=10/10 | cold_start=False | feature=8.7ms | model=3.4ms | ann=24.3ms
2026-08-23T21:23:00.983184+0100 | INFO | recommender:220 | Recommendations generated | user=user_001119 | returned=10/10 | cold_start=False | feature=8.7ms | model=3.4ms | ann=24.3ms

2026-08-23T21:23:00.989166+0100 | INFO | middleware:76 | POST /api/v1/recommend | status=200 | latency=67.2ms
2026-08-23T21:23:00.989166+0100 | INFO | middleware:76 | POST /api/v1/recommend | status=200 | latency=67.2ms

2026-08-23T21:28:22.487342+0100 | INFO | main:139 | Shutting down...
2026-08-23T21:28:22.487342+0100 | INFO | main:139 | Shutting down...

2026-08-23T21:28:22.488932+0100 | INFO | model_loader:346 | ML artifacts unloaded
2026-08-23T21:28:22.488932+0100 | INFO | model_loader:346 | ML artifacts unloaded

2026-08-23T21:28:22.488932+0100 | INFO | main:141 | ✅ Shutdown complete
2026-08-23T21:28:22.488932+0100 | INFO | main:141 | ✅ Shutdown complete

2026-08-23T23:48:00.827463+0100 | INFO | main:96 | ============================================================
2026-08-23T23:48:00.827463+0100 | INFO | main:96 | ============================================================

2026-08-23T23:48:00.831288+0100 | INFO | main:97 |   RecSys Inference API v0.1.0
2026-08-23T23:48:00.831288+0100 | INFO | main:97 |   RecSys Inference API v0.1.0

2026-08-23T23:48:00.832822+0100 | INFO | main:98 |   Environment: development
2026-08-23T23:48:00.832822+0100 | INFO | main:98 |   Environment: development

2026-08-23T23:48:00.834077+0100 | INFO | main:99 | ============================================================
2026-08-23T23:48:00.834077+0100 | INFO | main:99 | ============================================================

2026-08-23T23:48:00.835171+0100 | INFO | model_loader:258 | ============================================================
2026-08-23T23:48:00.835171+0100 | INFO | model_loader:258 | ============================================================

2026-08-23T23:48:00.837694+0100 | INFO | model_loader:259 |   LOADING ML ARTIFACTS
2026-08-23T23:48:00.837694+0100 | INFO | model_loader:259 |   LOADING ML ARTIFACTS

2026-08-23T23:48:00.840711+0100 | INFO | model_loader:260 |   processed_dir = C:\Users\info\Desktop\PFA\recsys-engine\data\processed
2026-08-23T23:48:00.840711+0100 | INFO | model_loader:260 |   processed_dir = C:\Users\info\Desktop\PFA\recsys-engine\data\processed

2026-08-23T23:48:00.843125+0100 | INFO | model_loader:261 |   artifacts_dir = C:\Users\info\Desktop\PFA\recsys-engine\data\artifacts
2026-08-23T23:48:00.843125+0100 | INFO | model_loader:261 |   artifacts_dir = C:\Users\info\Desktop\PFA\recsys-engine\data\artifacts

2026-08-23T23:48:00.845132+0100 | INFO | model_loader:262 | ============================================================
2026-08-23T23:48:00.845132+0100 | INFO | model_loader:262 | ============================================================

2026-08-23T23:48:00.860918+0100 | INFO | model_loader:279 | Encoders loaded | users=10,000 | items=5,000 | categories=10
2026-08-23T23:48:00.860918+0100 | INFO | model_loader:279 | Encoders loaded | users=10,000 | items=5,000 | categories=10

2026-08-23T23:48:00.863925+0100 | INFO | dataset:111 | Normalization stats loaded ← C:\Users\info\Desktop\PFA\recsys-engine\data\processed\norm_stats.json
2026-08-23T23:48:00.863925+0100 | INFO | dataset:111 | Normalization stats loaded ← C:\Users\info\Desktop\PFA\recsys-engine\data\processed\norm_stats.json

2026-08-23T23:48:00.866485+0100 | INFO | model_loader:294 | Normalization stats loaded
2026-08-23T23:48:00.866485+0100 | INFO | model_loader:294 | Normalization stats loaded

2026-08-23T23:48:02.111594+0100 | INFO | model_loader:123 | Loading model from MLflow | name=two-tower-recommender | version=7
2026-08-23T23:48:02.111594+0100 | INFO | model_loader:123 | Loading model from MLflow | name=two-tower-recommender | version=7

2026-08-23T23:48:04.377804+0100 | SUCCESS | model_loader:135 | ✅ Model loaded from MLflow | version=7
2026-08-23T23:48:04.377804+0100 | SUCCESS | model_loader:135 | ✅ Model loaded from MLflow | version=7

2026-08-23T23:48:04.385895+0100 | INFO | model_loader:223 | Building FAISS index | n_items=5,000 | dim=64 | type=IndexFlatIP
2026-08-23T23:48:04.385895+0100 | INFO | model_loader:223 | Building FAISS index | n_items=5,000 | dim=64 | type=IndexFlatIP

2026-08-23T23:48:04.392935+0100 | SUCCESS | model_loader:239 | ✅ FAISS index built | total_vectors=5,000
2026-08-23T23:48:04.392935+0100 | SUCCESS | model_loader:239 | ✅ FAISS index built | total_vectors=5,000

2026-08-23T23:48:04.400912+0100 | INFO | model_loader:328 | ============================================================
2026-08-23T23:48:04.400912+0100 | INFO | model_loader:328 | ============================================================

2026-08-23T23:48:04.402253+0100 | INFO | model_loader:329 |   ALL ARTIFACTS LOADED
2026-08-23T23:48:04.402253+0100 | INFO | model_loader:329 |   ALL ARTIFACTS LOADED

2026-08-23T23:48:04.404106+0100 | INFO | model_loader:330 |   Model version:  mlflow-v7
2026-08-23T23:48:04.404106+0100 | INFO | model_loader:330 |   Model version:  mlflow-v7

2026-08-23T23:48:04.405361+0100 | INFO | model_loader:331 |   Device:         cpu
2026-08-23T23:48:04.405361+0100 | INFO | model_loader:331 |   Device:         cpu

2026-08-23T23:48:04.406970+0100 | INFO | model_loader:332 |   FAISS vectors:  5,000
2026-08-23T23:48:04.406970+0100 | INFO | model_loader:332 |   FAISS vectors:  5,000

2026-08-23T23:48:04.408483+0100 | INFO | model_loader:333 |   n_categories:   10
2026-08-23T23:48:04.408483+0100 | INFO | model_loader:333 |   n_categories:   10

2026-08-23T23:48:04.409480+0100 | INFO | model_loader:334 |   Load time:      3.57s
2026-08-23T23:48:04.409480+0100 | INFO | model_loader:334 |   Load time:      3.57s

2026-08-23T23:48:04.410166+0100 | INFO | model_loader:335 | ============================================================
2026-08-23T23:48:04.410166+0100 | INFO | model_loader:335 | ============================================================

2026-08-23T23:48:06.038373+0100 | SUCCESS | feature_fetcher:103 | ✅ Feast connected | project=recsys
2026-08-23T23:48:06.038373+0100 | SUCCESS | feature_fetcher:103 | ✅ Feast connected | project=recsys

2026-08-23T23:48:06.040430+0100 | INFO | feature_fetcher:93 | FeatureFetcher initialized
2026-08-23T23:48:06.040430+0100 | INFO | feature_fetcher:93 | FeatureFetcher initialized

2026-08-23T23:48:06.043952+0100 | INFO | recommender:78 | PostgreSQL connection pool created
2026-08-23T23:48:06.043952+0100 | INFO | recommender:78 | PostgreSQL connection pool created

2026-08-23T23:48:06.047775+0100 | INFO | recommender:57 | RecommendationEngine initialized
2026-08-23T23:48:06.047775+0100 | INFO | recommender:57 | RecommendationEngine initialized

2026-08-23T23:48:06.051116+0100 | WARNING | main:127 | Warm-up request failed (non-fatal): name 'RecommendationRequest' is not defined
2026-08-23T23:48:06.051116+0100 | WARNING | main:127 | Warm-up request failed (non-fatal): name 'RecommendationRequest' is not defined

2026-08-23T23:48:06.053675+0100 | SUCCESS | main:134 | ✅ Service startup complete — ready to serve requests
2026-08-23T23:48:06.053675+0100 | SUCCESS | main:134 | ✅ Service startup complete — ready to serve requests

2026-08-23T23:48:30.294735+0100 | INFO | main:139 | Shutting down...
2026-08-23T23:48:30.294735+0100 | INFO | main:139 | Shutting down...

2026-08-23T23:48:30.301340+0100 | INFO | model_loader:346 | ML artifacts unloaded
2026-08-23T23:48:30.301340+0100 | INFO | model_loader:346 | ML artifacts unloaded

2026-08-23T23:48:30.304070+0100 | INFO | main:141 | ✅ Shutdown complete
2026-08-23T23:48:30.304070+0100 | INFO | main:141 | ✅ Shutdown complete

2026-08-24T12:42:09.264350+0100 | INFO | main:96 | ============================================================
2026-08-24T12:42:09.264350+0100 | INFO | main:96 | ============================================================

2026-08-24T12:42:09.265855+0100 | INFO | main:97 |   RecSys Inference API v0.1.0
2026-08-24T12:42:09.265855+0100 | INFO | main:97 |   RecSys Inference API v0.1.0

2026-08-24T12:42:09.265855+0100 | INFO | main:98 |   Environment: development
2026-08-24T12:42:09.265855+0100 | INFO | main:98 |   Environment: development

2026-08-24T12:42:09.265855+0100 | INFO | main:99 | ============================================================
2026-08-24T12:42:09.265855+0100 | INFO | main:99 | ============================================================

2026-08-24T12:42:09.267409+0100 | INFO | model_loader:258 | ============================================================
2026-08-24T12:42:09.267409+0100 | INFO | model_loader:258 | ============================================================

2026-08-24T12:42:09.268459+0100 | INFO | model_loader:259 |   LOADING ML ARTIFACTS
2026-08-24T12:42:09.268459+0100 | INFO | model_loader:259 |   LOADING ML ARTIFACTS

2026-08-24T12:42:09.268459+0100 | INFO | model_loader:260 |   processed_dir = C:\Users\info\Desktop\PFA\recsys-engine\data\processed
2026-08-24T12:42:09.268459+0100 | INFO | model_loader:260 |   processed_dir = C:\Users\info\Desktop\PFA\recsys-engine\data\processed

2026-08-24T12:42:09.269432+0100 | INFO | model_loader:261 |   artifacts_dir = C:\Users\info\Desktop\PFA\recsys-engine\data\artifacts
2026-08-24T12:42:09.269432+0100 | INFO | model_loader:261 |   artifacts_dir = C:\Users\info\Desktop\PFA\recsys-engine\data\artifacts

2026-08-24T12:42:09.269432+0100 | INFO | model_loader:262 | ============================================================
2026-08-24T12:42:09.269432+0100 | INFO | model_loader:262 | ============================================================

2026-08-24T12:42:09.272450+0100 | INFO | model_loader:279 | Encoders loaded | users=10,000 | items=5,000 | categories=10
2026-08-24T12:42:09.272450+0100 | INFO | model_loader:279 | Encoders loaded | users=10,000 | items=5,000 | categories=10

2026-08-24T12:42:09.273434+0100 | INFO | dataset:111 | Normalization stats loaded ← C:\Users\info\Desktop\PFA\recsys-engine\data\processed\norm_stats.json
2026-08-24T12:42:09.273434+0100 | INFO | dataset:111 | Normalization stats loaded ← C:\Users\info\Desktop\PFA\recsys-engine\data\processed\norm_stats.json

2026-08-24T12:42:09.273434+0100 | INFO | model_loader:294 | Normalization stats loaded
2026-08-24T12:42:09.273434+0100 | INFO | model_loader:294 | Normalization stats loaded

2026-08-24T12:42:09.357218+0100 | INFO | model_loader:123 | Loading model from MLflow | name=two-tower-recommender | version=8
2026-08-24T12:42:09.357218+0100 | INFO | model_loader:123 | Loading model from MLflow | name=two-tower-recommender | version=8

2026-08-24T12:42:09.946050+0100 | SUCCESS | model_loader:135 | ✅ Model loaded from MLflow | version=8
2026-08-24T12:42:09.946050+0100 | SUCCESS | model_loader:135 | ✅ Model loaded from MLflow | version=8

2026-08-24T12:42:09.948611+0100 | INFO | model_loader:223 | Building FAISS index | n_items=5,000 | dim=64 | type=IndexFlatIP
2026-08-24T12:42:09.948611+0100 | INFO | model_loader:223 | Building FAISS index | n_items=5,000 | dim=64 | type=IndexFlatIP

2026-08-24T12:42:09.951208+0100 | SUCCESS | model_loader:239 | ✅ FAISS index built | total_vectors=5,000
2026-08-24T12:42:09.951208+0100 | SUCCESS | model_loader:239 | ✅ FAISS index built | total_vectors=5,000

2026-08-24T12:42:09.953207+0100 | INFO | model_loader:328 | ============================================================
2026-08-24T12:42:09.953207+0100 | INFO | model_loader:328 | ============================================================

2026-08-24T12:42:09.953207+0100 | INFO | model_loader:329 |   ALL ARTIFACTS LOADED
2026-08-24T12:42:09.953207+0100 | INFO | model_loader:329 |   ALL ARTIFACTS LOADED

2026-08-24T12:42:09.953207+0100 | INFO | model_loader:330 |   Model version:  mlflow-v8
2026-08-24T12:42:09.953207+0100 | INFO | model_loader:330 |   Model version:  mlflow-v8

2026-08-24T12:42:09.954206+0100 | INFO | model_loader:331 |   Device:         cpu
2026-08-24T12:42:09.954206+0100 | INFO | model_loader:331 |   Device:         cpu

2026-08-24T12:42:09.954206+0100 | INFO | model_loader:332 |   FAISS vectors:  5,000
2026-08-24T12:42:09.954206+0100 | INFO | model_loader:332 |   FAISS vectors:  5,000

2026-08-24T12:42:09.954206+0100 | INFO | model_loader:333 |   n_categories:   10
2026-08-24T12:42:09.954206+0100 | INFO | model_loader:333 |   n_categories:   10

2026-08-24T12:42:09.955713+0100 | INFO | model_loader:334 |   Load time:      0.69s
2026-08-24T12:42:09.955713+0100 | INFO | model_loader:334 |   Load time:      0.69s

2026-08-24T12:42:09.955713+0100 | INFO | model_loader:335 | ============================================================
2026-08-24T12:42:09.955713+0100 | INFO | model_loader:335 | ============================================================

2026-08-24T12:42:10.472092+0100 | SUCCESS | feature_fetcher:103 | ✅ Feast connected | project=recsys
2026-08-24T12:42:10.472092+0100 | SUCCESS | feature_fetcher:103 | ✅ Feast connected | project=recsys

2026-08-24T12:42:10.473091+0100 | INFO | feature_fetcher:93 | FeatureFetcher initialized
2026-08-24T12:42:10.473091+0100 | INFO | feature_fetcher:93 | FeatureFetcher initialized

2026-08-24T12:42:10.473091+0100 | INFO | recommender:78 | PostgreSQL connection pool created
2026-08-24T12:42:10.473091+0100 | INFO | recommender:78 | PostgreSQL connection pool created

2026-08-24T12:42:10.474597+0100 | INFO | recommender:57 | RecommendationEngine initialized
2026-08-24T12:42:10.474597+0100 | INFO | recommender:57 | RecommendationEngine initialized

2026-08-24T12:42:10.474597+0100 | WARNING | main:127 | Warm-up request failed (non-fatal): name 'RecommendationRequest' is not defined
2026-08-24T12:42:10.474597+0100 | WARNING | main:127 | Warm-up request failed (non-fatal): name 'RecommendationRequest' is not defined

2026-08-24T12:42:10.474597+0100 | SUCCESS | main:134 | ✅ Service startup complete — ready to serve requests
2026-08-24T12:42:10.474597+0100 | SUCCESS | main:134 | ✅ Service startup complete — ready to serve requests

2026-08-24T12:42:46.244467+0100 | DEBUG | middleware:81 | GET / | status=404 | 0.5ms
2026-08-24T12:42:46.244467+0100 | DEBUG | middleware:81 | GET / | status=404 | 0.5ms

2026-08-24T12:42:46.397672+0100 | DEBUG | middleware:81 | GET /favicon.ico | status=404 | 0.5ms
2026-08-24T12:42:46.397672+0100 | DEBUG | middleware:81 | GET /favicon.ico | status=404 | 0.5ms

2026-08-24T12:42:53.527343+0100 | DEBUG | middleware:81 | GET /docs | status=200 | 0.6ms
2026-08-24T12:42:53.527343+0100 | DEBUG | middleware:81 | GET /docs | status=200 | 0.6ms

2026-08-24T12:42:53.706070+0100 | DEBUG | middleware:81 | GET /openapi.json | status=200 | 13.2ms
2026-08-24T12:42:53.706070+0100 | DEBUG | middleware:81 | GET /openapi.json | status=200 | 13.2ms

2026-08-24T12:43:06.682563+0100 | DEBUG | middleware:81 | GET /health | status=200 | 3.0ms
2026-08-24T12:43:06.682563+0100 | DEBUG | middleware:81 | GET /health | status=200 | 3.0ms

2026-08-24T12:43:40.371373+0100 | DEBUG | feature_fetcher:255 | User tensors built | user_id=user_000123 | user_idx=123 | cat_idx=3 | n_users=10000 | n_categories=10
2026-08-24T12:43:40.371373+0100 | DEBUG | feature_fetcher:255 | User tensors built | user_id=user_000123 | user_idx=123 | cat_idx=3 | n_users=10000 | n_categories=10

2026-08-24T12:43:40.419961+0100 | INFO | recommender:220 | Recommendations generated | user=user_000123 | returned=10/10 | cold_start=False | feature=41.4ms | model=3.0ms | ann=6.2ms
2026-08-24T12:43:40.419961+0100 | INFO | recommender:220 | Recommendations generated | user=user_000123 | returned=10/10 | cold_start=False | feature=41.4ms | model=3.0ms | ann=6.2ms

2026-08-24T12:43:40.421962+0100 | WARNING | middleware:70 | SLA WARNING | POST /api/v1/recommend | status=200 | latency=92.9ms | threshold=80ms
2026-08-24T12:43:40.421962+0100 | WARNING | middleware:70 | SLA WARNING | POST /api/v1/recommend | status=200 | latency=92.9ms | threshold=80ms

2026-08-24T12:45:45.724036+0100 | DEBUG | feature_fetcher:255 | User tensors built | user_id=user_000123 | user_idx=123 | cat_idx=3 | n_users=10000 | n_categories=10
2026-08-24T12:45:45.724036+0100 | DEBUG | feature_fetcher:255 | User tensors built | user_id=user_000123 | user_idx=123 | cat_idx=3 | n_users=10000 | n_categories=10

2026-08-24T12:45:45.731897+0100 | INFO | recommender:220 | Recommendations generated | user=user_000123 | returned=10/10 | cold_start=False | feature=39.2ms | model=0.7ms | ann=2.1ms
2026-08-24T12:45:45.731897+0100 | INFO | recommender:220 | Recommendations generated | user=user_000123 | returned=10/10 | cold_start=False | feature=39.2ms | model=0.7ms | ann=2.1ms

2026-08-24T12:45:45.732892+0100 | INFO | middleware:76 | GET /api/v1/recommend/"user_000123" | status=200 | latency=49.3ms
2026-08-24T12:45:45.732892+0100 | INFO | middleware:76 | GET /api/v1/recommend/"user_000123" | status=200 | latency=49.3ms

2026-08-24T12:47:02.049640+0100 | DEBUG | middleware:81 | GET /health | status=200 | 0.8ms
2026-08-24T12:47:02.049640+0100 | DEBUG | middleware:81 | GET /health | status=200 | 0.8ms

2026-08-24T12:47:18.339626+0100 | DEBUG | middleware:81 | GET /ready | status=200 | 0.6ms
2026-08-24T12:47:18.339626+0100 | DEBUG | middleware:81 | GET /ready | status=200 | 0.6ms

2026-08-25T14:18:34.602601+0100 | INFO | main:139 | Shutting down...
2026-08-25T14:18:34.602601+0100 | INFO | main:139 | Shutting down...

2026-08-25T14:18:34.632751+0100 | INFO | model_loader:346 | ML artifacts unloaded
2026-08-25T14:18:34.632751+0100 | INFO | model_loader:346 | ML artifacts unloaded

2026-08-25T14:18:34.636308+0100 | INFO | main:141 | ✅ Shutdown complete
2026-08-25T14:18:34.636308+0100 | INFO | main:141 | ✅ Shutdown complete

